"eov","cell","n","sp","shannon","simpson","es"
"fish","842a493ffffffff",7,7,1.94591014905531,0.142857142857143,NA
"fish","842a495ffffffff",1,1,0,1,NA
"fish","842a4b1ffffffff",1,1,0,1,NA
"fish","842a4b3ffffffff",237,127,4.81436743914426,0.00831419466253627,45.014518350335
"fish","842a4b7ffffffff",5,5,1.6094379124341,0.2,NA
"fish","842a4b9ffffffff",9,1,0,1,NA
"fish","842ac91ffffffff",33,1,0,1,NA
"fish","842ac93ffffffff",3,3,1.09861228866811,0.333333333333333,NA
"fish","842ac95ffffffff",2,2,0.693147180559945,0.5,NA
"fish","842ac9bffffffff",4,4,1.38629436111989,0.25,NA
"fish","842ac9dffffffff",5,5,1.6094379124341,0.2,NA
"fish","842aca3ffffffff",5,5,1.6094379124341,0.2,NA
"fish","842acb1ffffffff",5,5,1.6094379124341,0.2,NA
"fish","842acb3ffffffff",2,2,0.693147180559945,0.5,NA
"fish","842acb5ffffffff",4,4,1.38629436111989,0.25,NA
"fish","842acb7ffffffff",3,3,1.09861228866811,0.333333333333333,NA
"fish","842acbdffffffff",1,1,0,1,NA
"fish","842ad97ffffffff",18,7,1.83102048111352,0.17283950617284,NA
"fish","842adb3ffffffff",67,10,1.65874390858489,0.282245488973045,9.14580013851313
"fish","842adb7ffffffff",39,10,1.93264998977094,0.192636423405654,NA
"fish","842adbbffffffff",27,6,1.35098908323149,0.325102880658436,NA
"fish","843a965ffffffff",117,22,2.67334138910724,0.0965008400905837,17.4494611229434
"fish","843b921ffffffff",1,1,0,1,NA
"fish","843b923ffffffff",3,3,1.09861228866811,0.333333333333333,NA
"fish","843b925ffffffff",1,1,0,1,NA
"fish","843b931ffffffff",1,1,0,1,NA
"fish","843b937ffffffff",2,2,0.693147180559945,0.5,NA
"fish","843b93dffffffff",10,1,0,1,NA
"fish","8444001ffffffff",195,12,1.81332936383144,0.21767258382643,8.74142375942626
"fish","8444003ffffffff",274,13,1.99698450375988,0.169881187063775,9.30115174709516
"fish","8444005ffffffff",435,62,2.78917626310304,0.136900515259612,18.5539799371308
"fish","8444007ffffffff",353,14,1.85896341985563,0.207408774647096,8.70530379203482
"fish","8444009ffffffff",82,7,1.7741049118897,0.185603807257585,6.84297111012498
"fish","844400bffffffff",189,12,1.96528758997441,0.172923490383808,9.06841204970003
"fish","844400dffffffff",299,12,1.66010909872026,0.255690652229841,7.20715831095221
"fish","8444011ffffffff",342,22,1.80970510088114,0.257429636469341,9.23808247971837
"fish","8444013ffffffff",182,11,1.78960002571416,0.232882502113271,8.39644356889812
"fish","8444015ffffffff",180,27,2.24369344606976,0.178765432098765,13.9139077089974
"fish","8444017ffffffff",114,16,1.98819469653222,0.203447214527547,11.3878797619285
"fish","8444019ffffffff",161,13,1.90354953144119,0.199876547972686,9.29009476967795
"fish","844401bffffffff",131,9,1.81615664232122,0.205757240254064,8.06347253772481
"fish","844401dffffffff",241,13,1.88761138424008,0.190716413284895,8.54778901186484
"fish","8444021ffffffff",65,15,1.98814330003171,0.193372781065089,12.6418176797986
"fish","8444023ffffffff",93,52,3.70899535404994,0.0320268239102786,34.0266877010877
"fish","8444025ffffffff",175,87,4.18815938173101,0.0206040816326531,37.4062403600675
"fish","8444027ffffffff",210,78,4.03194445679726,0.0236281179138322,34.3922793410377
"fish","8444029ffffffff",386,123,3.70568111331189,0.0906333055920963,28.91214134726
"fish","844402bffffffff",207,53,2.72348474258664,0.13752946393148,18.4265860032893
"fish","844402dffffffff",194,81,4.02631283855164,0.0240726963545542,34.2422939865297
"fish","8444031ffffffff",627,293,4.40225404875188,0.0638848825703522,32.2458559146566
"fish","8444033ffffffff",386,48,2.37974358122368,0.18247469730731,14.4339521014253
"fish","8444035ffffffff",246,65,3.62005215256078,0.0460374115936281,28.5673878782172
"fish","8444037ffffffff",743,591,5.9961709477383,0.00966037435082756,45.3755222017927
"fish","8444039ffffffff",420,23,1.93795590230354,0.214909297052154,9.93449608398046
"fish","844403bffffffff",308,16,1.80118315024371,0.241503626243886,9.3550445950731
"fish","844403dffffffff",431,117,3.66338383661262,0.0709998331189001,27.3791381805066
"fish","8444041ffffffff",37,12,2.02937365009308,0.193571950328707,NA
"fish","8444043ffffffff",29,6,1.39726674883915,0.312722948870392,NA
"fish","8444045ffffffff",62,15,2.02771467341661,0.211758584807492,13.5055359657769
"fish","8444047ffffffff",61,11,1.91395790022121,0.193227626981994,10.2434085896906
"fish","8444049ffffffff",22,13,2.30275924665936,0.132231404958678,NA
"fish","844404bffffffff",102,22,2.03505138737529,0.254709727028066,14.1465556461431
"fish","844404dffffffff",71,25,2.47935578495602,0.158103550882761,19.8373477649563
"fish","8444051ffffffff",68,17,2.25001533083188,0.146193771626298,14.2692921855003
"fish","8444053ffffffff",150,14,1.96891763994403,0.177422222222222,9.42839140394755
"fish","8444055ffffffff",101,11,1.80511847511134,0.216351338104107,9.11011712989554
"fish","8444057ffffffff",162,12,1.92656817174696,0.172687090382564,8.4364529245263
"fish","8444059ffffffff",36,18,2.55212303054535,0.106481481481481,NA
"fish","844405bffffffff",70,7,1.72102177005771,0.197551020408163,6.7077205606807
"fish","844405dffffffff",96,8,1.55880298273986,0.257378472222222,6.55855436760658
"fish","8444061ffffffff",583,37,1.91367716519667,0.269155518419249,10.5113384636856
"fish","8444063ffffffff",537,48,2.25034544164347,0.212176066081999,13.4320624355392
"fish","8444065ffffffff",923,161,3.50069086320515,0.10493480090477,24.4539561366342
"fish","8444067ffffffff",694,92,2.77054314388424,0.191567906053534,19.0044508475407
"fish","8444069ffffffff",86,39,3.08184894105892,0.0911303407247161,26.5141004889962
"fish","844406bffffffff",66,8,1.54529352279774,0.294765840220386,7.45861587403146
"fish","844406dffffffff",227,19,1.86746834012006,0.223039453511615,9.50923413164725
"fish","8444081ffffffff",536,59,2.47399364720819,0.157468255736244,14.0935390163651
"fish","8444083ffffffff",430,81,3.11105433611165,0.0963115197404002,20.8677540731219
"fish","8444085ffffffff",754,44,2.3071750623088,0.152822435956068,12.1427711609694
"fish","8444087ffffffff",542,102,2.99450092360297,0.194400947699514,22.3236641986691
"fish","8444089ffffffff",1371,23,2.05631767988837,0.179511406699471,9.78342511661046
"fish","844408bffffffff",1100,53,2.15918223491173,0.178565289256198,10.5563581136652
"fish","844408dffffffff",2155,25,1.99928887519505,0.198916026507179,9.76469888947905
"fish","8444091ffffffff",1426,75,2.44367699634402,0.151080219289532,13.0819958758952
"fish","8444093ffffffff",1651,366,4.87249422611835,0.0269392373104273,36.5524575045192
"fish","8444095ffffffff",667,81,2.7079774158089,0.136777937867648,16.2380158451909
"fish","8444097ffffffff",1022,117,2.8185224680374,0.171129476373023,18.1658976691701
"fish","8444099ffffffff",941,63,2.24775958442445,0.185726175942793,11.8310851717336
"fish","844409bffffffff",1974,232,3.25404254360272,0.130191476016995,20.7807202315117
"fish","844409dffffffff",716,84,2.67555080445977,0.143636278518149,15.9055294600058
"fish","84440a1ffffffff",396,73,2.71828347743505,0.204787776757474,19.6465999735699
"fish","84440a3ffffffff",400,106,4.18491219884893,0.021925,34.2596012789911
"fish","84440a5ffffffff",431,145,4.49746287855018,0.0179639429158973,37.5050527126534
"fish","84440a7ffffffff",264,109,4.40779668975972,0.0164715335169881,38.6053148457186
"fish","84440a9ffffffff",271,30,1.93135094308453,0.246306559006549,10.4200026229333
"fish","84440abffffffff",863,53,1.75780902433883,0.396338999072196,11.3801830990012
"fish","84440adffffffff",332,57,2.18657161080909,0.28814051386268,14.8450410086725
"fish","84440b1ffffffff",331,81,2.61503281780939,0.245497941785854,19.1996316004995
"fish","84440b3ffffffff",411,119,4.12490996209254,0.0335127071234483,33.2084637402275
"fish","84440b5ffffffff",249,96,3.96436461481877,0.039821938355833,32.6671792618408
"fish","84440b7ffffffff",503,162,4.68626013187243,0.01296001328016,39.5746577564834
"fish","84440b9ffffffff",527,84,2.69341036317361,0.216509619089112,19.0300380742433
"fish","84440bbffffffff",606,87,2.9672586405732,0.131326994085547,20.2511357752305
"fish","84440bdffffffff",493,71,2.46104390496132,0.243337763167098,16.9751772771733
"fish","84440c1ffffffff",487,23,1.9951935396404,0.20623690279927,9.94108424368983
"fish","84440c3ffffffff",603,16,1.85717086109576,0.222400985674172,8.73276971273075
"fish","84440c5ffffffff",286,16,2.00145287385792,0.200523252970805,10.1789989886652
"fish","84440c7ffffffff",746,23,2.04453296814048,0.186991928354261,9.95324274130171
"fish","84440c9ffffffff",241,17,2.03551682525116,0.181246879358138,10.0532912941271
"fish","84440cbffffffff",272,17,1.99399610876645,0.187743295847751,9.68218700074307
"fish","84440cdffffffff",151,10,1.8571377449154,0.202403403359502,8.38034769086595
"fish","84440d1ffffffff",999,31,2.01851015443737,0.193145097049001,9.60942940478641
"fish","84440d3ffffffff",1057,42,2.16052143983425,0.168609683248765,10.5759127169247
"fish","84440d5ffffffff",1035,22,1.86184062644655,0.24295456136666,9.28477999456464
"fish","84440d7ffffffff",623,32,2.11076304450589,0.171759904567811,10.2073340630114
"fish","84440d9ffffffff",1034,31,1.92825888078972,0.222543763491951,9.37146274398446
"fish","84440dbffffffff",2126,344,3.95698363161753,0.0697789054389987,27.0031149564722
"fish","84440ddffffffff",691,24,1.96283271938769,0.205534879921924,9.54346996751525
"fish","84440e1ffffffff",157,29,2.40849561914912,0.140411375715039,14.6169054901743
"fish","84440e3ffffffff",278,15,1.99521656891682,0.18943118886186,9.86739350098753
"fish","84440e5ffffffff",134,40,2.88032449211986,0.0969035419915349,20.6228912940371
"fish","84440e7ffffffff",196,19,2.0477913102981,0.178206997084548,10.3959486838122
"fish","84440e9ffffffff",469,67,2.84825945964302,0.125290392387741,18.4828648517369
"fish","84440ebffffffff",714,20,2.00508454024595,0.207836075606713,10.270273647359
"fish","84440edffffffff",186,12,1.73300626990009,0.228870389640421,8.0698667316694
"fish","8444101ffffffff",206,82,4.03394998951724,0.0248374022056744,34.2353875105378
"fish","8444103ffffffff",350,112,4.33949494871234,0.017534693877551,36.7581713745648
"fish","8444105ffffffff",357,79,3.87219942102195,0.02734427104175,30.5780672292744
"fish","8444107ffffffff",438,97,4.00821016448872,0.0252705323074998,31.7482412601103
"fish","8444109ffffffff",650,221,5.10009513370649,0.00790059171597633,43.2740482952868
"fish","844410bffffffff",70,54,3.88840995577259,0.0236734693877551,41.1911437927769
"fish","844410dffffffff",348,109,4.32386674458757,0.0179184832870921,36.672254339231
"fish","8444111ffffffff",76,56,3.91566791617887,0.0228531855955679,40.3939541560309
"fish","8444113ffffffff",572,99,3.99565703233329,0.0267189104601692,31.3307870102707
"fish","8444115ffffffff",36,28,3.26091885421379,0.0416666666666667,NA
"fish","8444117ffffffff",834,148,4.40945779897789,0.0175025447268085,35.8049637096515
"fish","8444119ffffffff",108,54,3.78954594777819,0.0272633744855967,34.1641656583684
"fish","844411bffffffff",168,63,3.91171150288268,0.0239512471655329,33.8183426261664
"fish","844411dffffffff",34,30,3.36326707036676,0.0363321799307958,NA
"fish","8444121ffffffff",1142,90,2.74025170366583,0.127654190730614,16.4043315749514
"fish","8444123ffffffff",472,90,3.8663167978772,0.033063415685148,29.8590256069606
"fish","8444125ffffffff",179,32,2.8774368051725,0.0778689803689024,18.6752614777051
"fish","8444127ffffffff",97,16,2.30984606111178,0.123605058986077,12.6422641462885
"fish","8444129ffffffff",506,133,4.22558258359721,0.0246527832023622,33.4859060335926
"fish","844412bffffffff",528,170,4.6735153553664,0.0135588842975207,39.0905273982187
"fish","844412dffffffff",6400,306,3.00529118223952,0.1620544921875,19.0362229229945
"fish","8444131ffffffff",1847,207,4.63882532592308,0.014553224195633,37.5288255253201
"fish","8444133ffffffff",1967,246,4.75744463122798,0.0136835828795874,38.1870166037617
"fish","8444135ffffffff",77,16,2.22719866832987,0.146567717996289,13.3902998600182
"fish","8444137ffffffff",235,58,3.31192313730555,0.0731733816206428,25.0958989459761
"fish","8444139ffffffff",233,96,4.27521091205084,0.0178857595461327,37.4262442952506
"fish","844413bffffffff",644,164,4.65310476335877,0.0135073878322596,38.8242402966104
"fish","844413dffffffff",794,205,4.87129571418212,0.0122010798875699,40.464622749257
"fish","8444141ffffffff",2053,290,4.31712583455363,0.0486520266991933,32.2753507538525
"fish","8444143ffffffff",108607,434,4.01333739606361,0.0296172031745953,29.6281564569706
"fish","8444145ffffffff",8789,366,4.30281843040483,0.0262338675420735,32.1017657721994
"fish","8444147ffffffff",2061,777,5.94934557630249,0.0055919397719389,44.8015976254771
"fish","8444149ffffffff",296,26,1.7346644918905,0.308208546384222,9.90792130859781
"fish","844414bffffffff",1987,309,4.81974067608071,0.0237626606155917,37.6918476260283
"fish","844414dffffffff",206,47,2.40107939157114,0.207135451032142,16.4060577498849
"fish","8444151ffffffff",88,58,3.92180041925612,0.0229855371900826,38.518235208349
"fish","8444153ffffffff",124,67,3.94670408787158,0.0260145681581686,35.9343178316883
"fish","8444155ffffffff",138,78,4.19252806607496,0.0178533921445075,39.3432915548182
"fish","8444157ffffffff",157,78,4.14942675064254,0.0190271410604893,37.7218448066568
"fish","8444159ffffffff",912,221,4.78668016147072,0.0138816751308095,38.9807876750601
"fish","844415bffffffff",111,60,3.90148238296791,0.0245921597272949,35.9907722269406
"fish","844415dffffffff",396451,473,4.08069754123601,0.0267258649740494,30.6536954289134
"fish","8444161ffffffff",149220,442,4.1440269497311,0.0256382637061152,31.1931192654915
"fish","8444163ffffffff",168,90,4.26171075058009,0.0189909297052154,38.8600670093978
"fish","8444165ffffffff",83082,428,4.15738457478846,0.0264188994484001,31.1441797525475
"fish","8444167ffffffff",169,84,4.22957343352016,0.0176814537306117,38.5407418512428
"fish","8444169ffffffff",1019,160,3.1344115319089,0.155264883792823,21.2883600390877
"fish","844416bffffffff",207870,535,4.15733893243388,0.0256520861987188,31.3496470493886
"fish","844416dffffffff",880,91,2.41306162314738,0.256947314049587,16.0751342089872
"fish","8444181ffffffff",317,93,4.1787348960824,0.0198131138731602,35.2728309022796
"fish","8444183ffffffff",80,68,4.1740824805059,0.01625,45.3481012658243
"fish","8444185ffffffff",189,99,4.3733640692461,0.0160969737689314,39.7781161782954
"fish","8444187ffffffff",160,82,4.18060813913111,0.019609375,38.0453520105044
"fish","8444189ffffffff",251,89,4.12041766369086,0.0218250503960255,34.8002596748213
"fish","844418bffffffff",43,37,3.55559513172882,0.0308274743104381,NA
"fish","844418dffffffff",1502,161,4.27894749756743,0.0215886142045847,33.5970553613113
"fish","8444191ffffffff",499,176,4.78864648067144,0.0118433259304179,40.6000057805789
"fish","8444193ffffffff",156,73,3.99343927254992,0.0252301117685733,35.1813484148316
"fish","8444195ffffffff",40,35,3.48093529994595,0.035,NA
"fish","8444197ffffffff",26,22,3.02469555385825,0.0532544378698225,NA
"fish","8444199ffffffff",60,44,3.68978285633916,0.0277777777777778,38.4492499512957
"fish","844419bffffffff",249,101,4.3439955286781,0.0162094159771617,38.1810552227404
"fish","844419dffffffff",159,103,4.47053778854142,0.0138839444642221,42.2463358807017
"fish","84441a1ffffffff",531,62,3.35525822906788,0.053124368263696,23.3671425006275
"fish","84441a3ffffffff",481,71,3.04850384512946,0.0904517183103462,20.0538483567292
"fish","84441a5ffffffff",101,25,2.65257905734508,0.0949906871875307,17.0699267400111
"fish","84441a7ffffffff",34,8,1.8572151636885,0.176470588235294,NA
"fish","84441a9ffffffff",2672,244,4.75209748698132,0.0126584406038223,38.5358761613293
"fish","84441abffffffff",384,132,4.47815167429386,0.0179578993055556,37.8704009040365
"fish","84441adffffffff",1475,84,3.62176431200198,0.0393463947141626,26.0523181481448
"fish","84441b1ffffffff",207,113,4.56882907036896,0.0120656258022358,42.1619386176276
"fish","84441b3ffffffff",158,88,4.27510910857713,0.0177054959141163,39.55200010741
"fish","84441b5ffffffff",709,151,4.534880176587,0.0152482389427888,37.538660905995
"fish","84441b7ffffffff",3186,241,4.75229653988859,0.0121514047056941,38.6804593306608
"fish","84441b9ffffffff",47,37,3.54405841543424,0.0312358533272974,NA
"fish","84441bbffffffff",90,61,3.95661852833534,0.0232098765432099,39.0827834386082
"fish","84441bdffffffff",57,46,3.74202003139239,0.0267774699907664,41.2531011873116
"fish","84441c1ffffffff",36,27,3.20787600685588,0.0447530864197531,NA
"fish","84441c3ffffffff",69,43,3.56743425160926,0.0346565847511027,34.0573712910237
"fish","84441c5ffffffff",169,68,3.96920766756199,0.0230033962396275,34.5533576548391
"fish","84441c7ffffffff",19,18,2.87147611805487,0.0581717451523546,NA
"fish","84441c9ffffffff",44,30,3.27434005852885,0.0444214876033058,NA
"fish","84441cbffffffff",650,618,6.40326478141113,0.00172781065088757,49.7726983520653
"fish","84441cdffffffff",666,106,3.90767862449666,0.0310129949769589,29.5122432489579
"fish","84441d1ffffffff",152,65,3.71483780351789,0.0507271468144044,32.450533805262
"fish","84441d3ffffffff",393,118,4.23808739336304,0.0248302028501318,34.747582791074
"fish","84441d5ffffffff",1668,173,4.20107485684675,0.0240591699302429,32.3024144908098
"fish","84441d7ffffffff",248,102,4.31660710014824,0.0177874609781478,37.6145060769794
"fish","84441d9ffffffff",285,30,1.77404189923624,0.316860572483841,10.6002006034568
"fish","84441dbffffffff",595,65,2.42016294527646,0.243409363745498,16.54369313682
"fish","84441ddffffffff",46,17,2.28403194342796,0.173913043478261,NA
"fish","84441e1ffffffff",293,118,4.45943895136334,0.0154806695476942,38.725325713659
"fish","84441e3ffffffff",485,162,4.55467748490493,0.0185311935381018,37.4662660833164
"fish","84441e5ffffffff",374,142,4.64194697167631,0.0135834596356773,39.9863734773414
"fish","84441e7ffffffff",1267,614,5.84610444628229,0.00560086065499732,45.059470574278
"fish","84441e9ffffffff",64,46,3.73915119265588,0.0263671875,38.6216324402139
"fish","84441ebffffffff",837,753,6.56618744315088,0.0015658700285054,49.5582092858184
"fish","84441edffffffff",442,138,4.63929467129039,0.0122642861530272,40.0322465977802
"fish","8444201ffffffff",22,11,1.97935370685149,0.210743801652893,NA
"fish","8444203ffffffff",177,22,1.32675661359731,0.517443901816209,9.83672096945371
"fish","8444205ffffffff",44,17,2.2951912471216,0.163223140495868,NA
"fish","8444207ffffffff",135,24,1.685714879262,0.382825788751715,12.2358506231595
"fish","8444209ffffffff",8,7,1.90615474653985,0.15625,NA
"fish","844420bffffffff",50,10,1.76439009085179,0.2344,10
"fish","844420dffffffff",45,25,2.71945231379148,0.114074074074074,NA
"fish","8444211ffffffff",7,7,1.94591014905531,0.142857142857143,NA
"fish","8444213ffffffff",62,55,3.97061727975736,0.0197710718002081,45.4653622422001
"fish","8444215ffffffff",23,19,2.89439954443004,0.058601134215501,NA
"fish","8444217ffffffff",6,6,1.79175946922805,0.166666666666667,NA
"fish","8444219ffffffff",16,10,2.13338193026454,0.140625,NA
"fish","844421bffffffff",27,20,2.91704765594493,0.0589849108367627,NA
"fish","844421dffffffff",14,9,2.10657733323212,0.13265306122449,NA
"fish","8444221ffffffff",69,8,1.3794472821409,0.366939718546524,7.30304264325353
"fish","8444223ffffffff",31,5,1.29027743676322,0.340270551508845,NA
"fish","8444225ffffffff",178,8,1.48394381509829,0.287021840676682,6.20758772946412
"fish","8444227ffffffff",91,13,1.76348411402118,0.257336070522884,9.64288164766158
"fish","8444229ffffffff",55,17,1.99587743716628,0.232396694214876,15.8114478114478
"fish","844422bffffffff",28,10,1.58064912506946,0.35204081632653,NA
"fish","844422dffffffff",148,19,1.80601514980148,0.286705624543462,10.939762050543
"fish","8444231ffffffff",174,164,5.0430550650843,0.00746465847536002,48.451782968267
"fish","8444233ffffffff",13,5,1.30387552933638,0.349112426035503,NA
"fish","8444235ffffffff",94,9,1.61328962126482,0.260072430964237,7.45231182562752
"fish","8444237ffffffff",44,15,2.13369749997729,0.184917355371901,NA
"fish","8444239ffffffff",8,5,1.49417513828931,0.25,NA
"fish","844423bffffffff",25,7,1.58835423463838,0.264,NA
"fish","844423dffffffff",7,4,1.27703425946614,0.306122448979592,NA
"fish","8444241ffffffff",494,167,4.70517692297838,0.0222426199413201,39.5631163591832
"fish","8444243ffffffff",11,9,2.14584175259475,0.12396694214876,NA
"fish","8444245ffffffff",117,66,4.03799016528362,0.020527430783841,38.0720605803645
"fish","8444247ffffffff",62,43,3.59988125560195,0.0348595213319459,36.6742448200368
"fish","8444249ffffffff",54,20,2.70008032557194,0.0857338820301783,19.3163974185062
"fish","844424bffffffff",22,18,2.7759755531038,0.0743801652892562,NA
"fish","844424dffffffff",188,30,1.27589397287313,0.597329108193753,11.0971132973847
"fish","8444251ffffffff",1,1,0,1,NA
"fish","8444253ffffffff",1,1,0,1,NA
"fish","8444255ffffffff",2,2,0.693147180559945,0.5,NA
"fish","8444257ffffffff",23,12,2.30342706588004,0.119092627599244,NA
"fish","8444259ffffffff",4,4,1.38629436111989,0.25,NA
"fish","844425bffffffff",8,6,1.73286795139986,0.1875,NA
"fish","8444261ffffffff",142,28,2.02106910572074,0.258381273556834,13.362325112395
"fish","8444263ffffffff",24,7,1.45629092450926,0.336805555555556,NA
"fish","8444265ffffffff",362,19,1.31259453400213,0.416669210341565,6.81432537484774
"fish","8444267ffffffff",260,19,1.56320644283602,0.377988165680473,9.3181706708331
"fish","8444269ffffffff",32,12,1.91335704642759,0.236328125,NA
"fish","844426bffffffff",15,10,2.07915127288285,0.164444444444444,NA
"fish","844426dffffffff",231,22,1.68360633526833,0.338917936320534,9.95283772356098
"fish","8444281ffffffff",168,19,1.94908404648084,0.207908163265306,10.4163841851246
"fish","8444283ffffffff",375,27,2.14341884752204,0.169408,11.0602335634306
"fish","8444285ffffffff",167,12,1.56586799091311,0.303166122844132,8.01529819523476
"fish","8444287ffffffff",280,15,1.83727418359238,0.205561224489796,8.34696059621735
"fish","8444289ffffffff",89,23,2.38670592907783,0.1427850018937,16.0942609284829
"fish","844428bffffffff",164,9,1.75547785273868,0.206350386674598,7.0932024586362
"fish","844428dffffffff",117,17,2.08522818441629,0.167214551829936,11.2298730962254
"fish","8444291ffffffff",1009,25,2.07987317969208,0.186787691745549,10.4922880320277
"fish","8444293ffffffff",1363,28,1.95352757129713,0.205277943597939,9.42793735995727
"fish","8444295ffffffff",574,15,1.77218074460002,0.245674950527504,8.45321223225486
"fish","8444297ffffffff",765,50,2.13277116430342,0.198865393652014,11.038842752842
"fish","8444299ffffffff",593,14,1.85390452805877,0.20770996078476,8.38135636743439
"fish","844429bffffffff",1031,18,1.96430508397964,0.193469939160515,9.47464599604495
"fish","844429dffffffff",739,14,1.92075365717641,0.195713037953128,8.84608236159479
"fish","84442a1ffffffff",390,49,2.31433220433968,0.184786324786325,13.6072224354688
"fish","84442a3ffffffff",148,13,1.89551179795785,0.206263696128561,9.30018561143773
"fish","84442a5ffffffff",279,13,1.88656521112365,0.214629822330135,9.32565519715188
"fish","84442a7ffffffff",215,25,2.32455489716865,0.139253650621958,12.749448793723
"fish","84442a9ffffffff",135,11,1.80760467757609,0.207023319615912,8.25772691854404
"fish","84442abffffffff",209,42,2.50344469491475,0.140221148783224,15.4633009742068
"fish","84442adffffffff",110,11,1.8497896197683,0.200495867768595,8.69778636230174
"fish","84442b1ffffffff",265,11,1.79452301521449,0.208885724457102,7.79820297248518
"fish","84442b3ffffffff",882,22,2.01156667383876,0.188154626930137,9.72335548546838
"fish","84442b5ffffffff",250,11,1.73165025018748,0.229472,7.6432965261096
"fish","84442b7ffffffff",502,15,1.79418954005725,0.225051983301852,8.12566388447395
"fish","84442b9ffffffff",215,11,1.66330241017804,0.263472147106544,7.5786320324917
"fish","84442bbffffffff",504,21,2.01660187725542,0.205183925422021,10.388146190926
"fish","84442bdffffffff",197,53,2.89672726100133,0.108557293411322,19.9370082019898
"fish","84442c1ffffffff",33,26,3.08671527244805,0.061524334251607,NA
"fish","84442c3ffffffff",46,14,2.12979304208542,0.17296786389414,NA
"fish","84442c5ffffffff",23,15,2.46450777929904,0.11531190926276,NA
"fish","84442c7ffffffff",48,10,1.83544511379436,0.212673611111111,NA
"fish","84442c9ffffffff",2,2,0.693147180559945,0.5,NA
"fish","84442cbffffffff",7,4,1.27703425946614,0.306122448979592,NA
"fish","84442cdffffffff",4,4,1.38629436111989,0.25,NA
"fish","84442d1ffffffff",116,15,1.8546327707281,0.239298454221165,10.0836961116134
"fish","84442d3ffffffff",292,42,2.30643817727633,0.188426534058923,13.5119176868352
"fish","84442d5ffffffff",180,21,2.01965043788449,0.189259259259259,10.4453721583171
"fish","84442d7ffffffff",151,19,2.00155649495809,0.207578614973028,11.0451731744208
"fish","84442d9ffffffff",164,10,1.7988434007011,0.21192742415229,8.15053657974473
"fish","84442dbffffffff",141,25,2.39049127596043,0.147225994668276,14.8164310110941
"fish","84442ddffffffff",262,35,2.25844825267468,0.168346832935144,12.6661498965461
"fish","84442e1ffffffff",10,6,1.69574253416963,0.2,NA
"fish","84442e3ffffffff",53,7,1.61005269871207,0.244571021715913,6.94121915820029
"fish","84442e5ffffffff",25,9,1.86325037101058,0.2032,NA
"fish","84442e7ffffffff",264,12,1.76379644612934,0.213182966023875,7.82752113070611
"fish","84442e9ffffffff",77,47,3.6571335418,0.0325518637206949,34.8728701265228
"fish","84442ebffffffff",45,9,1.77616268601762,0.209876543209877,NA
"fish","84442edffffffff",1,1,0,1,NA
"fish","8444301ffffffff",48,7,1.73733146428394,0.194444444444444,NA
"fish","8444303ffffffff",74,28,2.62936054977408,0.12490869247626,20.9443597062287
"fish","8444305ffffffff",13,10,2.20478541691352,0.124260355029586,NA
"fish","8444307ffffffff",39,15,2.03044341334597,0.214990138067061,NA
"fish","8444309ffffffff",14,7,1.90853528164356,0.153061224489796,NA
"fish","844430bffffffff",2,2,0.693147180559945,0.5,NA
"fish","844430dffffffff",53,7,1.58261664809902,0.270914916340335,6.99564586357039
"fish","8444311ffffffff",25,10,2.03301467692075,0.1616,NA
"fish","8444313ffffffff",86,16,2.09688881267122,0.166846944294213,11.8080277571042
"fish","8444315ffffffff",71,34,3.10093035639682,0.0696290418567744,26.5374106440895
"fish","8444317ffffffff",55,36,3.27954621425562,0.0571900826446281,33.252524677608
"fish","8444319ffffffff",52,22,2.42193368661479,0.15310650887574,21.3069381598793
"fish","844431bffffffff",62,24,2.53577061338059,0.13423517169615,20.4745223355605
"fish","844431dffffffff",25,6,1.39713996532225,0.3024,NA
"fish","8444321ffffffff",92,25,2.27550743603096,0.190926275992438,16.213024016508
"fish","8444323ffffffff",139,53,3.11483064482152,0.113399927539982,25.6251415053107
"fish","8444325ffffffff",1104,331,5.3939284901862,0.00727591367359798,43.7917817054966
"fish","8444327ffffffff",281,72,3.28048618433877,0.089246590088778,24.3422557819591
"fish","8444329ffffffff",1604,1035,6.83587697964861,0.0012398865678696,49.2600753249169
"fish","844432bffffffff",45,11,1.67410589685118,0.302716049382716,NA
"fish","844432dffffffff",103,46,3.2949326236645,0.0685267225940239,27.861182633551
"fish","8444331ffffffff",146,84,3.91608098481473,0.0463501595045975,35.0746761292635
"fish","8444333ffffffff",658,135,3.55616111762825,0.10169436719912,26.2824375487932
"fish","8444335ffffffff",426,121,3.34712314887672,0.115001432696334,23.9975125420087
"fish","8444337ffffffff",1303,245,4.60704013419529,0.0238737101758796,36.0461998687258
"fish","8444339ffffffff",203,26,1.99901357422873,0.24409716324104,12.1370646457587
"fish","844433bffffffff",406,32,1.98958674174364,0.218435293261181,10.2035418822656
"fish","844433dffffffff",56,22,2.40107377225691,0.180484693877551,20.3718912115138
"fish","8444343ffffffff",2,2,0.693147180559945,0.5,NA
"fish","8444345ffffffff",5,5,1.6094379124341,0.2,NA
"fish","8444347ffffffff",6,3,0.867563228481461,0.5,NA
"fish","8444349ffffffff",2,2,0.693147180559945,0.5,NA
"fish","844434bffffffff",294,55,3.56654871099416,0.0364431486880466,26.9293490046549
"fish","8444351ffffffff",14,9,1.96523704938023,0.183673469387755,NA
"fish","8444353ffffffff",147,20,1.8659860203878,0.25919755657365,10.9041318661902
"fish","8444355ffffffff",6,4,1.32966134885476,0.277777777777778,NA
"fish","8444357ffffffff",23,14,2.46149815021026,0.103969754253308,NA
"fish","8444359ffffffff",77,11,1.41492179952839,0.412717152976893,9.16783224693186
"fish","844435bffffffff",79,12,1.38644608933861,0.418041980451851,9.4719027011137
"fish","844435dffffffff",2,2,0.693147180559945,0.5,NA
"fish","8444363ffffffff",24,3,0.887694275799104,0.458333333333333,NA
"fish","8444365ffffffff",16,10,2.25272833681982,0.109375,NA
"fish","8444367ffffffff",1,1,0,1,NA
"fish","8444369ffffffff",17,16,2.75166661693152,0.0657439446366782,NA
"fish","844436bffffffff",2,2,0.693147180559945,0.5,NA
"fish","844436dffffffff",51,19,2.82379877578847,0.067281814686659,18.9607843137255
"fish","8444401ffffffff",640,26,2.20076452761627,0.168857421875,11.9792474054035
"fish","8444403ffffffff",6,2,0.450561208866305,0.722222222222222,NA
"fish","8444405ffffffff",57,9,1.42369417804661,0.399815327793167,8.73754593267999
"fish","8444407ffffffff",13,3,0.858740913006287,0.479289940828402,NA
"fish","8444409ffffffff",14,9,2.14395220064387,0.122448979591837,NA
"fish","844440bffffffff",6,4,1.32966134885476,0.277777777777778,NA
"fish","844440dffffffff",246,18,2.21997904772654,0.148126115407496,11.8909060762308
"fish","8444419ffffffff",3,2,0.636514168294813,0.555555555555556,NA
"fish","844441dffffffff",8,8,2.07944154167984,0.125,NA
"fish","8444421ffffffff",18,4,0.883875626271734,0.549382716049383,NA
"fish","8444425ffffffff",86,12,1.9668572167869,0.206327744726879,10.6182481980751
"fish","8444429ffffffff",301,18,1.77862009635634,0.296806878511275,10.2499301172134
"fish","844442bffffffff",6,2,0.636514168294813,0.555555555555556,NA
"fish","844442dffffffff",2974,25,2.09233728580247,0.177853660213218,10.46545705727
"fish","8444441ffffffff",22,9,2.03526035947435,0.152892561983471,NA
"fish","8444443ffffffff",89,22,2.69984294506954,0.0837015528342381,17.2863246313668
"fish","8444445ffffffff",578,55,3.43848391904692,0.0443720740891512,24.565646841807
"fish","8444449ffffffff",161,30,2.92337555587187,0.0715635970834458,19.3022128418357
"fish","844444bffffffff",26,21,2.99150146857535,0.0532544378698225,NA
"fish","844444dffffffff",341,57,3.51770581302822,0.0485633938476621,26.6397215861909
"fish","8444451ffffffff",31,7,1.54633760079507,0.27783558792924,NA
"fish","8444453ffffffff",65,5,1.00507026212646,0.522840236686391,4.99554358364181
"fish","8444457ffffffff",12,3,0.867563228481461,0.5,NA
"fish","8444459ffffffff",9,8,2.04319187054512,0.135802469135802,NA
"fish","844445bffffffff",74,27,2.95328304391581,0.0697589481373265,22.3376426456561
"fish","844445dffffffff",10,8,2.02532622077007,0.14,NA
"fish","8444461ffffffff",1330,63,3.24429644447279,0.0572253943128498,21.6652150505358
"fish","8444463ffffffff",133,22,2.32301782049561,0.190457346373452,15.9748095087209
"fish","8444465ffffffff",2373,102,3.90662844537664,0.0285557301209047,29.6751743689533
"fish","8444467ffffffff",973,79,3.61575017336264,0.0380372841647399,26.0793402691104
"fish","8444469ffffffff",29,14,2.51222857147816,0.089179548156956,NA
"fish","844446bffffffff",132,18,2.50140036497324,0.102272727272727,14.089285149773
"fish","844446dffffffff",130,39,3.29107156092343,0.0641420118343195,26.7509537109182
"fish","8444501ffffffff",73869,145,2.38300905597294,0.162075910402884,13.2038354919846
"fish","8444503ffffffff",23,7,1.14646317606148,0.500945179584121,NA
"fish","8444505ffffffff",284,135,4.51931094530309,0.0210027772267407,39.2445536889619
"fish","8444507ffffffff",53,28,3.08772011847378,0.0573157707369171,26.9723811150004
"fish","8444509ffffffff",82673,333,2.75306860248077,0.151999216335743,17.0618328334506
"fish","844450bffffffff",456,37,2.84251971826623,0.0873057094490613,17.8195312020471
"fish","844450dffffffff",244284,297,2.73683989662853,0.125128120686042,16.658545212424
"fish","8444519ffffffff",21,3,0.780130779526632,0.555555555555556,NA
"fish","844451dffffffff",76,13,1.73413186565675,0.274930747922438,10.8723466045514
"fish","8444521ffffffff",66,13,1.99712354957708,0.193755739210285,11.518449248966
"fish","8444525ffffffff",70,10,2.16787210968466,0.12734693877551,9.89449369606113
"fish","8444529ffffffff",2390,201,4.1540811009668,0.0349986869977767,31.5929559920627
"fish","844452bffffffff",146,28,2.5416345570962,0.141396134359167,17.1190636176201
"fish","844452dffffffff",458,72,2.89916956348649,0.136305562441601,19.9677968322444
"fish","8444541ffffffff",766,203,4.86408997361093,0.0109858271581373,40.5847945237893
"fish","8444543ffffffff",1449,192,4.46929983841629,0.0259225443310419,35.4989311216673
"fish","8444545ffffffff",639,226,5.06584785793962,0.00877985702425298,42.6517343781697
"fish","8444547ffffffff",10073,273,3.72204279935432,0.0448832822490528,25.6765374564022
"fish","8444549ffffffff",1354,296,5.16454304327717,0.00832698781879392,42.2710327494598
"fish","844454bffffffff",1290,182,4.50036576675848,0.017227330088336,35.9579040458558
"fish","844454dffffffff",2870,483,5.47886831341817,0.0075329310784397,43.0899591219258
"fish","8444551ffffffff",1783,112,3.9874809391099,0.0280007889052493,30.7155017210489
"fish","8444553ffffffff",238,65,3.0396869551617,0.157545371089612,24.3253715647545
"fish","8444555ffffffff",4210,217,4.50129728284539,0.0160328592142902,35.9171648908819
"fish","8444557ffffffff",124,25,2.44201833179734,0.154916753381894,17.0453454448626
"fish","8444559ffffffff",1487,106,3.82293406812018,0.0343741251799387,28.3205536387443
"fish","844455bffffffff",4205,109,3.7975077546482,0.042644945926725,28.5979172861146
"fish","844455dffffffff",1161,194,4.64744091541919,0.0149111112594878,37.6462587415925
"fish","8444561ffffffff",872,210,4.93780834635013,0.00961093342311253,41.3570872509937
"fish","8444563ffffffff",101733,324,2.70991902946835,0.136741212342327,16.2893273204404
"fish","8444565ffffffff",1239,665,6.06336039836699,0.00413583033519833,46.4523260022137
"fish","8444567ffffffff",2089,281,5.05557092843813,0.00928408190707394,41.2218882389435
"fish","8444569ffffffff",1030,280,5.04346840450988,0.0161655198416439,40.6173551060801
"fish","844456bffffffff",1167,179,4.50771178497822,0.0162502230357981,36.3499586881684
"fish","844456dffffffff",1303,633,5.33440649871518,0.0306176961012694,37.9111817412495
"fish","8444601ffffffff",162,88,4.18671385041497,0.0223289132754153,37.7942254961982
"fish","8444603ffffffff",81,26,2.97158351576197,0.0650815424477976,21.6797036355069
"fish","8444605ffffffff",123,69,3.9717705390531,0.0266375834490052,36.5515497349868
"fish","8444607ffffffff",82,58,3.97130637756271,0.0208209399167162,40.499163360129
"fish","8444609ffffffff",212,101,4.17334741316392,0.02750088999644,35.8532631654444
"fish","844460bffffffff",126,71,3.93838611347077,0.0307382212144117,35.9070790152824
"fish","844460dffffffff",86,26,2.60345824245269,0.115738236884803,18.4521285639813
"fish","8444611ffffffff",229,100,4.35512208622803,0.0163040369176789,38.6727932682049
"fish","8444613ffffffff",81,37,3.19305869921838,0.0611187319006249,26.7079248320567
"fish","8444615ffffffff",83,47,3.53052340069237,0.0465960226447961,32.8611169662487
"fish","8444617ffffffff",72,40,3.38964022808114,0.0462962962962963,30.7157690868704
"fish","8444619ffffffff",252,104,4.36962320625317,0.0163769211388259,38.4287527883817
"fish","844461bffffffff",762,152,4.13058516579239,0.0287542797307817,31.508402946018
"fish","844461dffffffff",121,77,4.13143473191528,0.0213783211529267,39.2083183336876
"fish","8444621ffffffff",178,86,4.2512959003427,0.0174220426713799,38.6084344649921
"fish","8444623ffffffff",118,52,3.67168993118047,0.0327492099971273,31.5133713820455
"fish","8444625ffffffff",246,129,4.6899659366628,0.0110384030669575,42.6520274846111
"fish","8444627ffffffff",286,66,3.34128333582215,0.0611276835053059,23.7186174047062
"fish","8444629ffffffff",721,518,5.95685382587481,0.00456870466161768,46.8309417028321
"fish","844462bffffffff",141,100,4.45627729726802,0.014435893566722,43.0152930699843
"fish","844462dffffffff",94,46,3.57467139758262,0.0346310547759167,31.0184306238931
"fish","8444631ffffffff",62,44,3.68542326974175,0.0280957336108221,37.7971031379685
"fish","8444633ffffffff",589,502,6.08598724721511,0.00327163821158131,48.4368401323632
"fish","8444635ffffffff",63,38,3.51039284704414,0.0350214159737969,33.3991840315714
"fish","8444637ffffffff",225,54,3.51277251655076,0.0439506172839506,27.062472707436
"fish","8444639ffffffff",78,46,3.57022232714742,0.0387902695595003,33.4247085506253
"fish","844463bffffffff",104,49,3.54120021740307,0.0428994082840237,30.7159502338845
"fish","844463dffffffff",649,607,6.36613259514631,0.00187796325269883,49.6048344110983
"fish","8444641ffffffff",2907,26,2.02027972156765,0.179396280688028,9.45948490348133
"fish","8444643ffffffff",806,66,2.29981142157263,0.180030047595885,12.2847686693806
"fish","8444645ffffffff",3092,35,1.98784220157191,0.181176562141754,8.9969608114628
"fish","8444647ffffffff",837,86,2.80585753817488,0.122981462211431,16.8627792379743
"fish","8444649ffffffff",2580,33,1.87434076272391,0.230452196382429,9.07716639720476
"fish","844464bffffffff",2388,49,2.11373789180318,0.175660898013238,10.1873704014432
"fish","844464dffffffff",2377,25,1.90687069442473,0.195396777666492,8.49654424891807
"fish","8444651ffffffff",348,79,3.03548621054594,0.11755185625578,21.0135865453428
"fish","8444653ffffffff",232,85,3.95811613443082,0.0309155766944114,32.6262261340052
"fish","8444655ffffffff",494,140,4.24653312660755,0.024447212706322,33.5216187687027
"fish","8444657ffffffff",240,118,4.51047301039192,0.0145833333333333,40.1920658256663
"fish","8444659ffffffff",989,77,2.28799603735991,0.184338134034542,12.1699259572032
"fish","844465bffffffff",359,97,3.50061548179199,0.0814782628936771,26.2166165530045
"fish","844465dffffffff",998,29,1.91744313915855,0.199093577937438,8.50248690525826
"fish","8444661ffffffff",1334,48,2.15733921371379,0.176781174630076,10.6329119341025
"fish","8444663ffffffff",242,50,2.70358278675976,0.126869749334062,17.4946868183707
"fish","8444665ffffffff",2165,38,2.06202615714151,0.179525625503363,9.86862084355905
"fish","8444667ffffffff",772,482,5.32187940811093,0.0225106714274209,38.9986076771448
"fish","8444669ffffffff",3452,34,2.03382605803638,0.186243989747157,9.908666502953
"fish","844466bffffffff",831,27,2.07493770714344,0.166367634430557,9.69611155054385
"fish","844466dffffffff",3056,36,2.08493377821706,0.178551206449933,10.2665259165074
"fish","8444681ffffffff",88,15,1.42018419154883,0.450413223140496,10.5597147976573
"fish","8444683ffffffff",1,1,0,1,NA
"fish","8444685ffffffff",249,14,1.82315676171136,0.271398848405671,10.0536922235037
"fish","8444689ffffffff",57,8,0.959226730006553,0.584487534626039,7.38476854713198
"fish","844468bffffffff",71,15,1.6878051477911,0.342194009125174,12.0328805366002
"fish","844468dffffffff",416,71,3.19236348775862,0.0939233542899408,22.5844883514712
"fish","8444699ffffffff",2,2,0.693147180559945,0.5,NA
"fish","84446a1ffffffff",9,5,1.42706104338072,0.283950617283951,NA
"fish","84446a5ffffffff",2,2,0.693147180559945,0.5,NA
"fish","84446a9ffffffff",226,11,1.63804484001546,0.256676325475762,7.91632305729783
"fish","84446abffffffff",7,5,1.47507631105469,0.26530612244898,NA
"fish","84446adffffffff",397,14,1.71714186818616,0.271653268531619,9.0772777141295
"fish","84446c1ffffffff",346,79,3.71822034218531,0.0362357579605065,28.1236016435021
"fish","84446c3ffffffff",118,55,3.47706795087363,0.0598965814421143,29.7789883651379
"fish","84446c5ffffffff",333,99,4.1351688277127,0.0239248257266275,34.1049386374881
"fish","84446c7ffffffff",197,55,3.03425500819713,0.103713056249839,22.2091982998744
"fish","84446c9ffffffff",925,151,4.49655207997309,0.0166463111760409,36.8797804207746
"fish","84446cbffffffff",2232,200,4.27124751290636,0.0320087582379466,32.3672921769287
"fish","84446cdffffffff",1090,167,4.56802901425059,0.0146906826024745,37.4694846139849
"fish","84446d1ffffffff",172,9,1.71911746538457,0.248309897241752,7.9467260821798
"fish","84446d3ffffffff",158,15,1.7533189060184,0.28881589488864,10.3524210318866
"fish","84446d5ffffffff",252,45,2.24054256722196,0.305209120685311,17.1777756866474
"fish","84446d7ffffffff",30,6,1.24266363394797,0.404444444444444,NA
"fish","84446d9ffffffff",98,27,2.36012258517543,0.177842565597668,16.9836714846755
"fish","84446dbffffffff",32,7,1.69019835755655,0.21875,NA
"fish","84446ddffffffff",147,75,3.81391907654806,0.0409551575732334,32.878028438724
"fish","84446e1ffffffff",21264,93,3.29016370746465,0.0566981790353072,21.8264386744767
"fish","84446e3ffffffff",709,26,1.99963880290787,0.243098505811837,11.4608836946968
"fish","84446e5ffffffff",253,49,3.33400131029257,0.0501335749660204,23.9697680485598
"fish","84446e7ffffffff",89,23,2.33615894978625,0.17510415351597,16.5766216412832
"fish","84446e9ffffffff",4568,100,3.53019263535447,0.0442551703620097,24.4498792892213
"fish","84446ebffffffff",161,35,2.77772551921978,0.123490606072297,19.7640611807038
"fish","84446edffffffff",3445,105,3.46232703961891,0.0532230931431304,24.1408857954651
"fish","8444701ffffffff",643,79,2.64598163336475,0.15635060188802,16.378570469051
"fish","8444703ffffffff",652,175,4.66544113603339,0.0144341149459897,38.6213933113436
"fish","8444705ffffffff",930,60,2.3916656840796,0.1612371372413,13.1130198420627
"fish","8444707ffffffff",735,124,3.40091722822391,0.0886500994955804,23.4129460765407
"fish","8444709ffffffff",1435,39,2.14296160604018,0.17345603321638,10.6107558636041
"fish","844470bffffffff",493,124,3.59852271387235,0.0944130607408383,27.1105615767283
"fish","844470dffffffff",1661,61,2.13424010854864,0.180101206232437,10.3411757524317
"fish","8444711ffffffff",1027,154,4.61708075783567,0.0128535386815002,38.5691513451635
"fish","8444713ffffffff",800,102,4.27442610852052,0.017359375,35.3842518468834
"fish","8444715ffffffff",450,149,4.67143414560626,0.0122864197530864,40.0521991574704
"fish","8444717ffffffff",779,137,4.44623112705851,0.0155246596719734,36.7795925913125
"fish","8444719ffffffff",206,81,4.05878130351018,0.0227636912055802,34.6822751441813
"fish","844471bffffffff",83,34,3.14167138862272,0.0608215996516185,25.1320577089896
"fish","844471dffffffff",143,61,3.66689354197837,0.0401486625262849,30.6780125769515
"fish","8444721ffffffff",2211,96,2.21968833501185,0.18786315943002,11.2880490821579
"fish","8444723ffffffff",1192,199,3.49729983441193,0.100378361335075,23.2123675883673
"fish","8444725ffffffff",1204,85,2.2796014457117,0.17681234202713,11.5117368656203
"fish","8444727ffffffff",1591,243,3.73652098190361,0.081675246643893,25.0637602524901
"fish","8444729ffffffff",1635,40,1.98880316374846,0.187436897380505,9.02619847995139
"fish","844472bffffffff",1873,75,2.19359604151993,0.184914237760356,11.3355661790004
"fish","844472dffffffff",1340,46,2.05647109185155,0.18908220093562,9.80208206931937
"fish","8444731ffffffff",1946,192,4.38329229573643,0.0216994514797793,33.9130257640993
"fish","8444733ffffffff",753,96,4.0520195102093,0.0235710544277075,32.1776062229127
"fish","8444735ffffffff",1158,137,4.29213178957822,0.021089305902321,34.0274356758635
"fish","8444737ffffffff",473,98,4.12054714708007,0.0235061167752057,33.5269387448535
"fish","8444739ffffffff",420,145,4.47890231396591,0.0180045351473923,37.2097923855311
"fish","844473bffffffff",3551,193,4.61531215525082,0.0132999450180858,37.7353540038153
"fish","844473dffffffff",336,111,4.34019095363096,0.0194338151927438,36.9304053016651
"fish","8444741ffffffff",2766,96,2.1965128960069,0.183672044958694,10.9614895884898
"fish","8444743ffffffff",1463,24,1.90051219490071,0.191413256312346,8.2298949664428
"fish","8444745ffffffff",1692,72,2.19367805706573,0.177209954786535,11.0103160819829
"fish","8444747ffffffff",1720,56,2.14319619601764,0.177032179556517,10.5051445613246
"fish","8444749ffffffff",2396,26,1.97100135747049,0.188335247114696,9.11681133489441
"fish","844474bffffffff",2387,35,2.026145463636,0.186233418729331,9.62052228584234
"fish","844474dffffffff",2572,38,1.92171000425198,0.20777230081582,9.04466907692132
"fish","8444751ffffffff",950,117,2.87096712686407,0.129790581717452,17.4881533254101
"fish","8444753ffffffff",237,110,4.26914111395852,0.0228417810536061,36.4791322317571
"fish","8444755ffffffff",841,78,2.5434432530205,0.15332944049112,14.5875293518893
"fish","8444757ffffffff",254,115,4.30132352311978,0.0246140492280984,36.7167556806467
"fish","8444759ffffffff",2086,31,2.03318874112524,0.181051782002833,9.60417524875046
"fish","844475bffffffff",473,61,2.54825449030339,0.153154039038301,15.3874158847565
"fish","844475dffffffff",1665,26,2.0094010181936,0.185844583322061,9.57087266960191
"fish","8444761ffffffff",1487,45,2.00654297778982,0.199929991782627,9.76345362095032
"fish","8444763ffffffff",1498,35,1.95123756114462,0.204668084370616,9.13776702995085
"fish","8444765ffffffff",1258,34,2.04961937245098,0.181410672806913,9.81757050803269
"fish","8444767ffffffff",1829,51,2.07195634400753,0.183462118274887,9.92710271672411
"fish","8444769ffffffff",1905,35,1.95839788415306,0.200147146960961,9.23214414517314
"fish","844476bffffffff",1970,41,2.02831117127326,0.189972944420109,9.79673137125436
"fish","844476dffffffff",910,23,1.91681934978997,0.207243086583746,9.02339696518039
"fish","8444801ffffffff",10,7,1.88669678465808,0.16,NA
"fish","8444807ffffffff",18,15,2.63025335638926,0.0802469135802469,NA
"fish","8444809ffffffff",21,13,2.10285476172219,0.210884353741497,NA
"fish","844480bffffffff",54,21,2.38957011120639,0.178326474622771,20.0201011222099
"fish","844480dffffffff",1,1,0,1,NA
"fish","8444811ffffffff",1532,27,1.9862406205634,0.180728445895739,9.11293285705398
"fish","8444813ffffffff",4036,38,2.0111445120833,0.187119197784852,9.54006191026096
"fish","8444815ffffffff",1340,26,1.98923141580646,0.169437513922923,8.56006570864726
"fish","8444817ffffffff",5080,31,2.06416229503489,0.169889252278505,9.64236244365332
"fish","8444819ffffffff",39,17,2.57476738914616,0.094017094017094,NA
"fish","844481bffffffff",1506,41,2.06992692884337,0.184716644709343,10.2414729165214
"fish","844481dffffffff",16,12,2.36060911398924,0.109375,NA
"fish","8444821ffffffff",24,7,1.8502677786636,0.166666666666667,NA
"fish","8444823ffffffff",219,13,1.99435844799457,0.154521381956173,8.42225351776282
"fish","8444825ffffffff",23,15,2.48725769859315,0.111531190926276,NA
"fish","8444827ffffffff",54,7,1.86992315829211,0.161865569272977,6.99983557364245
"fish","8444829ffffffff",3,3,1.09861228866811,0.333333333333333,NA
"fish","844482bffffffff",28,21,2.89627334426341,0.0688775510204082,NA
"fish","844482dffffffff",116,19,1.19314379072905,0.592300832342449,10.7723506667721
"fish","8444831ffffffff",2679,35,2.06250486438663,0.16756668939191,9.36021684649645
"fish","8444833ffffffff",1086,19,2.02838136835574,0.166520829305848,9.26185674091734
"fish","8444835ffffffff",1143,26,2.04086480841734,0.170974144417425,9.41754168483033
"fish","8444837ffffffff",824,18,2.02630797337689,0.166079507964935,9.16386185015241
"fish","8444839ffffffff",240,19,2.18120244756954,0.149652777777778,11.1181145860543
"fish","844483bffffffff",4195,29,2.02535445782059,0.169464187032352,9.05759481474933
"fish","844483dffffffff",16,7,1.71707598019888,0.2109375,NA
"fish","8444841ffffffff",65,42,3.58766963967755,0.0333727810650888,35.1910322512847
"fish","8444843ffffffff",22,17,2.7759755531038,0.0661157024793388,NA
"fish","8444845ffffffff",109,60,3.93296613429472,0.0228095278175238,36.7068777171247
"fish","8444847ffffffff",53,35,3.30173948504311,0.0523317906728373,33.4084777597541
"fish","8444849ffffffff",60,44,3.66101464909398,0.03,38.1729162180731
"fish","844484bffffffff",173,105,4.48481648743507,0.01353202579438,41.9197162316832
"fish","844484dffffffff",93,61,3.90109727546007,0.0283269742166725,38.0992640136931
"fish","8444851ffffffff",19,8,1.9550839066644,0.157894736842105,NA
"fish","8444853ffffffff",79,62,4.03801437325359,0.0197083800672969,42.4921070490695
"fish","8444855ffffffff",47,45,3.7911563523007,0.0230873698506111,NA
"fish","8444857ffffffff",57,35,3.41666784124637,0.0378578024007387,32.2999734183944
"fish","8444859ffffffff",432,110,3.1781456160824,0.138331618655693,22.8240107155309
"fish","844485bffffffff",197,94,4.19882832662407,0.0214125589425133,36.6641306105291
"fish","844485dffffffff",45,38,3.59101670026278,0.0291358024691358,NA
"fish","8444861ffffffff",888,119,3.84877500746813,0.0399140694748803,28.1310536834328
"fish","8444863ffffffff",11,11,2.39789527279837,0.0909090909090909,NA
"fish","8444865ffffffff",57,17,1.54503096690539,0.452139119729147,15.3640350877192
"fish","8444867ffffffff",53,8,0.999675144447019,0.58063367746529,7.77345684282421
"fish","8444869ffffffff",5,5,1.6094379124341,0.2,NA
"fish","844486bffffffff",213,113,4.59890208438255,0.01152769512222,42.5603609760848
"fish","844486dffffffff",356,58,3.1592574330638,0.0659323317762909,20.9421746086147
"fish","8444881ffffffff",242,87,3.89239385970731,0.0415955194317328,32.0731158931081
"fish","8444883ffffffff",86,10,1.52447343209597,0.286371011357491,7.91108045575784
"fish","8444885ffffffff",179,75,3.45302309749554,0.0857963234605661,28.2835392439074
"fish","8444887ffffffff",198,83,3.6948930471666,0.0583103764921947,30.3098113440829
"fish","8444889ffffffff",55,14,2.11408020296115,0.173553719008264,13.5177561781335
"fish","844488bffffffff",531,137,4.11666760895027,0.0478966949329872,32.6815197212131
"fish","844488dffffffff",62,9,1.74925187365468,0.219562955254943,8.53728170420225
"fish","8444891ffffffff",288,79,3.10928788334221,0.124421296296296,22.9829885927135
"fish","8444893ffffffff",75,40,3.29816824679046,0.0588444444444444,29.8409026178922
"fish","8444895ffffffff",412,23,1.67694399754404,0.271208407955509,8.40780840538621
"fish","8444897ffffffff",475,15,1.4396287413188,0.30976620498615,6.37242821364458
"fish","8444899ffffffff",420,126,3.87326689117275,0.056984126984127,29.7775609310712
"fish","844489bffffffff",1296,269,4.89629768120824,0.0141853852309099,39.0218024959847
"fish","844489dffffffff",190,28,2.00668496047564,0.226260387811634,12.1942916024987
"fish","84448a1ffffffff",168,67,3.87212938246811,0.0309665532879819,33.372272516121
"fish","84448a3ffffffff",20,5,1.39232125475743,0.285,NA
"fish","84448a5ffffffff",29,7,1.6503871401575,0.224732461355529,NA
"fish","84448a7ffffffff",44,6,1.61240608121399,0.227272727272727,NA
"fish","84448a9ffffffff",52,8,1.32252678631485,0.383136094674556,7.84539969834087
"fish","84448abffffffff",135,65,3.78902059150075,0.0373662551440329,33.2925631719077
"fish","84448adffffffff",43,8,1.64598442674437,0.239588967009194,NA
"fish","84448b1ffffffff",421,70,2.63694069263821,0.176590066632438,17.5579543249995
"fish","84448b5ffffffff",366,17,1.48484304904262,0.306503628056974,6.71135152986991
"fish","84448b9ffffffff",95,9,1.62449134839406,0.255623268698061,7.7797079019154
"fish","84448bbffffffff",1470,22,1.43487138839091,0.327292331898746,6.4591986697161
"fish","84448bdffffffff",62,13,1.9008078704429,0.227367325702393,12.1749172693812
"fish","84448c1ffffffff",339,16,1.74349410183563,0.238154906413971,8.06561879094246
"fish","84448c3ffffffff",113,14,1.74141811124224,0.277625499256011,10.2231350838818
"fish","84448c5ffffffff",1022,29,1.98985577054924,0.20299018462705,9.97282688496524
"fish","84448c7ffffffff",63,21,2.3464809401019,0.152935248173343,17.8236844512672
"fish","84448c9ffffffff",340,46,2.29399982917755,0.19780276816609,14.0418838443704
"fish","84448cbffffffff",167,50,2.73193660014267,0.174656674674603,21.0583352995968
"fish","84448cdffffffff",1989,26,2.04100076507847,0.193432152353277,10.4774420845174
"fish","84448d1ffffffff",594,138,4.05213995672311,0.0357049734154111,30.9322140853563
"fish","84448d3ffffffff",1564,344,4.99805209617312,0.0169453692741413,38.6138973727391
"fish","84448d5ffffffff",153,66,3.40142713462483,0.0707847409116152,27.2899460637417
"fish","84448d7ffffffff",505,148,4.43188225959989,0.0229977453190864,36.1263800504031
"fish","84448d9ffffffff",1399,264,4.72759534097703,0.0225837816351003,37.0715017659017
"fish","84448dbffffffff",957,270,5.13152267457271,0.00894579783348565,42.1714571653727
"fish","84448ddffffffff",139,44,2.99689992737522,0.102737953522074,23.25562996469
"fish","84448e1ffffffff",274,18,1.90616550574182,0.194070009057488,8.8188729060866
"fish","84448e3ffffffff",83,12,1.89570781114151,0.196690375961678,9.82637263143787
"fish","84448e5ffffffff",355,16,1.9590209802179,0.172545129934537,8.50331153568668
"fish","84448e7ffffffff",81,11,1.79955881804005,0.216278006401463,8.94213588014958
"fish","84448e9ffffffff",1044,23,2.07659330639463,0.182739170006312,10.6695599814848
"fish","84448ebffffffff",302,15,1.82899587034276,0.214530064470857,8.81664113109179
"fish","84448edffffffff",1377,24,1.94736722517956,0.185798012687955,8.63166577674016
"fish","8444901ffffffff",22,15,2.58693541295108,0.0867768595041322,NA
"fish","8444903ffffffff",6,3,0.867563228481461,0.5,NA
"fish","8444905ffffffff",15,5,1.36051388274249,0.306666666666667,NA
"fish","8444907ffffffff",1,1,0,1,NA
"fish","844490dffffffff",12,11,2.36938211969468,0.0972222222222222,NA
"fish","8444911ffffffff",2,2,0.693147180559945,0.5,NA
"fish","8444913ffffffff",8,5,1.55958115625988,0.21875,NA
"fish","8444915ffffffff",2,2,0.693147180559945,0.5,NA
"fish","8444917ffffffff",7,7,1.94591014905531,0.142857142857143,NA
"fish","8444919ffffffff",5,5,1.6094379124341,0.2,NA
"fish","844491bffffffff",109,8,1.75201807589005,0.196195606430435,7.08568596315112
"fish","844491dffffffff",2,2,0.693147180559945,0.5,NA
"fish","8444921ffffffff",11,11,2.39789527279837,0.0909090909090909,NA
"fish","8444923ffffffff",4,4,1.38629436111989,0.25,NA
"fish","8444925ffffffff",13,7,1.92512119079082,0.14792899408284,NA
"fish","8444927ffffffff",8,6,1.66746193342929,0.21875,NA
"fish","844492dffffffff",35,26,3.18392242166531,0.0448979591836735,NA
"fish","8444931ffffffff",18,6,1.59997142092687,0.228395061728395,NA
"fish","8444933ffffffff",22,8,1.89460209899719,0.169421487603306,NA
"fish","844493bffffffff",46,9,1.82622176535929,0.197542533081285,NA
"fish","8444941ffffffff",1,1,0,1,NA
"fish","8444943ffffffff",7,7,1.94591014905531,0.142857142857143,NA
"fish","8444945ffffffff",4,4,1.38629436111989,0.25,NA
"fish","8444947ffffffff",10,10,2.30258509299405,0.1,NA
"fish","8444949ffffffff",23,8,1.20673684393626,0.497164461247637,NA
"fish","844494bffffffff",4,1,0,1,NA
"fish","8444959ffffffff",5,4,1.33217904021012,0.28,NA
"fish","844495bffffffff",28,26,3.23318348438093,0.0408163265306122,NA
"fish","844495dffffffff",1,1,0,1,NA
"fish","8444963ffffffff",4,4,1.38629436111989,0.25,NA
"fish","8444965ffffffff",49,17,1.60019084401448,0.434402332361516,NA
"fish","8444969ffffffff",93,14,1.85676755035092,0.261648745519713,11.1082224519777
"fish","844496bffffffff",4,3,1.03972077083992,0.375,NA
"fish","844496dffffffff",24,7,1.76995746323787,0.197916666666667,NA
"fish","8444981ffffffff",6,4,1.242453324894,0.333333333333333,NA
"fish","8444983ffffffff",121,8,1.27380881761542,0.440202171982788,7.04340081488889
"fish","8444985ffffffff",46,10,1.86177110055126,0.204158790170132,NA
"fish","8444987ffffffff",106,13,2.0091420531118,0.201317194731221,11.1867406677985
"fish","8444989ffffffff",12,5,1.58902691517397,0.208333333333333,NA
"fish","844498bffffffff",106,12,2.00044946223328,0.163403346386614,9.56118008080948
"fish","844498dffffffff",2,2,0.693147180559945,0.5,NA
"fish","8444991ffffffff",15,7,1.78385396035562,0.191111111111111,NA
"fish","8444993ffffffff",37,12,2.1420758677894,0.148283418553689,NA
"fish","8444995ffffffff",5,4,1.33217904021012,0.28,NA
"fish","8444999ffffffff",95,23,2.3894459487833,0.135512465373961,15.2706412564193
"fish","844499bffffffff",64,8,1.91345964472544,0.16357421875,7.7807192410801
"fish","844499dffffffff",77,9,1.89604828720182,0.170517793894417,8.178259793043
"fish","84449a1ffffffff",145,57,3.91297116156088,0.0235434007134364,35.0300972028519
"fish","84449a3ffffffff",7,4,1.35178399428965,0.26530612244898,NA
"fish","84449a5ffffffff",26,10,2.00854504225348,0.165680473372781,NA
"fish","84449a7ffffffff",22,8,1.76652956016402,0.227272727272727,NA
"fish","84449a9ffffffff",1,1,0,1,NA
"fish","84449abffffffff",31,28,3.29982968566709,0.0385015608740895,NA
"fish","84449b1ffffffff",2,2,0.693147180559945,0.5,NA
"fish","84449b3ffffffff",47,8,1.72822504120512,0.221367134449977,NA
"fish","84449b7ffffffff",27,9,1.97347185431817,0.165980795610425,NA
"fish","84449b9ffffffff",4,4,1.38629436111989,0.25,NA
"fish","84449bdffffffff",3,3,1.09861228866811,0.333333333333333,NA
"fish","84449c1ffffffff",61,9,1.84249020044082,0.193765116904058,8.60469593359519
"fish","84449c3ffffffff",238,21,1.99182951056473,0.212555610479486,10.5840378445973
"fish","84449c5ffffffff",12,7,1.82007597536062,0.180555555555556,NA
"fish","84449c7ffffffff",63,10,1.82554720140394,0.209876543209877,9.46028045053247
"fish","84449c9ffffffff",555,19,1.98141401758408,0.171015339663988,8.73327819923544
"fish","84449cbffffffff",579,19,2.11671775219772,0.151738599992244,9.95945738774016
"fish","84449cdffffffff",57,9,1.7492452513119,0.207756232686981,8.50876189903001
"fish","84449d1ffffffff",145,16,2.1229223823328,0.145112960760999,10.2781093745272
"fish","84449d3ffffffff",54,22,2.6630162748489,0.10082304526749,20.9542546901038
"fish","84449d5ffffffff",88,12,2.08780615445567,0.150826446280992,10.3991615241616
"fish","84449d7ffffffff",66,16,2.52018231295154,0.0959595959595959,15.0209555114753
"fish","84449d9ffffffff",198,11,1.86785273324327,0.180593816957453,7.81515245759966
"fish","84449dbffffffff",111,10,1.92263943233681,0.173443713984255,8.63197164838103
"fish","84449ddffffffff",377,34,2.26803576423075,0.145227223156428,11.4718743247094
"fish","84449e1ffffffff",7,7,1.94591014905531,0.142857142857143,NA
"fish","84449e3ffffffff",3,3,1.09861228866811,0.333333333333333,NA
"fish","84449e5ffffffff",36,6,1.42630820819304,0.294753086419753,NA
"fish","84449e7ffffffff",11,5,1.2945451658449,0.355371900826446,NA
"fish","84449e9ffffffff",17,5,1.43034983140969,0.273356401384083,NA
"fish","84449ebffffffff",7,5,1.47507631105469,0.26530612244898,NA
"fish","84449edffffffff",4,4,1.38629436111989,0.25,NA
"fish","8444a01ffffffff",121,87,4.33671535567447,0.0153678027457141,42.6802389328475
"fish","8444a03ffffffff",451,129,4.30069226901285,0.0213715763442658,34.9980397653764
"fish","8444a05ffffffff",54,39,3.36247352896898,0.0603566529492455,36.4687416008171
"fish","8444a07ffffffff",304,182,4.99348805573094,0.00876471606648199,44.2522841972138
"fish","8444a09ffffffff",22,12,2.12205774606,0.177685950413223,NA
"fish","8444a0bffffffff",347,97,3.73024072840855,0.0658671693976364,29.4973991748567
"fish","8444a0dffffffff",48,32,3.35459787555912,0.0390625,NA
"fish","8444a11ffffffff",25256,588,4.05712254433078,0.0782091290161819,28.5557566619834
"fish","8444a13ffffffff",857,272,5.10523066018841,0.00986998416499989,41.725686562226
"fish","8444a15ffffffff",852,147,3.05604213344218,0.203103991712403,22.1609597325925
"fish","8444a17ffffffff",2944,228,2.37935404242284,0.317894861693644,15.0994678925975
"fish","8444a19ffffffff",32392,479,4.11442376113439,0.0365826933079165,29.8120566090994
"fish","8444a1bffffffff",269,29,2.68536352708197,0.0960600323378616,16.2541313891934
"fish","8444a1dffffffff",83351,492,4.07712487431154,0.0298063745975529,29.9254296195005
"fish","8444a21ffffffff",7,6,1.74786809746676,0.183673469387755,NA
"fish","8444a23ffffffff",13,13,2.56494935746154,0.0769230769230769,NA
"fish","8444a25ffffffff",499,185,4.82187973312295,0.0117469407753382,40.8034477658888
"fish","8444a27ffffffff",58,45,3.7167987140043,0.0273483947681332,40.0349227300226
"fish","8444a29ffffffff",2,1,0,1,NA
"fish","8444a2bffffffff",2,2,0.693147180559945,0.5,NA
"fish","8444a2dffffffff",76,40,3.46526746328373,0.0401662049861496,31.1437150870828
"fish","8444a31ffffffff",187,77,3.54774204631829,0.0800423232005491,29.5580326511228
"fish","8444a33ffffffff",270,128,4.58172206869445,0.0136625514403292,40.559313618428
"fish","8444a35ffffffff",60,36,3.00020454335541,0.116666666666667,30.7566314969189
"fish","8444a37ffffffff",597,267,5.31760112272483,0.00637189296566585,44.8550260237784
"fish","8444a39ffffffff",1307,383,5.4158710014715,0.00834128982367324,43.0851603805019
"fish","8444a3bffffffff",534,114,3.28269185447874,0.114821360939275,23.322825714555
"fish","8444a3dffffffff",13,5,1.17865499634165,0.420118343195266,NA
"fish","8444a41ffffffff",58,33,3.31147316846292,0.0451843043995244,30.2363746090418
"fish","8444a43ffffffff",119,55,3.31038483124737,0.0993573900148295,29.3854316801683
"fish","8444a45ffffffff",72,50,3.77255049501143,0.027391975308642,38.0543198091645
"fish","8444a47ffffffff",24,19,2.88924250511464,0.0590277777777778,NA
"fish","8444a49ffffffff",32,24,3.10281080802711,0.048828125,NA
"fish","8444a4bffffffff",427,27,1.49271176949053,0.369195245956485,8.20636181423909
"fish","8444a4dffffffff",73,57,3.946120419637,0.0219553387127041,41.7393937445064
"fish","8444a51ffffffff",208409,540,4.13510527601746,0.0264291951488167,30.9602630311082
"fish","8444a53ffffffff",12388,243,3.54148162913288,0.0536290470982939,23.307989417591
"fish","8444a55ffffffff",752,71,2.09151915101955,0.285324241738343,12.8284999611216
"fish","8444a57ffffffff",280410,503,4.07077793679779,0.0281628953449756,30.2243248587555
"fish","8444a59ffffffff",292,108,3.41327430145694,0.13358510039407,27.0307835136534
"fish","8444a5bffffffff",88153,559,4.41652272300484,0.0226791008879412,33.480997069854
"fish","8444a5dffffffff",481,81,3.63776888983272,0.0410224713759017,26.631924549441
"fish","8444a65ffffffff",2,2,0.693147180559945,0.5,NA
"fish","8444a67ffffffff",4,4,1.38629436111989,0.25,NA
"fish","8444a69ffffffff",11,3,0.994923632571775,0.40495867768595,NA
"fish","8444a6bffffffff",27,19,2.83373874563103,0.0672153635116598,NA
"fish","8444a81ffffffff",26448,255,4.11707245932635,0.0242761944450849,31.3519947682584
"fish","8444a83ffffffff",19986,157,3.81046707066574,0.029171100246506,28.3005219362524
"fish","8444a85ffffffff",8822,255,0.811535980075133,0.815450270883045,5.7514170079505
"fish","8444a87ffffffff",11218,200,3.98942040904763,0.0257353091923904,30.176364017089
"fish","8444a89ffffffff",74,12,2.0293399745852,0.162527392257122,10.4883696582473
"fish","8444a8bffffffff",70,16,2.17223483543786,0.150204081632653,13.1207502627509
"fish","8444a8dffffffff",1700,242,4.90385193907239,0.0105252595155709,40.212594839925
"fish","8444a91ffffffff",62,22,2.54171730131401,0.114984391259105,19.026080757111
"fish","8444a93ffffffff",246,22,2.45595683682484,0.118547161081367,13.976454960365
"fish","8444a95ffffffff",3226,104,3.57039866841314,0.0395563556949137,25.1682351223178
"fish","8444a97ffffffff",208,32,3.07419849899497,0.0566290680473373,20.524951457403
"fish","8444a99ffffffff",19,9,2.01016265863961,0.157894736842105,NA
"fish","8444a9bffffffff",40,9,1.77835615741748,0.2225,NA
"fish","8444a9dffffffff",7,4,1.27703425946614,0.306122448979592,NA
"fish","8444aa1ffffffff",1250,50,1.81923988722264,0.294976,9.81801772391216
"fish","8444aa3ffffffff",794,158,3.73691879985576,0.078707434220127,27.2548437611718
"fish","8444aa5ffffffff",283,56,2.75574204416057,0.129393549675985,17.9704931874498
"fish","8444aa7ffffffff",946,40,1.94942120931816,0.230175793035324,10.0111945834146
"fish","8444aa9ffffffff",1465,83,1.86261161847437,0.355554986080211,11.4516295175281
"fish","8444aabffffffff",1568,167,2.9494534362583,0.154219596001666,18.7388236491747
"fish","8444aadffffffff",576,61,2.23579884185127,0.227653597608025,13.4263629396308
"fish","8444ab1ffffffff",1037,258,4.95998370367198,0.0115095376563766,40.2997374037533
"fish","8444ab3ffffffff",598,192,4.84014872525572,0.0117224639545419,40.556517403437
"fish","8444ab5ffffffff",924,164,3.79769699112873,0.0758723599632691,28.1671421331737
"fish","8444ab7ffffffff",1776,340,4.73708519327832,0.0338192922652382,35.7117356885838
"fish","8444ab9ffffffff",42707,235,3.70711165662094,0.0337529015469635,26.8388136837662
"fish","8444abbffffffff",13581,277,4.35079896034071,0.0220104240993265,33.5231672862049
"fish","8444abdffffffff",732,160,3.95412171148928,0.0596128579533578,29.6389853477028
"fish","8444ac1ffffffff",56,11,1.97638973449644,0.170918367346939,10.5602453102453
"fish","8444ac3ffffffff",49,12,2.00004979115356,0.1695127030404,NA
"fish","8444ac5ffffffff",64,19,2.56275727053191,0.1064453125,17.2673016586894
"fish","8444ac7ffffffff",24,9,2.05951483286006,0.142361111111111,NA
"fish","8444ac9ffffffff",70,10,2.01172820914691,0.154285714285714,9.3813401500323
"fish","8444acbffffffff",21,7,1.72839097638901,0.201814058956916,NA
"fish","8444acdffffffff",44,25,2.96125330678286,0.0671487603305785,NA
"fish","8444ad1ffffffff",29,9,2.01832237983884,0.146254458977408,NA
"fish","8444ad3ffffffff",108,21,2.46273141262835,0.12037037037037,15.2858416827265
"fish","8444ad5ffffffff",142,34,2.58771412701752,0.126958936718905,17.1830377979163
"fish","8444ad7ffffffff",144,12,1.7418754273892,0.22559799382716,8.16269108007691
"fish","8444ad9ffffffff",520,20,2.04712086627311,0.153254437869822,8.86438089081873
"fish","8444adbffffffff",361,18,1.86654486381821,0.200190299337789,8.45853040530634
"fish","8444addffffffff",51,9,1.90653680225449,0.171088043060361,8.96078431372549
"fish","8444ae1ffffffff",2144,175,2.38265862713208,0.289098612580753,15.2080216194538
"fish","8444ae3ffffffff",23201,295,0.646523254212163,0.813460381288733,4.53693505970721
"fish","8444ae5ffffffff",302,82,2.84550998814663,0.198105346256743,21.3262681069911
"fish","8444ae7ffffffff",761,75,2.28015441138611,0.248523192907872,14.2239277885118
"fish","8444ae9ffffffff",2771,422,3.79714860081343,0.128449902786256,25.2275245215936
"fish","8444aebffffffff",299564,365,0.143345242934289,0.972368519057996,1.69324387626938
"fish","8444aedffffffff",1829,247,4.16492537319708,0.067771200938886,31.2914679958303
"fish","8444b01ffffffff",156,29,1.0973043768562,0.664036817882972,10.1935483870975
"fish","8444b03ffffffff",6,4,1.32966134885476,0.277777777777778,NA
"fish","8444b05ffffffff",267,115,4.53527496322575,0.0127509152884737,40.5827799194
"fish","8444b07ffffffff",90,52,3.76584209001748,0.0283950617283951,35.2989396774471
"fish","8444b09ffffffff",225,111,4.32550578950594,0.027279012345679,38.2321578404926
"fish","8444b0bffffffff",145,94,4.43880695370981,0.0131747919143876,42.9255848166737
"fish","8444b0dffffffff",112,56,3.70622618757723,0.032844387755102,32.2548893403841
"fish","8444b11ffffffff",81,66,4.11415337786154,0.0181374790428288,43.8265519251801
"fish","8444b13ffffffff",205,114,4.57731009199227,0.0120166567519334,42.2891713862664
"fish","8444b15ffffffff",103,76,4.13459698268484,0.023847676501084,41.3282937657076
"fish","8444b17ffffffff",93,33,3.03191030276744,0.066250433576136,22.5873001660393
"fish","8444b19ffffffff",83,57,3.88506594444481,0.02569313398171,38.7906254891068
"fish","8444b1bffffffff",105,76,4.23794298436081,0.0160544217687075,42.711344433216
"fish","8444b1dffffffff",295,172,4.95930231776347,0.0085837403045102,44.3357267170723
"fish","8444b21ffffffff",10,7,1.88669678465808,0.16,NA
"fish","8444b23ffffffff",4,2,0.562335144618808,0.625,NA
"fish","8444b25ffffffff",5,5,1.6094379124341,0.2,NA
"fish","8444b27ffffffff",21,20,2.97850842052724,0.0521541950113379,NA
"fish","8444b29ffffffff",1,1,0,1,NA
"fish","8444b2bffffffff",27,16,2.55084355972223,0.100137174211248,NA
"fish","8444b31ffffffff",4,3,1.03972077083992,0.375,NA
"fish","8444b33ffffffff",56,36,3.46811643790344,0.0350765306122449,33.5522679626453
"fish","8444b35ffffffff",26,10,1.49856907967701,0.396449704142012,NA
"fish","8444b37ffffffff",24,17,2.66946747011752,0.0868055555555555,NA
"fish","8444b39ffffffff",122,74,4.15346552293942,0.0184090298306907,39.6551964483156
"fish","8444b3bffffffff",38,35,3.52814186805903,0.0304709141274238,NA
"fish","8444b3dffffffff",23,22,3.07522054805437,0.0472589792060492,NA
"fish","8444b41ffffffff",285,70,3.63575859629553,0.0378331794398276,27.3731970608687
"fish","8444b43ffffffff",77,36,3.40986965939285,0.0379490639230899,29.0062744792375
"fish","8444b45ffffffff",10,10,2.30258509299405,0.1,NA
"fish","8444b47ffffffff",49,48,3.86352857645512,0.0212411495210329,NA
"fish","8444b49ffffffff",435,79,3.61413409821832,0.0388796406394504,26.214269439414
"fish","8444b4bffffffff",801,255,5.03020025355738,0.0104597717272885,41.1853222194916
"fish","8444b4dffffffff",522,91,3.71103469372413,0.0365012257600446,27.1061890227687
"fish","8444b51ffffffff",1094,205,4.19743249363301,0.0310151098396104,31.0551671822727
"fish","8444b53ffffffff",266,71,3.4905459270711,0.0510769404714795,25.5949346324743
"fish","8444b55ffffffff",100,50,3.63961460426021,0.0336,31.9046953528777
"fish","8444b57ffffffff",3237,449,5.51514109687273,0.00579328315853658,44.1102200350779
"fish","8444b59ffffffff",292,73,3.7345054692322,0.0348095327453556,28.8157362790137
"fish","8444b5bffffffff",52,44,3.70124569177674,0.0281065088757396,42.4977375565611
"fish","8444b5dffffffff",1051,159,4.09389183266999,0.0285596337501052,30.9523770464914
"fish","8444b61ffffffff",215,86,3.99589474127702,0.0274526771227691,33.1624681737703
"fish","8444b63ffffffff",467,155,4.7439772542299,0.0109817551550055,40.9244352322881
"fish","8444b65ffffffff",80,66,4.10901523836979,0.0184375,43.9202332477663
"fish","8444b67ffffffff",31,25,3.12095299390969,0.0509885535900104,NA
"fish","8444b69ffffffff",1163,214,5.01650334590642,0.0083921781439616,42.0701835376941
"fish","8444b6bffffffff",228,113,4.54243327987179,0.0126577408433364,41.2869574001099
"fish","8444b6dffffffff",121,32,3.06935359213964,0.0596270746533707,21.6565001845037
"fish","8444d49ffffffff",1,1,0,1,NA
"fish","8444d4dffffffff",23,18,2.83412587655526,0.0623818525519849,NA
"fish","8444e01ffffffff",801,26,2.7120420488188,0.0801853488382967,15.2126132259673
"fish","8444e03ffffffff",93,14,2.05002632084923,0.197363857093306,12.0001866547588
"fish","8444e05ffffffff",167,22,2.09413537592892,0.239915378823192,13.3395598050131
"fish","8444e07ffffffff",58,14,1.83250067497461,0.293697978596909,13.1044687650858
"fish","8444e09ffffffff",652,44,2.82916630370079,0.0873480371861944,17.0381991260813
"fish","8444e0bffffffff",59,12,1.93851116091146,0.205975294455616,11.471475032089
"fish","8444e0dffffffff",62,11,1.47376048239284,0.374089490114464,9.80203282212367
"fish","8444e19ffffffff",113,14,2.14410365081064,0.157334168689796,11.6316310464608
"fish","8444e1dffffffff",84,8,1.48593815634744,0.293083900226757,6.76121509024206
"fish","8444e21ffffffff",22,6,1.15958881430863,0.446280991735537,NA
"fish","8444e25ffffffff",27,9,1.63195646942129,0.305898491083676,NA
"fish","8444e27ffffffff",1,1,0,1,NA
"fish","8444e29ffffffff",86,11,1.52260805761653,0.317198485667929,8.55654705391927
"fish","8444e2bffffffff",27,5,1.18781881873096,0.382716049382716,NA
"fish","8444e2dffffffff",84,7,1.02282178084019,0.479024943310658,5.60074962383823
"fish","8444e3dffffffff",1,1,0,1,NA
"fish","8444e41ffffffff",268,125,4.50515057078162,0.015844286032524,39.3844474211246
"fish","8444e43ffffffff",483,161,4.6844086861005,0.0131039183159086,39.6079471393855
"fish","8444e45ffffffff",65,49,3.79571803256383,0.0253254437869823,39.9843620760959
"fish","8444e47ffffffff",744,161,4.52367483597682,0.0162591050988554,36.9542802143031
"fish","8444e49ffffffff",494,130,4.4159769309235,0.0169647101247357,36.7891621532361
"fish","8444e4bffffffff",143,84,4.29246097253821,0.015795393417771,40.7533571500689
"fish","8444e4dffffffff",150,72,3.94629064419907,0.0279111111111111,34.6349124134804
"fish","8444e51ffffffff",639,162,4.62913084283172,0.0156274107871013,38.4391879484545
"fish","8444e53ffffffff",1167,111,3.0629734456842,0.131637013001794,20.811010042593
"fish","8444e55ffffffff",1873,273,5.09623109872931,0.00889733530323429,41.6640977331564
"fish","8444e57ffffffff",232,32,2.55808634214071,0.134401010701546,16.2947670513285
"fish","8444e59ffffffff",698,148,4.53024586126356,0.0148192543575176,37.6797873990668
"fish","8444e5bffffffff",3260,831,6.14005482637716,0.00395799616093945,46.0750913374113
"fish","8444e5dffffffff",285,143,4.740161672459,0.0109695290858726,42.2719614433563
"fish","8444e61ffffffff",77,68,4.1817710160085,0.0160229381008602,46.232057416267
"fish","8444e63ffffffff",2078,188,4.53694242464099,0.0162178410609891,36.4578684689008
"fish","8444e65ffffffff",327,73,3.42649211760451,0.0642014794863882,25.1115669768215
"fish","8444e67ffffffff",231,53,2.69680746532204,0.173853563463953,19.5015088178171
"fish","8444e69ffffffff",62,32,3.15845893167495,0.0567117585848075,27.5962333271775
"fish","8444e6bffffffff",2245,244,4.86530134142775,0.0109620487993611,39.8003223712175
"fish","8444e6dffffffff",86,67,4.08855839279081,0.0197404002163332,42.3366442983249
"fish","8444f01ffffffff",630,83,3.71842953435185,0.0359334845049131,27.6188073636434
"fish","8444f03ffffffff",66,9,1.71260409250018,0.231864095500459,8.39101094749264
"fish","8444f05ffffffff",5139,248,4.55917280863242,0.0151926283905595,36.3947795392441
"fish","8444f07ffffffff",1672,166,3.9283563846923,0.0749331803301207,30.4289101632118
"fish","8444f09ffffffff",64,9,1.34055730014126,0.37548828125,7.86111043264466
"fish","8444f0bffffffff",68,8,1.42515624028403,0.325259515570934,7.1385157402567
"fish","8444f0dffffffff",486,58,3.55809392833874,0.0375112194956731,26.3978305781293
"fish","8444f11ffffffff",1,1,0,1,NA
"fish","8444f15ffffffff",6,2,0.450561208866305,0.722222222222222,NA
"fish","8444f19ffffffff",7,3,0.796311640173813,0.551020408163265,NA
"fish","8444f1bffffffff",2,2,0.693147180559945,0.5,NA
"fish","8444f1dffffffff",14,3,0.89820533970415,0.438775510204082,NA
"fish","8444f21ffffffff",389,131,4.43869925470977,0.0181270279736454,37.1927896371414
"fish","8444f23ffffffff",445,106,4.01744726881563,0.0289912889786643,31.4197789092367
"fish","8444f25ffffffff",768,196,4.65459589323165,0.0168490939670139,37.4200519414384
"fish","8444f27ffffffff",678,164,4.47863746050616,0.0177643772678623,36.2231806626655
"fish","8444f29ffffffff",316,116,4.35098268547721,0.0190674571382791,36.8800190296364
"fish","8444f2bffffffff",1119,161,4.41574155918515,0.0184920309768472,35.312265939599
"fish","8444f2dffffffff",448,144,4.51426416101294,0.0163026147959184,37.739854728352
"fish","8444f39ffffffff",31,22,2.87009451140576,0.0759625390218522,NA
"fish","8444f3dffffffff",9053,171,4.11229369904575,0.0219637272602939,32.0064876994844
"fish","8444f41ffffffff",87,16,2.16139262091463,0.157352358303607,12.6510327772768
"fish","8444f43ffffffff",373,48,2.614443643841,0.13020290521746,16.0372118374755
"fish","8444f45ffffffff",396,51,3.05451131383408,0.0773135394347516,20.3199109910826
"fish","8444f47ffffffff",273,34,2.54855008537069,0.155603858900562,16.9739582189812
"fish","8444f49ffffffff",191,49,2.9868364627759,0.0890052356020943,20.7831004550077
"fish","8444f4bffffffff",118,15,2.00282745161667,0.18385521401896,10.7198018754074
"fish","8444f4dffffffff",185,19,2.37069357464361,0.119298758217677,12.6844879542513
"fish","8444f51ffffffff",198,20,2.19604384326119,0.141873278236915,11.104511879159
"fish","8444f53ffffffff",82,14,1.89611346666953,0.205829863176681,10.6726789525949
"fish","8444f55ffffffff",95,14,1.8806913278448,0.224819944598338,10.736502507809
"fish","8444f57ffffffff",64,7,1.44257247133917,0.3212890625,6.56219668705564
"fish","8444f59ffffffff",139,27,2.56040596990236,0.122923244138502,16.533889042354
"fish","8444f5bffffffff",74,15,1.89241520618318,0.235208181154127,12.166448524542
"fish","8444f5dffffffff",226,52,2.99200845286933,0.09025765525883,20.4362458677916
"fish","8444f61ffffffff",6214,241,4.41935879121508,0.0172438368918715,35.0001247702299
"fish","8444f63ffffffff",6413,263,4.5740369985642,0.0150761178254379,36.4440516130299
"fish","8444f65ffffffff",410,137,4.48976811009131,0.0162284354550863,37.7705089371718
"fish","8444f67ffffffff",407,144,4.49212766115815,0.0182735784701387,37.3916009761301
"fish","8444f69ffffffff",83,32,2.97185849025262,0.0831760778051967,23.835377922865
"fish","8444f6bffffffff",217,52,3.38191234496015,0.0596105247510034,25.894536571943
"fish","8444f6dffffffff",5597,297,4.64651518192815,0.0145939804335696,36.9124964535111
"fish","8445011ffffffff",501,76,3.69812937882304,0.032960028047697,27.6326358446249
"fish","8445013ffffffff",5,3,0.950270539233235,0.44,NA
"fish","8445015ffffffff",665,116,3.75089968813702,0.0449341398609305,27.2883276542023
"fish","8445017ffffffff",358,68,3.62016997107863,0.0362660341437533,26.9839272702405
"fish","8445019ffffffff",3647,185,4.17196577478396,0.0278672202152548,31.5232081402513
"fish","844501bffffffff",88,33,3.03264985325217,0.075154958677686,23.6141789500928
"fish","844501dffffffff",219,28,2.98614463787029,0.0640311920101749,19.7461640314849
"fish","8445021ffffffff",1,1,0,1,NA
"fish","8445023ffffffff",18,18,2.89037175789616,0.0555555555555556,NA
"fish","8445039ffffffff",1,1,0,1,NA
"fish","8445041ffffffff",3,3,1.09861228866811,0.333333333333333,NA
"fish","8445043ffffffff",131,71,3.89505832261901,0.0301264495076045,34.3497303081298
"fish","8445049ffffffff",1,1,0,1,NA
"fish","844504bffffffff",243,68,3.62085495403773,0.0402885738962556,27.6012635521764
"fish","8445051ffffffff",1747,175,3.99569370796354,0.0314668141542178,29.2742995467272
"fish","8445053ffffffff",82,32,3.12488958086744,0.0594883997620464,24.6654224796769
"fish","8445055ffffffff",18,16,2.70726970978481,0.0740740740740741,NA
"fish","8445057ffffffff",4,4,1.38629436111989,0.25,NA
"fish","8445059ffffffff",270,92,4.22000743808854,0.0188203017832647,36.3252737767711
"fish","844505bffffffff",44,29,3.22062257717415,0.0464876033057851,NA
"fish","844505dffffffff",1676,311,4.55975213446707,0.0232198495109962,33.7166948597914
"fish","8445063ffffffff",1,1,0,1,NA
"fish","8445069ffffffff",4,1,0,1,NA
"fish","8445083ffffffff",2,1,0,1,NA
"fish","8445085ffffffff",2,2,0.693147180559945,0.5,NA
"fish","844508bffffffff",4,4,1.38629436111989,0.25,NA
"fish","8445093ffffffff",152,48,3.46809238295863,0.0420706371191136,27.0764476993693
"fish","8445097ffffffff",11,8,1.89378823239114,0.190082644628099,NA
"fish","8445099ffffffff",1,1,0,1,NA
"fish","844509bffffffff",125,75,4.1633726397057,0.018368,39.6329643562441
"fish","84450a1ffffffff",8,7,1.90615474653985,0.15625,NA
"fish","84450a3ffffffff",29,28,3.31949257615475,0.0368608799048751,NA
"fish","84450a5ffffffff",359,174,4.90949611451497,0.00944281934497715,43.0132576150893
"fish","84450a7ffffffff",17,12,2.36392110328395,0.107266435986159,NA
"fish","84450a9ffffffff",193,101,4.35312139238301,0.017423286531182,39.2066578306716
"fish","84450abffffffff",27,23,3.0904599236162,0.0480109739368999,NA
"fish","84450adffffffff",829,244,4.72959588822702,0.0167233910665982,37.281278260671
"fish","84450b1ffffffff",470,464,6.13503531988129,0.00218198279764599,49.9333121626131
"fish","84450b3ffffffff",17,16,2.75166661693152,0.0657439446366782,NA
"fish","84450b5ffffffff",16,16,2.77258872223978,0.0625,NA
"fish","84450b7ffffffff",3,3,1.09861228866811,0.333333333333333,NA
"fish","84450b9ffffffff",19,15,2.65258753472015,0.074792243767313,NA
"fish","84450bbffffffff",1,1,0,1,NA
"fish","84450c1ffffffff",5,4,1.33217904021012,0.28,NA
"fish","84450c3ffffffff",3,2,0.636514168294813,0.555555555555556,NA
"fish","84450c5ffffffff",11,7,1.84622021932163,0.173553719008264,NA
"fish","84450c7ffffffff",3,3,1.09861228866811,0.333333333333333,NA
"fish","84450d3ffffffff",2,2,0.693147180559945,0.5,NA
"fish","84450d5ffffffff",10,4,1.31383403319275,0.28,NA
"fish","84450d7ffffffff",7,2,0.410116318288409,0.755102040816326,NA
"fish","84450e1ffffffff",250,76,3.86959062521927,0.028352,31.1137537303658
"fish","84450e3ffffffff",204,47,3.46308905360696,0.0394079200307574,26.0815612786601
"fish","84450e5ffffffff",1,1,0,1,NA
"fish","84450e7ffffffff",555,82,3.62425514108547,0.0470578686794903,26.8855287499575
"fish","84450ebffffffff",8,3,0.735621939758795,0.59375,NA
"fish","84450edffffffff",3,3,1.09861228866811,0.333333333333333,NA
"fish","8445101ffffffff",2,2,0.693147180559945,0.5,NA
"fish","8445109ffffffff",1,1,0,1,NA
"fish","844510dffffffff",42,37,3.56017628615565,0.0306122448979592,NA
"fish","8445113ffffffff",1,1,0,1,NA
"fish","8445115ffffffff",4,2,0.693147180559945,0.5,NA
"fish","8445117ffffffff",3,3,1.09861228866811,0.333333333333333,NA
"fish","844511bffffffff",7,4,1.27703425946614,0.306122448979592,NA
"fish","8445125ffffffff",1,1,0,1,NA
"fish","8445129ffffffff",3,3,1.09861228866811,0.333333333333333,NA
"fish","8445131ffffffff",1,1,0,1,NA
"fish","8445133ffffffff",2,2,0.693147180559945,0.5,NA
"fish","8445135ffffffff",1,1,0,1,NA
"fish","8445139ffffffff",1,1,0,1,NA
"fish","844513bffffffff",1,1,0,1,NA
"fish","8445145ffffffff",1,1,0,1,NA
"fish","8445147ffffffff",1,1,0,1,NA
"fish","8445149ffffffff",1,1,0,1,NA
"fish","844515bffffffff",1,1,0,1,NA
"fish","8445161ffffffff",44,30,3.31931196702718,0.0392561983471074,NA
"fish","8445167ffffffff",1,1,0,1,NA
"fish","844516bffffffff",3,3,1.09861228866811,0.333333333333333,NA
"fish","844516dffffffff",1,1,0,1,NA
"fish","8445181ffffffff",8,2,0.661563238157982,0.53125,NA
"fish","8445183ffffffff",27,15,2.35805173117079,0.146776406035665,NA
"fish","8445185ffffffff",9,3,0.683738905848754,0.62962962962963,NA
"fish","8445187ffffffff",16,7,1.45000649991816,0.3515625,NA
"fish","844518bffffffff",16,5,1.27671970477818,0.3671875,NA
"fish","844518dffffffff",2,2,0.693147180559945,0.5,NA
"fish","8445191ffffffff",78,50,3.6090077151148,0.0437212360289283,35.1396207023158
"fish","8445193ffffffff",38,17,2.30760801179839,0.171745152354571,NA
"fish","8445195ffffffff",273,32,1.94567374174507,0.27963611480095,11.8239894539597
"fish","8445197ffffffff",176,19,1.67719648547939,0.325800619834711,9.97093737914299
"fish","8445199ffffffff",43,34,3.41446895525803,0.0383991346673878,NA
"fish","844519bffffffff",289,161,4.84715906520886,0.0102369463967146,43.0682168149465
"fish","844519dffffffff",75,10,1.53123209557975,0.311288888888889,8.4904316975383
"fish","84451a1ffffffff",7,7,1.94591014905531,0.142857142857143,NA
"fish","84451a3ffffffff",14,13,2.54003630382098,0.0816326530612245,NA
"fish","84451a7ffffffff",3,2,0.636514168294813,0.555555555555556,NA
"fish","84451adffffffff",27,19,2.88508298122807,0.0589849108367627,NA
"fish","84451b1ffffffff",319,11,1.05666573558911,0.525024321694952,5.72145124137587
"fish","84451b3ffffffff",516,26,1.40687329687702,0.455614145784508,8.62856126258243
"fish","84451b5ffffffff",9,4,1.36892236074022,0.259259259259259,NA
"fish","84451b7ffffffff",126,17,1.60064568224239,0.333081380700428,9.90693948203956
"fish","84451b9ffffffff",361,85,2.94484925015276,0.177231605036794,21.7389674640591
"fish","84451bbffffffff",1051,48,1.6774422974547,0.380089281106934,9.98255372974941
"fish","84451bdffffffff",242,11,1.29576877113372,0.414418414042757,6.72013627621884
"fish","84451c3ffffffff",16,16,2.77258872223978,0.0625,NA
"fish","84451c7ffffffff",1,1,0,1,NA
"fish","84451c9ffffffff",1,1,0,1,NA
"fish","84451d3ffffffff",85,25,2.41772162229966,0.151003460207612,17.5747178714053
"fish","84451d7ffffffff",13,9,2.09814738913507,0.136094674556213,NA
"fish","84451dbffffffff",23,20,2.95467321230482,0.054820415879017,NA
"fish","84451e3ffffffff",5,4,1.33217904021012,0.28,NA
"fish","84451e7ffffffff",18,17,2.81335540450061,0.0617283950617284,NA
"fish","8445201ffffffff",2,2,0.693147180559945,0.5,NA
"fish","8445203ffffffff",79,35,3.1596853221635,0.0639320621695241,26.3850905225911
"fish","8445205ffffffff",70,17,2.38932795984944,0.124897959183673,15.0384958953705
"fish","8445207ffffffff",140,74,4.07253955348225,0.021530612244898,37.0749429212931
"fish","8445209ffffffff",3,3,1.09861228866811,0.333333333333333,NA
"fish","844520bffffffff",7,4,1.27703425946614,0.306122448979592,NA
"fish","844520dffffffff",37,12,2.27780368672764,0.123447772096421,NA
"fish","8445211ffffffff",5,5,1.6094379124341,0.2,NA
"fish","8445213ffffffff",14,5,1.27001815191049,0.346938775510204,NA
"fish","8445215ffffffff",41,32,3.36268934097349,0.0398572278405711,NA
"fish","8445217ffffffff",10,7,1.83437197028162,0.18,NA
"fish","8445219ffffffff",17,11,2.23160695160893,0.1280276816609,NA
"fish","844521bffffffff",1,1,0,1,NA
"fish","844521dffffffff",65,21,2.55490317504193,0.119526627218935,18.5973335853925
"fish","8445221ffffffff",32,15,2.49812335308835,0.1015625,NA
"fish","8445223ffffffff",13,13,2.56494935746154,0.0769230769230769,NA
"fish","8445225ffffffff",23,13,2.42698403071837,0.100189035916824,NA
"fish","8445227ffffffff",87,60,3.70254164282591,0.0548289073853877,37.2381087066342
"fish","8445229ffffffff",10,8,1.97300140639361,0.16,NA
"fish","844522bffffffff",62,33,3.27043587969114,0.0489073881373569,29.0539874740623
"fish","8445231ffffffff",327,82,3.97472600787784,0.0253158637974731,32.2604423908617
"fish","8445233ffffffff",89,43,3.44046981497325,0.0445650801666456,29.767384530043
"fish","8445235ffffffff",18,17,2.81335540450062,0.0617283950617284,NA
"fish","8445237ffffffff",8332,437,4.98965873478944,0.0130371507544904,38.8468066822845
"fish","8445239ffffffff",1783,134,3.90266328344643,0.0333677352222602,28.9998264465789
"fish","844523bffffffff",11,7,1.89378823239114,0.15702479338843,NA
"fish","844523dffffffff",9,9,2.19722457733622,0.111111111111111,NA
"fish","8445245ffffffff",3,2,0.636514168294813,0.555555555555556,NA
"fish","8445247ffffffff",2,2,0.693147180559945,0.5,NA
"fish","8445249ffffffff",2,2,0.693147180559945,0.5,NA
"fish","844524bffffffff",1,1,0,1,NA
"fish","8445251ffffffff",9,4,1.00271826451752,0.481481481481481,NA
"fish","8445253ffffffff",7,4,1.35178399428965,0.26530612244898,NA
"fish","8445255ffffffff",18,7,1.72493478639771,0.209876543209877,NA
"fish","8445257ffffffff",53,22,2.61385341444469,0.111427554289783,21.1988388969521
"fish","844525bffffffff",13,6,1.67159527802125,0.207100591715976,NA
"fish","844525dffffffff",1,1,0,1,NA
"fish","8445261ffffffff",16,3,0.974314752869349,0.40625,NA
"fish","8445263ffffffff",60,25,2.9366385956304,0.07,22.9780839245317
"fish","8445267ffffffff",2,1,0,1,NA
"fish","8445269ffffffff",14,3,1.07899220787758,0.346938775510204,NA
"fish","844526bffffffff",25,7,1.66237319898198,0.2256,NA
"fish","844526dffffffff",8,5,1.49417513828931,0.25,NA
"fish","8445287ffffffff",16,5,1.12748323499323,0.4375,NA
"fish","8445293ffffffff",14,14,2.63905732961526,0.0714285714285714,NA
"fish","8445295ffffffff",9,6,1.67698777432242,0.209876543209877,NA
"fish","8445297ffffffff",5,5,1.6094379124341,0.2,NA
"fish","844529bffffffff",4,4,1.38629436111989,0.25,NA
"fish","84452a1ffffffff",3,3,1.09861228866811,0.333333333333333,NA
"fish","84452a3ffffffff",5,5,1.6094379124341,0.2,NA
"fish","84452a5ffffffff",1,1,0,1,NA
"fish","84452a7ffffffff",19,9,2.08676875496392,0.135734072022161,NA
"fish","84452a9ffffffff",5,2,0.500402423538188,0.68,NA
"fish","84452adffffffff",184,13,2.25808899038531,0.115607277882798,10.4695222324494
"fish","84452b5ffffffff",12,3,1.09861228866811,0.333333333333333,NA
"fish","84452bdffffffff",34,5,1.28057458399202,0.307958477508651,NA
"fish","84452c1ffffffff",10,8,2.02532622077007,0.14,NA
"fish","84452c3ffffffff",50,10,2.05707156273967,0.1448,10
"fish","84452c5ffffffff",2,2,0.693147180559945,0.5,NA
"fish","84452c7ffffffff",116,8,1.9684391800359,0.146254458977408,7.67278352102938
"fish","84452c9ffffffff",90,16,2.47591790405918,0.0992592592592593,13.888785884526
"fish","84452cbffffffff",34,10,2.14802429892418,0.133217993079585,NA
"fish","84452d1ffffffff",28,8,1.92682632351358,0.160714285714286,NA
"fish","84452d5ffffffff",14,8,1.90853528164356,0.173469387755102,NA
"fish","84452d7ffffffff",2,2,0.693147180559945,0.5,NA
"fish","84452d9ffffffff",1,1,0,1,NA
"fish","84452ddffffffff",5,4,1.33217904021012,0.28,NA
"fish","84452e1ffffffff",12,8,1.93560050545395,0.166666666666667,NA
"fish","84452e5ffffffff",13,11,2.31142344469197,0.112426035502959,NA
"fish","84452e7ffffffff",1,1,0,1,NA
"fish","84452ebffffffff",22,6,1.78320683927073,0.169421487603306,NA
"fish","84452edffffffff",7,6,1.74786809746676,0.183673469387755,NA
"fish","8445303ffffffff",71,44,3.69864905353343,0.026780400714144,35.9399877526026
"fish","8445307ffffffff",1,1,0,1,NA
"fish","844530bffffffff",16,16,2.77258872223978,0.0625,NA
"fish","844530dffffffff",4,2,0.562335144618808,0.625,NA
"fish","8445311ffffffff",14,3,0.509137344082687,0.744897959183673,NA
"fish","8445313ffffffff",384,180,4.92892607650838,0.00987413194444445,42.7906936728048
"fish","8445315ffffffff",52,38,3.55788569275051,0.0310650887573965,36.9924585218703
"fish","8445317ffffffff",29,7,1.45516567671766,0.343638525564804,NA
"fish","8445319ffffffff",65,43,3.59076741099305,0.0338461538461538,35.4692118706694
"fish","844531bffffffff",544,99,1.87099903257633,0.507366457612456,14.5757930884969
"fish","844531dffffffff",42,31,3.3621342345671,0.0374149659863946,NA
"fish","8445321ffffffff",107,51,3.57400975883513,0.0416630273386322,31.0169545428735
"fish","8445323ffffffff",4,3,1.03972077083992,0.375,NA
"fish","8445327ffffffff",8,6,1.66746193342929,0.21875,NA
"fish","8445329ffffffff",6,4,1.32966134885476,0.277777777777778,NA
"fish","844532bffffffff",71,29,2.96250159299233,0.0787542154334458,23.9509382255212
"fish","844532dffffffff",25,13,2.29784178767058,0.1264,NA
"fish","8445331ffffffff",9,9,2.19722457733622,0.111111111111111,NA
"fish","8445339ffffffff",5,5,1.6094379124341,0.2,NA
"fish","844533bffffffff",368,156,4.75814725790477,0.0113273865784499,41.3656057639762
"fish","844533dffffffff",36,35,3.54501076175833,0.029320987654321,NA
"fish","8445341ffffffff",9,3,0.936888307539016,0.432098765432099,NA
"fish","8445343ffffffff",15,2,0.579915171418101,0.608888888888889,NA
"fish","8445345ffffffff",3,3,1.09861228866811,0.333333333333333,NA
"fish","8445347ffffffff",6,4,1.242453324894,0.333333333333333,NA
"fish","844534bffffffff",4,3,1.03972077083992,0.375,NA
"fish","8445353ffffffff",6,5,1.56071040904141,0.222222222222222,NA
"fish","8445355ffffffff",1,1,0,1,NA
"fish","8445357ffffffff",1,1,0,1,NA
"fish","844535bffffffff",3,2,0.636514168294813,0.555555555555556,NA
"fish","844535dffffffff",1,1,0,1,NA
"fish","8445367ffffffff",14,6,1.57409733684897,0.255102040816327,NA
"fish","8445369ffffffff",3,2,0.636514168294813,0.555555555555556,NA
"fish","844536bffffffff",8,4,1.07354284640852,0.4375,NA
"fish","8445401ffffffff",95,9,1.59619285223533,0.256288088642659,7.31009737428029
"fish","8445403ffffffff",36,9,1.77145634281443,0.234567901234568,NA
"fish","8445405ffffffff",26,6,1.30240185770852,0.378698224852071,NA
"fish","8445407ffffffff",22,10,1.91634032680058,0.214876033057851,NA
"fish","8445409ffffffff",57,10,1.9493133255327,0.18497999384426,9.93301435028463
"fish","844540bffffffff",29,10,1.90250344661721,0.198573127229489,NA
"fish","844540dffffffff",32,12,1.96431688385161,0.19921875,NA
"fish","8445411ffffffff",114,8,1.50364436099456,0.285010772545399,6.77965052101893
"fish","8445413ffffffff",152,39,2.64435301183725,0.134089335180055,18.2527566505027
"fish","8445415ffffffff",66,10,1.87453480422734,0.197887970615243,9.43211630465257
"fish","8445417ffffffff",108,26,2.23766087142895,0.185356652949246,15.3546498532379
"fish","8445419ffffffff",136,9,1.43663905494218,0.305903979238754,6.58966119631885
"fish","844541bffffffff",30,8,1.41760893909114,0.364444444444444,NA
"fish","844541dffffffff",55,7,1.34081774586485,0.325619834710744,6.72053872053873
"fish","8445421ffffffff",14,10,2.06425807517451,0.173469387755102,NA
"fish","8445423ffffffff",9,2,0.686961576597323,0.506172839506173,NA
"fish","8445425ffffffff",10,6,1.74806734854609,0.18,NA
"fish","8445427ffffffff",7,5,1.4750763110547,0.26530612244898,NA
"fish","8445429ffffffff",38,12,2.0455887468759,0.188365650969529,NA
"fish","844542bffffffff",21,6,1.41994120825201,0.306122448979592,NA
"fish","844542dffffffff",87,64,3.99800145714989,0.022856387898005,40.3400867018243
"fish","8445431ffffffff",196,14,1.5805503758769,0.283319450229071,7.95732062829508
"fish","8445433ffffffff",100,24,2.2463537366518,0.1918,15.4755944794725
"fish","8445435ffffffff",67,9,1.67215671428853,0.251503675651593,8.41296207136365
"fish","8445437ffffffff",132,9,1.14912752716799,0.483585858585859,6.60357338231347
"fish","8445439ffffffff",61,12,1.7830854451551,0.270626175759204,11.0618243252813
"fish","844543bffffffff",72,28,2.5941372035813,0.130015432098765,20.9392844871096
"fish","844543dffffffff",18,7,1.64246146045888,0.240740740740741,NA
"fish","8445441ffffffff",31,22,2.89143938501378,0.0738813735691987,NA
"fish","8445443ffffffff",143,71,3.96243676722081,0.0265538657147049,35.193546439191
"fish","8445445ffffffff",61,8,1.8900496451398,0.159903251814028,7.63934424948695
"fish","8445447ffffffff",46,9,1.83533421351973,0.187145557655955,NA
"fish","8445449ffffffff",19,6,1.66687569743084,0.207756232686981,NA
"fish","844544bffffffff",33,16,2.3872906926063,0.146005509641873,NA
"fish","844544dffffffff",52,11,1.75436704947073,0.261834319526627,10.7692307692308
"fish","8445451ffffffff",119,11,1.24412664944946,0.384083044982699,6.59637423960832
"fish","8445453ffffffff",35,7,1.28763946127423,0.36,NA
"fish","8445455ffffffff",121,15,1.66016631462607,0.283245679939895,9.40058709189087
"fish","8445457ffffffff",150,13,1.51048706909363,0.3136,8.20427256768918
"fish","8445459ffffffff",53,7,1.26992570213646,0.35564257742969,6.82801161103048
"fish","844545bffffffff",34,9,1.76449487533639,0.235294117647059,NA
"fish","844545dffffffff",125,12,1.59978488529129,0.283072,8.50219061650282
"fish","8445461ffffffff",35,33,3.47613124085399,0.0318367346938776,NA
"fish","8445463ffffffff",20,8,1.76014597693668,0.215,NA
"fish","8445465ffffffff",145,104,4.50224638439538,0.0134601664684899,43.4222391188766
"fish","8445467ffffffff",27,11,2.14498351444466,0.138545953360768,NA
"fish","8445469ffffffff",32,27,3.24912740887474,0.041015625,NA
"fish","844546bffffffff",19,14,2.57962467360857,0.0803324099722992,NA
"fish","844546dffffffff",51,20,2.39223865183568,0.141099577085736,19.6862745098039
"fish","8445481ffffffff",41,11,1.74549509542272,0.279000594883998,NA
"fish","8445483ffffffff",356,15,1.5074547081906,0.331618482514834,7.17470398364757
"fish","8445485ffffffff",109,13,1.66624686627025,0.28793872569649,9.45255590153285
"fish","8445487ffffffff",209,44,2.47130790383984,0.168746136764268,16.1235456850542
"fish","8445489ffffffff",41,9,1.79478493386691,0.215942891136228,NA
"fish","844548bffffffff",37,12,2.02769316337096,0.18772826880935,NA
"fish","844548dffffffff",58,11,1.99634042311827,0.173602853745541,10.6562166535719
"fish","8445491ffffffff",538,15,1.8612616969322,0.199907408687,8.10136672896421
"fish","8445493ffffffff",763,55,2.17449270470789,0.194457279587199,11.2288525221959
"fish","8445495ffffffff",653,28,2.11175844948363,0.192695276131601,11.1882435981118
"fish","8445497ffffffff",456,27,2.06155075371439,0.192232225300092,10.4956274296032
"fish","8445499ffffffff",367,28,2.13439479956043,0.182100988202452,11.3766919199532
"fish","844549bffffffff",864,141,3.35987209289303,0.0884505744170096,22.4022924860711
"fish","844549dffffffff",221,25,1.85566427636406,0.295960361171966,11.4372268373049
"fish","84454a1ffffffff",405,17,1.82817147354958,0.232799878067368,8.88521062634979
"fish","84454a3ffffffff",1240,23,1.9052052715807,0.224639698231009,9.4715667342307
"fish","84454a5ffffffff",694,20,1.80194469477498,0.231677034108746,8.51111373096049
"fish","84454a7ffffffff",1434,24,1.91980386273827,0.205225165292391,9.07440429021311
"fish","84454a9ffffffff",156,13,1.76941579558011,0.251972386587771,9.6189468588616
"fish","84454abffffffff",369,18,1.8324340738774,0.239488546646984,9.18490335877257
"fish","84454adffffffff",258,15,1.69596485734727,0.27071690403221,8.60483093088707
"fish","84454b1ffffffff",1732,208,2.72156151644744,0.15012480732203,15.1507751673864
"fish","84454b3ffffffff",909,80,2.47629749322926,0.144753419236313,13.1760057428397
"fish","84454b5ffffffff",1902,21,1.84920702834106,0.211128691808169,8.23374974016009
"fish","84454b7ffffffff",1868,48,2.09080557177774,0.186884139044152,10.3386433605119
"fish","84454b9ffffffff",710,40,2.06938906989296,0.196401507637373,10.444385592846
"fish","84454bbffffffff",1370,22,1.8952912606278,0.211936704139805,9.04413459846129
"fish","84454bdffffffff",1108,18,1.85349334500045,0.235307054699006,9.27788018865276
"fish","84454c1ffffffff",5,4,1.33217904021012,0.28,NA
"fish","84454c3ffffffff",5,3,1.05492016798614,0.36,NA
"fish","84454c5ffffffff",19,6,1.58874307285721,0.235457063711911,NA
"fish","84454c7ffffffff",8,5,1.38629436111989,0.3125,NA
"fish","84454c9ffffffff",16,3,0.881532261188164,0.4453125,NA
"fish","84454cbffffffff",11,9,2.14584175259475,0.12396694214876,NA
"fish","84454cdffffffff",37,8,1.75202997597225,0.212563915266618,NA
"fish","84454d1ffffffff",43,42,3.72896071194659,0.0243374797187669,NA
"fish","84454d3ffffffff",57,41,3.61123547087723,0.0304709141274238,37.317694488747
"fish","84454d5ffffffff",10,5,1.50478828368119,0.24,NA
"fish","84454d7ffffffff",8,6,1.73286795139986,0.1875,NA
"fish","84454d9ffffffff",31,24,3.12095299390969,0.0468262226847034,NA
"fish","84454dbffffffff",23,17,2.77385220868048,0.0661625708884688,NA
"fish","84454ddffffffff",12,5,1.51710639706103,0.236111111111111,NA
"fish","84454e1ffffffff",103,12,1.80897159960319,0.219342068055425,9.22136577222617
"fish","84454e3ffffffff",227,15,1.73025834540961,0.242950571522832,8.36615573554743
"fish","84454e5ffffffff",49,10,1.83901548717284,0.2161599333611,NA
"fish","84454e7ffffffff",104,8,1.73258487109662,0.216715976331361,7.56085558582595
"fish","84454e9ffffffff",56,11,1.83111291667379,0.21875,10.4628395713301
"fish","84454ebffffffff",25,6,1.53439266577375,0.248,NA
"fish","84454edffffffff",58,30,3.03806436362709,0.070154577883472,27.0320622236099
"fish","8445501ffffffff",27,15,2.67970603883993,0.0699588477366255,NA
"fish","8445503ffffffff",1,1,0,1,NA
"fish","8445505ffffffff",1,1,0,1,NA
"fish","8445507ffffffff",1,1,0,1,NA
"fish","8445509ffffffff",18,15,2.63025335638926,0.0802469135802469,NA
"fish","844550bffffffff",2,2,0.693147180559945,0.5,NA
"fish","844550dffffffff",83,62,4.00233178257224,0.0216286834083321,41.0682288689578
"fish","8445511ffffffff",29,25,3.17608281465959,0.0439952437574316,NA
"fish","8445513ffffffff",87,10,1.22222081792426,0.482098031444048,8.13068318320933
"fish","8445515ffffffff",33,18,2.36004620600104,0.179063360881543,NA
"fish","8445517ffffffff",20,7,1.68657003066095,0.22,NA
"fish","8445519ffffffff",24,8,1.7441419765894,0.222222222222222,NA
"fish","844551bffffffff",46,7,1.30403026685622,0.389413988657845,NA
"fish","844551dffffffff",17,8,1.83978958684125,0.190311418685121,NA
"fish","8445523ffffffff",382,372,5.90913018030501,0.00275485869356651,49.8316637121239
"fish","8445527ffffffff",5,5,1.6094379124341,0.2,NA
"fish","8445529ffffffff",1,1,0,1,NA
"fish","844552bffffffff",444,424,6.02984341005905,0.00248559370180992,49.7175695504117
"fish","844552dffffffff",14,14,2.63905732961526,0.0714285714285714,NA
"fish","8445531ffffffff",2,1,0,1,NA
"fish","8445533ffffffff",63,32,2.97852207737043,0.0970017636684303,27.2121006475172
"fish","8445535ffffffff",5,5,1.6094379124341,0.2,NA
"fish","8445537ffffffff",16,7,1.721402322014,0.21875,NA
"fish","8445539ffffffff",5,4,1.33217904021012,0.28,NA
"fish","844553bffffffff",44,6,1.5229693634667,0.261363636363636,NA
"fish","844553dffffffff",160,150,4.96308193923268,0.007734375,48.509338307078
"fish","8445541ffffffff",7,7,1.94591014905531,0.142857142857143,NA
"fish","8445543ffffffff",12,10,2.25385758960135,0.111111111111111,NA
"fish","8445545ffffffff",4,4,1.38629436111989,0.25,NA
"fish","8445547ffffffff",38,28,3.25900216617472,0.0415512465373961,NA
"fish","8445549ffffffff",51,50,3.90464339034943,0.0203767781622453,49.0392156862745
"fish","844554dffffffff",15,13,2.52321095295289,0.0844444444444444,NA
"fish","8445551ffffffff",85,42,3.52853726475371,0.0361245674740484,31.1236804221075
"fish","8445553ffffffff",41,14,1.98370461559628,0.214753123140988,NA
"fish","8445555ffffffff",40,33,3.43319673732384,0.035,NA
"fish","8445557ffffffff",21,21,3.04452243772342,0.0476190476190476,NA
"fish","8445559ffffffff",13,13,2.56494935746154,0.0769230769230769,NA
"fish","844555bffffffff",19,16,2.72555039583172,0.0692520775623269,NA
"fish","844555dffffffff",10,7,1.88669678465808,0.16,NA
"fish","8445561ffffffff",51,34,3.40150619987695,0.0380622837370242,33.5490196078431
"fish","8445565ffffffff",584,576,6.35091064911424,0.00175924188403077,49.9424328580755
"fish","8445567ffffffff",39,29,3.28126831539303,0.0414201183431953,NA
"fish","8445569ffffffff",1,1,0,1,NA
"fish","844556bffffffff",2,2,0.693147180559945,0.5,NA
"fish","8445581ffffffff",670,24,1.81343546813284,0.230710625974605,8.79375921061637
"fish","8445583ffffffff",1933,82,2.09230501570846,0.211176053241425,10.7692040911082
"fish","8445585ffffffff",440,27,1.93043442691234,0.219121900826446,9.96336262660147
"fish","8445587ffffffff",2605,32,1.95419326390228,0.207361894481674,9.64804719518581
"fish","8445589ffffffff",120,10,1.76903449097662,0.210972222222222,8.01246237472414
"fish","844558bffffffff",904,34,1.75038977094683,0.278709667945806,9.2589248350125
"fish","844558dffffffff",242,59,2.78157517473618,0.134212143979236,18.9004070813233
"fish","8445591ffffffff",2547,29,1.84648733924222,0.227602810391957,8.85561508532807
"fish","8445593ffffffff",2843,22,2.0095043204487,0.179688738184721,9.52667336934809
"fish","8445595ffffffff",2906,26,1.85597336605695,0.219820728312545,8.81779875283427
"fish","8445597ffffffff",3754,67,2.06056997605101,0.189916406694163,10.0469438641843
"fish","8445599ffffffff",817,17,1.8258269026392,0.21538482282105,8.39407389069674
"fish","844559bffffffff",1911,24,1.89669089710081,0.223585066599195,9.45227201777202
"fish","844559dffffffff",1873,19,1.79838582527725,0.226715437203136,8.41980354339454
"fish","84455a1ffffffff",889,19,1.88169962564235,0.209194744920102,8.72763985725175
"fish","84455a3ffffffff",2230,19,1.90856088422681,0.196223129361137,8.81698645549203
"fish","84455a5ffffffff",1124,22,1.8679353157167,0.221045832752878,8.84293230989271
"fish","84455a7ffffffff",1939,21,1.94687339288438,0.187633337686493,8.90100255273019
"fish","84455a9ffffffff",393,38,2.13524233209608,0.186294504982227,11.1958410597835
"fish","84455abffffffff",1416,37,1.91177344558225,0.214616449615372,9.08481686599629
"fish","84455adffffffff",216,13,1.86583280901824,0.21656378600823,9.06096455191229
"fish","84455b1ffffffff",3312,23,1.89941281981426,0.201947354372331,8.78483252400472
"fish","84455b3ffffffff",4622,296,2.86203928334201,0.135878563961682,16.0678404797734
"fish","84455b5ffffffff",2606,78,2.1606199909228,0.186743620748859,10.9112319792668
"fish","84455b7ffffffff",3165,120,2.47613018293179,0.160546758208985,13.4492004144114
"fish","84455b9ffffffff",3348,30,1.90308261609018,0.208388110236108,9.05714734512418
"fish","84455bbffffffff",3985,27,1.95130329426175,0.200370019946191,9.34203820993915
"fish","84455bdffffffff",2438,26,1.91139331251852,0.204618088900045,9.072869503085
"fish","84455c1ffffffff",12,3,0.823959216501082,0.513888888888889,NA
"fish","84455c3ffffffff",41,15,2.15686688313591,0.177870315288519,NA
"fish","84455c5ffffffff",21,3,0.773219607724283,0.528344671201814,NA
"fish","84455c7ffffffff",68,10,1.72489220152708,0.247837370242215,8.93283950509847
"fish","84455c9ffffffff",169,16,1.73045326410363,0.261160323518084,9.43156947523819
"fish","84455cbffffffff",105,30,2.66074398939234,0.125442176870748,19.5211475136276
"fish","84455d1ffffffff",248,16,1.6627506298122,0.265251040582726,8.17977754161006
"fish","84455d3ffffffff",299,18,1.73885954018513,0.251194058232011,8.46117058193849
"fish","84455d5ffffffff",365,16,1.70598587587044,0.236554700694314,7.80717441099594
"fish","84455d7ffffffff",421,26,1.91972750996864,0.220180432292754,9.84370195796514
"fish","84455d9ffffffff",93,15,1.66025914930586,0.332870852121632,10.5814861207066
"fish","84455dbffffffff",237,14,1.69953335517668,0.277964713632075,8.89501322120147
"fish","84455ddffffffff",167,13,1.14345602969918,0.525762845566352,7.37766804364718
"fish","84455e1ffffffff",106,12,1.96027253083362,0.194197223211107,9.76263111573308
"fish","84455e3ffffffff",229,23,1.98797397414523,0.239450048626075,11.2753027464697
"fish","84455e5ffffffff",216,19,1.89264302751224,0.224837105624143,9.82105992265658
"fish","84455e7ffffffff",183,13,1.92118116938855,0.196392845411926,9.03143071733614
"fish","84455e9ffffffff",15,7,1.76700919107457,0.2,NA
"fish","84455ebffffffff",215,28,1.99976087022726,0.255164954029205,12.4083501491817
"fish","84455edffffffff",46,13,1.79809856303698,0.252362948960302,NA
"fish","8445601ffffffff",7,5,1.5498260458782,0.224489795918367,NA
"fish","8445605ffffffff",2,2,0.693147180559945,0.5,NA
"fish","8445607ffffffff",9,9,2.19722457733622,0.111111111111111,NA
"fish","8445609ffffffff",2,2,0.693147180559945,0.5,NA
"fish","844560bffffffff",8,6,1.73286795139986,0.1875,NA
"fish","844560dffffffff",6,6,1.79175946922805,0.166666666666667,NA
"fish","8445611ffffffff",6,6,1.79175946922805,0.166666666666667,NA
"fish","8445613ffffffff",7,5,1.4750763110547,0.26530612244898,NA
"fish","8445615ffffffff",7,5,1.5498260458782,0.224489795918367,NA
"fish","8445617ffffffff",9,5,1.46481638489081,0.259259259259259,NA
"fish","8445619ffffffff",34,24,3.06246387414312,0.0536332179930796,NA
"fish","844561bffffffff",62,52,3.89509903415858,0.0218522372528616,43.3923849814914
"fish","844561dffffffff",3,2,0.636514168294813,0.555555555555556,NA
"fish","8445621ffffffff",32,19,2.81591042102478,0.068359375,NA
"fish","8445623ffffffff",8,4,1.25548232517875,0.3125,NA
"fish","8445625ffffffff",36,24,3.05384330006479,0.0540123456790123,NA
"fish","8445627ffffffff",39,16,2.30959976676832,0.150558842866535,NA
"fish","844562bffffffff",24,11,2.2433296088007,0.121527777777778,NA
"fish","844562dffffffff",38,24,2.89389578242201,0.0775623268698061,NA
"fish","8445631ffffffff",5,3,0.950270539233235,0.44,NA
"fish","8445633ffffffff",3,3,1.09861228866811,0.333333333333333,NA
"fish","8445635ffffffff",2,2,0.693147180559945,0.5,NA
"fish","8445637ffffffff",10,5,1.47080847632211,0.26,NA
"fish","8445639ffffffff",2,2,0.693147180559945,0.5,NA
"fish","844563bffffffff",2,2,0.693147180559945,0.5,NA
"fish","844563dffffffff",25,12,2.30061064643226,0.1168,NA
"fish","8445641ffffffff",18,18,2.89037175789616,0.0555555555555556,NA
"fish","8445643ffffffff",10,5,1.50478828368119,0.24,NA
"fish","8445645ffffffff",28,22,2.98563091989523,0.0586734693877551,NA
"fish","8445647ffffffff",17,17,2.83321334405622,0.0588235294117647,NA
"fish","8445649ffffffff",530,135,4.20565711747842,0.0255678177287291,33.1683949369218
"fish","844564bffffffff",38,35,3.52814186805903,0.0304709141274238,NA
"fish","844564dffffffff",149,91,4.351253974299,0.0152695824512409,41.1439530440309
"fish","8445651ffffffff",9,8,2.04319187054512,0.135802469135802,NA
"fish","8445653ffffffff",29,24,3.12827956082787,0.0463733650416171,NA
"fish","8445655ffffffff",14,13,2.54003630382098,0.0816326530612245,NA
"fish","8445657ffffffff",8,7,1.90615474653985,0.15625,NA
"fish","8445659ffffffff",57,28,2.96265450628801,0.074792243767313,25.6128288808935
"fish","844565bffffffff",22,20,2.96501569325651,0.0537190082644628,NA
"fish","844565dffffffff",33,24,3.07641836112712,0.0523415977961433,NA
"fish","8445661ffffffff",17,17,2.83321334405622,0.0588235294117647,NA
"fish","8445663ffffffff",9,5,1.52295506753132,0.234567901234568,NA
"fish","8445665ffffffff",25,23,3.10797227597861,0.0464,NA
"fish","8445667ffffffff",21,18,2.84648038613487,0.0612244897959184,NA
"fish","8445669ffffffff",6,4,1.32966134885476,0.277777777777778,NA
"fish","844566bffffffff",28,25,3.16498553777791,0.0459183673469388,NA
"fish","844566dffffffff",413,381,5.91223412083723,0.00283169860877416,49.5010954310278
"fish","8445681ffffffff",156,155,5.04096950493466,0.00649243918474687,49.8986765922291
"fish","8445683ffffffff",4,4,1.38629436111989,0.25,NA
"fish","8445685ffffffff",5,5,1.6094379124341,0.2,NA
"fish","8445687ffffffff",4,4,1.38629436111989,0.25,NA
"fish","8445689ffffffff",11,8,2.01981499249295,0.140495867768595,NA
"fish","844568dffffffff",2,2,0.693147180559945,0.5,NA
"fish","8445691ffffffff",120,89,4.37516113951246,0.0145833333333333,43.448337936386
"fish","8445693ffffffff",116,75,4.17168071621922,0.0181331747919144,40.3668362604921
"fish","8445695ffffffff",3,3,1.09861228866811,0.333333333333333,NA
"fish","8445697ffffffff",80,65,4.10247463657273,0.018125,43.7378286270705
"fish","8445699ffffffff",127,67,4.004836576189,0.02250604501209,36.8317612730086
"fish","844569bffffffff",130,87,4.32502091700663,0.0156213017751479,41.8458940396291
"fish","844569dffffffff",5,5,1.6094379124341,0.2,NA
"fish","84456a1ffffffff",91,72,4.21566345151638,0.0158193454896752,44.1784308076466
"fish","84456a3ffffffff",5,4,1.33217904021012,0.28,NA
"fish","84456a5ffffffff",4,3,1.03972077083992,0.375,NA
"fish","84456a7ffffffff",18,8,1.68656283536518,0.246913580246914,NA
"fish","84456a9ffffffff",4,4,1.38629436111989,0.25,NA
"fish","84456abffffffff",6,5,1.56071040904141,0.222222222222222,NA
"fish","84456adffffffff",15,6,1.45486710926629,0.288888888888889,NA
"fish","84456b1ffffffff",24,24,3.17805383034795,0.0416666666666667,NA
"fish","84456b5ffffffff",3,3,1.09861228866811,0.333333333333333,NA
"fish","84456b7ffffffff",10,5,1.50478828368119,0.24,NA
"fish","84456b9ffffffff",2,2,0.693147180559945,0.5,NA
"fish","84456bbffffffff",52,44,3.72790519872136,0.025887573964497,42.5723981900452
"fish","84456c1ffffffff",1,1,0,1,NA
"fish","84456c3ffffffff",13,10,2.20478541691352,0.124260355029586,NA
"fish","84456c5ffffffff",2,2,0.693147180559945,0.5,NA
"fish","84456c7ffffffff",31,25,3.14879319446954,0.0468262226847034,NA
"fish","84456c9ffffffff",3,3,1.09861228866811,0.333333333333333,NA
"fish","84456cbffffffff",59,39,3.5543954763636,0.0318873886814134,35.0026146605555
"fish","84456d1ffffffff",869,554,6.22283116582453,0.00220482784465829,48.7297052874731
"fish","84456d3ffffffff",65,49,3.79571803256383,0.0253254437869823,39.9843620760959
"fish","84456d5ffffffff",60,41,3.56438383269906,0.0338888888888889,35.8364606724293
"fish","84456d7ffffffff",56,41,3.57196918877894,0.0338010204081633,37.4321773614226
"fish","84456d9ffffffff",233,110,4.47172665761159,0.0148280498811914,40.1187572689083
"fish","84456dbffffffff",1182,637,6.36176110591683,0.0019482880546036,48.681895941188
"fish","84456ddffffffff",30,27,3.26256794555017,0.04,NA
"fish","84456e3ffffffff",31,29,3.34454885860644,0.036420395421436,NA
"fish","84456e5ffffffff",21,7,1.45421804537041,0.306122448979592,NA
"fish","84456e7ffffffff",8,4,1.2130075659799,0.34375,NA
"fish","84456e9ffffffff",5,4,1.33217904021012,0.28,NA
"fish","8445701ffffffff",22,22,3.09104245335832,0.0454545454545455,NA
"fish","8445703ffffffff",20,15,2.64915868327402,0.075,NA
"fish","8445707ffffffff",2,2,0.693147180559945,0.5,NA
"fish","8445709ffffffff",104,54,3.80955922983164,0.0266272189349112,34.9056060506541
"fish","844570bffffffff",161,86,4.30725997638738,0.0154700821727557,40.2136676463505
"fish","844570dffffffff",142,87,4.30725596993828,0.0161674270977981,40.8608578665118
"fish","8445711ffffffff",28,22,2.92709642345467,0.0688775510204082,NA
"fish","8445713ffffffff",66,43,3.63797968854969,0.0298438934802571,35.6886169386168
"fish","8445715ffffffff",64,47,3.75263628980206,0.0263671875,39.0920625477408
"fish","8445717ffffffff",3,3,1.09861228866811,0.333333333333333,NA
"fish","8445719ffffffff",25,19,2.86523525244885,0.0624,NA
"fish","844571bffffffff",32,20,2.79166293093165,0.076171875,NA
"fish","844571dffffffff",26,17,2.70478147052289,0.0769230769230769,NA
"fish","8445721ffffffff",138,45,3.26978992669468,0.0542953161100609,24.3135722264508
"fish","8445723ffffffff",34,34,3.52636052461616,0.0294117647058824,NA
"fish","8445727ffffffff",9,9,2.19722457733622,0.111111111111111,NA
"fish","8445729ffffffff",12,12,2.484906649788,0.0833333333333333,NA
"fish","844572bffffffff",9,9,2.19722457733622,0.111111111111111,NA
"fish","8445731ffffffff",26,25,3.20477752413226,0.0414201183431953,NA
"fish","8445733ffffffff",7,5,1.4750763110547,0.26530612244898,NA
"fish","8445735ffffffff",13,12,2.45831132968308,0.0887573964497042,NA
"fish","8445737ffffffff",37,7,1.59270994379417,0.243243243243243,NA
"fish","8445739ffffffff",42,27,3.15163389384129,0.0498866213151927,NA
"fish","844573bffffffff",33,32,3.45449864143254,0.032139577594123,NA
"fish","844573dffffffff",13,12,2.45831132968308,0.0887573964497042,NA
"fish","8445741ffffffff",40,29,3.30764850480597,0.03875,NA
"fish","8445743ffffffff",74,47,3.73461670071609,0.0266617969320672,36.3939281747498
"fish","8445745ffffffff",4,4,1.38629436111989,0.25,NA
"fish","8445747ffffffff",78,54,3.86342108261567,0.0243261012491782,38.845172371487
"fish","8445749ffffffff",50,42,3.66928598189838,0.028,42
"fish","844574bffffffff",41,33,3.43031345615007,0.0350981558596074,NA
"fish","844574dffffffff",42,39,3.63864859248909,0.0272108843537415,NA
"fish","8445751ffffffff",95,40,3.16578427979847,0.0790027700831025,26.5904029727323
"fish","8445753ffffffff",194,160,4.84957357222853,0.0143479647146349,44.6422836101897
"fish","8445755ffffffff",131,91,4.34394166165942,0.0162577938348581,41.8922508541091
"fish","8445757ffffffff",59,43,3.62682109813464,0.0318873886814134,37.8159334897468
"fish","8445759ffffffff",123,81,4.24730416788595,0.0169872430431621,41.0825088211348
"fish","844575bffffffff",43,10,1.83438574183107,0.207138994050838,NA
"fish","844575dffffffff",39,28,3.23230568706266,0.0440499671268902,NA
"fish","8445761ffffffff",84,63,4.04905227055842,0.0195578231292517,41.8325968734939
"fish","8445763ffffffff",38,31,3.34573471528009,0.0401662049861496,NA
"fish","8445765ffffffff",16,16,2.77258872223978,0.0625,NA
"fish","8445767ffffffff",33,25,3.14458019683849,0.046831955922865,NA
"fish","8445769ffffffff",63,40,3.55979581205732,0.0325018896447468,34.450614019625
"fish","844576bffffffff",36,32,3.41495156100488,0.0354938271604938,NA
"fish","844576dffffffff",1,1,0,1,NA
"fish","8445801ffffffff",34,6,1.58813145620212,0.226643598615917,NA
"fish","8445803ffffffff",2,2,0.693147180559945,0.5,NA
"fish","8445805ffffffff",12,5,1.42412991734677,0.277777777777778,NA
"fish","8445807ffffffff",2,1,0,1,NA
"fish","8445809ffffffff",112,29,3.09946787588704,0.0543686224489796,22.1773099917872
"fish","844580bffffffff",32,7,1.82098083416467,0.173828125,NA
"fish","8445815ffffffff",9,8,2.04319187054512,0.135802469135802,NA
"fish","844581dffffffff",2,2,0.693147180559945,0.5,NA
"fish","8445821ffffffff",738,46,3.32632105560965,0.0463018044814595,22.9965773940417
"fish","8445823ffffffff",1051,47,3.34028445258686,0.0462637640197682,23.0924166788019
"fish","8445825ffffffff",423,48,3.31715737788854,0.0470633603272806,23.0016997396249
"fish","844582bffffffff",2,2,0.693147180559945,0.5,NA
"fish","8445831ffffffff",396,46,3.30097196543512,0.0534001632486481,23.4536310724411
"fish","8445837ffffffff",797,276,5.31361460931708,0.00656634273129002,44.301993554566
"fish","844583bffffffff",1,1,0,1,NA
"fish","844583dffffffff",1142,49,3.40207876531636,0.045854662450428,24.0465764363901
"fish","8445841ffffffff",6,6,1.79175946922805,0.166666666666667,NA
"fish","8445843ffffffff",1334,104,3.512832359042,0.0446706931391875,24.2060733154071
"fish","8445847ffffffff",1404,84,3.58457686561326,0.0425595165623656,25.4810102503604
"fish","844584bffffffff",1,1,0,1,NA
"fish","8445857ffffffff",1,1,0,1,NA
"fish","844585dffffffff",7,4,1.35178399428965,0.26530612244898,NA
"fish","8445861ffffffff",17,10,2.26238625418332,0.107266435986159,NA
"fish","8445881ffffffff",35,10,1.73668247245401,0.24734693877551,NA
"fish","8445883ffffffff",16,13,2.47995552054452,0.09375,NA
"fish","8445885ffffffff",18,17,2.81335540450062,0.0617283950617284,NA
"fish","8445887ffffffff",163,39,3.29373064488639,0.0466332944408898,24.1324738696806
"fish","8445889ffffffff",2,1,0,1,NA
"fish","844588bffffffff",2,1,0,1,NA
"fish","844588dffffffff",5,3,0.950270539233235,0.44,NA
"fish","8445891ffffffff",161,12,1.70980264073095,0.234211643069326,7.7431476673282
"fish","8445893ffffffff",238,42,2.28021249988948,0.227773462326107,14.9899607917086
"fish","8445895ffffffff",34,9,1.5728548578893,0.292387543252595,NA
"fish","8445897ffffffff",119,33,2.39994223763671,0.191723748322859,17.9123608434678
"fish","8445899ffffffff",77,36,3.4335373992696,0.0372744138977905,29.6827278218769
"fish","844589bffffffff",305,38,1.92180162897722,0.284815909701693,11.3029015096879
"fish","844589dffffffff",124,65,4.02207793778219,0.0209417273673257,37.4517961253741
"fish","84458a1ffffffff",371,108,4.25034237918754,0.0201902049534659,35.3752594897966
"fish","84458a3ffffffff",51,34,3.28949395636125,0.0511341791618608,33.4705882352941
"fish","84458a5ffffffff",132,45,3.5149712420353,0.0370752984389348,28.300552025676
"fish","84458a7ffffffff",128,96,4.46138244723122,0.01318359375,44.1873063246148
"fish","84458a9ffffffff",3,1,0,1,NA
"fish","84458abffffffff",331,43,3.37492057016086,0.0444592510108524,24.5167770944936
"fish","84458adffffffff",517,49,3.34466960050947,0.0472110711626741,23.3444331493222
"fish","84458b1ffffffff",35,22,2.90142211886494,0.0693877551020408,NA
"fish","84458b3ffffffff",286,79,2.98501411745639,0.158711917453176,22.1524381841731
"fish","84458b5ffffffff",200,118,4.05769993915599,0.0604,35.1883671964042
"fish","84458b7ffffffff",271,151,4.82047070164468,0.00989910268106371,43.3536688725668
"fish","84458b9ffffffff",356,61,3.54025055824946,0.0392153768463578,25.9925480362898
"fish","84458bbffffffff",128,29,2.25902238709963,0.223876953125,16.3720782056119
"fish","84458bdffffffff",40,32,3.34907027894768,0.0425,NA
"fish","84458c1ffffffff",1061,55,3.46490474083704,0.0409524207152572,24.6163757481295
"fish","84458c3ffffffff",1948,50,3.26607710023544,0.0504181617327728,21.9189693231252
"fish","84458c5ffffffff",1,1,0,1,NA
"fish","84458c7ffffffff",85,41,3.27022775785094,0.0591003460207612,27.8751548740785
"fish","84458c9ffffffff",187,40,3.19552950075612,0.0539048871857931,22.3657564137989
"fish","84458cbffffffff",330,37,3.21825983281347,0.048356290174472,22.0015033644194
"fish","84458d1ffffffff",2,2,0.693147180559945,0.5,NA
"fish","84458d3ffffffff",18,3,1.01140426470735,0.388888888888889,NA
"fish","84458d5ffffffff",1,1,0,1,NA
"fish","84458d9ffffffff",201,38,3.44087792433528,0.036360486126581,26.0854250669764
"fish","84458dbffffffff",29,21,2.93706654550099,0.0606420927467301,NA
"fish","84458e1ffffffff",3,1,0,1,NA
"fish","84458e3ffffffff",3,2,0.636514168294813,0.555555555555556,NA
"fish","84458e5ffffffff",3,3,1.09861228866811,0.333333333333333,NA
"fish","84458e7ffffffff",13,3,0.898137003187868,0.443786982248521,NA
"fish","84458ebffffffff",34,29,3.30710405551722,0.0397923875432526,NA
"fish","84458edffffffff",626,63,3.35763743248801,0.0503577662321755,23.1556145016829
"fish","8445901ffffffff",1,1,0,1,NA
"fish","8445905ffffffff",1,1,0,1,NA
"fish","8445909ffffffff",5,5,1.6094379124341,0.2,NA
"fish","8445913ffffffff",2,2,0.693147180559945,0.5,NA
"fish","8445919ffffffff",258,32,3.02655965232677,0.0595517096328346,19.6102593767497
"fish","844591dffffffff",1,1,0,1,NA
"fish","8445921ffffffff",1,1,0,1,NA
"fish","8445923ffffffff",2,2,0.693147180559945,0.5,NA
"fish","8445927ffffffff",6,2,0.450561208866305,0.722222222222222,NA
"fish","8445929ffffffff",1,1,0,1,NA
"fish","844592bffffffff",4,3,1.03972077083992,0.375,NA
"fish","844592dffffffff",1,1,0,1,NA
"fish","8445933ffffffff",3,2,0.636514168294813,0.555555555555556,NA
"fish","8445937ffffffff",3,3,1.09861228866811,0.333333333333333,NA
"fish","8445939ffffffff",1,1,0,1,NA
"fish","844593dffffffff",1,1,0,1,NA
"fish","8445945ffffffff",1,1,0,1,NA
"fish","844594dffffffff",5,3,1.05492016798614,0.36,NA
"fish","8445959ffffffff",5,5,1.6094379124341,0.2,NA
"fish","8445961ffffffff",1,1,0,1,NA
"fish","8445967ffffffff",3,3,1.09861228866811,0.333333333333333,NA
"fish","844596bffffffff",3,3,1.09861228866811,0.333333333333333,NA
"fish","8445981ffffffff",402,102,4.06063997809353,0.0267691393777382,32.3840641117825
"fish","8445989ffffffff",23,4,1.0014223119682,0.448015122873346,NA
"fish","844598bffffffff",342,88,3.9413017887762,0.0298211415478267,31.3447240882067
"fish","844598dffffffff",137,32,3.10976250010196,0.0575949704299643,22.1558665611689
"fish","8445991ffffffff",6,6,1.79175946922805,0.166666666666667,NA
"fish","8445993ffffffff",158,76,4.14119500840408,0.0192276878705336,37.7294875022308
"fish","8445999ffffffff",94,45,3.57045965101789,0.0362154821186057,31.4236943687863
"fish","844599bffffffff",57,32,3.287411816422,0.0440135426285011,29.4970267053186
"fish","844599dffffffff",102,60,3.87044256743176,0.0274894271434064,36.2623024518793
"fish","84459a7ffffffff",11,11,2.39789527279837,0.0909090909090909,NA
"fish","84459abffffffff",1,1,0,1,NA
"fish","84459b1ffffffff",2,2,0.693147180559945,0.5,NA
"fish","84459b3ffffffff",1,1,0,1,NA
"fish","84459b5ffffffff",171,84,3.97814268352723,0.0306077083547074,33.9565727100157
"fish","84459b7ffffffff",96,34,3.18270847688381,0.0523003472222222,24.0634104378752
"fish","84459b9ffffffff",2,2,0.693147180559945,0.5,NA
"fish","84459bbffffffff",4,4,1.38629436111989,0.25,NA
"fish","84459c1ffffffff",1,1,0,1,NA
"fish","84459c5ffffffff",1,1,0,1,NA
"fish","84459d1ffffffff",1,1,0,1,NA
"fish","84459d3ffffffff",155,56,3.64873907759696,0.0350052029136316,29.6939638259197
"fish","84459d5ffffffff",39,26,3.10353826909561,0.0532544378698225,NA
"fish","84459d7ffffffff",482,114,4.1933157070607,0.0220984487181694,33.8573931531298
"fish","84459d9ffffffff",6,5,1.56071040904141,0.222222222222222,NA
"fish","84459dbffffffff",7,2,0.410116318288409,0.755102040816326,NA
"fish","84459ddffffffff",4,3,1.03972077083992,0.375,NA
"fish","84459e1ffffffff",330,40,3.23250412183193,0.0490358126721763,22.1524089045265
"fish","84459e3ffffffff",141,31,3.06460188949933,0.0629244001810774,21.7854774556108
"fish","84459e7ffffffff",13,8,1.73798344858705,0.254437869822485,NA
"fish","84459e9ffffffff",5,3,0.950270539233235,0.44,NA
"fish","84459ebffffffff",2,1,0,1,NA
"fish","84459edffffffff",8,8,2.07944154167984,0.125,NA
"fish","8445a09ffffffff",3,3,1.09861228866811,0.333333333333333,NA
"fish","8445a11ffffffff",9,8,2.04319187054512,0.135802469135802,NA
"fish","8445a13ffffffff",4,3,1.03972077083992,0.375,NA
"fish","8445a1dffffffff",2,1,0,1,NA
"fish","8445a21ffffffff",6,6,1.79175946922805,0.166666666666667,NA
"fish","8445a29ffffffff",13,9,2.05789753192241,0.14792899408284,NA
"fish","8445a2dffffffff",1,1,0,1,NA
"fish","8445a33ffffffff",3247,354,4.98182050029336,0.0127036788074448,39.059694313924
"fish","8445a35ffffffff",1,1,0,1,NA
"fish","8445a37ffffffff",4,4,1.38629436111989,0.25,NA
"fish","8445a41ffffffff",100,62,3.92635618430168,0.0256,37.5098831505506
"fish","8445a45ffffffff",103,54,3.81445783808068,0.0264869450466585,35.0976045687262
"fish","8445a47ffffffff",18,16,2.73633905110507,0.0679012345679012,NA
"fish","8445a49ffffffff",76,47,3.64282195671624,0.0339335180055402,34.9023561270586
"fish","8445a4bffffffff",12,11,2.36938211969468,0.0972222222222222,NA
"fish","8445a4dffffffff",3,3,1.09861228866811,0.333333333333333,NA
"fish","8445a61ffffffff",2,2,0.693147180559945,0.5,NA
"fish","8445a67ffffffff",2,2,0.693147180559945,0.5,NA
"fish","8445a69ffffffff",10,9,2.16395565688206,0.12,NA
"fish","8445a85ffffffff",11,11,2.39789527279837,0.0909090909090909,NA
"fish","8445a95ffffffff",4,3,1.03972077083992,0.375,NA
"fish","8445a97ffffffff",454,76,3.67697401183949,0.0358244871819752,27.3861598468529
"fish","8445a99ffffffff",1,1,0,1,NA
"fish","8445a9bffffffff",3,2,0.636514168294813,0.555555555555556,NA
"fish","8445aa5ffffffff",1,1,0,1,NA
"fish","8445aa7ffffffff",1,1,0,1,NA
"fish","8445ab1ffffffff",1295,45,3.2162907448512,0.0518388217229916,21.409542877278
"fish","8445ab3ffffffff",2,2,0.693147180559945,0.5,NA
"fish","8445ab5ffffffff",298,34,3.08405594915183,0.0560335120039638,20.1878513346259
"fish","8445abbffffffff",560,46,3.26938997393072,0.0491007653061224,22.2887736058524
"fish","8445ac3ffffffff",104,70,4.15092942387029,0.0173816568047337,41.254997144488
"fish","8445ac9ffffffff",2,2,0.693147180559945,0.5,NA
"fish","8445ad1ffffffff",12,12,2.484906649788,0.0833333333333333,NA
"fish","8445ad5ffffffff",6,6,1.79175946922805,0.166666666666667,NA
"fish","8445ad7ffffffff",2,2,0.693147180559945,0.5,NA
"fish","8445ae1ffffffff",7,7,1.94591014905531,0.142857142857143,NA
"fish","8445ae3ffffffff",3,3,1.09861228866811,0.333333333333333,NA
"fish","8445aebffffffff",9,5,1.30309240376172,0.358024691358025,NA
"fish","8445aedffffffff",274,120,4.36643587179935,0.0195002397570462,37.0693187187486
"fish","8445b05ffffffff",11,10,2.27186851269656,0.107438016528926,NA
"fish","8445b07ffffffff",362,55,3.10000401834519,0.0663593907389884,19.9390481839142
"fish","8445b13ffffffff",1,1,0,1,NA
"fish","8445b15ffffffff",1,1,0,1,NA
"fish","8445b17ffffffff",31,17,2.67880474849737,0.0780437044745057,NA
"fish","8445b21ffffffff",4,4,1.38629436111989,0.25,NA
"fish","8445b23ffffffff",981,139,3.7953765615406,0.0433673018752838,26.9380942880569
"fish","8445b25ffffffff",16,16,2.77258872223978,0.0625,NA
"fish","8445b27ffffffff",1188,210,4.32306922604509,0.028381457674387,32.3137258814685
"fish","8445b29ffffffff",157,98,4.42032035268978,0.0147267637632358,41.7272113826578
"fish","8445b2bffffffff",202,57,3.36496819889049,0.055092637976669,24.7452513996434
"fish","8445b2dffffffff",72,47,3.69394763326683,0.0300925925925926,36.2979677038362
"fish","8445b31ffffffff",1,1,0,1,NA
"fish","8445b33ffffffff",2,2,0.693147180559945,0.5,NA
"fish","8445b39ffffffff",2,2,0.693147180559945,0.5,NA
"fish","8445b3bffffffff",48,32,3.29539349657408,0.0451388888888889,NA
"fish","8445b3dffffffff",590,50,2.93214080836404,0.0748060902039644,17.8432447907783
"fish","8445b41ffffffff",24,19,2.86744049912445,0.0625,NA
"fish","8445b43ffffffff",20,18,2.83094043025377,0.065,NA
"fish","8445b45ffffffff",10,8,2.02532622077007,0.14,NA
"fish","8445b47ffffffff",8,7,1.90615474653985,0.15625,NA
"fish","8445b4bffffffff",15,15,2.70805020110221,0.0666666666666667,NA
"fish","8445b51ffffffff",1,1,0,1,NA
"fish","8445b57ffffffff",5,4,1.33217904021012,0.28,NA
"fish","8445b59ffffffff",16,16,2.77258872223978,0.0625,NA
"fish","8445b5bffffffff",2,2,0.693147180559945,0.5,NA
"fish","8445b5dffffffff",82,53,3.8781579626903,0.0226055919095776,38.4176452875643
"fish","8445b61ffffffff",11,8,1.97224697942344,0.15702479338843,NA
"fish","8445b63ffffffff",16,14,2.56659891811451,0.0859375,NA
"fish","8445b65ffffffff",4,3,1.03972077083992,0.375,NA
"fish","8445b67ffffffff",69,47,3.6652316680647,0.0325561856752783,36.606882901234
"fish","8445b69ffffffff",11,11,2.39789527279837,0.0909090909090909,NA
"fish","8445b6bffffffff",4,1,0,1,NA
"fish","8445b6dffffffff",80,48,3.72549116318465,0.0278125,35.4320284146242
"fish","8448825ffffffff",24,15,2.41540790240997,0.128472222222222,NA
"fish","8448901ffffffff",10834,149,3.4199779573701,0.0455592474467171,23.3110362007733
"fish","8448903ffffffff",51984,102,3.37438621140318,0.0457518103920225,23.0266323704894
"fish","8448905ffffffff",119,68,3.96391689775429,0.0253513169973872,36.403253446808
"fish","8448907ffffffff",61871,206,3.58386471960743,0.0379971548330008,25.9031330746635
"fish","8448909ffffffff",678,136,4.23057067954132,0.0238903246578084,33.4478081232297
"fish","844890bffffffff",85697,209,3.41524845325835,0.0448236763792968,23.499707877221
"fish","844890dffffffff",463,115,4.34320890623311,0.017768427337908,36.4034736118424
"fish","8448911ffffffff",79,44,3.52184853755802,0.0414997596539016,32.4934652965172
"fish","8448913ffffffff",27,3,0.671153792012057,0.632373113854595,NA
"fish","8448915ffffffff",1393,142,2.84420919072009,0.238218577246812,20.5571961600417
"fish","8448917ffffffff",116,21,2.04810327347429,0.23320451843044,13.4793679459134
"fish","8448919ffffffff",46,38,3.58754672498998,0.0293005671077505,NA
"fish","844891bffffffff",15,4,1.30952583530407,0.288888888888889,NA
"fish","844891dffffffff",290,139,4.59586167730958,0.0156242568370987,39.8923903270982
"fish","8448921ffffffff",342,105,4.03728479133288,0.0338736705311036,32.4707178643313
"fish","8448923ffffffff",3370,192,3.87164852328249,0.0336611223133073,27.5878057919432
"fish","8448925ffffffff",80,54,3.80330083308041,0.0284375,37.5480198515686
"fish","8448927ffffffff",654,156,4.15739564131044,0.0320539797435682,31.5392541403372
"fish","8448929ffffffff",556,140,4.36424579543026,0.021343356969101,35.4127700267372
"fish","844892bffffffff",19670,150,3.31823138499173,0.0463264039674456,22.3167120790083
"fish","844892dffffffff",349,128,4.50702025000322,0.0150491375276065,38.711085339127
"fish","8448931ffffffff",20,15,2.45820443278557,0.125,NA
"fish","8448933ffffffff",53,33,3.14264524414026,0.0744037023851905,31.5216426193119
"fish","8448935ffffffff",148,65,3.50233167007352,0.064645726807889,29.0088428851933
"fish","8448937ffffffff",105,37,2.55171874081543,0.197823129251701,21.1529965337567
"fish","8448939ffffffff",12702,101,3.33703571671628,0.0462779521044162,22.5582698309745
"fish","844893bffffffff",42,31,3.23585792797977,0.054421768707483,NA
"fish","844893dffffffff",11601,115,3.34355677520802,0.0490192903050359,22.6724990092218
"fish","8448941ffffffff",887,529,5.85475184902396,0.00581746357571282,45.5993286699144
"fish","8448943ffffffff",721,620,6.27605917461321,0.00335294830534722,48.3359028290553
"fish","8448945ffffffff",894,481,5.3237396675952,0.0211126625927761,39.5024961683424
"fish","8448947ffffffff",1530,184,4.33053737419928,0.0239335298389508,33.6568589690352
"fish","8448949ffffffff",80,46,3.32061617618433,0.0834375,32.0004868549168
"fish","844894bffffffff",569,170,4.71873313353099,0.0131856523793786,39.5752064885372
"fish","844894dffffffff",278,96,3.85307973667335,0.0470990114383314,30.820904942093
"fish","8448951ffffffff",762,72,3.47433169833059,0.0427697522061711,24.2968837396049
"fish","8448953ffffffff",306,78,3.69579445630478,0.0393011234995087,28.0311324747674
"fish","8448955ffffffff",88612,296,3.5771884777202,0.0429832389274797,25.2143459811974
"fish","8448957ffffffff",13395,76,3.28314583752279,0.0478476241113852,21.8017974342298
"fish","8448959ffffffff",7179,79,3.27858258056395,0.0481723199374225,21.6678622505497
"fish","844895bffffffff",6,4,1.32966134885476,0.277777777777778,NA
"fish","844895dffffffff",32618,507,3.45623479105341,0.0458408242277271,22.8891400266821
"fish","8448961ffffffff",216,52,2.77786905446353,0.122085048010974,18.595635695899
"fish","8448963ffffffff",260,108,4.28625196000169,0.0212130177514793,36.6713159040731
"fish","8448965ffffffff",489,21,2.00646559819989,0.195955185868242,9.97130194607453
"fish","8448967ffffffff",279,100,3.74118391807269,0.0707724720905436,30.1478285709103
"fish","8448969ffffffff",409,59,2.50985233573095,0.151786514906056,14.5650665975568
"fish","844896bffffffff",356,93,3.69786162896338,0.0683310188107562,29.3364347489228
"fish","844896dffffffff",722,41,2.07409340084944,0.194550379447672,10.4236259066402
"fish","8448985ffffffff",37,6,0.93937997401219,0.585098612125639,NA
"fish","8448987ffffffff",4,1,0,1,NA
"fish","844898dffffffff",31,3,0.45710229325543,0.768990634755463,NA
"fish","84489a1ffffffff",2,2,0.693147180559945,0.5,NA
"fish","84489a5ffffffff",27,5,1.39430925591751,0.281207133058985,NA
"fish","84489a9ffffffff",48,7,1.55628311199328,0.287326388888889,NA
"fish","84489abffffffff",32,2,0.139060798454741,0.939453125,NA
"fish","84489adffffffff",49,6,1.51763716900086,0.257809246147439,NA
"fish","84489c5ffffffff",13,4,1.03176711135054,0.443786982248521,NA
"fish","84489e1ffffffff",65,8,1.6308676355248,0.264378698224852,7.70595362174909
"fish","84489e3ffffffff",331,14,1.40079425608113,0.396044212812953,7.53362342813441
"fish","84489e5ffffffff",19,5,1.08317280853825,0.451523545706371,NA
"fish","84489e7ffffffff",25,4,0.958944995575212,0.4752,NA
"fish","84489e9ffffffff",68,10,1.62222485548563,0.298010380622837,8.92079757497325
"fish","84489ebffffffff",405,13,1.38174629033771,0.312434080170706,5.84817834341374
"fish","84489edffffffff",16,7,1.3334730391185,0.4140625,NA
"fish","8448b05ffffffff",50,35,3.3920271096744,0.0424,35
"fish","8448b07ffffffff",11,11,2.39789527279837,0.0909090909090909,NA
"fish","8448b0dffffffff",19,16,2.69801101984411,0.074792243767313,NA
"fish","8448b21ffffffff",47,36,3.48506716602488,0.034857401539158,NA
"fish","8448b23ffffffff",28168,238,3.59489470778118,0.0408190539079799,25.1474452347368
"fish","8448b25ffffffff",54,42,3.60551573392681,0.0329218106995885,39.324463796162
"fish","8448b27ffffffff",555,148,4.57546450681203,0.0137683629575521,38.5248134555407
"fish","8448b29ffffffff",71,51,3.81838449348967,0.0251934140051577,39.152408054465
"fish","8448b2bffffffff",580,101,3.58257308963398,0.0523900118906064,25.3790315179955
"fish","8448b2dffffffff",61,46,3.72709261604838,0.02714324106423,39.3350004630914
"fish","8448b31ffffffff",80,23,2.47914056347514,0.1328125,17.2810492251875
"fish","8448b33ffffffff",1,1,0,1,NA
"fish","8448b35ffffffff",22515,99,3.33466879448975,0.049180730747814,22.6107280922755
"fish","8448b37ffffffff",5329,70,3.31077219735601,0.0494342941874463,22.2267835627659
"fish","8448b39ffffffff",17,9,2.00288304109065,0.162629757785467,NA
"fish","8448b3dffffffff",466,101,3.77028419871439,0.0459024848496012,28.2957038546475
"fish","8448b45ffffffff",149,80,4.07863147083233,0.0241880996351516,36.6462360906389
"fish","8448b47ffffffff",128,82,4.20940141273055,0.0189208984375,39.9205754990587
"fish","8448b4dffffffff",144,98,4.46066570835421,0.0133101851851852,43.085855849943
"fish","8448b61ffffffff",86,60,3.94267617512662,0.023526230394808,39.3528000762192
"fish","8448b63ffffffff",95,72,4.14335381600548,0.0193905817174515,42.1035778088211
"fish","8448b65ffffffff",33,27,3.19688602819336,0.046831955922865,NA
"fish","8448b67ffffffff",99,70,4.12403033295208,0.0186715641261096,41.1459960429048
"fish","8448b69ffffffff",92,54,3.78039512812679,0.0285916824196597,35.3505247258518
"fish","8448b6bffffffff",124,78,4.16333990242837,0.0195109261186264,39.4695077468484
"fish","8448b6dffffffff",43,38,3.60000309695869,0.028664142779881,NA
"fish","8449901ffffffff",5,5,1.6094379124341,0.2,NA
"fish","8449903ffffffff",2,2,0.693147180559945,0.5,NA
"fish","8449905ffffffff",3,3,1.09861228866811,0.333333333333333,NA
"fish","844990dffffffff",2,2,0.693147180559945,0.5,NA
"fish","8449921ffffffff",12,11,2.36938211969468,0.0972222222222222,NA
"fish","8449925ffffffff",18,7,1.84605251469956,0.17283950617284,NA
"fish","8449927ffffffff",13,11,2.31142344469197,0.112426035502959,NA
"fish","8449929ffffffff",22,20,2.96501569325651,0.0537190082644628,NA
"fish","844992bffffffff",45,30,3.27479795022842,0.042962962962963,NA
"fish","844992dffffffff",20,16,2.66614858695356,0.08,NA
"fish","8449931ffffffff",66,38,3.3177643326347,0.0528007346189164,30.9078327896054
"fish","8449933ffffffff",151,100,4.46504001029755,0.0135520371913513,42.7039542180144
"fish","8449935ffffffff",165,65,3.92808261344665,0.0238383838383838,34.040958650053
"fish","8449937ffffffff",262,125,4.61259749170815,0.0121205057980304,41.3733717670955
"fish","844993dffffffff",168,63,3.83007279055118,0.0297619047619048,32.5684061470602
"fish","8449961ffffffff",3,2,0.636514168294813,0.555555555555556,NA
"fish","8449963ffffffff",10,1,0,1,NA
"fish","8449965ffffffff",92,70,4.1272633060889,0.0191398865784499,42.1890953046313
"fish","8449967ffffffff",20,18,2.857102837442,0.06,NA
"fish","8449969ffffffff",22,9,1.83341678405105,0.206611570247934,NA
"fish","844996dffffffff",3,1,0,1,NA
"fish","84499a5ffffffff",57,45,3.73284023939652,0.0261618959679901,40.5940988835724
"fish","84499adffffffff",1,1,0,1,NA
"fish","84499e5ffffffff",8,8,2.07944154167984,0.125,NA
"fish","8449b25ffffffff",1,1,0,1,NA
"fish","8449b27ffffffff",3,2,0.636514168294813,0.555555555555556,NA
"fish","8449b29ffffffff",1,1,0,1,NA
"fish","8449b2dffffffff",1,1,0,1,NA
"fish","8449b61ffffffff",2,1,0,1,NA
"fish","8449b67ffffffff",10,4,1.08889997534522,0.42,NA
"fish","8449b6dffffffff",3,3,1.09861228866811,0.333333333333333,NA
"fish","844c005ffffffff",16,13,2.5126585295298,0.0859375,NA
"fish","844c009ffffffff",7,6,1.74786809746676,0.183673469387755,NA
"fish","844c00bffffffff",7,5,1.4750763110547,0.26530612244898,NA
"fish","844c00dffffffff",8,6,1.66746193342929,0.21875,NA
"fish","844c02bffffffff",39,33,3.42345235243097,0.0361604207758054,NA
"fish","844c02dffffffff",64,1,0,1,1
"fish","844c031ffffffff",2,2,0.693147180559945,0.5,NA
"fish","844c035ffffffff",97,26,1.71637208959639,0.440535657349346,15.9054982817868
"fish","844c037ffffffff",4,4,1.38629436111989,0.25,NA
"fish","844c03bffffffff",24,2,0.286835983056161,0.847222222222222,NA
"fish","844c043ffffffff",4,1,0,1,NA
"fish","844c045ffffffff",2,1,0,1,NA
"fish","844c049ffffffff",37,4,0.37047851164559,0.846603360116874,NA
"fish","844c04bffffffff",1,1,0,1,NA
"fish","844c04dffffffff",30,5,0.577513715376871,0.755555555555556,NA
"fish","844c051ffffffff",3,3,1.09861228866811,0.333333333333333,NA
"fish","844c053ffffffff",13,4,1.2852930241201,0.289940828402367,NA
"fish","844c055ffffffff",4,4,1.38629436111989,0.25,NA
"fish","844c057ffffffff",5,3,0.950270539233235,0.44,NA
"fish","844c05bffffffff",31,6,0.793400430845633,0.658688865764828,NA
"fish","844c05dffffffff",15,7,1.82916037016772,0.173333333333333,NA
"fish","844c061ffffffff",2,2,0.693147180559945,0.5,NA
"fish","844c063ffffffff",17,15,2.67011988980682,0.0726643598615917,NA
"fish","844c065ffffffff",9,6,1.73512645696292,0.185185185185185,NA
"fish","844c069ffffffff",1,1,0,1,NA
"fish","844c06bffffffff",1,1,0,1,NA
"fish","844c101ffffffff",5,5,1.6094379124341,0.2,NA
"fish","844c109ffffffff",24,3,0.344598248102823,0.84375,NA
"fish","844c10dffffffff",32,1,0,1,NA
"fish","844c113ffffffff",3,3,1.09861228866811,0.333333333333333,NA
"fish","844c117ffffffff",3,3,1.09861228866811,0.333333333333333,NA
"fish","844c119ffffffff",26,1,0,1,NA
"fish","844c121ffffffff",2,2,0.693147180559945,0.5,NA
"fish","844c125ffffffff",34,1,0,1,NA
"fish","844c127ffffffff",50,22,2.55886606362163,0.136,22
"fish","844c12dffffffff",116,13,0.589653522910651,0.804696789536266,6.17241379310361
"fish","844c141ffffffff",47,6,1.51000562187872,0.276595744680851,NA
"fish","844c149ffffffff",5,4,1.33217904021012,0.28,NA
"fish","844c14dffffffff",20,1,0,1,NA
"fish","844c151ffffffff",3,3,1.09861228866811,0.333333333333333,NA
"fish","844c153ffffffff",20,1,0,1,NA
"fish","844c15dffffffff",3,3,1.09861228866811,0.333333333333333,NA
"fish","844c161ffffffff",55,6,0.450948634843247,0.828099173553719,5.54545454545456
"fish","844c165ffffffff",16,16,2.77258872223978,0.0625,NA
"fish","844c16dffffffff",170,5,0.144092714302108,0.95363321799308,2.1764705882353
"fish","844c183ffffffff",13,10,2.24503527412618,0.112426035502959,NA
"fish","844c197ffffffff",3,3,1.09861228866811,0.333333333333333,NA
"fish","844c199ffffffff",24,1,0,1,NA
"fish","844c1d1ffffffff",111,4,0.153943061407688,0.946919892865839,2.35135135135123
"fish","844c1dbffffffff",5,4,1.33217904021012,0.28,NA
"fish","844c201ffffffff",16,3,0.46341355882643,0.7734375,NA
"fish","844c203ffffffff",6,5,1.56071040904141,0.222222222222222,NA
"fish","844c205ffffffff",22,5,1.39049505858996,0.293388429752066,NA
"fish","844c207ffffffff",66,14,1.20832716330423,0.557392102846648,11.4516317016317
"fish","844c209ffffffff",3,3,1.09861228866811,0.333333333333333,NA
"fish","844c20bffffffff",3,3,1.09861228866811,0.333333333333333,NA
"fish","844c20dffffffff",8,5,1.55958115625988,0.21875,NA
"fish","844c211ffffffff",13,4,1.03176711135054,0.443786982248521,NA
"fish","844c213ffffffff",6,6,1.79175946922805,0.166666666666667,NA
"fish","844c215ffffffff",8,6,1.73286795139986,0.1875,NA
"fish","844c217ffffffff",3,3,1.09861228866811,0.333333333333333,NA
"fish","844c219ffffffff",3,2,0.636514168294813,0.555555555555556,NA
"fish","844c21bffffffff",7,5,1.5498260458782,0.224489795918367,NA
"fish","844c21dffffffff",18,8,1.83102048111352,0.197530864197531,NA
"fish","844c221ffffffff",7,7,1.94591014905531,0.142857142857143,NA
"fish","844c223ffffffff",15,7,1.80650716526167,0.182222222222222,NA
"fish","844c225ffffffff",69,8,1.1476983146759,0.50262549884478,7.33486615400096
"fish","844c227ffffffff",62,41,3.41628054817486,0.0509885535900104,34.3078215701415
"fish","844c22bffffffff",49,8,1.44126028269077,0.361932528113286,NA
"fish","844c22dffffffff",62,11,1.76030457293362,0.247138397502601,10.1541050365925
"fish","844c231ffffffff",12,5,1.58902691517397,0.208333333333333,NA
"fish","844c233ffffffff",3,3,1.09861228866811,0.333333333333333,NA
"fish","844c235ffffffff",7,4,1.35178399428965,0.26530612244898,NA
"fish","844c237ffffffff",404,1,0,1,1
"fish","844c23dffffffff",38,11,1.78026837677709,0.243767313019391,NA
"fish","844c241ffffffff",9,9,2.19722457733622,0.111111111111111,NA
"fish","844c243ffffffff",3,3,1.09861228866811,0.333333333333333,NA
"fish","844c24bffffffff",24,7,1.8502677786636,0.166666666666667,NA
"fish","844c251ffffffff",11,5,1.41427906512471,0.289256198347107,NA
"fish","844c253ffffffff",1,1,0,1,NA
"fish","844c255ffffffff",15,6,1.63970635741561,0.217777777777778,NA
"fish","844c257ffffffff",4,2,0.693147180559945,0.5,NA
"fish","844c259ffffffff",7,6,1.74786809746676,0.183673469387755,NA
"fish","844c25bffffffff",126,64,3.10759375495403,0.160241874527589,28.0438472082989
"fish","844c25dffffffff",8,4,1.25548232517875,0.3125,NA
"fish","844c265ffffffff",34,7,1.45994258071914,0.313148788927336,NA
"fish","844c267ffffffff",6,5,1.56071040904141,0.222222222222222,NA
"fish","844c269ffffffff",31,8,1.7094981426588,0.242455775234131,NA
"fish","844c26bffffffff",4,4,1.38629436111989,0.25,NA
"fish","844c26dffffffff",2,2,0.693147180559945,0.5,NA
"fish","844c281ffffffff",2,2,0.693147180559945,0.5,NA
"fish","844c285ffffffff",6,4,1.32966134885476,0.277777777777778,NA
"fish","844c287ffffffff",6,5,1.56071040904141,0.222222222222222,NA
"fish","844c28dffffffff",3,3,1.09861228866811,0.333333333333333,NA
"fish","844c295ffffffff",3,3,1.09861228866811,0.333333333333333,NA
"fish","844c297ffffffff",2,2,0.693147180559945,0.5,NA
"fish","844c299ffffffff",4,2,0.562335144618808,0.625,NA
"fish","844c29bffffffff",3,2,0.636514168294813,0.555555555555556,NA
"fish","844c29dffffffff",22,6,1.29955303357449,0.388429752066116,NA
"fish","844c2a5ffffffff",13,4,0.793730055158425,0.609467455621302,NA
"fish","844c2a9ffffffff",7,6,1.74786809746676,0.183673469387755,NA
"fish","844c2adffffffff",3,3,1.09861228866811,0.333333333333333,NA
"fish","844c2b5ffffffff",1,1,0,1,NA
"fish","844c2b7ffffffff",45,1,0,1,NA
"fish","844c2b9ffffffff",5,4,1.33217904021012,0.28,NA
"fish","844c2bbffffffff",3,3,1.09861228866811,0.333333333333333,NA
"fish","844c2c1ffffffff",1,1,0,1,NA
"fish","844c2c3ffffffff",27,16,2.191433910543,0.218106995884774,NA
"fish","844c2c9ffffffff",26,23,3.04482048246458,0.0562130177514793,NA
"fish","844c2d1ffffffff",7,5,1.5498260458782,0.224489795918367,NA
"fish","844c2d3ffffffff",9,5,1.58109375017182,0.209876543209877,NA
"fish","844c2d5ffffffff",2,2,0.693147180559945,0.5,NA
"fish","844c2d7ffffffff",6,6,1.79175946922805,0.166666666666667,NA
"fish","844c2d9ffffffff",9,5,1.42706104338072,0.283950617283951,NA
"fish","844c2dbffffffff",12,5,1.47350238508065,0.25,NA
"fish","844c2e3ffffffff",4,3,1.03972077083992,0.375,NA
"fish","844c2e7ffffffff",6,4,1.32966134885476,0.277777777777778,NA
"fish","844c2ebffffffff",20,4,0.799902779427117,0.59,NA
"fish","844c301ffffffff",97,30,2.61910136204132,0.124242746306728,19.1596459331887
"fish","844c303ffffffff",10,10,2.30258509299405,0.1,NA
"fish","844c305ffffffff",4,4,1.38629436111989,0.25,NA
"fish","844c307ffffffff",50,30,3.01745661150447,0.084,30
"fish","844c309ffffffff",55,7,0.967161682696012,0.592727272727273,6.96594879613748
"fish","844c30bffffffff",36,1,0,1,NA
"fish","844c30dffffffff",49,29,3.07806851504348,0.0637234485630987,NA
"fish","844c311ffffffff",47,10,0.909120493846172,0.657763693979176,NA
"fish","844c313ffffffff",14,8,1.77213938843753,0.23469387755102,NA
"fish","844c315ffffffff",4,1,0,1,NA
"fish","844c317ffffffff",9,5,1.58109375017182,0.209876543209877,NA
"fish","844c319ffffffff",167,9,0.80363628398219,0.670837964788985,5.86612223438241
"fish","844c31bffffffff",74,9,1.5091453487968,0.306428049671293,7.8200191131036
"fish","844c31dffffffff",43,9,1.77311835637261,0.214710654407788,NA
"fish","844c323ffffffff",1,1,0,1,NA
"fish","844c325ffffffff",7,6,1.74786809746676,0.183673469387755,NA
"fish","844c327ffffffff",28,5,0.608158369876965,0.739795918367347,NA
"fish","844c329ffffffff",18,6,1.72493478639771,0.185185185185185,NA
"fish","844c32bffffffff",3,3,1.09861228866811,0.333333333333333,NA
"fish","844c32dffffffff",11,6,1.72019345921983,0.190082644628099,NA
"fish","844c331ffffffff",8,3,1.08219553003877,0.34375,NA
"fish","844c335ffffffff",1,1,0,1,NA
"fish","844c339ffffffff",273,127,4.28265327243769,0.0433522521434609,36.9253148218661
"fish","844c33bffffffff",142,82,3.70063618309866,0.086788335647689,34.1045849559964
"fish","844c33dffffffff",6,4,1.32966134885476,0.277777777777778,NA
"fish","844c341ffffffff",343,6,0.131252492443268,0.959693665054527,1.97863706886438
"fish","844c343ffffffff",64,4,0.298774206883954,0.88037109375,3.51736111111111
"fish","844c345ffffffff",8,6,1.73286795139986,0.1875,NA
"fish","844c347ffffffff",5,5,1.6094379124341,0.2,NA
"fish","844c349ffffffff",3,3,1.09861228866811,0.333333333333333,NA
"fish","844c34bffffffff",57,11,1.83717504272571,0.2176054170514,10.4692932302167
"fish","844c34dffffffff",26,7,1.74461233700127,0.195266272189349,NA
"fish","844c351ffffffff",35,8,1.95344971862055,0.15265306122449,NA
"fish","844c353ffffffff",80,7,1.47086366615255,0.31,6.55813312984904
"fish","844c355ffffffff",27,2,0.158410570131791,0.928669410150891,NA
"fish","844c357ffffffff",31,6,0.701390108080032,0.708636836628512,NA
"fish","844c359ffffffff",1273,15,0.311428314239948,0.899501952757402,3.12959612612673
"fish","844c35bffffffff",7,6,1.74786809746676,0.183673469387755,NA
"fish","844c35dffffffff",79,9,1.74617081118879,0.213587566095177,8.0719841213742
"fish","844c361ffffffff",9,6,1.73512645696292,0.185185185185185,NA
"fish","844c363ffffffff",9,4,1.14905969697062,0.382716049382716,NA
"fish","844c367ffffffff",20,6,1.46163597281342,0.28,NA
"fish","844c369ffffffff",60,15,2.22175314885357,0.155,13.8039176853889
"fish","844c36bffffffff",21,7,1.78152039336858,0.188208616780045,NA
"fish","844c36dffffffff",7,4,1.35178399428965,0.26530612244898,NA
"fish","844c801ffffffff",67,56,3.95640109202621,0.0211628425038984,43.5794367324227
"fish","844c805ffffffff",11,6,1.54030582522652,0.272727272727273,NA
"fish","844c80bffffffff",21,19,2.91249440333105,0.0566893424036281,NA
"fish","844c80dffffffff",49,41,3.65480799132035,0.0279050395668471,NA
"fish","844c811ffffffff",194,43,3.41970024769072,0.0423530662132001,25.9136592957249
"fish","844c815ffffffff",93,70,4.17287352823873,0.0167649439241531,43.0080555255876
"fish","844c819ffffffff",156,65,3.83763370407227,0.0289283366206443,32.6314468612357
"fish","844c81bffffffff",217,74,3.82756402663358,0.0327252649238676,31.0094580582566
"fish","844c81dffffffff",34,25,3.14401060126782,0.0467128027681661,NA
"fish","844c821ffffffff",1,1,0,1,NA
"fish","844c823ffffffff",191,104,4.43224908418639,0.0153778679312519,40.520504817434
"fish","844c825ffffffff",3,3,1.09861228866811,0.333333333333333,NA
"fish","844c829ffffffff",7,4,1.35178399428965,0.26530612244898,NA
"fish","844c82bffffffff",5,5,1.6094379124341,0.2,NA
"fish","844c82dffffffff",91,74,4.22313154104585,0.0163023789397416,44.2254873715574
"fish","844c831ffffffff",7,7,1.94591014905531,0.142857142857143,NA
"fish","844c833ffffffff",34,26,3.20017361611736,0.0432525951557093,NA
"fish","844c835ffffffff",46,14,2.28466767907152,0.123818525519849,NA
"fish","844c837ffffffff",200,105,4.45068633084201,0.0142,40.6207879083695
"fish","844c83bffffffff",24,20,2.9470047701613,0.0555555555555556,NA
"fish","844c841ffffffff",2,2,0.693147180559945,0.5,NA
"fish","844c845ffffffff",52,6,0.669258584432136,0.721153846153846,5.92081447963801
"fish","844c849ffffffff",48,1,0,1,NA
"fish","844c853ffffffff",4,4,1.38629436111989,0.25,NA
"fish","844c857ffffffff",4,4,1.38629436111989,0.25,NA
"fish","844c861ffffffff",81,57,3.89919718012797,0.0248437738149672,39.3813169777801
"fish","844c863ffffffff",147,85,4.27595795839136,0.0165208940719145,40.1428016202726
"fish","844c865ffffffff",1,1,0,1,NA
"fish","844c867ffffffff",1,1,0,1,NA
"fish","844c881ffffffff",7,6,1.74786809746676,0.183673469387755,NA
"fish","844c883ffffffff",108,21,2.53533981354265,0.0997942386831276,14.8930428681032
"fish","844c885ffffffff",3,3,1.09861228866811,0.333333333333333,NA
"fish","844c887ffffffff",156,92,4.29941819946983,0.0178336620644313,39.7762294042258
"fish","844c889ffffffff",4,4,1.38629436111989,0.25,NA
"fish","844c88bffffffff",196,45,2.94047916985892,0.0803831736776343,19.1055102880121
"fish","844c88dffffffff",33,8,1.88607388362762,0.169880624426079,NA
"fish","844c891ffffffff",7,3,1.07899220787758,0.346938775510204,NA
"fish","844c893ffffffff",7,7,1.94591014905531,0.142857142857143,NA
"fish","844c895ffffffff",2,2,0.693147180559945,0.5,NA
"fish","844c899ffffffff",12,12,2.484906649788,0.0833333333333333,NA
"fish","844c89dffffffff",87,13,2.30525980310782,0.115603117981239,11.9686221796575
"fish","844c8a1ffffffff",1,1,0,1,NA
"fish","844c8a3ffffffff",14,11,2.34199425223242,0.102040816326531,NA
"fish","844c8a5ffffffff",3,3,1.09861228866811,0.333333333333333,NA
"fish","844c8a9ffffffff",236,16,1.95602553646665,0.210176673369721,10.2472350667845
"fish","844c8abffffffff",31,14,2.45520888380061,0.100936524453694,NA
"fish","844c8adffffffff",533,93,3.62610983060347,0.0624980199866943,26.805201550559
"fish","844c8b7ffffffff",3,2,0.636514168294813,0.555555555555556,NA
"fish","844c8b9ffffffff",5,2,0.673011667009257,0.52,NA
"fish","844c8bbffffffff",1,1,0,1,NA
"fish","844c8bdffffffff",2,2,0.693147180559945,0.5,NA
"fish","844c8c1ffffffff",10,3,0.639031859650177,0.66,NA
"fish","844c8c3ffffffff",2,2,0.693147180559945,0.5,NA
"fish","844c8c5ffffffff",2,2,0.693147180559945,0.5,NA
"fish","844c8c9ffffffff",57,17,2.53922890251797,0.0957217605417051,16.2093199160639
"fish","844c8cbffffffff",34,24,3.04503829729587,0.0570934256055363,NA
"fish","844c8cdffffffff",12,6,1.67623493913473,0.208333333333333,NA
"fish","844c8d1ffffffff",10,7,1.88669678465808,0.16,NA
"fish","844c8d3ffffffff",13,13,2.56494935746154,0.0769230769230769,NA
"fish","844c8d5ffffffff",1,1,0,1,NA
"fish","844c8d7ffffffff",29,24,3.12827956082787,0.0463733650416171,NA
"fish","844c8d9ffffffff",1,1,0,1,NA
"fish","844c8ddffffffff",2,2,0.693147180559945,0.5,NA
"fish","844c8e1ffffffff",24,9,1.68274943927711,0.288194444444444,NA
"fish","844c8e3ffffffff",29,10,1.78726166112168,0.25089179548157,NA
"fish","844c8e5ffffffff",29,9,1.81677899757106,0.210463733650416,NA
"fish","844c8e7ffffffff",262,11,1.86877371616021,0.185566109201096,7.81037220778837
"fish","844c8e9ffffffff",23,10,1.52911149355464,0.387523629489603,NA
"fish","844c905ffffffff",56,50,3.87682015204373,0.0216836734693878,45.2272727272727
"fish","844c907ffffffff",2,2,0.693147180559945,0.5,NA
"fish","844c909ffffffff",13,13,2.56494935746154,0.0769230769230769,NA
"fish","844c90bffffffff",7,6,1.74786809746676,0.183673469387755,NA
"fish","844c90dffffffff",120,84,4.33388857424852,0.0145833333333333,42.9492824944004
"fish","844c919ffffffff",1,1,0,1,NA
"fish","844c91dffffffff",12,9,2.13833305950803,0.125,NA
"fish","844c921ffffffff",3,2,0.636514168294813,0.555555555555556,NA
"fish","844c925ffffffff",1,1,0,1,NA
"fish","844c927ffffffff",13,6,1.73798344858705,0.183431952662722,NA
"fish","844c92bffffffff",3,3,1.09861228866811,0.333333333333333,NA
"fish","844c933ffffffff",1,1,0,1,NA
"fish","844c93bffffffff",11,4,1.3730039128772,0.256198347107438,NA
"fish","844c93dffffffff",1,1,0,1,NA
"fish","844c941ffffffff",48,46,3.81343874586123,0.0225694444444444,NA
"fish","844c943ffffffff",41,25,2.71099436675374,0.136228435455086,NA
"fish","844c945ffffffff",169,110,4.59453756928319,0.0113091278316586,43.8730873961773
"fish","844c949ffffffff",122,90,4.37086751418083,0.0150497178177909,43.126549764061
"fish","844c94bffffffff",3,2,0.636514168294813,0.555555555555556,NA
"fish","844c94dffffffff",264,152,4.86621619447382,0.00901056014692378,44.1722939662691
"fish","844c953ffffffff",22,15,2.33488189274747,0.161157024793388,NA
"fish","844c955ffffffff",6,6,1.79175946922805,0.166666666666667,NA
"fish","844c959ffffffff",1,1,0,1,NA
"fish","844c95bffffffff",282,178,5.03807753589776,0.00762034102912329,45.411866428424
"fish","844c95dffffffff",10,7,1.83437197028162,0.18,NA
"fish","844c969ffffffff",10,8,2.02532622077007,0.14,NA
"fish","844c96dffffffff",10,6,1.6094379124341,0.24,NA
"fish","844c983ffffffff",6,6,1.79175946922805,0.166666666666667,NA
"fish","844c985ffffffff",58,46,3.70658372068005,0.0297265160523187,40.5358179496111
"fish","844c987ffffffff",13,10,2.24503527412618,0.112426035502959,NA
"fish","844c989ffffffff",42,12,2.37936911964418,0.100907029478458,NA
"fish","844c98bffffffff",28,9,1.98600028657318,0.158163265306122,NA
"fish","844c991ffffffff",13,6,1.77823330579971,0.171597633136095,NA
"fish","844c993ffffffff",2,2,0.693147180559945,0.5,NA
"fish","844c999ffffffff",102,13,1.85086246533848,0.215301806997309,9.61973584916504
"fish","844c99dffffffff",122,20,2.25922271519514,0.156543939801129,13.5713153939619
"fish","844c9a5ffffffff",1,1,0,1,NA
"fish","844c9a9ffffffff",4,2,0.562335144618808,0.625,NA
"fish","844c9abffffffff",12,10,2.25385758960135,0.111111111111111,NA
"fish","844c9adffffffff",10,6,1.74806734854609,0.18,NA
"fish","844c9b1ffffffff",14,7,1.83378554682005,0.173469387755102,NA
"fish","844c9b3ffffffff",4,3,1.03972077083992,0.375,NA
"fish","844c9b5ffffffff",12,5,1.54542290319359,0.222222222222222,NA
"fish","844c9b7ffffffff",3,3,1.09861228866811,0.333333333333333,NA
"fish","844c9bbffffffff",3,1,0,1,NA
"fish","844c9c1ffffffff",1,1,0,1,NA
"fish","844c9c3ffffffff",13,6,1.67159527802125,0.207100591715976,NA
"fish","844c9c7ffffffff",6,6,1.79175946922805,0.166666666666667,NA
"fish","844c9cbffffffff",6,4,1.32966134885476,0.277777777777778,NA
"fish","844c9d1ffffffff",11249,30,1.87380657099431,0.222469644203654,8.7535786470969
"fish","844c9d3ffffffff",555,20,1.89915187920875,0.238970862754647,9.81864214211674
"fish","844c9d5ffffffff",649,20,1.79575023776672,0.292233399255937,10.0427672621211
"fish","844c9d7ffffffff",929,24,1.79857391528034,0.293614092493868,9.92469077748625
"fish","844c9d9ffffffff",475,47,2.39421618368204,0.156157340720222,13.5586295890193
"fish","844c9dbffffffff",698,15,1.8485739511399,0.198426121296213,7.90336427614817
"fish","844c9ddffffffff",1292,22,1.85066688083659,0.283218232706151,10.4453052770364
"fish","844c9e1ffffffff",7,7,1.94591014905531,0.142857142857143,NA
"fish","844c9e5ffffffff",13,4,0.937155853065701,0.514792899408284,NA
"fish","844c9e9ffffffff",5,3,0.950270539233235,0.44,NA
"fish","844c9ebffffffff",9,8,2.04319187054512,0.135802469135802,NA
"fish","844c9edffffffff",3,3,1.09861228866811,0.333333333333333,NA
"fish","844ca11ffffffff",2,1,0,1,NA
"fish","844ca17ffffffff",5,4,1.33217904021012,0.28,NA
"fish","844ca1dffffffff",1,1,0,1,NA
"fish","844ca29ffffffff",8,3,1.03972077083992,0.375,NA
"fish","844ca2bffffffff",30,1,0,1,NA
"fish","844ca2dffffffff",3,3,1.09861228866811,0.333333333333333,NA
"fish","844ca33ffffffff",2,1,0,1,NA
"fish","844ca43ffffffff",1,1,0,1,NA
"fish","844ca45ffffffff",9,8,2.04319187054512,0.135802469135802,NA
"fish","844ca47ffffffff",6,1,0,1,NA
"fish","844ca49ffffffff",52,1,0,1,1
"fish","844ca4dffffffff",8,8,2.07944154167984,0.125,NA
"fish","844ca51ffffffff",10,6,1.74806734854609,0.18,NA
"fish","844ca53ffffffff",5,5,1.6094379124341,0.2,NA
"fish","844ca59ffffffff",2,1,0,1,NA
"fish","844ca5bffffffff",135,20,0.917469544380251,0.702167352537723,8.74184632393716
"fish","844ca5dffffffff",4,4,1.38629436111989,0.25,NA
"fish","844ca61ffffffff",2,1,0,1,NA
"fish","844ca6bffffffff",2,2,0.693147180559945,0.5,NA
"fish","844ca81ffffffff",1,1,0,1,NA
"fish","844ca87ffffffff",5,4,1.33217904021012,0.28,NA
"fish","844ca9dffffffff",38,31,3.36844645784208,0.0373961218836565,NA
"fish","844caa1ffffffff",20,15,2.59683386889756,0.085,NA
"fish","844caa3ffffffff",375,37,3.13196937176017,0.0542506666666667,20.6710731692721
"fish","844caa5ffffffff",440,39,3.15924007381536,0.0512086776859504,20.7571744645551
"fish","844caa9ffffffff",1,1,0,1,NA
"fish","844cab3ffffffff",122,24,2.78540600319726,0.0783391561408224,17.7745413592404
"fish","844cab5ffffffff",174,73,4.08572156770462,0.0218655040295944,36.5025849558037
"fish","844cab7ffffffff",5,5,1.6094379124341,0.2,NA
"fish","844cabdffffffff",722,100,3.59080593666636,0.0440796187874556,25.2212472032331
"fish","844cac3ffffffff",1,1,0,1,NA
"fish","844cacbffffffff",1,1,0,1,NA
"fish","844cad7ffffffff",1,1,0,1,NA
"fish","844cad9ffffffff",6,6,1.79175946922805,0.166666666666667,NA
"fish","844cadbffffffff",2,2,0.693147180559945,0.5,NA
"fish","844caedffffffff",21,10,1.81602531142913,0.260770975056689,NA
"fish","844cb01ffffffff",2,1,0,1,NA
"fish","844cb03ffffffff",1,1,0,1,NA
"fish","844cb07ffffffff",3,3,1.09861228866811,0.333333333333333,NA
"fish","844cb09ffffffff",11,5,1.54659868604851,0.223140495867769,NA
"fish","844cb0bffffffff",1,1,0,1,NA
"fish","844cb0dffffffff",2,2,0.693147180559945,0.5,NA
"fish","844cb13ffffffff",82,9,1.85837692748706,0.185603807257585,8.19348084036595
"fish","844cb15ffffffff",2,2,0.693147180559945,0.5,NA
"fish","844cb17ffffffff",1,1,0,1,NA
"fish","844cb25ffffffff",42,36,3.53962756669481,0.0306122448979592,NA
"fish","844cb27ffffffff",72,68,4.19964976562051,0.0154320987654321,48.0829420970261
"fish","844cb29ffffffff",26,1,0,1,NA
"fish","844cb2bffffffff",3,3,1.09861228866811,0.333333333333333,NA
"fish","844cb2dffffffff",1,1,0,1,NA
"fish","844cb31ffffffff",2,1,0,1,NA
"fish","844cb35ffffffff",88,70,4.18783060261545,0.0162706611570248,44.098411946245
"fish","844cb39ffffffff",18,1,0,1,NA
"fish","844cb3dffffffff",374,133,4.55253272513718,0.0141267980211044,39.1496913869459
"fish","844cb43ffffffff",2,2,0.693147180559945,0.5,NA
"fish","844cb45ffffffff",15,8,2.06111283257959,0.128888888888889,NA
"fish","844cb47ffffffff",12,8,1.97920451743432,0.152777777777778,NA
"fish","844cb49ffffffff",5,5,1.6094379124341,0.2,NA
"fish","844cb4dffffffff",69,16,2.36801491739692,0.116572148708255,13.9745245210848
"fish","844cb55ffffffff",3,3,1.09861228866811,0.333333333333333,NA
"fish","844cb63ffffffff",13,5,1.37781950803903,0.301775147928994,NA
"fish","844cb69ffffffff",19,8,1.80763165619193,0.207756232686981,NA
"fish","844cb6dffffffff",4,4,1.38629436111989,0.25,NA
"fish","844cc01ffffffff",1370,112,3.90381775993988,0.0296265118013746,29.3790547081026
"fish","844cc03ffffffff",201,10,1.48155364311687,0.30165094923393,6.55894249816385
"fish","844cc05ffffffff",3856,217,4.26476339337956,0.0219152455191887,32.8755316948161
"fish","844cc07ffffffff",220,16,1.7908149671581,0.280909090909091,10.0262397967403
"fish","844cc09ffffffff",26376,334,4.38771342246325,0.018625530222096,34.4305382072114
"fish","844cc0bffffffff",18278,403,4.20884343417117,0.0263534445294514,31.1807919753238
"fish","844cc0dffffffff",42,27,3.21764791103748,0.0430839002267574,NA
"fish","844cc11ffffffff",23,5,1.30104206732884,0.315689981096408,NA
"fish","844cc15ffffffff",123,32,2.47586658374394,0.173640029083218,17.7951917342963
"fish","844cc17ffffffff",12,7,1.82007597536062,0.180555555555556,NA
"fish","844cc19ffffffff",33,17,2.46092532230364,0.120293847566575,NA
"fish","844cc1bffffffff",18,4,1.11748995942315,0.376543209876543,NA
"fish","844cc1dffffffff",95,18,2.1768418069875,0.207534626038781,14.3729475996033
"fish","844cc21ffffffff",61,7,1.65264175462347,0.242676699811879,6.96915762321332
"fish","844cc23ffffffff",33,7,1.50288285734448,0.283746556473829,NA
"fish","844cc25ffffffff",17,5,0.997614864139987,0.522491349480969,NA
"fish","844cc27ffffffff",22,4,1.3421131789144,0.272727272727273,NA
"fish","844cc29ffffffff",13,4,1.07201696856319,0.431952662721894,NA
"fish","844cc2bffffffff",220,16,1.49789545217337,0.39404958677686,9.07336242836506
"fish","844cc2dffffffff",4,4,1.38629436111989,0.25,NA
"fish","844cc31ffffffff",67,9,1.5487766800591,0.31031410113611,8.17588985564766
"fish","844cc35ffffffff",35,6,1.57415320083938,0.23265306122449,NA
"fish","844cc37ffffffff",3,3,1.09861228866811,0.333333333333333,NA
"fish","844cc39ffffffff",118,15,1.91196373069582,0.257828210284401,11.4780803886141
"fish","844cc3bffffffff",32,9,1.88729322828327,0.1875,NA
"fish","844cc3dffffffff",71,11,1.62885947918196,0.321563181908351,9.83428370717126
"fish","844cc41ffffffff",95,13,1.85862816476631,0.266038781163435,10.9724682809242
"fish","844cc43ffffffff",3963,297,4.53976413302659,0.0168526444682707,35.5918333126889
"fish","844cc45ffffffff",7,4,1.35178399428965,0.26530612244898,NA
"fish","844cc47ffffffff",43,22,2.67659866915709,0.111952406706328,NA
"fish","844cc49ffffffff",181,21,2.03716524536917,0.273282256341382,13.8127264983468
"fish","844cc4bffffffff",41,12,1.84202016732157,0.26948245092207,NA
"fish","844cc4dffffffff",31,7,1.30259735533987,0.388137356919875,NA
"fish","844cc51ffffffff",10,7,1.88669678465808,0.16,NA
"fish","844cc53ffffffff",5923,177,4.19300354630243,0.0223023939191029,32.5360851581452
"fish","844cc55ffffffff",2204,256,4.4212326642815,0.023946314406079,33.4693054582695
"fish","844cc57ffffffff",10138,273,4.17961325895392,0.0257375423729374,31.4088819145841
"fish","844cc59ffffffff",550,103,3.8774463725879,0.0350148760330578,29.4916398068086
"fish","844cc5bffffffff",32,25,3.14613250681211,0.046875,NA
"fish","844cc5dffffffff",143,94,4.40465022233284,0.0144261333072522,42.2962771840952
"fish","844cc61ffffffff",12,8,1.81430751960713,0.222222222222222,NA
"fish","844cc63ffffffff",6,5,1.56071040904141,0.222222222222222,NA
"fish","844cc65ffffffff",1,1,0,1,NA
"fish","844cc67ffffffff",1,1,0,1,NA
"fish","844cc69ffffffff",19,16,2.72555039583172,0.0692520775623269,NA
"fish","844cc6bffffffff",31,25,3.14879319446954,0.0468262226847034,NA
"fish","844cc6dffffffff",2,2,0.693147180559945,0.5,NA
"fish","844cc81ffffffff",17,7,1.67499001278379,0.238754325259516,NA
"fish","844cc85ffffffff",14,6,1.6681739719974,0.214285714285714,NA
"fish","844cc87ffffffff",17,6,1.49768640748664,0.28719723183391,NA
"fish","844cc89ffffffff",11,5,1.41427906512471,0.289256198347107,NA
"fish","844cc8dffffffff",19,7,1.68924530995639,0.224376731301939,NA
"fish","844cc93ffffffff",3,3,1.09861228866811,0.333333333333333,NA
"fish","844cc95ffffffff",1,1,0,1,NA
"fish","844cc99ffffffff",72,14,2.04574966965742,0.17283950617284,11.7377977751341
"fish","844cc9bffffffff",2,2,0.693147180559945,0.5,NA
"fish","844cca1ffffffff",9,6,1.73512645696292,0.185185185185185,NA
"fish","844cca5ffffffff",39,7,1.78015821584194,0.188691650230112,NA
"fish","844cca7ffffffff",26,21,2.99150146857535,0.0532544378698225,NA
"fish","844cca9ffffffff",11,4,1.2406842919534,0.322314049586777,NA
"fish","844ccabffffffff",3,3,1.09861228866811,0.333333333333333,NA
"fish","844ccadffffffff",20,6,1.61725531260495,0.225,NA
"fish","844ccc1ffffffff",12,4,1.19884931291362,0.347222222222222,NA
"fish","844ccc3ffffffff",13,6,1.62602069242075,0.230769230769231,NA
"fish","844ccc7ffffffff",2,2,0.693147180559945,0.5,NA
"fish","844ccc9ffffffff",8,4,1.2130075659799,0.34375,NA
"fish","844cccbffffffff",35,9,1.89102048338107,0.190204081632653,NA
"fish","844cccdffffffff",50,8,1.6975351714903,0.2336,8
"fish","844ccd1ffffffff",752,9,1.87101702178967,0.183001358080579,7.77743769974505
"fish","844ccd3ffffffff",16,7,1.87345173755457,0.1640625,NA
"fish","844ccd5ffffffff",12,6,1.47350238508065,0.305555555555556,NA
"fish","844ccd7ffffffff",9,7,1.83102048111352,0.185185185185185,NA
"fish","844ccd9ffffffff",34,8,1.80493843314675,0.193771626297578,NA
"fish","844ccdbffffffff",31,8,1.74027969952367,0.22372528616025,NA
"fish","844ccddffffffff",14,5,1.43275705299709,0.26530612244898,NA
"fish","844cce1ffffffff",10,7,1.74806734854609,0.22,NA
"fish","844cce3ffffffff",7,5,1.5498260458782,0.224489795918367,NA
"fish","844cce5ffffffff",3,2,0.636514168294813,0.555555555555556,NA
"fish","844cce7ffffffff",11,7,1.84622021932163,0.173553719008264,NA
"fish","844cce9ffffffff",2,2,0.693147180559945,0.5,NA
"fish","844ccedffffffff",12,6,1.58325845942048,0.25,NA
"fish","844cd05ffffffff",5,4,1.33217904021012,0.28,NA
"fish","844cd09ffffffff",6,6,1.79175946922805,0.166666666666667,NA
"fish","844cd0bffffffff",17,7,1.85465261855982,0.169550173010381,NA
"fish","844cd0dffffffff",1,1,0,1,NA
"fish","844cd11ffffffff",5,4,1.33217904021012,0.28,NA
"fish","844cd13ffffffff",8,6,1.66746193342929,0.21875,NA
"fish","844cd15ffffffff",4,3,1.03972077083992,0.375,NA
"fish","844cd17ffffffff",3,3,1.09861228866811,0.333333333333333,NA
"fish","844cd19ffffffff",6,3,0.867563228481461,0.5,NA
"fish","844cd1bffffffff",1,1,0,1,NA
"fish","844cd21ffffffff",1,1,0,1,NA
"fish","844cd23ffffffff",2,2,0.693147180559945,0.5,NA
"fish","844cd25ffffffff",196,29,2.48336778133731,0.119064972927947,14.2357475737794
"fish","844cd27ffffffff",4,4,1.38629436111989,0.25,NA
"fish","844cd29ffffffff",9,5,1.52295506753132,0.234567901234568,NA
"fish","844cd2bffffffff",2,2,0.693147180559945,0.5,NA
"fish","844cd37ffffffff",26,7,1.68751541904362,0.210059171597633,NA
"fish","844cd3bffffffff",2,2,0.693147180559945,0.5,NA
"fish","844cd41ffffffff",2,2,0.693147180559945,0.5,NA
"fish","844cd43ffffffff",38,26,3.13578818651355,0.0498614958448753,NA
"fish","844cd45ffffffff",1,1,0,1,NA
"fish","844cd47ffffffff",2,1,0,1,NA
"fish","844cd49ffffffff",7,4,1.27703425946614,0.306122448979592,NA
"fish","844cd4bffffffff",7,6,1.74786809746676,0.183673469387755,NA
"fish","844cd4dffffffff",1,1,0,1,NA
"fish","844cd51ffffffff",25,15,2.60890630597545,0.0816,NA
"fish","844cd55ffffffff",176,120,4.67524370139154,0.0106534090909091,44.4709189074214
"fish","844cd59ffffffff",1,1,0,1,NA
"fish","844cd5bffffffff",108,49,3.56441706087743,0.0382373113854595,30.2680773151712
"fish","844cd5dffffffff",148,49,3.20447312463531,0.068845872899927,24.1395311194242
"fish","844cd61ffffffff",27,7,1.63046693489148,0.240054869684499,NA
"fish","844cd63ffffffff",12,10,2.25385758960135,0.111111111111111,NA
"fish","844cd65ffffffff",11,5,1.54659868604851,0.223140495867769,NA
"fish","844cd67ffffffff",48,17,2.47429417917317,0.118923611111111,NA
"fish","844cd6bffffffff",1,1,0,1,NA
"fish","844cd6dffffffff",4,3,1.03972077083992,0.375,NA
"fish","844cd81ffffffff",4,4,1.38629436111989,0.25,NA
"fish","844cd83ffffffff",13,5,1.52470739303014,0.230769230769231,NA
"fish","844cd85ffffffff",5,4,1.33217904021012,0.28,NA
"fish","844cd87ffffffff",11,6,1.54030582522652,0.272727272727273,NA
"fish","844cd8bffffffff",2,2,0.693147180559945,0.5,NA
"fish","844cd8dffffffff",8,7,1.90615474653985,0.15625,NA
"fish","844cd91ffffffff",9,5,1.52295506753132,0.234567901234568,NA
"fish","844cd93ffffffff",27,26,3.2444926304073,0.0397805212620027,NA
"fish","844cd95ffffffff",18,6,1.64791843300216,0.216049382716049,NA
"fish","844cd97ffffffff",63,47,3.6950199597117,0.0309901738473167,38.7778564535548
"fish","844cd99ffffffff",2,2,0.693147180559945,0.5,NA
"fish","844cd9bffffffff",6,5,1.56071040904141,0.222222222222222,NA
"fish","844cd9dffffffff",2,2,0.693147180559945,0.5,NA
"fish","844cda1ffffffff",1,1,0,1,NA
"fish","844cda3ffffffff",13,9,2.13839724634772,0.124260355029586,NA
"fish","844cda9ffffffff",7,6,1.74786809746676,0.183673469387755,NA
"fish","844cdabffffffff",14,6,1.59342423717389,0.23469387755102,NA
"fish","844cdb1ffffffff",3,3,1.09861228866811,0.333333333333333,NA
"fish","844cdb5ffffffff",57,8,1.75531113823562,0.210218528778086,7.75429696997837
"fish","844cdb7ffffffff",5,4,1.33217904021012,0.28,NA
"fish","844cdb9ffffffff",14,6,1.59342423717389,0.23469387755102,NA
"fish","844cdbbffffffff",1,1,0,1,NA
"fish","844cdbdffffffff",21,7,1.69879699307741,0.215419501133787,NA
"fish","844cdc3ffffffff",2,1,0,1,NA
"fish","844cdd1ffffffff",46,7,1.67423018194447,0.239130434782609,NA
"fish","844cdd3ffffffff",6,4,1.32966134885476,0.277777777777778,NA
"fish","844cdd5ffffffff",6,5,1.56071040904141,0.222222222222222,NA
"fish","844cdd7ffffffff",12,4,1.2366848691405,0.319444444444444,NA
"fish","844cdd9ffffffff",9,5,1.52295506753132,0.234567901234568,NA
"fish","844cddbffffffff",23,7,1.76397368409582,0.20226843100189,NA
"fish","844cdddffffffff",9,6,1.67698777432242,0.209876543209877,NA
"fish","844cde1ffffffff",2,2,0.693147180559945,0.5,NA
"fish","844cde3ffffffff",3,3,1.09861228866811,0.333333333333333,NA
"fish","844cde5ffffffff",2,1,0,1,NA
"fish","844cdebffffffff",4,4,1.38629436111989,0.25,NA
"fish","844cdedffffffff",1,1,0,1,NA
"fish","844ce01ffffffff",15,6,1.58678470752805,0.244444444444444,NA
"fish","844ce03ffffffff",78,17,2.11504013406733,0.214003944773176,14.1829336585267
"fish","844ce05ffffffff",18,18,2.89037175789616,0.0555555555555556,NA
"fish","844ce07ffffffff",60,10,1.85186998427569,0.225,9.63682844731925
"fish","844ce09ffffffff",60,8,1.37866575794456,0.379444444444445,7.63422530010274
"fish","844ce0bffffffff",54,21,2.39955180447029,0.15363511659808,19.8144922861904
"fish","844ce11ffffffff",8,4,1.25548232517875,0.3125,NA
"fish","844ce13ffffffff",89,35,2.78794931570092,0.137735134452721,23.339288310273
"fish","844ce15ffffffff",9,7,1.83102048111352,0.185185185185185,NA
"fish","844ce17ffffffff",12,8,1.97920451743432,0.152777777777778,NA
"fish","844ce19ffffffff",8,6,1.73286795139986,0.1875,NA
"fish","844ce1bffffffff",34,10,1.98460440433937,0.171280276816609,NA
"fish","844ce1dffffffff",27,6,1.54656531734229,0.245541838134431,NA
"fish","844ce21ffffffff",19,7,1.73983855854241,0.202216066481994,NA
"fish","844ce23ffffffff",68,7,1.657936182264,0.224048442906574,6.73068176423282
"fish","844ce25ffffffff",1,1,0,1,NA
"fish","844ce27ffffffff",4,4,1.38629436111989,0.25,NA
"fish","844ce2bffffffff",31,27,3.25511051272774,0.040582726326743,NA
"fish","844ce31ffffffff",5,2,0.673011667009257,0.52,NA
"fish","844ce33ffffffff",12,7,1.90728399932138,0.152777777777778,NA
"fish","844ce35ffffffff",43,9,1.71285868193657,0.239588967009194,NA
"fish","844ce39ffffffff",23,16,2.66807870221748,0.0775047258979206,NA
"fish","844ce3bffffffff",7,6,1.74786809746676,0.183673469387755,NA
"fish","844ce3dffffffff",2,2,0.693147180559945,0.5,NA
"fish","844ce41ffffffff",64,1,0,1,1
"fish","844ce45ffffffff",3,3,1.09861228866811,0.333333333333333,NA
"fish","844ce49ffffffff",10,4,1.3661588475692,0.26,NA
"fish","844ce4bffffffff",5,3,1.05492016798614,0.36,NA
"fish","844ce51ffffffff",2,2,0.693147180559945,0.5,NA
"fish","844ce53ffffffff",85,44,3.45930225865876,0.0496885813148789,31.2665542106394
"fish","844ce55ffffffff",4,4,1.38629436111989,0.25,NA
"fish","844ce57ffffffff",4,4,1.38629436111989,0.25,NA
"fish","844ce59ffffffff",20,7,1.3661588475692,0.39,NA
"fish","844ce5dffffffff",3,3,1.09861228866811,0.333333333333333,NA
"fish","844ce61ffffffff",2,2,0.693147180559945,0.5,NA
"fish","844ce81ffffffff",40595,287,4.26843506972615,0.0201458223326346,33.2479043200333
"fish","844ce83ffffffff",5970,186,4.15168815056274,0.0220572432233754,32.0918712997951
"fish","844ce85ffffffff",19391,241,4.10824357357535,0.0273605778977444,30.8336923410706
"fish","844ce87ffffffff",77,25,2.51155206479797,0.155675493337831,19.405777966132
"fish","844ce89ffffffff",193,100,4.40836742545211,0.0147386507020323,40.293251416226
"fish","844ce8bffffffff",27636,394,4.49406270011891,0.0175163448046908,35.1085884926129
"fish","844ce8dffffffff",65,51,3.85447318656028,0.0234319526627219,41.4426954094292
"fish","844ce91ffffffff",29,8,1.84298301783408,0.184304399524376,NA
"fish","844ce93ffffffff",117,52,3.5233220632023,0.0491635619840748,30.2545970020148
"fish","844ce95ffffffff",68548,430,4.50391652226793,0.0201128838692719,34.2872217976613
"fish","844ce97ffffffff",114,9,1.6252093526122,0.248076331178824,7.16832732803238
"fish","844ce99ffffffff",47,29,3.27469460010971,0.041195110909914,NA
"fish","844ce9bffffffff",21,10,2.21870193546738,0.115646258503401,NA
"fish","844ce9dffffffff",40,16,2.42286952208866,0.1175,NA
"fish","844cea1ffffffff",41,19,2.79377637582163,0.0731707317073171,NA
"fish","844cea3ffffffff",12,7,1.79175946922805,0.194444444444444,NA
"fish","844cea5ffffffff",30,23,3.0602870926087,0.0511111111111111,NA
"fish","844cea7ffffffff",44,11,1.50969076412108,0.395661157024793,NA
"fish","844cea9ffffffff",5723,284,4.49977254288679,0.0203605934638302,34.4547650336292
"fish","844ceabffffffff",538,91,4.04904286206934,0.0248545487209961,32.5431648482873
"fish","844ceadffffffff",3124,213,4.31857120338803,0.0221057165949954,33.2455770902008
"fish","844ceb1ffffffff",296,14,1.97367225960832,0.178118151935719,8.8300158748924
"fish","844ceb3ffffffff",243,16,1.90124752311404,0.218750529221494,9.49388337168775
"fish","844ceb5ffffffff",15,5,1.36244748519163,0.297777777777778,NA
"fish","844ceb7ffffffff",1156,209,4.51312261615128,0.0382059601776799,35.15529832235
"fish","844ceb9ffffffff",21224,347,4.22210542735486,0.0216045540263432,32.3428964774194
"fish","844cebbffffffff",161,43,3.05047256014869,0.0853747926391729,22.5318189981836
"fish","844cebdffffffff",15,6,1.43028030191109,0.306666666666667,NA
"fish","844cec1ffffffff",2,1,0,1,NA
"fish","844cec5ffffffff",24,22,3.06252930025462,0.0486111111111111,NA
"fish","844cec7ffffffff",27,18,2.68972739456396,0.0864197530864197,NA
"fish","844cec9ffffffff",19,19,2.94443897916644,0.0526315789473684,NA
"fish","844cecbffffffff",1,1,0,1,NA
"fish","844cecdffffffff",45,19,2.4770766511518,0.123950617283951,NA
"fish","844ced1ffffffff",7,2,0.598269588585257,0.591836734693878,NA
"fish","844ced5ffffffff",285,77,3.91478056278519,0.028550323176362,31.7978255242917
"fish","844ced7ffffffff",256,37,3.03666351187654,0.065765380859375,20.0919059465087
"fish","844ced9ffffffff",2,2,0.693147180559945,0.5,NA
"fish","844cedbffffffff",8,5,1.49417513828931,0.25,NA
"fish","844cee1ffffffff",18,12,2.39920429620262,0.0987654320987654,NA
"fish","844cee3ffffffff",9414,263,4.17837091869336,0.0247146701532403,31.6729684223394
"fish","844cee5ffffffff",813,193,4.55757844617035,0.0191037703734971,36.2867375057895
"fish","844cee7ffffffff",1699,185,4.23872834577664,0.0256000049885661,32.1581464809329
"fish","844cee9ffffffff",19,8,1.85093843435248,0.185595567867036,NA
"fish","844ceedffffffff",26,20,2.8848634407969,0.0650887573964497,NA
"fish","844cf01ffffffff",2,2,0.693147180559945,0.5,NA
"fish","844cf03ffffffff",7,7,1.94591014905531,0.142857142857143,NA
"fish","844cf0bffffffff",7,6,1.74786809746676,0.183673469387755,NA
"fish","844cf15ffffffff",1,1,0,1,NA
"fish","844cf1dffffffff",4,4,1.38629436111989,0.25,NA
"fish","844cf21ffffffff",30,28,3.3087777575875,0.0377777777777778,NA
"fish","844cf23ffffffff",15,13,2.52321095295289,0.0844444444444444,NA
"fish","844cf25ffffffff",95,55,3.83690979933687,0.0253739612188366,35.9955254284137
"fish","844cf29ffffffff",2,2,0.693147180559945,0.5,NA
"fish","844cf2bffffffff",32,31,3.42241420401473,0.033203125,NA
"fish","844cf2dffffffff",263,65,1.67855337580757,0.539707094218509,14.0946506835406
"fish","844cf31ffffffff",16,9,2.04673853269455,0.1484375,NA
"fish","844cf33ffffffff",1,1,0,1,NA
"fish","844cf35ffffffff",2,2,0.693147180559945,0.5,NA
"fish","844cf39ffffffff",8,7,1.90615474653985,0.15625,NA
"fish","844cf3bffffffff",35,20,2.89171360247663,0.0612244897959184,NA
"fish","844cf3dffffffff",97,23,2.47103740503238,0.125092996067595,16.0111674647066
"fish","844cf53ffffffff",4,4,1.38629436111989,0.25,NA
"fish","844cf55ffffffff",1,1,0,1,NA
"fish","844cf57ffffffff",2,2,0.693147180559945,0.5,NA
"fish","844cf5bffffffff",2,1,0,1,NA
"fish","844cf5dffffffff",1,1,0,1,NA
"fish","844cf61ffffffff",22,14,2.52392203290018,0.0909090909090909,NA
"fish","844cf63ffffffff",2,2,0.693147180559945,0.5,NA
"fish","844cf69ffffffff",9,8,2.04319187054512,0.135802469135802,NA
"fish","844d003ffffffff",3,3,1.09861228866811,0.333333333333333,NA
"fish","844d013ffffffff",11,5,1.54659868604851,0.223140495867769,NA
"fish","844d017ffffffff",9,5,1.52295506753132,0.234567901234568,NA
"fish","844d021ffffffff",105,1,0,1,1
"fish","844d023ffffffff",1273,2,0.00640120873738628,0.998430142256016,1.03927729772055
"fish","844d025ffffffff",1,1,0,1,NA
"fish","844d027ffffffff",4,4,1.38629436111989,0.25,NA
"fish","844d02dffffffff",4,4,1.38629436111989,0.25,NA
"fish","844d031ffffffff",4,4,1.38629436111989,0.25,NA
"fish","844d035ffffffff",5,4,1.33217904021012,0.28,NA
"fish","844d037ffffffff",11,4,1.3730039128772,0.256198347107438,NA
"fish","844d039ffffffff",4,4,1.38629436111989,0.25,NA
"fish","844d03bffffffff",3,3,1.09861228866811,0.333333333333333,NA
"fish","844d055ffffffff",1,1,0,1,NA
"fish","844d059ffffffff",3,3,1.09861228866811,0.333333333333333,NA
"fish","844d05bffffffff",5,1,0,1,NA
"fish","844d05dffffffff",677,34,0.511197390682714,0.857975384494544,4.55047363066368
"fish","844d083ffffffff",38,25,3.00998932512136,0.0664819944598338,NA
"fish","844d085ffffffff",41,2,0.194908687187818,0.907198096371208,NA
"fish","844d08dffffffff",2,2,0.693147180559945,0.5,NA
"fish","844d093ffffffff",2,1,0,1,NA
"fish","844d09dffffffff",4,4,1.38629436111989,0.25,NA
"fish","844d0a1ffffffff",753,7,0.0848346021120522,0.976268454292613,1.58057943970826
"fish","844d0a3ffffffff",12,4,1.19884931291362,0.347222222222222,NA
"fish","844d0a5ffffffff",14,6,1.35178399428965,0.36734693877551,NA
"fish","844d0a7ffffffff",10,3,0.639031859650177,0.66,NA
"fish","844d0a9ffffffff",4,4,1.38629436111989,0.25,NA
"fish","844d0adffffffff",41,6,0.567067632937967,0.773944080904224,NA
"fish","844d0b5ffffffff",29,6,0.73718231521576,0.690844233055886,NA
"fish","844d0b9ffffffff",1,1,0,1,NA
"fish","844d0c3ffffffff",30,11,1.73764414831829,0.308888888888889,NA
"fish","844d0c9ffffffff",6,1,0,1,NA
"fish","844d0cbffffffff",76,18,1.26196345885463,0.566481994459834,12.6403508771931
"fish","844d0d1ffffffff",1,1,0,1,NA
"fish","844d0ddffffffff",102,72,3.72652201138076,0.0732410611303345,37.0658124632082
"fish","844d0e3ffffffff",1,1,0,1,NA
"fish","844d0ebffffffff",7,7,1.94591014905531,0.142857142857143,NA
"fish","844d101ffffffff",8,1,0,1,NA
"fish","844d103ffffffff",7,5,1.5498260458782,0.224489795918367,NA
"fish","844d105ffffffff",4,4,1.38629436111989,0.25,NA
"fish","844d107ffffffff",18,5,1.59997142092687,0.203703703703704,NA
"fish","844d10bffffffff",52,7,0.986768542462406,0.574704142011834,6.92232277526395
"fish","844d113ffffffff",8,5,1.55958115625988,0.21875,NA
"fish","844d115ffffffff",5,3,0.950270539233235,0.44,NA
"fish","844d117ffffffff",1,1,0,1,NA
"fish","844d11bffffffff",1,1,0,1,NA
"fish","844d11dffffffff",3,3,1.09861228866811,0.333333333333333,NA
"fish","844d123ffffffff",18,8,1.92306886809511,0.166666666666667,NA
"fish","844d125ffffffff",3,3,1.09861228866811,0.333333333333333,NA
"fish","844d127ffffffff",2,2,0.693147180559945,0.5,NA
"fish","844d12bffffffff",22,20,2.96501569325651,0.0537190082644628,NA
"fish","844d131ffffffff",12,7,1.79175946922805,0.194444444444444,NA
"fish","844d133ffffffff",41,8,1.79713428839858,0.194527067221892,NA
"fish","844d135ffffffff",5,4,1.33217904021012,0.28,NA
"fish","844d137ffffffff",13,8,1.95125950414396,0.159763313609467,NA
"fish","844d139ffffffff",27,6,1.14416585747192,0.470507544581619,NA
"fish","844d13dffffffff",51,9,1.37174050557755,0.417147251057286,8.94117647058824
"fish","844d141ffffffff",1,1,0,1,NA
"fish","844d145ffffffff",17,7,1.85465261855982,0.169550173010381,NA
"fish","844d14dffffffff",1,1,0,1,NA
"fish","844d153ffffffff",2,2,0.693147180559945,0.5,NA
"fish","844d159ffffffff",31,1,0,1,NA
"fish","844d15dffffffff",2,2,0.693147180559945,0.5,NA
"fish","844d163ffffffff",9,9,2.19722457733622,0.111111111111111,NA
"fish","844d181ffffffff",20,6,1.66958012698141,0.205,NA
"fish","844d183ffffffff",43,11,1.62060062628812,0.339102217414819,NA
"fish","844d185ffffffff",40,7,1.7726208255778,0.18625,NA
"fish","844d187ffffffff",22,6,1.68492438272072,0.198347107438017,NA
"fish","844d189ffffffff",7,5,1.5498260458782,0.224489795918367,NA
"fish","844d18bffffffff",2,2,0.693147180559945,0.5,NA
"fish","844d191ffffffff",10,3,0.639031859650177,0.66,NA
"fish","844d193ffffffff",8,5,1.55958115625988,0.21875,NA
"fish","844d195ffffffff",8,6,1.73286795139986,0.1875,NA
"fish","844d197ffffffff",35,7,1.77316405701896,0.188571428571429,NA
"fish","844d199ffffffff",2,2,0.693147180559945,0.5,NA
"fish","844d19dffffffff",42,10,1.83320901498786,0.210884353741497,NA
"fish","844d1a1ffffffff",256,14,1.96206943635973,0.185302734375,9.22294208380774
"fish","844d1a3ffffffff",144,11,1.64526873960128,0.266203703703704,8.16611278945533
"fish","844d1a5ffffffff",118,12,1.90420231127998,0.19132433208848,9.37021661364027
"fish","844d1a7ffffffff",82,12,1.92300386998684,0.19244497323022,9.97711795530504
"fish","844d1a9ffffffff",62,10,1.91580696535969,0.187825182101977,9.66670551683757
"fish","844d1abffffffff",103,10,1.8752107112723,0.183711942690169,8.4132268691523
"fish","844d1adffffffff",101,9,1.69237876197379,0.259680423487893,7.92664513952505
"fish","844d1b1ffffffff",54,9,1.56692449313508,0.294238683127572,8.69951083158631
"fish","844d1b3ffffffff",8,6,1.66746193342929,0.21875,NA
"fish","844d1b5ffffffff",105,13,2.03289771804064,0.16952380952381,10.6007841278133
"fish","844d1b7ffffffff",104,26,2.19689766188337,0.210059171597633,15.3401129954358
"fish","844d1b9ffffffff",15,5,1.45025234466349,0.262222222222222,NA
"fish","844d1bbffffffff",8,4,1.25548232517875,0.3125,NA
"fish","844d1bdffffffff",26,8,1.83756570443574,0.195266272189349,NA
"fish","844d1c1ffffffff",17,5,1.51360267834245,0.231833910034602,NA
"fish","844d1c3ffffffff",3,3,1.09861228866811,0.333333333333333,NA
"fish","844d1c5ffffffff",62,12,1.88443215549861,0.210197710718002,10.956514161583
"fish","844d1c7ffffffff",5,3,1.05492016798614,0.36,NA
"fish","844d1c9ffffffff",12,5,1.42412991734677,0.277777777777778,NA
"fish","844d1cbffffffff",13,4,1.2852930241201,0.289940828402367,NA
"fish","844d1cdffffffff",11,7,1.89378823239114,0.15702479338843,NA
"fish","844d1d1ffffffff",4,4,1.38629436111989,0.25,NA
"fish","844d1d5ffffffff",3,3,1.09861228866811,0.333333333333333,NA
"fish","844d1d9ffffffff",5,5,1.6094379124341,0.2,NA
"fish","844d1ddffffffff",4,4,1.38629436111989,0.25,NA
"fish","844d1e1ffffffff",375,17,1.82613491545209,0.252238222222222,9.89649997657574
"fish","844d1e3ffffffff",59,7,1.48802303152294,0.276644642344154,6.80279307268756
"fish","844d1e5ffffffff",65,9,1.8459851061123,0.177278106508876,8.25721151852328
"fish","844d1e7ffffffff",30,7,1.77312800755248,0.188888888888889,NA
"fish","844d1e9ffffffff",6,5,1.56071040904141,0.222222222222222,NA
"fish","844d1ebffffffff",77,10,1.84461591401446,0.194467869792545,8.78685033640763
"fish","844d201ffffffff",2,2,0.693147180559945,0.5,NA
"fish","844d203ffffffff",3,3,1.09861228866811,0.333333333333333,NA
"fish","844d207ffffffff",10,6,1.6094379124341,0.24,NA
"fish","844d213ffffffff",4,2,0.693147180559945,0.5,NA
"fish","844d215ffffffff",64,21,2.48789448400202,0.1181640625,17.8471759653926
"fish","844d217ffffffff",40,7,1.47601250705801,0.31,NA
"fish","844d21bffffffff",29,7,0.880524555284045,0.63614744351962,NA
"fish","844d227ffffffff",2,2,0.693147180559945,0.5,NA
"fish","844d239ffffffff",122,63,4.13360000124085,0.0161246976619188,40.2079664002151
"fish","844d23bffffffff",1,1,0,1,NA
"fish","844d241ffffffff",3,3,1.09861228866811,0.333333333333333,NA
"fish","844d245ffffffff",284,8,0.255630457041098,0.917551081134695,2.96025979196744
"fish","844d247ffffffff",8,8,2.07944154167984,0.125,NA
"fish","844d261ffffffff",16,16,2.77258872223978,0.0625,NA
"fish","844d26dffffffff",26,19,2.81141949830134,0.0710059171597633,NA
"fish","844d281ffffffff",6,6,1.79175946922805,0.166666666666667,NA
"fish","844d285ffffffff",7,6,1.74786809746676,0.183673469387755,NA
"fish","844d289ffffffff",21,21,3.04452243772342,0.0476190476190476,NA
"fish","844d28bffffffff",10,5,1.50478828368119,0.24,NA
"fish","844d28dffffffff",44,42,3.72117625386736,0.0247933884297521,NA
"fish","844d293ffffffff",5,5,1.6094379124341,0.2,NA
"fish","844d2a9ffffffff",6,5,1.56071040904141,0.222222222222222,NA
"fish","844d2abffffffff",2,1,0,1,NA
"fish","844d2adffffffff",8,1,0,1,NA
"fish","844d2b3ffffffff",2,2,0.693147180559945,0.5,NA
"fish","844d2b7ffffffff",3,3,1.09861228866811,0.333333333333333,NA
"fish","844d2b9ffffffff",18,6,1.3768860864087,0.314814814814815,NA
"fish","844d2bbffffffff",2,2,0.693147180559945,0.5,NA
"fish","844d2bdffffffff",4,4,1.38629436111989,0.25,NA
"fish","844d2c5ffffffff",3,3,1.09861228866811,0.333333333333333,NA
"fish","844d2c7ffffffff",20,13,2.16395565688206,0.19,NA
"fish","844d2d5ffffffff",3,3,1.09861228866811,0.333333333333333,NA
"fish","844d2d7ffffffff",3,1,0,1,NA
"fish","844d2e1ffffffff",6,1,0,1,NA
"fish","844d2e3ffffffff",91,29,2.8215978030179,0.090931046975003,20.9391341086491
"fish","844d2e9ffffffff",6,6,1.79175946922805,0.166666666666667,NA
"fish","844d309ffffffff",43,1,0,1,NA
"fish","844d30dffffffff",1,1,0,1,NA
"fish","844d315ffffffff",3,3,1.09861228866811,0.333333333333333,NA
"fish","844d31dffffffff",13,5,1.49856907967701,0.242603550295858,NA
"fish","844d321ffffffff",6,2,0.693147180559945,0.5,NA
"fish","844d323ffffffff",6,2,0.693147180559945,0.5,NA
"fish","844d331ffffffff",1,1,0,1,NA
"fish","844d335ffffffff",194,1,0,1,1
"fish","844d337ffffffff",10,3,1.08889997534522,0.34,NA
"fish","844d339ffffffff",100,53,3.95361183626174,0.0194,38.3686868686869
"fish","844d343ffffffff",2,1,0,1,NA
"fish","844d353ffffffff",1098,6,0.0544825746408457,0.985492748862811,1.35819663829347
"fish","844d363ffffffff",3,3,1.09861228866811,0.333333333333333,NA
"fish","844d401ffffffff",13,5,1.26362567212373,0.36094674556213,NA
"fish","844d403ffffffff",3,2,0.636514168294813,0.555555555555556,NA
"fish","844d405ffffffff",15,7,1.76700919107457,0.2,NA
"fish","844d407ffffffff",6,4,1.32966134885476,0.277777777777778,NA
"fish","844d409ffffffff",14,7,1.67311836264325,0.244897959183673,NA
"fish","844d40bffffffff",23,7,1.58153289179739,0.281663516068053,NA
"fish","844d40dffffffff",9,6,1.67698777432242,0.209876543209877,NA
"fish","844d411ffffffff",26,8,1.60238876206613,0.29585798816568,NA
"fish","844d413ffffffff",61,11,1.74497759042469,0.289975812953507,10.4184418371239
"fish","844d415ffffffff",16,6,1.70016494241458,0.1953125,NA
"fish","844d417ffffffff",30,7,1.54835227765887,0.26,NA
"fish","844d419ffffffff",3,3,1.09861228866811,0.333333333333333,NA
"fish","844d41bffffffff",6,2,0.636514168294813,0.555555555555556,NA
"fish","844d41dffffffff",4,3,1.03972077083992,0.375,NA
"fish","844d421ffffffff",2,2,0.693147180559945,0.5,NA
"fish","844d425ffffffff",3,3,1.09861228866811,0.333333333333333,NA
"fish","844d429ffffffff",2,2,0.693147180559945,0.5,NA
"fish","844d42bffffffff",7,4,1.27703425946614,0.306122448979592,NA
"fish","844d42dffffffff",3,3,1.09861228866811,0.333333333333333,NA
"fish","844d431ffffffff",7,4,1.27703425946614,0.306122448979592,NA
"fish","844d433ffffffff",2,2,0.693147180559945,0.5,NA
"fish","844d439ffffffff",6,3,1.09861228866811,0.333333333333333,NA
"fish","844d43bffffffff",9,4,1.31078367809971,0.283950617283951,NA
"fish","844d43dffffffff",1,1,0,1,NA
"fish","844d441ffffffff",6,3,1.01140426470735,0.388888888888889,NA
"fish","844d443ffffffff",9,5,1.52295506753132,0.234567901234568,NA
"fish","844d447ffffffff",21,7,1.80643697164308,0.183673469387755,NA
"fish","844d449ffffffff",7,5,1.4750763110547,0.26530612244898,NA
"fish","844d44bffffffff",11,5,1.3896811919839,0.289256198347107,NA
"fish","844d44dffffffff",6,4,1.32966134885476,0.277777777777778,NA
"fish","844d451ffffffff",26,7,1.74572787687578,0.198224852071006,NA
"fish","844d453ffffffff",5,4,1.33217904021012,0.28,NA
"fish","844d455ffffffff",28,8,1.74994390095383,0.206632653061224,NA
"fish","844d457ffffffff",14,4,1.33373602720281,0.275510204081633,NA
"fish","844d459ffffffff",7,5,1.5498260458782,0.224489795918367,NA
"fish","844d45bffffffff",14,7,1.74786809746676,0.204081632653061,NA
"fish","844d45dffffffff",14,6,1.53672246943722,0.26530612244898,NA
"fish","844d461ffffffff",12,7,1.74815545724768,0.208333333333333,NA
"fish","844d463ffffffff",6,4,1.32966134885476,0.277777777777778,NA
"fish","844d465ffffffff",7,5,1.5498260458782,0.224489795918367,NA
"fish","844d467ffffffff",11,11,2.39789527279837,0.0909090909090909,NA
"fish","844d469ffffffff",1,1,0,1,NA
"fish","844d46bffffffff",9,5,1.42706104338072,0.283950617283951,NA
"fish","844d489ffffffff",5,5,1.6094379124341,0.2,NA
"fish","844d48dffffffff",3,3,1.09861228866811,0.333333333333333,NA
"fish","844d491ffffffff",1,1,0,1,NA
"fish","844d493ffffffff",26,16,2.72490639912922,0.0680473372781065,NA
"fish","844d495ffffffff",7,5,1.5498260458782,0.224489795918367,NA
"fish","844d497ffffffff",610,237,5.15782972786148,0.0077882289707068,43.5521267602827
"fish","844d4a5ffffffff",4,4,1.38629436111989,0.25,NA
"fish","844d4a9ffffffff",2,2,0.693147180559945,0.5,NA
"fish","844d4b1ffffffff",78,56,3.83045654945242,0.0318869165023011,39.2867028576065
"fish","844d4b3ffffffff",48,35,3.45596415258616,0.0355902777777778,NA
"fish","844d4b7ffffffff",6,6,1.79175946922805,0.166666666666667,NA
"fish","844d4b9ffffffff",1,1,0,1,NA
"fish","844d4bbffffffff",483,165,4.26208217199076,0.0379829310426124,33.1284540664896
"fish","844d4c1ffffffff",10,5,1.50478828368119,0.24,NA
"fish","844d4c3ffffffff",2,2,0.693147180559945,0.5,NA
"fish","844d4c5ffffffff",19,5,1.33418637493295,0.318559556786704,NA
"fish","844d4c7ffffffff",4,4,1.38629436111989,0.25,NA
"fish","844d4c9ffffffff",7,5,1.5498260458782,0.224489795918367,NA
"fish","844d4cbffffffff",8,6,1.73286795139986,0.1875,NA
"fish","844d4cdffffffff",21,10,2.04089905711622,0.170068027210884,NA
"fish","844d4e1ffffffff",18,7,1.69040847253418,0.228395061728395,NA
"fish","844d4e3ffffffff",3,3,1.09861228866811,0.333333333333333,NA
"fish","844d4e5ffffffff",10,6,1.64341771979318,0.22,NA
"fish","844d4e7ffffffff",5,3,1.05492016798614,0.36,NA
"fish","844d4e9ffffffff",24,7,1.61921871847695,0.25,NA
"fish","844d4ebffffffff",7,4,1.27703425946614,0.306122448979592,NA
"fish","844d4edffffffff",7,3,0.796311640173813,0.551020408163265,NA
"fish","844d501ffffffff",3,3,1.09861228866811,0.333333333333333,NA
"fish","844d505ffffffff",2,2,0.693147180559945,0.5,NA
"fish","844d507ffffffff",4,4,1.38629436111989,0.25,NA
"fish","844d511ffffffff",7,5,1.5498260458782,0.224489795918367,NA
"fish","844d513ffffffff",5,5,1.6094379124341,0.2,NA
"fish","844d515ffffffff",2,2,0.693147180559945,0.5,NA
"fish","844d517ffffffff",2,2,0.693147180559945,0.5,NA
"fish","844d519ffffffff",4,4,1.38629436111989,0.25,NA
"fish","844d51bffffffff",23,7,1.84777575236614,0.168241965973535,NA
"fish","844d521ffffffff",4,4,1.38629436111989,0.25,NA
"fish","844d523ffffffff",34,30,3.28967847866997,0.0467128027681661,NA
"fish","844d52dffffffff",7,6,1.74786809746676,0.183673469387755,NA
"fish","844d533ffffffff",24,7,1.81243222243671,0.180555555555556,NA
"fish","844d537ffffffff",3,3,1.09861228866811,0.333333333333333,NA
"fish","844d539ffffffff",10,4,1.31383403319275,0.28,NA
"fish","844d53bffffffff",25,6,1.66462202008828,0.2096,NA
"fish","844d53dffffffff",4,4,1.38629436111989,0.25,NA
"fish","844d541ffffffff",5,3,0.950270539233235,0.44,NA
"fish","844d543ffffffff",3,3,1.09861228866811,0.333333333333333,NA
"fish","844d545ffffffff",3,3,1.09861228866811,0.333333333333333,NA
"fish","844d54bffffffff",4,3,1.03972077083992,0.375,NA
"fish","844d54dffffffff",18,6,1.69201980790846,0.197530864197531,NA
"fish","844d551ffffffff",4,4,1.38629436111989,0.25,NA
"fish","844d557ffffffff",4,3,1.03972077083992,0.375,NA
"fish","844d559ffffffff",20,5,1.58417075851253,0.21,NA
"fish","844d55bffffffff",2,2,0.693147180559945,0.5,NA
"fish","844d55dffffffff",1,1,0,1,NA
"fish","844d565ffffffff",4,4,1.38629436111989,0.25,NA
"fish","844d567ffffffff",10,5,1.50478828368119,0.24,NA
"fish","844d589ffffffff",19,18,2.87147611805487,0.0581717451523546,NA
"fish","844d58dffffffff",2,2,0.693147180559945,0.5,NA
"fish","844d593ffffffff",1,1,0,1,NA
"fish","844d5a1ffffffff",3,3,1.09861228866811,0.333333333333333,NA
"fish","844d5a3ffffffff",1,1,0,1,NA
"fish","844d5a5ffffffff",5,5,1.6094379124341,0.2,NA
"fish","844d5a7ffffffff",1,1,0,1,NA
"fish","844d5b1ffffffff",19,14,2.55208529762097,0.0858725761772853,NA
"fish","844d5b3ffffffff",6,6,1.79175946922805,0.166666666666667,NA
"fish","844d5b5ffffffff",31,24,3.10407402153019,0.0489073881373569,NA
"fish","844d5b7ffffffff",2,2,0.693147180559945,0.5,NA
"fish","844d5bbffffffff",20,7,1.68657003066095,0.22,NA
"fish","844d5bdffffffff",26,21,2.91805752607979,0.0650887573964497,NA
"fish","844d5c1ffffffff",3,1,0,1,NA
"fish","844d5c3ffffffff",1,1,0,1,NA
"fish","844d5d1ffffffff",3,3,1.09861228866811,0.333333333333333,NA
"fish","844d5d5ffffffff",2,2,0.693147180559945,0.5,NA
"fish","844d5d9ffffffff",2,2,0.693147180559945,0.5,NA
"fish","844d5dbffffffff",4,4,1.38629436111989,0.25,NA
"fish","844d5ddffffffff",4,4,1.38629436111989,0.25,NA
"fish","844d5e1ffffffff",7,5,1.5498260458782,0.224489795918367,NA
"fish","844d5e3ffffffff",3,2,0.636514168294813,0.555555555555556,NA
"fish","844d5e5ffffffff",3,3,1.09861228866811,0.333333333333333,NA
"fish","844d5e9ffffffff",1,1,0,1,NA
"fish","844d5edffffffff",10,7,1.83437197028162,0.18,NA
"fish","844d627ffffffff",2,2,0.693147180559945,0.5,NA
"fish","844d635ffffffff",3,3,1.09861228866811,0.333333333333333,NA
"fish","844d685ffffffff",5,3,1.05492016798614,0.36,NA
"fish","844d695ffffffff",4,4,1.38629436111989,0.25,NA
"fish","844d697ffffffff",4,4,1.38629436111989,0.25,NA
"fish","844d6a1ffffffff",3,2,0.636514168294813,0.555555555555556,NA
"fish","844d6a5ffffffff",21,8,1.78972758854809,0.206349206349206,NA
"fish","844d6a7ffffffff",7,3,1.07899220787758,0.346938775510204,NA
"fish","844d6a9ffffffff",10,8,1.97300140639361,0.16,NA
"fish","844d6adffffffff",7,5,1.4750763110547,0.26530612244898,NA
"fish","844d6b1ffffffff",5,2,0.673011667009257,0.52,NA
"fish","844d6b3ffffffff",3,1,0,1,NA
"fish","844d6b5ffffffff",1,1,0,1,NA
"fish","844d6bbffffffff",15,4,0.988154224290194,0.484444444444444,NA
"fish","844d6bdffffffff",6,4,1.32966134885476,0.277777777777778,NA
"fish","844d6e3ffffffff",3,2,0.636514168294813,0.555555555555556,NA
"fish","844d6e5ffffffff",15,7,1.80650716526167,0.182222222222222,NA
"fish","844d6e7ffffffff",9,6,1.73512645696292,0.185185185185185,NA
"fish","844d709ffffffff",3,3,1.09861228866811,0.333333333333333,NA
"fish","844d70bffffffff",1,1,0,1,NA
"fish","844d711ffffffff",2,2,0.693147180559945,0.5,NA
"fish","844d717ffffffff",2,2,0.693147180559945,0.5,NA
"fish","844d719ffffffff",1,1,0,1,NA
"fish","844d71bffffffff",4,4,1.38629436111989,0.25,NA
"fish","844d71dffffffff",6,5,1.56071040904141,0.222222222222222,NA
"fish","844d725ffffffff",6,5,1.56071040904141,0.222222222222222,NA
"fish","844d727ffffffff",6,6,1.79175946922805,0.166666666666667,NA
"fish","844d737ffffffff",2,2,0.693147180559945,0.5,NA
"fish","844d73bffffffff",8,6,1.73286795139986,0.1875,NA
"fish","844d745ffffffff",55,45,3.75527966502886,0.0247933884297521,41.7508417508418
"fish","844d74bffffffff",12,1,0,1,NA
"fish","844d765ffffffff",10,7,1.74806734854609,0.22,NA
"fish","844d769ffffffff",4,4,1.38629436111989,0.25,NA
"fish","844d76dffffffff",12,6,1.7045514452673,0.194444444444444,NA
"fish","844d801ffffffff",4,4,1.38629436111989,0.25,NA
"fish","844d805ffffffff",7,5,1.5498260458782,0.224489795918367,NA
"fish","844d809ffffffff",27,26,3.2444926304073,0.0397805212620027,NA
"fish","844d80bffffffff",37,33,3.44690641025925,0.0343316289262235,NA
"fish","844d811ffffffff",4,1,0,1,NA
"fish","844d813ffffffff",34,7,1.51148181955285,0.320069204152249,NA
"fish","844d815ffffffff",6,6,1.79175946922805,0.166666666666667,NA
"fish","844d817ffffffff",13,8,2.03175921856927,0.136094674556213,NA
"fish","844d81bffffffff",2,1,0,1,NA
"fish","844d81dffffffff",23,8,1.86177110055126,0.190926275992439,NA
"fish","844d821ffffffff",12,6,1.7045514452673,0.194444444444444,NA
"fish","844d823ffffffff",21,6,1.67196529897886,0.201814058956916,NA
"fish","844d827ffffffff",34,7,1.78651892287238,0.185121107266436,NA
"fish","844d82bffffffff",14,5,1.51245117846645,0.23469387755102,NA
"fish","844d82dffffffff",8,5,1.55958115625988,0.21875,NA
"fish","844d831ffffffff",11,5,1.59416669911802,0.206611570247934,NA
"fish","844d833ffffffff",6,1,0,1,NA
"fish","844d835ffffffff",3,3,1.09861228866811,0.333333333333333,NA
"fish","844d837ffffffff",12,5,1.54542290319359,0.222222222222222,NA
"fish","844d839ffffffff",43,8,1.92839506094013,0.158464034613304,NA
"fish","844d83dffffffff",14,5,1.59836862781974,0.204081632653061,NA
"fish","844d841ffffffff",3,2,0.636514168294813,0.555555555555556,NA
"fish","844d843ffffffff",8,7,1.90615474653985,0.15625,NA
"fish","844d845ffffffff",7,7,1.94591014905531,0.142857142857143,NA
"fish","844d84dffffffff",13,12,2.45831132968308,0.0887573964497042,NA
"fish","844d851ffffffff",1,1,0,1,NA
"fish","844d853ffffffff",2,2,0.693147180559945,0.5,NA
"fish","844d855ffffffff",11,5,1.46813993901621,0.256198347107438,NA
"fish","844d857ffffffff",5,5,1.6094379124341,0.2,NA
"fish","844d85bffffffff",2,1,0,1,NA
"fish","844d85dffffffff",5,5,1.6094379124341,0.2,NA
"fish","844d861ffffffff",7,5,1.5498260458782,0.224489795918367,NA
"fish","844d863ffffffff",5,5,1.6094379124341,0.2,NA
"fish","844d865ffffffff",3,3,1.09861228866811,0.333333333333333,NA
"fish","844d867ffffffff",1,1,0,1,NA
"fish","844d881ffffffff",57,21,1.75545519510578,0.405971068020929,18.6535087719298
"fish","844d883ffffffff",14,1,0,1,NA
"fish","844d885ffffffff",20,20,2.99573227355399,0.05,NA
"fish","844d887ffffffff",3,3,1.09861228866811,0.333333333333333,NA
"fish","844d889ffffffff",9,4,1.31078367809971,0.283950617283951,NA
"fish","844d895ffffffff",18,8,1.84989815186856,0.191358024691358,NA
"fish","844d897ffffffff",42,7,0.816982795445529,0.662131519274376,NA
"fish","844d899ffffffff",11,6,1.67262544615032,0.206611570247934,NA
"fish","844d89bffffffff",25,8,1.89428715832979,0.1712,NA
"fish","844d89dffffffff",4,3,1.03972077083992,0.375,NA
"fish","844d8a1ffffffff",45,2,0.10656595882802,0.956543209876543,NA
"fish","844d8a3ffffffff",108,5,0.209754805728824,0.927640603566529,2.85185185185175
"fish","844d8a5ffffffff",2,1,0,1,NA
"fish","844d8a7ffffffff",72,5,0.291575508571955,0.892746913580247,3.77777777777775
"fish","844d8a9ffffffff",4,4,1.38629436111989,0.25,NA
"fish","844d8adffffffff",44,5,0.430662857451046,0.828512396694215,NA
"fish","844d8b1ffffffff",14,5,1.51245117846645,0.23469387755102,NA
"fish","844d8b3ffffffff",6,6,1.79175946922805,0.166666666666667,NA
"fish","844d8bbffffffff",34,15,1.97204411061381,0.271626297577855,NA
"fish","844d8c1ffffffff",8,5,1.55958115625988,0.21875,NA
"fish","844d8c5ffffffff",11,6,1.76776147228933,0.173553719008264,NA
"fish","844d8c7ffffffff",31,17,2.68472249269652,0.0780437044745057,NA
"fish","844d8cbffffffff",107,6,0.343019420246496,0.874399510874312,3.83900546640828
"fish","844d8cdffffffff",4,4,1.38629436111989,0.25,NA
"fish","844d8d1ffffffff",30,5,0.932152062924587,0.557777777777778,NA
"fish","844d8d3ffffffff",39,6,0.891655311819165,0.604207758053912,NA
"fish","844d8d5ffffffff",3,3,1.09861228866811,0.333333333333333,NA
"fish","844d8d7ffffffff",2,2,0.693147180559945,0.5,NA
"fish","844d8d9ffffffff",10,4,1.31383403319275,0.28,NA
"fish","844d8dbffffffff",7,5,1.5498260458782,0.224489795918367,NA
"fish","844d8ddffffffff",36,7,1.72033631404103,0.20216049382716,NA
"fish","844d8e1ffffffff",3,3,1.09861228866811,0.333333333333333,NA
"fish","844d8e5ffffffff",5,4,1.33217904021012,0.28,NA
"fish","844d8e7ffffffff",22,8,1.52281467951376,0.334710743801653,NA
"fish","844d8e9ffffffff",35,29,3.28779770565374,0.0416326530612245,NA
"fish","844d8ebffffffff",112,42,3.46500041044795,0.0400191326530612,28.4004957161923
"fish","844d8edffffffff",2,2,0.693147180559945,0.5,NA
"fish","844d901ffffffff",8,3,0.900256051268537,0.46875,NA
"fish","844d903ffffffff",30,24,3.12393850943818,0.0466666666666667,NA
"fish","844d907ffffffff",6,3,1.09861228866811,0.333333333333333,NA
"fish","844d909ffffffff",1,1,0,1,NA
"fish","844d90bffffffff",5,3,0.950270539233235,0.44,NA
"fish","844d90dffffffff",11,6,1.72019345921983,0.190082644628099,NA
"fish","844d911ffffffff",25,22,3.05252050153381,0.0496,NA
"fish","844d913ffffffff",22,7,1.77172176930638,0.190082644628099,NA
"fish","844d915ffffffff",10,5,1.50478828368119,0.24,NA
"fish","844d917ffffffff",29,7,1.663038869135,0.215219976218787,NA
"fish","844d919ffffffff",3,3,1.09861228866811,0.333333333333333,NA
"fish","844d91bffffffff",13,5,1.52470739303014,0.230769230769231,NA
"fish","844d91dffffffff",27,7,1.49740880012654,0.281207133058985,NA
"fish","844d921ffffffff",23,16,2.65330487293093,0.0812854442344045,NA
"fish","844d923ffffffff",11,6,1.72019345921983,0.190082644628099,NA
"fish","844d925ffffffff",8,8,2.07944154167984,0.125,NA
"fish","844d927ffffffff",28,7,1.65443092893737,0.247448979591837,NA
"fish","844d929ffffffff",4,4,1.38629436111989,0.25,NA
"fish","844d92bffffffff",11,7,1.89378823239114,0.15702479338843,NA
"fish","844d92dffffffff",4,4,1.38629436111989,0.25,NA
"fish","844d931ffffffff",16,12,2.42601513195981,0.09375,NA
"fish","844d933ffffffff",17,6,1.71154728628635,0.190311418685121,NA
"fish","844d935ffffffff",21,5,1.43474092429267,0.260770975056689,NA
"fish","844d937ffffffff",48,23,2.83628177332647,0.0772569444444444,NA
"fish","844d939ffffffff",4,4,1.38629436111989,0.25,NA
"fish","844d93bffffffff",23,7,1.74871729083517,0.198487712665406,NA
"fish","844d93dffffffff",3,3,1.09861228866811,0.333333333333333,NA
"fish","844d941ffffffff",19,11,2.28777322916228,0.113573407202216,NA
"fish","844d943ffffffff",3,3,1.09861228866811,0.333333333333333,NA
"fish","844d947ffffffff",5,3,0.950270539233235,0.44,NA
"fish","844d951ffffffff",14,4,1.25404190173345,0.306122448979592,NA
"fish","844d953ffffffff",63,10,1.82700419910961,0.196271101033006,9.13445626043056
"fish","844d957ffffffff",1,1,0,1,NA
"fish","844d95dffffffff",5,5,1.6094379124341,0.2,NA
"fish","844d961ffffffff",1,1,0,1,NA
"fish","844d965ffffffff",8,5,1.55958115625988,0.21875,NA
"fish","844d967ffffffff",9,6,1.67698777432242,0.209876543209877,NA
"fish","844d981ffffffff",18,1,0,1,NA
"fish","844d983ffffffff",11,6,1.72019345921983,0.190082644628099,NA
"fish","844d985ffffffff",28,7,1.76207954643921,0.188775510204082,NA
"fish","844d987ffffffff",7,3,1.07899220787758,0.346938775510204,NA
"fish","844d989ffffffff",66,7,0.784057757651891,0.675849403122131,6.37878787878787
"fish","844d98bffffffff",12,7,1.82007597536062,0.180555555555556,NA
"fish","844d98dffffffff",9,5,1.52295506753132,0.234567901234568,NA
"fish","844d995ffffffff",2,2,0.693147180559945,0.5,NA
"fish","844d997ffffffff",6,6,1.79175946922805,0.166666666666667,NA
"fish","844d999ffffffff",251,3,0.072398662597778,0.976317836224822,1.55856573705184
"fish","844d9a5ffffffff",1,1,0,1,NA
"fish","844d9a7ffffffff",31,25,3.13191422209004,0.0489073881373569,NA
"fish","844d9a9ffffffff",22,9,2.12916447348805,0.12396694214876,NA
"fish","844d9abffffffff",3,3,1.09861228866811,0.333333333333333,NA
"fish","844d9b1ffffffff",3,2,0.636514168294813,0.555555555555556,NA
"fish","844d9b3ffffffff",2,2,0.693147180559945,0.5,NA
"fish","844d9b9ffffffff",4,2,0.693147180559945,0.5,NA
"fish","844d9bbffffffff",10,4,1.31383403319275,0.28,NA
"fish","844d9bdffffffff",8,5,1.55958115625988,0.21875,NA
"fish","844d9c1ffffffff",6,6,1.79175946922805,0.166666666666667,NA
"fish","844d9c3ffffffff",34,6,1.64960630050863,0.204152249134948,NA
"fish","844d9c5ffffffff",8,5,1.55958115625988,0.21875,NA
"fish","844d9c7ffffffff",8,4,1.38629436111989,0.25,NA
"fish","844d9c9ffffffff",25,6,1.6793741045014,0.2032,NA
"fish","844d9cbffffffff",24,7,1.71870969833358,0.204861111111111,NA
"fish","844d9cdffffffff",37,7,1.78807254617798,0.180423666910153,NA
"fish","844d9d1ffffffff",7,5,1.5498260458782,0.224489795918367,NA
"fish","844d9d3ffffffff",4,4,1.38629436111989,0.25,NA
"fish","844d9d5ffffffff",24,6,1.69402346446664,0.197916666666667,NA
"fish","844d9dbffffffff",12,6,1.67623493913473,0.208333333333333,NA
"fish","844d9ddffffffff",7,4,1.27703425946614,0.306122448979592,NA
"fish","844d9e1ffffffff",126,12,1.94424543950345,0.181783824640967,9.63220510552254
"fish","844d9e3ffffffff",63,13,1.977510922153,0.190728143109095,11.9677083595596
"fish","844d9e5ffffffff",32,8,1.8885500230428,0.16796875,NA
"fish","844d9e7ffffffff",11,5,1.49903067297901,0.239669421487603,NA
"fish","844d9e9ffffffff",51,10,1.82283206207317,0.231064975009612,9.98039215686275
"fish","844d9ebffffffff",140,14,1.95752444868853,0.18969387755102,10.0436676578571
"fish","844d9edffffffff",47,10,2.02714507418405,0.153463105477592,NA
"fish","844da01ffffffff",3,3,1.09861228866811,0.333333333333333,NA
"fish","844da09ffffffff",2,2,0.693147180559945,0.5,NA
"fish","844da0bffffffff",5,5,1.6094379124341,0.2,NA
"fish","844da0dffffffff",1,1,0,1,NA
"fish","844da13ffffffff",1,1,0,1,NA
"fish","844da15ffffffff",4,3,1.03972077083992,0.375,NA
"fish","844da19ffffffff",21,7,1.75192641005698,0.201814058956916,NA
"fish","844da1bffffffff",6,6,1.79175946922805,0.166666666666667,NA
"fish","844da1dffffffff",6,4,1.242453324894,0.333333333333333,NA
"fish","844da21ffffffff",9,6,1.67698777432242,0.209876543209877,NA
"fish","844da23ffffffff",1,1,0,1,NA
"fish","844da25ffffffff",3,3,1.09861228866811,0.333333333333333,NA
"fish","844da27ffffffff",9,6,1.73512645696292,0.185185185185185,NA
"fish","844da2bffffffff",5,3,0.950270539233235,0.44,NA
"fish","844da2dffffffff",9,9,2.19722457733622,0.111111111111111,NA
"fish","844da35ffffffff",146,1,0,1,1
"fish","844da37ffffffff",4,4,1.38629436111989,0.25,NA
"fish","844da3bffffffff",3,3,1.09861228866811,0.333333333333333,NA
"fish","844da3dffffffff",6,5,1.56071040904141,0.222222222222222,NA
"fish","844da41ffffffff",89,22,1.92711737031198,0.260699406640576,13.9228024571549
"fish","844da43ffffffff",42,30,3.03117712145512,0.0895691609977324,NA
"fish","844da4dffffffff",1,1,0,1,NA
"fish","844da51ffffffff",2,2,0.693147180559945,0.5,NA
"fish","844da53ffffffff",4,4,1.38629436111989,0.25,NA
"fish","844da55ffffffff",98,54,3.78524713402743,0.0281132861307789,34.8913062503284
"fish","844da57ffffffff",14,6,1.710493230055,0.193877551020408,NA
"fish","844da5dffffffff",4,4,1.38629436111989,0.25,NA
"fish","844da63ffffffff",7,3,1.00424247305408,0.387755102040816,NA
"fish","844da65ffffffff",9,6,1.73512645696292,0.185185185185185,NA
"fish","844da67ffffffff",3,3,1.09861228866811,0.333333333333333,NA
"fish","844da6bffffffff",9,4,1.27302833658963,0.308641975308642,NA
"fish","844da81ffffffff",31,7,1.81875681722203,0.17585848074922,NA
"fish","844da83ffffffff",93,11,2.01842047045536,0.169152503179558,9.7918670216317
"fish","844da85ffffffff",17,6,1.62592870804154,0.217993079584775,NA
"fish","844da87ffffffff",38,8,1.90411957583173,0.167590027700831,NA
"fish","844da89ffffffff",69,39,3.44523142888678,0.0409577819785759,31.7868238551664
"fish","844da8bffffffff",123,34,2.68210289763163,0.110582325335448,18.278476013016
"fish","844da8dffffffff",72,6,1.57689954873683,0.225308641975309,5.69430195654266
"fish","844da91ffffffff",87,29,2.64248661045987,0.116131589377725,19.4236975793889
"fish","844da93ffffffff",55,10,1.97683405471561,0.165619834710744,9.7268622362962
"fish","844da95ffffffff",69,8,1.89168076222809,0.165301407267381,7.71566157136718
"fish","844da97ffffffff",105,44,3.47780919063714,0.0425396825396825,29.3678206242699
"fish","844da99ffffffff",136,8,1.84113733855069,0.173442906574394,7.23399413364909
"fish","844da9bffffffff",109,7,1.78991269071472,0.18424375052605,6.94404839406568
"fish","844da9dffffffff",70,9,1.86378240152937,0.17469387755102,8.1375596368771
"fish","844daa1ffffffff",3,3,1.09861228866811,0.333333333333333,NA
"fish","844daa3ffffffff",40,7,1.10914853204097,0.50875,NA
"fish","844daa5ffffffff",10,7,1.88669678465808,0.16,NA
"fish","844daa7ffffffff",4,4,1.38629436111989,0.25,NA
"fish","844daa9ffffffff",41,8,1.88089721044951,0.16716240333135,NA
"fish","844daabffffffff",14,6,1.69738965361402,0.193877551020408,NA
"fish","844daadffffffff",28,7,1.68525400812864,0.24234693877551,NA
"fish","844dab1ffffffff",54,13,2.12729670277395,0.163923182441701,12.6869290531888
"fish","844dab3ffffffff",9,5,1.58109375017182,0.209876543209877,NA
"fish","844dab5ffffffff",24,7,1.83973979786294,0.170138888888889,NA
"fish","844dab7ffffffff",50,5,0.52648435313528,0.7784,5
"fish","844dab9ffffffff",38,8,1.85835396067134,0.17590027700831,NA
"fish","844dabbffffffff",166,8,1.61239029751989,0.234068805341849,6.46452751392693
"fish","844dabdffffffff",18,7,1.78307346903822,0.185185185185185,NA
"fish","844dac1ffffffff",18,5,1.56705644243762,0.216049382716049,NA
"fish","844dac3ffffffff",26,6,1.56125249886593,0.236686390532544,NA
"fish","844dac5ffffffff",143,65,3.94191378296723,0.0244999755489266,35.078881278852
"fish","844dac7ffffffff",95,38,3.20671382168069,0.0610526315789474,26.0853825618425
"fish","844dac9ffffffff",8,5,1.49417513828931,0.25,NA
"fish","844dacbffffffff",3,3,1.09861228866811,0.333333333333333,NA
"fish","844dacdffffffff",7,6,1.74786809746676,0.183673469387755,NA
"fish","844dad1ffffffff",202,8,1.83700110953294,0.176551318498186,7.28137078007166
"fish","844dad3ffffffff",764,24,2.13963362727833,0.169403251007374,10.899667303498
"fish","844dad5ffffffff",33,8,1.96677539335165,0.153351698806244,NA
"fish","844dad7ffffffff",158,10,1.89574025819632,0.17801634353469,8.31131429073128
"fish","844dad9ffffffff",17,6,1.66077986173604,0.204152249134948,NA
"fish","844dadbffffffff",203,17,1.9823963689837,0.221723409934723,11.0650187923412
"fish","844daddffffffff",36,8,1.94306368974751,0.160493827160494,NA
"fish","844dae3ffffffff",26,6,1.64063667341674,0.210059171597633,NA
"fish","844dae5ffffffff",4,4,1.38629436111989,0.25,NA
"fish","844dae7ffffffff",25,6,1.7279318349954,0.1872,NA
"fish","844dae9ffffffff",7,5,1.5498260458782,0.224489795918367,NA
"fish","844daebffffffff",10,6,1.74806734854609,0.18,NA
"fish","844daedffffffff",4,4,1.38629436111989,0.25,NA
"fish","844db01ffffffff",15,7,1.82916037016772,0.173333333333333,NA
"fish","844db0dffffffff",20,8,1.74806734854609,0.23,NA
"fish","844db11ffffffff",5,5,1.6094379124341,0.2,NA
"fish","844db13ffffffff",11,6,1.67262544615032,0.206611570247934,NA
"fish","844db19ffffffff",1,1,0,1,NA
"fish","844db1bffffffff",42,17,2.55521432155661,0.0952380952380952,NA
"fish","844db1dffffffff",11,6,1.64173471218752,0.223140495867769,NA
"fish","844db21ffffffff",4,4,1.38629436111989,0.25,NA
"fish","844db23ffffffff",6,6,1.79175946922805,0.166666666666667,NA
"fish","844db33ffffffff",3,2,0.636514168294813,0.555555555555556,NA
"fish","844db37ffffffff",21,8,2.04557646215332,0.133786848072562,NA
"fish","844db3bffffffff",8,6,1.73286795139986,0.1875,NA
"fish","844db53ffffffff",5,5,1.6094379124341,0.2,NA
"fish","845e401ffffffff",2,2,0.693147180559945,0.5,NA
"fish","845e403ffffffff",25,4,1.2023982217183,0.3216,NA
"fish","845e405ffffffff",3,3,1.09861228866811,0.333333333333333,NA
"fish","845e407ffffffff",11,9,2.09827373952525,0.140495867768595,NA
"fish","845e409ffffffff",2,2,0.693147180559945,0.5,NA
"fish","845e40bffffffff",2,2,0.693147180559945,0.5,NA
"fish","845e40dffffffff",64,28,3.17841204600432,0.04931640625,25.873304393843
"fish","845e411ffffffff",86,8,1.63600139204496,0.223904813412655,6.92065630353036
"fish","845e413ffffffff",96,10,1.7677433340954,0.204644097222222,7.9669763391606
"fish","845e415ffffffff",3,2,0.636514168294813,0.555555555555556,NA
"fish","845e417ffffffff",12,4,1.19884931291362,0.347222222222222,NA
"fish","845e419ffffffff",102,9,1.78067685272904,0.198961937716263,7.77284091181439
"fish","845e41bffffffff",130,20,2.42025030626012,0.124733727810651,14.5917334461192
"fish","845e41dffffffff",21,8,2.036840744526,0.133786848072562,NA
"fish","845e421ffffffff",10,9,2.16395565688206,0.12,NA
"fish","845e423ffffffff",171,89,4.19309324756531,0.0218528778085565,37.6116393877142
"fish","845e429ffffffff",41,26,3.11984221738679,0.0517549077929804,NA
"fish","845e42bffffffff",41,30,3.25509044773995,0.0469958358120166,NA
"fish","845e431ffffffff",58,40,3.57022602026476,0.0321046373365042,36.0119342242755
"fish","845e433ffffffff",57,39,3.52465998374846,0.0347799322868575,35.4776664359583
"fish","845e435ffffffff",24,18,2.77371797502131,0.0729166666666667,NA
"fish","845e437ffffffff",52,43,3.70124569177674,0.0266272189349113,41.6485671191554
"fish","845e43dffffffff",291,176,4.92596864058835,0.0100730978613857,43.5177707208502
"fish","845e441ffffffff",2,2,0.693147180559945,0.5,NA
"fish","845e443ffffffff",6,6,1.79175946922805,0.166666666666667,NA
"fish","845e445ffffffff",14,13,2.54003630382098,0.0816326530612245,NA
"fish","845e447ffffffff",3,3,1.09861228866811,0.333333333333333,NA
"fish","845e449ffffffff",8,4,1.25548232517875,0.3125,NA
"fish","845e44bffffffff",8,7,1.90615474653985,0.15625,NA
"fish","845e44dffffffff",4,4,1.38629436111989,0.25,NA
"fish","845e451ffffffff",37,6,1.56816796137674,0.237399561723886,NA
"fish","845e453ffffffff",16,6,1.59340323182848,0.234375,NA
"fish","845e455ffffffff",9,9,2.19722457733622,0.111111111111111,NA
"fish","845e457ffffffff",90,33,2.79668131567835,0.104197530864198,21.635012624356
"fish","845e459ffffffff",26,15,2.59814344274443,0.0828402366863905,NA
"fish","845e45bffffffff",11,6,1.67262544615032,0.206611570247934,NA
"fish","845e45dffffffff",26,11,2.14949269518934,0.13905325443787,NA
"fish","845e461ffffffff",106,81,4.295517469758,0.0154859380562478,43.5405658028862
"fish","845e463ffffffff",617,210,5.11405861353958,0.00774648072310994,43.5699775075068
"fish","845e467ffffffff",251,131,4.70480041245089,0.0105553880097141,42.7832710398827
"fish","845e469ffffffff",1811,287,5.05954457487842,0.00918706194825719,41.2713891264044
"fish","845e46bffffffff",7,7,1.94591014905531,0.142857142857143,NA
"fish","845e46dffffffff",21,5,1.5498260458782,0.224489795918367,NA
"fish","845e483ffffffff",10,6,1.74806734854609,0.18,NA
"fish","845e485ffffffff",6,2,0.693147180559945,0.5,NA
"fish","845e487ffffffff",20,9,2.10245833899691,0.13,NA
"fish","845e489ffffffff",16,8,1.83642238675416,0.1953125,NA
"fish","845e48bffffffff",38,10,1.98792210200745,0.173130193905817,NA
"fish","845e48dffffffff",3,3,1.09861228866811,0.333333333333333,NA
"fish","845e491ffffffff",324,47,2.27335436221877,0.192062947721384,13.2550423233271
"fish","845e493ffffffff",164,10,1.7632813383957,0.230591909577632,8.11638732195173
"fish","845e495ffffffff",89,11,1.81991403834644,0.211968185835122,8.86865899441707
"fish","845e497ffffffff",192,41,2.53165212958702,0.1396484375,15.8253209412697
"fish","845e499ffffffff",318,96,3.44302879622834,0.0973458328388909,26.2238064377748
"fish","845e49bffffffff",223,16,1.77668570236339,0.247803092762774,9.07338241871653
"fish","845e49dffffffff",261,10,1.82668485286321,0.197340027304355,7.99653269688821
"fish","845e4a1ffffffff",57,31,3.19334642389032,0.0538627269929209,28.5840371607501
"fish","845e4a3ffffffff",92,63,3.98596007354712,0.0224480151228733,39.3319435002395
"fish","845e4a5ffffffff",54,35,3.48183424751229,0.0329218106995885,33.6034510562813
"fish","845e4a7ffffffff",23,16,2.65330487293093,0.0812854442344045,NA
"fish","845e4a9ffffffff",17,17,2.83321334405622,0.0588235294117647,NA
"fish","845e4abffffffff",102,43,3.62692227430405,0.0307574009996155,31.8153737862693
"fish","845e4adffffffff",46,37,3.52727305711521,0.0330812854442344,NA
"fish","845e4b1ffffffff",1434,208,4.18758682958293,0.0322298279091753,30.6083346141097
"fish","845e4b3ffffffff",49,37,3.5309625711521,0.032069970845481,NA
"fish","845e4b5ffffffff",373,85,3.79034193040372,0.0346656699897218,28.9793446247546
"fish","845e4b7ffffffff",186,104,4.35112831886726,0.0190195398311944,39.0899239556119
"fish","845e4b9ffffffff",93,64,3.9807716068286,0.025089605734767,39.5430058435161
"fish","845e4bbffffffff",78,64,4.09447014280232,0.0180802103879027,43.9884676726767
"fish","845e4bdffffffff",888,142,3.83557006141003,0.0373929672916159,27.4092800258376
"fish","845e4c1ffffffff",85,51,3.77980510673846,0.0264359861591696,35.9229025139282
"fish","845e4c3ffffffff",15,10,2.21106887114461,0.12,NA
"fish","845e4c5ffffffff",57,8,1.70771635400571,0.223145583256387,7.86155413786992
"fish","845e4c7ffffffff",13,5,1.30387552933639,0.349112426035503,NA
"fish","845e4c9ffffffff",10,4,1.08889997534522,0.42,NA
"fish","845e4cbffffffff",15,11,2.30348849521927,0.111111111111111,NA
"fish","845e4cdffffffff",23,6,1.6927142971247,0.194706994328923,NA
"fish","845e4d1ffffffff",46,9,1.89545476269183,0.188090737240076,NA
"fish","845e4d3ffffffff",15,8,1.77162395567737,0.226666666666667,NA
"fish","845e4d5ffffffff",127,13,1.78048122790436,0.235290470580941,9.09325578518305
"fish","845e4d7ffffffff",381,17,1.86486594599676,0.264044750311723,10.6066505634597
"fish","845e4d9ffffffff",1,1,0,1,NA
"fish","845e4dbffffffff",31,5,1.36429234433512,0.298647242455775,NA
"fish","845e4ddffffffff",19,15,2.62504815873254,0.0803324099722992,NA
"fish","845e4e3ffffffff",6,2,0.450561208866305,0.722222222222222,NA
"fish","845e4e5ffffffff",1,1,0,1,NA
"fish","845e4e9ffffffff",7,5,1.47507631105469,0.26530612244898,NA
"fish","845e4ebffffffff",55,16,2.45781262675942,0.119338842975207,15.8409882139072
"fish","845e4edffffffff",3,1,0,1,NA
"fish","845e513ffffffff",1,1,0,1,NA
"fish","845e519ffffffff",1,1,0,1,NA
"fish","845e51bffffffff",1,1,0,1,NA
"fish","845e553ffffffff",1,1,0,1,NA
"fish","845e559ffffffff",2,2,0.693147180559945,0.5,NA
"fish","845e55bffffffff",1,1,0,1,NA
"fish","845e583ffffffff",2,2,0.693147180559945,0.5,NA
"fish","845e589ffffffff",2,2,0.693147180559945,0.5,NA
"fish","845e58bffffffff",28,6,1.69738965361402,0.193877551020408,NA
"fish","845e591ffffffff",2,2,0.693147180559945,0.5,NA
"fish","845e593ffffffff",4,4,1.38629436111989,0.25,NA
"fish","845e597ffffffff",3,1,0,1,NA
"fish","845e599ffffffff",2,2,0.693147180559945,0.5,NA
"fish","845e59bffffffff",14,13,2.54003630382098,0.0816326530612245,NA
"fish","845e59dffffffff",1,1,0,1,NA
"fish","845e5a3ffffffff",2,1,0,1,NA
"fish","845e5b5ffffffff",9,9,2.19722457733622,0.111111111111111,NA
"fish","845e5b7ffffffff",4,4,1.38629436111989,0.25,NA
"fish","845e5c1ffffffff",3,3,1.09861228866811,0.333333333333333,NA
"fish","845e5c3ffffffff",15,4,1.33217904021012,0.28,NA
"fish","845e5c9ffffffff",1,1,0,1,NA
"fish","845e5cbffffffff",3,3,1.09861228866811,0.333333333333333,NA
"fish","845e5d1ffffffff",2,2,0.693147180559945,0.5,NA
"fish","845e5d3ffffffff",337,168,4.9596213084377,0.00818004913312612,44.1701141515897
"fish","845e5d7ffffffff",381,147,4.73005371061138,0.0114149117187123,41.2201131193252
"fish","845e5d9ffffffff",16,11,2.33937173438982,0.1015625,NA
"fish","845e5dbffffffff",19,12,2.23269447718707,0.146814404432133,NA
"fish","845e5ddffffffff",5,4,1.33217904021012,0.28,NA
"fish","845e601ffffffff",9,4,1.36892236074022,0.259259259259259,NA
"fish","845e603ffffffff",15,8,1.95646320382668,0.155555555555556,NA
"fish","845e607ffffffff",3,3,1.09861228866811,0.333333333333333,NA
"fish","845e609ffffffff",12,7,1.82007597536062,0.180555555555556,NA
"fish","845e60bffffffff",2,2,0.693147180559945,0.5,NA
"fish","845e60dffffffff",3,2,0.636514168294813,0.555555555555556,NA
"fish","845e611ffffffff",3,3,1.09861228866811,0.333333333333333,NA
"fish","845e61dffffffff",4,4,1.38629436111989,0.25,NA
"fish","845e621ffffffff",119,60,3.9198362523493,0.023232822540781,35.8371483808148
"fish","845e623ffffffff",67,44,3.71318117770012,0.0260637112942749,36.9670876387299
"fish","845e625ffffffff",48,43,3.71589434529614,0.0260416666666667,NA
"fish","845e627ffffffff",68,45,3.70714286549712,0.0272491349480969,36.8600385567024
"fish","845e629ffffffff",42,31,3.3372176562926,0.0396825396825397,NA
"fish","845e62bffffffff",7,5,1.5498260458782,0.224489795918367,NA
"fish","845e62dffffffff",354,132,4.60679187204218,0.0129751986976922,40.1241830876227
"fish","845e631ffffffff",13,5,1.45831922246435,0.254437869822485,NA
"fish","845e633ffffffff",9,5,1.52295506753132,0.234567901234568,NA
"fish","845e635ffffffff",20,11,2.26725018229713,0.115,NA
"fish","845e637ffffffff",1,1,0,1,NA
"fish","845e639ffffffff",6,6,1.79175946922805,0.166666666666667,NA
"fish","845e63bffffffff",4,4,1.38629436111989,0.25,NA
"fish","845e641ffffffff",60,46,3.75343427316864,0.0255555555555556,40.0720826027666
"fish","845e643ffffffff",59,43,3.64144900012371,0.0307382935937949,37.9451284819028
"fish","845e645ffffffff",41,31,3.34163943323312,0.0398572278405711,NA
"fish","845e647ffffffff",213,84,4.12618034683848,0.0219753576230466,35.7805442078783
"fish","845e649ffffffff",8,8,2.07944154167984,0.125,NA
"fish","845e64bffffffff",22,17,2.71296217305289,0.0785123966942149,NA
"fish","845e64dffffffff",1,1,0,1,NA
"fish","845e651ffffffff",3,3,1.09861228866811,0.333333333333333,NA
"fish","845e653ffffffff",9,5,1.46481638489081,0.259259259259259,NA
"fish","845e659ffffffff",42,27,3.1038298935874,0.0589569160997732,NA
"fish","845e65bffffffff",4,3,1.03972077083992,0.375,NA
"fish","845e65dffffffff",6,6,1.79175946922805,0.166666666666667,NA
"fish","845e661ffffffff",11,11,2.39789527279837,0.0909090909090909,NA
"fish","845e663ffffffff",2,2,0.693147180559945,0.5,NA
"fish","845e667ffffffff",412,200,5.06675608770295,0.00790602318785936,44.0483745270183
"fish","845e669ffffffff",5,5,1.6094379124341,0.2,NA
"fish","845e66bffffffff",34,29,3.30710405551722,0.0397923875432526,NA
"fish","845e66dffffffff",5,5,1.6094379124341,0.2,NA
"fish","845e685ffffffff",5,5,1.6094379124341,0.2,NA
"fish","845e687ffffffff",6,3,1.09861228866811,0.333333333333333,NA
"fish","845e68dffffffff",21,6,1.54920695343132,0.251700680272109,NA
"fish","845e691ffffffff",1,1,0,1,NA
"fish","845e699ffffffff",1,1,0,1,NA
"fish","845e69bffffffff",4,4,1.38629436111989,0.25,NA
"fish","845e6a1ffffffff",7,5,1.4750763110547,0.26530612244898,NA
"fish","845e6a3ffffffff",8,8,2.07944154167984,0.125,NA
"fish","845e6a7ffffffff",2,2,0.693147180559945,0.5,NA
"fish","845e6a9ffffffff",1,1,0,1,NA
"fish","845e6b1ffffffff",2,2,0.693147180559945,0.5,NA
"fish","845e6b3ffffffff",1,1,0,1,NA
"fish","845e6b5ffffffff",8,6,1.66746193342929,0.21875,NA
"fish","845e6b7ffffffff",10,8,1.97300140639361,0.16,NA
"fish","845e6bbffffffff",1,1,0,1,NA
"fish","845e6c3ffffffff",6,4,1.242453324894,0.333333333333333,NA
"fish","845e6c9ffffffff",1,1,0,1,NA
"fish","845e6d3ffffffff",1,1,0,1,NA
"fish","845e6d5ffffffff",1,1,0,1,NA
"fish","845e6d7ffffffff",10,8,2.02532622077007,0.14,NA
"fish","845e6e1ffffffff",5,4,1.33217904021012,0.28,NA
"fish","845e6e5ffffffff",1,1,0,1,NA
"fish","845e6e7ffffffff",5,3,0.950270539233235,0.44,NA
"fish","845e6e9ffffffff",5,5,1.6094379124341,0.2,NA
"fish","845e6ebffffffff",4,4,1.38629436111989,0.25,NA
"fish","845e6edffffffff",1,1,0,1,NA
"fish","845e701ffffffff",73,15,2.43760248987664,0.114655657721899,14.442838388876
"fish","845e707ffffffff",36,36,3.58351893845611,0.0277777777777778,NA
"fish","845e70dffffffff",1,1,0,1,NA
"fish","845e711ffffffff",12,10,2.21025357762097,0.125,NA
"fish","845e713ffffffff",18,16,2.73633905110507,0.0679012345679012,NA
"fish","845e715ffffffff",6,6,1.79175946922805,0.166666666666667,NA
"fish","845e717ffffffff",11,10,2.27186851269656,0.107438016528926,NA
"fish","845e719ffffffff",185,103,4.46676364780053,0.0137034331628926,41.3850872316182
"fish","845e71bffffffff",186,111,4.57018818279421,0.0119088912012949,42.8084597582043
"fish","845e731ffffffff",1,1,0,1,NA
"fish","845e739ffffffff",691,131,4.62601953644683,0.0127397739386489,39.2147816048919
"fish","845e741ffffffff",27,15,2.62156735619943,0.0781893004115226,NA
"fish","845e747ffffffff",3,1,0,1,NA
"fish","845e749ffffffff",27,17,2.68549670563316,0.0781893004115226,NA
"fish","845e74bffffffff",14,6,1.73476452102578,0.183673469387755,NA
"fish","845e753ffffffff",915,173,4.48827658738743,0.0198620442533369,35.6893231892746
"fish","845e755ffffffff",3,2,0.636514168294813,0.555555555555556,NA
"fish","845e759ffffffff",15,10,2.21106887114461,0.12,NA
"fish","845e75bffffffff",3,3,1.09861228866811,0.333333333333333,NA
"fish","845f411ffffffff",2,1,0,1,NA
"fish","845f415ffffffff",2,2,0.693147180559945,0.5,NA
"fish","845f417ffffffff",7,5,1.47507631105469,0.26530612244898,NA
"fish","845f423ffffffff",20,12,2.34573740386181,0.11,NA
"fish","845f427ffffffff",32,15,2.42566828910343,0.11328125,NA
"fish","845f42dffffffff",1,1,0,1,NA
"fish","845f431ffffffff",40,14,2.41549974855114,0.11375,NA
"fish","845f435ffffffff",12,8,2.0228085294147,0.138888888888889,NA
"fish","845f437ffffffff",6,3,1.09861228866811,0.333333333333333,NA
"fish","845f43bffffffff",16,13,2.5126585295298,0.0859375,NA
"fish","845f485ffffffff",3,2,0.636514168294813,0.555555555555556,NA
"fish","845f491ffffffff",19,2,0.206192050633232,0.900277008310249,NA
"fish","845f493ffffffff",103,20,1.21102898537276,0.591667452163258,11.3621127389727
"fish","845f497ffffffff",251,116,4.55992955944462,0.0128410660148252,41.0733843669744
"fish","845f49bffffffff",41,4,0.999745990794609,0.413444378346222,NA
"fish","845f4a1ffffffff",15,11,2.30348849521927,0.111111111111111,NA
"fish","845f4a3ffffffff",1,1,0,1,NA
"fish","845f4a5ffffffff",28,20,2.89874553958634,0.0612244897959184,NA
"fish","845f4abffffffff",2,1,0,1,NA
"fish","845f4b1ffffffff",81,58,3.947200963817,0.0221002895900015,40.1513457631598
"fish","845f4b3ffffffff",275,109,4.52792286186482,0.012204958677686,40.752303678001
"fish","845f4b5ffffffff",7,6,1.74786809746676,0.183673469387755,NA
"fish","845f4b7ffffffff",23,17,2.75110228938637,0.0699432892249527,NA
"fish","845f4bbffffffff",297,113,4.4518926545975,0.0146810416170685,38.9552774636446
"fish","845f4c7ffffffff",1,1,0,1,NA
"fish","845f4d3ffffffff",2,1,0,1,NA
"fish","845f4d5ffffffff",1,1,0,1,NA
"fish","845f4e1ffffffff",1,1,0,1,NA
"fish","845f4e5ffffffff",1,1,0,1,NA
"fish","845f4e7ffffffff",1,1,0,1,NA
"fish","845f4e9ffffffff",1,1,0,1,NA
"fish","845f4edffffffff",3,1,0,1,NA
"fish","845f511ffffffff",23,20,2.95467321230482,0.054820415879017,NA
"fish","845f515ffffffff",2,2,0.693147180559945,0.5,NA
"fish","845f517ffffffff",23,16,2.65330487293093,0.0812854442344045,NA
"fish","845f51bffffffff",13,10,2.20478541691352,0.124260355029586,NA
"fish","845f581ffffffff",83,44,3.63759796965442,0.0297575845550878,33.0864378924906
"fish","845f583ffffffff",139,55,3.39046329338168,0.0664044304125045,27.6925093487331
"fish","845f587ffffffff",159,76,4.19892975500905,0.0168901546616036,38.8683998264806
"fish","845f589ffffffff",62,36,3.43903068846634,0.036420395421436,31.5781713558426
"fish","845f58bffffffff",164,72,3.94102468420557,0.027587745389649,34.1333580357819
"fish","845f58dffffffff",180,57,3.86973340713923,0.0246296296296296,33.3308971616091
"fish","845f591ffffffff",8,6,1.66746193342929,0.21875,NA
"fish","845f593ffffffff",3,2,0.636514168294813,0.555555555555556,NA
"fish","845f595ffffffff",293,127,4.57625002549387,0.0132907779939196,40.292822431826
"fish","845f597ffffffff",11,10,2.27186851269656,0.107438016528926,NA
"fish","845f599ffffffff",106,85,4.37892326513993,0.0135279458882164,45.140299951622
"fish","845f59bffffffff",12,11,2.36938211969468,0.0972222222222222,NA
"fish","845f59dffffffff",70,31,3.30038272397787,0.0420408163265306,27.4427168434114
"fish","845f5a1ffffffff",65,55,3.96111121433873,0.0201183431952663,44.1105769230769
"fish","845f5a3ffffffff",116,44,3.69805475904457,0.0266052318668252,32.3411796569022
"fish","845f5a7ffffffff",6,3,1.01140426470735,0.388888888888889,NA
"fish","845f5a9ffffffff",15,15,2.70805020110221,0.0666666666666667,NA
"fish","845f5abffffffff",7,6,1.74786809746676,0.183673469387755,NA
"fish","845f5adffffffff",6,6,1.79175946922805,0.166666666666667,NA
"fish","845f5b1ffffffff",94,47,3.60264327082061,0.0355364418288818,32.013763403396
"fish","845f5b3ffffffff",2,2,0.693147180559945,0.5,NA
"fish","845f5b5ffffffff",2074,327,5.36460317485536,0.00614719226609657,43.8459456031591
"fish","845f5b7ffffffff",47,36,3.50342985150053,0.0330466274332277,NA
"fish","845f5b9ffffffff",80,50,3.7808594092835,0.02625,36.6901086921083
"fish","845f5bbffffffff",46,19,2.86707240476787,0.0595463137996219,NA
"fish","845f5bdffffffff",931,286,5.36176841074045,0.00610895044885499,44.5155360579178
"fish","845f5c5ffffffff",1,1,0,1,NA
"fish","845f5c7ffffffff",18,13,2.50528999091842,0.0864197530864197,NA
"fish","845f5d3ffffffff",4,2,0.562335144618808,0.625,NA
"fish","845f5d5ffffffff",4,1,0,1,NA
"fish","845f5d7ffffffff",257,78,4.15004091463176,0.018910203031083,36.041159769977
"fish","845f5e1ffffffff",15,10,2.17618566156031,0.128888888888889,NA
"fish","845f5e3ffffffff",6,6,1.79175946922805,0.166666666666667,NA
"fish","845f5e7ffffffff",41,25,3.10876839605209,0.0493753718024985,NA
"fish","845f5e9ffffffff",51,38,3.54767717927624,0.0319108035371011,37.4509803921569
"fish","845f5ebffffffff",46,30,3.25205350667493,0.0472589792060492,NA
"fish","845f5edffffffff",13,10,2.24503527412618,0.112426035502959,NA
"fish","845f693ffffffff",2,2,0.693147180559945,0.5,NA
"fish","845f6b5ffffffff",2,2,0.693147180559945,0.5,NA
"fish","8466003ffffffff",2,2,0.693147180559945,0.5,NA
"fish","8466027ffffffff",1,1,0,1,NA
"fish","8466029ffffffff",1,1,0,1,NA
"fish","846602dffffffff",10,8,2.02532622077007,0.14,NA
"fish","8466049ffffffff",5,1,0,1,NA
"fish","846604dffffffff",8,4,1.38629436111989,0.25,NA
"fish","8466061ffffffff",7472,259,3.2388088154527,0.0819598377841157,20.2366563977164
"fish","8466063ffffffff",61,22,1.69193651721335,0.43563558183284,18.2131147540982
"fish","8466065ffffffff",446,148,4.64107422009748,0.0136137867240443,39.4904216127644
"fish","8466067ffffffff",192,47,2.39898399488635,0.178602430555556,15.9487757513149
"fish","8466069ffffffff",191,56,2.6569604580312,0.190098955620734,20.4516692480657
"fish","846606bffffffff",2,1,0,1,NA
"fish","846606dffffffff",5575,186,3.00243116002946,0.0963838725894347,17.8984593421164
"fish","8466101ffffffff",21,17,2.78046636893868,0.0657596371882086,NA
"fish","8466103ffffffff",1672,79,3.32872494941493,0.0491489434765688,22.045491824319
"fish","8466105ffffffff",5,4,1.33217904021012,0.28,NA
"fish","8466107ffffffff",39,30,3.25266016778864,0.0479947403024326,NA
"fish","8466109ffffffff",26,24,3.15145851024303,0.0443786982248521,NA
"fish","846610bffffffff",3519,173,3.56829250147322,0.042894897435357,24.2589487073416
"fish","846610dffffffff",153,74,4.21821343496248,0.0162757913622966,39.6461558133522
"fish","8466111ffffffff",167,72,4.03594718610203,0.0224819821434974,35.7289126649133
"fish","8466115ffffffff",1,1,0,1,NA
"fish","8466119ffffffff",2,2,0.693147180559945,0.5,NA
"fish","846611dffffffff",345,158,4.78753625444863,0.0109976895610166,41.8614952365547
"fish","8466121ffffffff",483,186,4.87273338110698,0.0104119782758724,41.5507146789378
"fish","8466123ffffffff",180,119,4.67098284783844,0.0104938271604938,44.3515993702208
"fish","8466125ffffffff",208,129,4.70231991695194,0.0108635355029586,43.5187760055002
"fish","8466127ffffffff",242,140,4.72036626954585,0.0127040502697903,42.5520046854475
"fish","8466129ffffffff",221,128,4.71509060034094,0.0102577752298274,43.5905821713353
"fish","846612bffffffff",87,50,3.73102207708728,0.029198044655833,34.9401341621882
"fish","846612dffffffff",638,227,5.0416290084551,0.00929629229272511,42.3092256983116
"fish","8466131ffffffff",3,2,0.636514168294813,0.555555555555556,NA
"fish","8466139ffffffff",72,24,2.85515913245307,0.0717592592592593,20.1471595746815
"fish","846613bffffffff",1,1,0,1,NA
"fish","846613dffffffff",49,41,3.66548652486656,0.0270720533111204,NA
"fish","8466143ffffffff",14,14,2.63905732961526,0.0714285714285714,NA
"fish","8466145ffffffff",3,3,1.09861228866811,0.333333333333333,NA
"fish","8466147ffffffff",18,7,1.42805576923257,0.351851851851852,NA
"fish","846614bffffffff",5,5,1.6094379124341,0.2,NA
"fish","8466151ffffffff",76,26,2.96780692429251,0.0657894736842105,21.931078821783
"fish","8466153ffffffff",352,183,4.97239560223717,0.00918452995867768,43.5208224119505
"fish","8466155ffffffff",21,7,1.73168723681958,0.206349206349206,NA
"fish","8466157ffffffff",228,135,4.67116095684636,0.013004001231148,42.145956697695
"fish","8466159ffffffff",148,82,4.14994699550886,0.02090942293645,37.7823941798761
"fish","846615bffffffff",779,138,4.16189467318142,0.0279134073010888,31.966418836549
"fish","846615dffffffff",23,7,1.84777575236614,0.168241965973535,NA
"fish","8466161ffffffff",1828,242,4.15533175198547,0.0368064965597154,29.6622936284247
"fish","8466163ffffffff",1,1,0,1,NA
"fish","8466165ffffffff",883,193,4.20431674551471,0.0356847409672318,31.2499880460454
"fish","8466167ffffffff",53,28,3.07034173562793,0.0615877536489854,27.0245880645437
"fish","8466169ffffffff",14,14,2.63905732961526,0.0714285714285714,NA
"fish","846616bffffffff",4,4,1.38629436111989,0.25,NA
"fish","846616dffffffff",39,38,3.62801563687016,0.0269559500328731,NA
"fish","8466201ffffffff",880,209,4.78014193166411,0.0143181818181818,39.0951372679875
"fish","8466203ffffffff",64,19,2.66655399140249,0.0849609375,17.5868573591442
"fish","8466205ffffffff",17458,555,3.9429899224868,0.0442612045515951,26.561182729873
"fish","8466207ffffffff",5,5,1.6094379124341,0.2,NA
"fish","8466209ffffffff",15,14,2.61563057702755,0.0755555555555556,NA
"fish","846620bffffffff",327,161,4.43359978360499,0.0358462157132303,36.5933308011587
"fish","846620dffffffff",136,136,4.91265488573605,0.00735294117647058,49.9999999999866
"fish","8466219ffffffff",1,1,0,1,NA
"fish","8466221ffffffff",206390,178,2.39509574236485,0.11836580500079,12.1474267480766
"fish","8466223ffffffff",294762,103,2.5249161574712,0.101524041449843,13.4312220954174
"fish","8466225ffffffff",776,157,4.10743826774554,0.0387893240514401,30.8272754896258
"fish","8466227ffffffff",6400,23,2.2367877777365,0.14250244140625,11.1649666746821
"fish","8466229ffffffff",836,240,5.05005406452648,0.00875666765870745,42.1372834349868
"fish","846622bffffffff",846565,485,2.81605144979105,0.0736704632816067,16.1549450732402
"fish","846622dffffffff",37,24,2.87497896276882,0.0883856829802776,NA
"fish","8466241ffffffff",22,14,2.50013802636543,0.0950413223140496,NA
"fish","8466243ffffffff",2,1,0,1,NA
"fish","8466245ffffffff",28,9,2.07783005752792,0.14030612244898,NA
"fish","8466247ffffffff",43,30,3.23320109425908,0.0481341265548945,NA
"fish","8466249ffffffff",19,7,1.8678801716292,0.163434903047091,NA
"fish","846624bffffffff",5,3,1.05492016798614,0.36,NA
"fish","846624dffffffff",11,8,2.01981499249295,0.140495867768595,NA
"fish","8466251ffffffff",598,245,5.22901734331038,0.00737687497902708,44.1586983773947
"fish","8466255ffffffff",104,38,2.28186051222899,0.307137573964497,21.0032904709436
"fish","8466257ffffffff",19,3,1.01986521427793,0.379501385041551,NA
"fish","8466259ffffffff",509,230,5.08431197759427,0.00874243962312945,43.0165878941142
"fish","846625bffffffff",278,201,5.09228362310527,0.00991149526422027,45.0874548039467
"fish","846625dffffffff",77,59,3.86914313006734,0.0318772136953955,40.4371078256922
"fish","8466261ffffffff",91,45,3.55089422384234,0.0382804009177635,31.4380131604613
"fish","8466263ffffffff",22,9,1.96076190945909,0.169421487603306,NA
"fish","8466265ffffffff",35,11,1.87211502389968,0.217959183673469,NA
"fish","8466267ffffffff",37,8,1.4838812117497,0.310445580715851,NA
"fish","8466269ffffffff",31,11,2.05745229285192,0.177939646201873,NA
"fish","846626bffffffff",29,11,1.89244038976547,0.219976218787158,NA
"fish","846626dffffffff",17,17,2.83321334405622,0.0588235294117647,NA
"fish","8466287ffffffff",1,1,0,1,NA
"fish","8466289ffffffff",2,2,0.693147180559945,0.5,NA
"fish","846629bffffffff",2,2,0.693147180559945,0.5,NA
"fish","84662c3ffffffff",22,9,2.14584175259475,0.12396694214876,NA
"fish","84662c9ffffffff",12,9,2.13833305950803,0.125,NA
"fish","84662cbffffffff",10,5,1.22752941145721,0.4,NA
"fish","84662dbffffffff",1,1,0,1,NA
"fish","84662ddffffffff",1,1,0,1,NA
"fish","8466301ffffffff",7,5,1.5498260458782,0.224489795918367,NA
"fish","8466303ffffffff",32,7,1.44840286230226,0.3125,NA
"fish","8466305ffffffff",34,8,1.14531866710219,0.513840830449827,NA
"fish","846630bffffffff",24,9,1.80591772229434,0.211805555555556,NA
"fish","846630dffffffff",20,11,2.37189981105004,0.095,NA
"fish","8466311ffffffff",159,80,4.16910487642576,0.0190261461176378,37.9301327360841
"fish","8466313ffffffff",655,138,3.92400919641958,0.0386527591632189,28.7092717610504
"fish","8466315ffffffff",31,7,1.65805643437009,0.236212278876171,NA
"fish","8466317ffffffff",14517,351,3.26735653748049,0.0723619104188888,20.5741666467319
"fish","8466319ffffffff",78,55,3.9024360227027,0.0230111768573307,39.7390570548454
"fish","846631bffffffff",8,6,1.73286795139986,0.1875,NA
"fish","846631dffffffff",30,11,2.0989002599764,0.151111111111111,NA
"fish","8466321ffffffff",6,6,1.79175946922805,0.166666666666667,NA
"fish","8466325ffffffff",13,13,2.56494935746154,0.0769230769230769,NA
"fish","846632dffffffff",26,21,2.99150146857535,0.0532544378698225,NA
"fish","8466331ffffffff",55,13,2.27238890612548,0.121322314049587,12.6224997923111
"fish","8466333ffffffff",255,109,4.41606705015056,0.0154248366013072,38.8937937369084
"fish","8466335ffffffff",41,6,1.24863606650084,0.357525282569899,NA
"fish","8466337ffffffff",80,15,2.24083130191582,0.140625,12.9535315206872
"fish","8466339ffffffff",21,7,1.53770349782124,0.27437641723356,NA
"fish","846633bffffffff",145,63,3.53530200630062,0.0582639714625446,29.4597641141364
"fish","846633dffffffff",26,7,1.318487109403,0.408284023668639,NA
"fish","8466343ffffffff",7,4,1.27703425946614,0.306122448979592,NA
"fish","8466347ffffffff",11,6,1.76776147228933,0.173553719008264,NA
"fish","846634bffffffff",2,1,0,1,NA
"fish","8466351ffffffff",21,6,1.55526550307495,0.247165532879819,NA
"fish","8466353ffffffff",23,8,1.6042828110915,0.285444234404537,NA
"fish","8466355ffffffff",16,6,1.59340323182848,0.234375,NA
"fish","8466357ffffffff",35,9,1.66685378547639,0.260408163265306,NA
"fish","8466359ffffffff",1,1,0,1,NA
"fish","846635bffffffff",57,11,1.58087162422964,0.335180055401662,10.3584479351609
"fish","846635dffffffff",19,7,1.53883408434405,0.290858725761773,NA
"fish","8466365ffffffff",1,1,0,1,NA
"fish","846636bffffffff",61,32,3.4063636150796,0.0352055898951895,30.0451833683047
"fish","8466641ffffffff",3,2,0.636514168294813,0.555555555555556,NA
"fish","846664dffffffff",4,2,0.693147180559945,0.5,NA
"fish","8466a01ffffffff",27,12,2.37164062525774,0.102880658436214,NA
"fish","8466a03ffffffff",114,79,4.2176501023318,0.0178516466605109,41.254158439797
"fish","8466a05ffffffff",26,25,3.20477752413226,0.0414201183431953,NA
"fish","8466a07ffffffff",3,3,1.09861228866811,0.333333333333333,NA
"fish","8466a09ffffffff",41,31,3.3288772833852,0.041046995835812,NA
"fish","8466a0bffffffff",11,9,2.14584175259475,0.12396694214876,NA
"fish","8466a0dffffffff",68,57,3.99525420558318,0.0194636678200692,44.0847234416156
"fish","8466a11ffffffff",24,18,2.83148024006797,0.0625,NA
"fish","8466a15ffffffff",83,63,4.07218538478543,0.0184351865292495,42.5071559952532
"fish","8466a19ffffffff",130,55,3.53086464069714,0.0488757396449704,29.543719595738
"fish","8466a1bffffffff",153,74,4.0949444038994,0.0201204664872485,37.0500569493524
"fish","8466a1dffffffff",227,131,4.68928000445604,0.0113528304449921,42.7845845451457
"fish","8466a21ffffffff",24,15,2.52086690884447,0.0972222222222222,NA
"fish","8466a23ffffffff",8,4,1.2130075659799,0.34375,NA
"fish","8466a25ffffffff",64,47,3.7281090330631,0.02783203125,38.6804362036547
"fish","8466a27ffffffff",15,14,2.61563057702755,0.0755555555555556,NA
"fish","8466a29ffffffff",12,7,1.90728399932138,0.152777777777778,NA
"fish","8466a2bffffffff",12,9,2.13833305950803,0.125,NA
"fish","8466a39ffffffff",121,85,4.32583045573995,0.0150945973635681,42.5981078802188
"fish","8466a3dffffffff",12,6,1.58325845942048,0.25,NA
"fish","8466a41ffffffff",1,1,0,1,NA
"fish","8466a43ffffffff",143,87,4.32234287242976,0.0155997848305541,41.1356517741435
"fish","8466a47ffffffff",42,26,3.05836459585205,0.0612244897959184,NA
"fish","8466a4dffffffff",7,7,1.94591014905531,0.142857142857143,NA
"fish","8466a51ffffffff",1605,365,5.28275213739914,0.00822624004037227,42.3482141240195
"fish","8466a53ffffffff",894,276,5.27721863056663,0.0067139117857554,43.9349188300671
"fish","8466a55ffffffff",45,31,3.288964100115,0.0449382716049383,NA
"fish","8466a57ffffffff",97,75,4.25489938996315,0.0151982144755022,44.0816038162411
"fish","8466a59ffffffff",234,113,4.55847975945964,0.012491781722551,41.4621849727286
"fish","8466a5bffffffff",165,94,4.32829102231351,0.0171533516988062,39.8968085769936
"fish","8466a5dffffffff",2999,362,5.14625955632289,0.00881709930875036,41.4281309794211
"fish","8466a61ffffffff",81,50,3.74850492524488,0.0281969212010364,35.9652431487872
"fish","8466a63ffffffff",225,125,4.65492923344227,0.011358024691358,42.6035487489604
"fish","8466a65ffffffff",709,114,3.61531464671642,0.046429047447586,25.2063243683603
"fish","8466a67ffffffff",104,48,3.58731906190553,0.0356878698224852,30.7792957347945
"fish","8466a6bffffffff",95,61,3.98568369634474,0.0213850415512465,39.0603997696324
"fish","8466b01ffffffff",328,62,3.44649410744494,0.0465496728138013,24.7338697363135
"fish","8466b03ffffffff",36,21,2.87583708723604,0.066358024691358,NA
"fish","8466b05ffffffff",6,5,1.56071040904141,0.222222222222222,NA
"fish","8466b09ffffffff",296,160,4.76819722883114,0.0132167640613586,41.6675337679864
"fish","8466b0bffffffff",359,196,5.01418663529871,0.00970662859537092,43.5223507055796
"fish","8466b0dffffffff",530,271,5.44778480653538,0.00499110003559986,46.3970404765433
"fish","8466b19ffffffff",81,45,3.61749117367347,0.0321597317482091,33.1196524038793
"fish","8466b1bffffffff",9,9,2.19722457733622,0.111111111111111,NA
"fish","8466b1dffffffff",70,42,3.61213996167778,0.0306122448979592,34.327467521726
"fish","8466b25ffffffff",4,4,1.38629436111989,0.25,NA
"fish","8466b29ffffffff",13,13,2.56494935746154,0.0769230769230769,NA
"fish","8466b2bffffffff",1,1,0,1,NA
"fish","8466b2dffffffff",22,16,2.71296217305289,0.0702479338842975,NA
"fish","8466b41ffffffff",3,3,1.09861228866811,0.333333333333333,NA
"fish","8466b43ffffffff",7,5,1.5498260458782,0.224489795918367,NA
"fish","8466b45ffffffff",224,165,4.97453512106409,0.00829081632653061,45.8470836124836
"fish","8466b47ffffffff",152,99,4.39935623634722,0.0157548476454294,41.3907444044809
"fish","8466b49ffffffff",24,10,2.09063631812019,0.152777777777778,NA
"fish","8466b4bffffffff",33,10,1.86514372851896,0.228650137741047,NA
"fish","8466b4dffffffff",28,14,2.29455954282236,0.137755102040816,NA
"fish","8466b51ffffffff",1,1,0,1,NA
"fish","8466b53ffffffff",60,46,3.63206145899207,0.0366666666666667,39.1122660360412
"fish","8466b55ffffffff",41,20,2.77272646808125,0.0779298036882808,NA
"fish","8466b57ffffffff",60,16,2.31962503257306,0.128888888888889,14.6153421059299
"fish","8466b59ffffffff",233,106,4.37311004904894,0.0170752822855459,38.5326738304264
"fish","8466b5bffffffff",81,64,4.05634928863778,0.0205761316872428,42.7569905696983
"fish","8466b61ffffffff",1,1,0,1,NA
"fish","8466b63ffffffff",3,2,0.636514168294813,0.555555555555556,NA
"fish","8466b65ffffffff",115,39,3.11208718983286,0.0744801512287334,24.2235729487523
"fish","8466b67ffffffff",6,6,1.79175946922805,0.166666666666667,NA
"fish","8466b69ffffffff",485,214,5.15224100277676,0.00697629928791583,44.5108898266279
"fish","8466b6bffffffff",126,68,3.98523346394092,0.0235575711766188,36.3479264251862
"fish","8466b6dffffffff",333,153,4.73374282280836,0.0116963810657504,41.3265168999199
"fish","8467013ffffffff",3,3,1.09861228866811,0.333333333333333,NA
"fish","8467017ffffffff",7,4,1.27703425946614,0.306122448979592,NA
"fish","8467019ffffffff",7,5,1.5498260458782,0.224489795918367,NA
"fish","846701dffffffff",4,4,1.38629436111989,0.25,NA
"fish","8467029ffffffff",1,1,0,1,NA
"fish","846702bffffffff",1,1,0,1,NA
"fish","8467049ffffffff",3,3,1.09861228866811,0.333333333333333,NA
"fish","846704dffffffff",7,5,1.5498260458782,0.224489795918367,NA
"fish","8467055ffffffff",1,1,0,1,NA
"fish","846705bffffffff",15,8,1.99134641341099,0.146666666666667,NA
"fish","8467081ffffffff",19,9,1.982623282652,0.163434903047091,NA
"fish","8467085ffffffff",4,2,0.562335144618808,0.625,NA
"fish","8467087ffffffff",4,4,1.38629436111989,0.25,NA
"fish","8467089ffffffff",15,7,1.80650716526167,0.182222222222222,NA
"fish","846708bffffffff",20,9,1.88669678465808,0.21,NA
"fish","8467091ffffffff",85,47,3.68912991275517,0.0294809688581315,34.2025592139524
"fish","8467095ffffffff",49,40,3.63719480321106,0.0279050395668471,NA
"fish","8467097ffffffff",60,27,2.94975748027287,0.0827777777777778,24.6374029755863
"fish","8467099ffffffff",108,84,4.34605414445447,0.0145747599451303,44.2878510199072
"fish","846709dffffffff",46,28,3.21054171309048,0.0453686200378072,NA
"fish","84670a3ffffffff",116,83,4.31216118397653,0.0153091557669441,42.8702160331119
"fish","84670a7ffffffff",71,63,4.09173831117528,0.0180519738147193,45.7562767911821
"fish","84670b3ffffffff",197,69,3.94078771533507,0.025174572908346,33.4868297940875
"fish","84670b5ffffffff",33,12,2.25473616281627,0.127640036730946,NA
"fish","84670b7ffffffff",72,49,3.79748541034133,0.0246913580246914,38.2237871674489
"fish","84670bbffffffff",11,5,1.41427906512471,0.289256198347107,NA
"fish","84670bdffffffff",48,44,3.75567648081457,0.0243055555555556,NA
"fish","84670c1ffffffff",7,5,1.5498260458782,0.224489795918367,NA
"fish","84670c3ffffffff",2,2,0.693147180559945,0.5,NA
"fish","84670c5ffffffff",18,8,1.95598384658436,0.154320987654321,NA
"fish","84670cbffffffff",13,6,1.69773359137439,0.195266272189349,NA
"fish","84670cdffffffff",5,3,1.05492016798614,0.36,NA
"fish","84670d3ffffffff",9,8,2.04319187054512,0.135802469135802,NA
"fish","84670d5ffffffff",37,12,2.19495293824763,0.139517896274653,NA
"fish","84670dbffffffff",3,3,1.09861228866811,0.333333333333333,NA
"fish","84670ddffffffff",17,9,1.97210373851627,0.169550173010381,NA
"fish","84670e1ffffffff",5,2,0.673011667009257,0.52,NA
"fish","84670e3ffffffff",1,1,0,1,NA
"fish","84670e9ffffffff",6,5,1.56071040904141,0.222222222222222,NA
"fish","84670edffffffff",1,1,0,1,NA
"fish","8467109ffffffff",3,3,1.09861228866811,0.333333333333333,NA
"fish","846710bffffffff",6,6,1.79175946922805,0.166666666666667,NA
"fish","846710dffffffff",2,2,0.693147180559945,0.5,NA
"fish","846711dffffffff",2,1,0,1,NA
"fish","8467123ffffffff",1,1,0,1,NA
"fish","8467135ffffffff",3,2,0.636514168294813,0.555555555555556,NA
"fish","8467137ffffffff",5,5,1.6094379124341,0.2,NA
"fish","8467139ffffffff",3,3,1.09861228866811,0.333333333333333,NA
"fish","846713bffffffff",15,14,2.61563057702755,0.0755555555555556,NA
"fish","8467149ffffffff",20,20,2.99573227355399,0.05,NA
"fish","8467151ffffffff",2,2,0.693147180559945,0.5,NA
"fish","8467155ffffffff",1,1,0,1,NA
"fish","8467157ffffffff",1,1,0,1,NA
"fish","8467159ffffffff",6,4,1.242453324894,0.333333333333333,NA
"fish","846715bffffffff",1,1,0,1,NA
"fish","8467161ffffffff",1,1,0,1,NA
"fish","8467163ffffffff",18,18,2.89037175789616,0.0555555555555556,NA
"fish","8467165ffffffff",4,4,1.38629436111989,0.25,NA
"fish","8467167ffffffff",46,45,3.79850456255171,0.0226843100189036,NA
"fish","8467169ffffffff",3,3,1.09861228866811,0.333333333333333,NA
"fish","846716bffffffff",3,3,1.09861228866811,0.333333333333333,NA
"fish","8467187ffffffff",3,1,0,1,NA
"fish","8467189ffffffff",1,1,0,1,NA
"fish","8467193ffffffff",108,68,4.08173179225569,0.019718792866941,39.5576472921556
"fish","8467195ffffffff",18,7,1.45712511055282,0.345679012345679,NA
"fish","846719bffffffff",87,58,3.75998664240939,0.0432025366627031,37.4675216971769
"fish","84671a3ffffffff",2,2,0.693147180559945,0.5,NA
"fish","84671b1ffffffff",10,5,1.35923670066501,0.32,NA
"fish","84671b3ffffffff",1,1,0,1,NA
"fish","84671b5ffffffff",2,1,0,1,NA
"fish","84671b7ffffffff",7,5,1.5498260458782,0.224489795918367,NA
"fish","84671b9ffffffff",16,6,1.50927342377754,0.2734375,NA
"fish","84671c9ffffffff",15,15,2.70805020110221,0.0666666666666667,NA
"fish","84671e9ffffffff",4,4,1.38629436111989,0.25,NA
"fish","84671edffffffff",2,2,0.693147180559945,0.5,NA
"fish","8467201ffffffff",8,6,1.73286795139986,0.1875,NA
"fish","8467203ffffffff",5,5,1.6094379124341,0.2,NA
"fish","8467207ffffffff",1,1,0,1,NA
"fish","8467209ffffffff",15,7,1.67920433160271,0.235555555555556,NA
"fish","846720bffffffff",6,5,1.56071040904141,0.222222222222222,NA
"fish","846720dffffffff",3,2,0.636514168294813,0.555555555555556,NA
"fish","8467211ffffffff",1,1,0,1,NA
"fish","8467213ffffffff",42,8,1.52705266436988,0.294784580498866,NA
"fish","8467217ffffffff",10,4,1.08889997534522,0.42,NA
"fish","8467219ffffffff",3,3,1.09861228866811,0.333333333333333,NA
"fish","846721bffffffff",5,5,1.6094379124341,0.2,NA
"fish","846721dffffffff",4,4,1.38629436111989,0.25,NA
"fish","8467227ffffffff",2,2,0.693147180559945,0.5,NA
"fish","8467229ffffffff",8,6,1.66746193342929,0.21875,NA
"fish","8467231ffffffff",15,13,2.52321095295289,0.0844444444444444,NA
"fish","8467235ffffffff",1,1,0,1,NA
"fish","8467239ffffffff",4,4,1.38629436111989,0.25,NA
"fish","846723bffffffff",4,4,1.38629436111989,0.25,NA
"fish","8467241ffffffff",34,23,3.04707422285593,0.0519031141868512,NA
"fish","8467243ffffffff",71,54,3.88911589209129,0.0232096806189248,40.8254385648933
"fish","8467245ffffffff",4,3,1.03972077083992,0.375,NA
"fish","8467247ffffffff",5,4,1.33217904021012,0.28,NA
"fish","8467249ffffffff",99,68,4.14517167209408,0.0170390776451383,41.7890242632523
"fish","846724bffffffff",409,172,4.91868517199777,0.00896096986507733,42.9871393664575
"fish","846724dffffffff",8,8,2.07944154167984,0.125,NA
"fish","8467251ffffffff",2,2,0.693147180559945,0.5,NA
"fish","8467253ffffffff",119,30,2.87520957326841,0.079161076195184,19.6455539765904
"fish","8467255ffffffff",2,1,0,1,NA
"fish","8467257ffffffff",1,1,0,1,NA
"fish","8467259ffffffff",52,9,1.85666479164991,0.19008875739645,8.88461538461538
"fish","846725bffffffff",15,7,1.80650716526167,0.182222222222222,NA
"fish","846725dffffffff",569,224,5.17682550191167,0.00685999857919885,44.336475412231
"fish","8467261ffffffff",14,14,2.63905732961526,0.0714285714285714,NA
"fish","8467263ffffffff",10,9,2.16395565688206,0.12,NA
"fish","8467265ffffffff",71,55,3.90864116478312,0.0228129339416782,41.3183963113722
"fish","8467267ffffffff",1,1,0,1,NA
"fish","8467269ffffffff",4,4,1.38629436111989,0.25,NA
"fish","846726dffffffff",11,5,1.46813993901621,0.256198347107438,NA
"fish","8467281ffffffff",4,2,0.693147180559945,0.5,NA
"fish","8467285ffffffff",3,3,1.09861228866811,0.333333333333333,NA
"fish","8467287ffffffff",2,2,0.693147180559945,0.5,NA
"fish","846728bffffffff",4,3,1.03972077083992,0.375,NA
"fish","846728dffffffff",4,4,1.38629436111989,0.25,NA
"fish","8467297ffffffff",1,1,0,1,NA
"fish","84672a1ffffffff",2,2,0.693147180559945,0.5,NA
"fish","84672a5ffffffff",5,3,1.05492016798614,0.36,NA
"fish","84672a7ffffffff",3,3,1.09861228866811,0.333333333333333,NA
"fish","84672a9ffffffff",12,4,1.19884931291362,0.347222222222222,NA
"fish","84672adffffffff",26,7,1.65215900577389,0.236686390532544,NA
"fish","84672b1ffffffff",3,3,1.09861228866811,0.333333333333333,NA
"fish","84672b7ffffffff",10,5,1.50478828368119,0.24,NA
"fish","84672b9ffffffff",2,2,0.693147180559945,0.5,NA
"fish","84672c1ffffffff",1,1,0,1,NA
"fish","84672c3ffffffff",1,1,0,1,NA
"fish","84672c5ffffffff",24,6,1.53368642086223,0.256944444444444,NA
"fish","84672c7ffffffff",21,7,1.61584006307439,0.256235827664399,NA
"fish","84672c9ffffffff",14,5,1.40032657623119,0.285714285714286,NA
"fish","84672cdffffffff",15,4,1.15956979673905,0.368888888888889,NA
"fish","84672d9ffffffff",1,1,0,1,NA
"fish","84672ddffffffff",15,6,1.73674074609306,0.182222222222222,NA
"fish","84672e1ffffffff",18,5,1.29190600734467,0.32716049382716,NA
"fish","84672e3ffffffff",9,5,1.42706104338072,0.283950617283951,NA
"fish","84672e7ffffffff",10,6,1.6094379124341,0.24,NA
"fish","84672e9ffffffff",49,7,1.46961064771523,0.326947105372761,NA
"fish","84672ebffffffff",49,10,1.89737702302212,0.207830070803832,NA
"fish","8467303ffffffff",4,4,1.38629436111989,0.25,NA
"fish","8467305ffffffff",92,41,3.31379560888955,0.0519848771266541,27.3922447507158
"fish","846730bffffffff",7,5,1.5498260458782,0.224489795918367,NA
"fish","846730dffffffff",9,9,2.19722457733622,0.111111111111111,NA
"fish","8467311ffffffff",4,4,1.38629436111989,0.25,NA
"fish","8467313ffffffff",1,1,0,1,NA
"fish","8467317ffffffff",5,2,0.500402423538188,0.68,NA
"fish","8467319ffffffff",4,4,1.38629436111989,0.25,NA
"fish","846731bffffffff",16,6,1.77534271059871,0.171875,NA
"fish","8467321ffffffff",8,6,1.73286795139986,0.1875,NA
"fish","8467323ffffffff",7,6,1.74786809746676,0.183673469387755,NA
"fish","8467325ffffffff",59,38,3.49160129994602,0.0359092214880781,34.0100643458175
"fish","8467327ffffffff",23,19,2.87164962513593,0.0623818525519849,NA
"fish","8467329ffffffff",614,246,5.26493560564336,0.00643508153932667,44.6895965514987
"fish","846732bffffffff",4,4,1.38629436111989,0.25,NA
"fish","846732dffffffff",94,71,4.1670814073558,0.017428700769579,42.6865575712223
"fish","8467331ffffffff",3,3,1.09861228866811,0.333333333333333,NA
"fish","8467337ffffffff",1,1,0,1,NA
"fish","846733dffffffff",133,81,4.230841279633,0.0175815478545989,40.1869968571663
"fish","8467343ffffffff",3,2,0.636514168294813,0.555555555555556,NA
"fish","8467347ffffffff",2,2,0.693147180559945,0.5,NA
"fish","846734dffffffff",10,4,1.27985422583367,0.3,NA
"fish","8467351ffffffff",738,153,4.74226474600942,0.0110751243013785,40.2633136510052
"fish","8467353ffffffff",1,1,0,1,NA
"fish","8467355ffffffff",34,12,2.28947945168312,0.119377162629758,NA
"fish","846735bffffffff",9,9,2.19722457733622,0.111111111111111,NA
"fish","846735dffffffff",18,14,2.55323700299371,0.0864197530864197,NA
"fish","8467361ffffffff",5,2,0.673011667009257,0.52,NA
"fish","8467363ffffffff",614,191,4.67204398518246,0.0162017634139354,38.0438769680168
"fish","8467365ffffffff",1121,188,4.1703983790396,0.0327691043026608,30.9709855130115
"fish","8467367ffffffff",204,22,2.69695484988789,0.082516339869281,15.8030405512765
"fish","846736bffffffff",18,16,2.73633905110507,0.0679012345679012,NA
"fish","8467401ffffffff",2,2,0.693147180559945,0.5,NA
"fish","8467403ffffffff",15,15,2.70805020110221,0.0666666666666667,NA
"fish","8467405ffffffff",20,20,2.99573227355399,0.05,NA
"fish","8467407ffffffff",43,34,3.4588769204879,0.0340724716062737,NA
"fish","846740bffffffff",73,45,3.66245892809695,0.0298367423531619,35.1304210345787
"fish","846740dffffffff",42,35,3.49416226895947,0.0328798185941043,NA
"fish","8467411ffffffff",26,16,2.55789358553178,0.100591715976331,NA
"fish","8467413ffffffff",50,8,0.800977173410527,0.6784,8
"fish","8467415ffffffff",19,13,2.40615957539782,0.10803324099723,NA
"fish","8467417ffffffff",143,7,0.308943008195625,0.891926255562619,3.47631451557144
"fish","8467419ffffffff",20,17,2.78778811938601,0.065,NA
"fish","846741bffffffff",21,16,2.66461919519349,0.0793650793650794,NA
"fish","8467429ffffffff",3,3,1.09861228866811,0.333333333333333,NA
"fish","846742dffffffff",31,27,3.25511051272774,0.040582726326743,NA
"fish","8467431ffffffff",719,224,5.15488848303179,0.00756149883646929,43.5054383246581
"fish","8467433ffffffff",7,3,1.07899220787758,0.346938775510204,NA
"fish","8467435ffffffff",1,1,0,1,NA
"fish","8467437ffffffff",1,1,0,1,NA
"fish","8467439ffffffff",41,34,3.46412551373836,0.0339083878643665,NA
"fish","846743bffffffff",59,19,1.60886807235833,0.443837977592646,16.5172413793103
"fish","846743dffffffff",954,136,4.46870959882061,0.0154222099160986,36.9354654126523
"fish","8467441ffffffff",5,5,1.6094379124341,0.2,NA
"fish","8467445ffffffff",26,10,1.95125950414396,0.183431952662722,NA
"fish","8467447ffffffff",854,212,4.83794661306851,0.0122443495000795,39.7989507695822
"fish","8467449ffffffff",97,6,0.929130536873314,0.450526092039537,4.31421821305839
"fish","846744bffffffff",6,3,1.01140426470735,0.388888888888889,NA
"fish","846744dffffffff",36,10,2.02598154611281,0.158950617283951,NA
"fish","8467451ffffffff",6,6,1.79175946922805,0.166666666666667,NA
"fish","8467453ffffffff",274,56,3.52993083519955,0.0387607224678992,26.3408409673386
"fish","8467455ffffffff",5,2,0.673011667009257,0.52,NA
"fish","8467457ffffffff",12,12,2.484906649788,0.0833333333333333,NA
"fish","846745bffffffff",2456,295,4.63236461352496,0.0186799064181052,35.4220409058701
"fish","8467461ffffffff",808,300,5.37026919801443,0.00637805117145378,44.4685432388769
"fish","8467463ffffffff",99,55,3.69911041532308,0.0364248546066728,33.7944748557715
"fish","8467465ffffffff",20,20,2.99573227355399,0.05,NA
"fish","8467467ffffffff",98,81,4.330341983771,0.014369012911287,45.2970699945745
"fish","846746bffffffff",271,89,3.92521324726809,0.0314946691902343,31.3571641682068
"fish","846746dffffffff",475,145,4.62310378676163,0.0128398891966759,39.4694553305869
"fish","8467481ffffffff",1,1,0,1,NA
"fish","8467485ffffffff",1,1,0,1,NA
"fish","84674a1ffffffff",6,3,0.867563228481461,0.5,NA
"fish","84674a3ffffffff",1,1,0,1,NA
"fish","84674a5ffffffff",2,2,0.693147180559945,0.5,NA
"fish","84674a7ffffffff",3,3,1.09861228866811,0.333333333333333,NA
"fish","84674abffffffff",1,1,0,1,NA
"fish","84674bbffffffff",2,2,0.693147180559945,0.5,NA
"fish","84674bdffffffff",1,1,0,1,NA
"fish","84674c1ffffffff",4,1,0,1,NA
"fish","84674c5ffffffff",1,1,0,1,NA
"fish","84674c7ffffffff",2,2,0.693147180559945,0.5,NA
"fish","84674c9ffffffff",491,132,4.44297870235729,0.0171353196643452,37.1441396560259
"fish","84674cbffffffff",1,1,0,1,NA
"fish","84674cdffffffff",36,20,2.4271596650745,0.174382716049383,NA
"fish","84674d1ffffffff",1,1,0,1,NA
"fish","84674e7ffffffff",1,1,0,1,NA
"fish","84674edffffffff",16,5,1.49417513828931,0.25,NA
"fish","8467501ffffffff",42,26,2.97989228951862,0.0714285714285714,NA
"fish","8467503ffffffff",7,6,1.74786809746676,0.183673469387755,NA
"fish","8467509ffffffff",617,45,2.50645912118315,0.132005390226668,14.2617662109474
"fish","846750bffffffff",46,22,2.6927226766067,0.10586011342155,NA
"fish","846750dffffffff",80,47,3.64561218072837,0.0325,34.076999948753
"fish","8467521ffffffff",19,12,2.2744747270983,0.130193905817174,NA
"fish","8467523ffffffff",30,17,2.5887997863703,0.1,NA
"fish","8467529ffffffff",28,20,2.91743297329222,0.0586734693877551,NA
"fish","846752bffffffff",2,2,0.693147180559945,0.5,NA
"fish","846752dffffffff",17,13,2.47624713298303,0.0934256055363322,NA
"fish","8467541ffffffff",24,21,3.00476703520796,0.0520833333333333,NA
"fish","8467543ffffffff",214,40,2.66450559397218,0.14232684077212,18.2266344440839
"fish","8467545ffffffff",165,74,4.06812001569141,0.0213406795224977,36.2034502706139
"fish","8467547ffffffff",4,4,1.38629436111989,0.25,NA
"fish","8467549ffffffff",77,38,3.45357171569215,0.0379490639230899,30.3270151583055
"fish","846754bffffffff",16,14,2.59930192709979,0.078125,NA
"fish","846754dffffffff",17,13,2.47624713298303,0.0934256055363322,NA
"fish","8467551ffffffff",5,2,0.500402423538188,0.68,NA
"fish","8467553ffffffff",6,6,1.79175946922805,0.166666666666667,NA
"fish","8467555ffffffff",1933,47,0.8990450571503,0.579298641050462,4.53601773902814
"fish","8467557ffffffff",67,65,4.16331069816351,0.0158164401871241,48.8919041157859
"fish","8467559ffffffff",1,1,0,1,NA
"fish","846755bffffffff",243,101,4.29833423495517,0.0184423106233806,37.4004871321449
"fish","846755dffffffff",37,27,3.15447997014005,0.0518626734842951,NA
"fish","8467561ffffffff",50,20,2.67187024450539,0.092,20
"fish","8467563ffffffff",48,28,3.13482284056201,0.0529513888888889,NA
"fish","8467565ffffffff",780,225,4.61415739647218,0.0194904667981591,36.2910652191214
"fish","8467569ffffffff",217,103,4.2945410447705,0.0204081632653061,37.5430282704605
"fish","846756bffffffff",28,26,3.21449605067505,0.0433673469387755,NA
"fish","846756dffffffff",487,194,4.93919474926651,0.010199478009352,42.0380672999135
"fish","8467585ffffffff",15,3,0.729871209983116,0.582222222222222,NA
"fish","8467587ffffffff",45,3,0.733943998967189,0.526913580246914,NA
"fish","8467589ffffffff",6,4,1.32966134885476,0.277777777777778,NA
"fish","846758dffffffff",1,1,0,1,NA
"fish","8467593ffffffff",1,1,0,1,NA
"fish","8467595ffffffff",2,1,0,1,NA
"fish","8467597ffffffff",2,1,0,1,NA
"fish","8467599ffffffff",2,1,0,1,NA
"fish","84675a1ffffffff",1,1,0,1,NA
"fish","84675a9ffffffff",44,2,0.535959889216217,0.648760330578512,NA
"fish","84675abffffffff",7,2,0.410116318288409,0.755102040816326,NA
"fish","84675b5ffffffff",1,1,0,1,NA
"fish","84675b7ffffffff",3,2,0.636514168294813,0.555555555555556,NA
"fish","84675d5ffffffff",1,1,0,1,NA
"fish","84675ddffffffff",1,1,0,1,NA
"fish","84675e9ffffffff",12,11,2.36938211969468,0.0972222222222222,NA
"fish","8467601ffffffff",4,4,1.38629436111989,0.25,NA
"fish","8467607ffffffff",1,1,0,1,NA
"fish","8467609ffffffff",1,1,0,1,NA
"fish","8467611ffffffff",2,2,0.693147180559945,0.5,NA
"fish","8467621ffffffff",5,4,1.33217904021012,0.28,NA
"fish","8467623ffffffff",56,2,0.661563238157982,0.53125,2
"fish","8467625ffffffff",51,10,1.58939048463894,0.310265282583622,9.90196078431373
"fish","8467627ffffffff",100,6,1.31143577548866,0.3476,5.75180559549981
"fish","8467629ffffffff",5,3,1.05492016798614,0.36,NA
"fish","8467633ffffffff",8,4,1.32088834314932,0.28125,NA
"fish","8467635ffffffff",4,2,0.562335144618808,0.625,NA
"fish","8467639ffffffff",3,3,1.09861228866811,0.333333333333333,NA
"fish","8467641ffffffff",2,1,0,1,NA
"fish","8467645ffffffff",1,1,0,1,NA
"fish","8467647ffffffff",3,2,0.636514168294813,0.555555555555556,NA
"fish","8467649ffffffff",2,2,0.693147180559945,0.5,NA
"fish","846764dffffffff",7,6,1.74786809746676,0.183673469387755,NA
"fish","8467667ffffffff",6,6,1.79175946922805,0.166666666666667,NA
"fish","8467681ffffffff",33,32,3.45449864143254,0.0321395775941231,NA
"fish","8467683ffffffff",74,45,3.69255741969135,0.0277574872169467,35.4378833782651
"fish","8467685ffffffff",31,31,3.43398720448515,0.032258064516129,NA
"fish","8467689ffffffff",22,20,2.96501569325651,0.0537190082644628,NA
"fish","846768dffffffff",30,27,3.24512634075801,0.0422222222222222,NA
"fish","8467691ffffffff",24,22,3.06252930025462,0.0486111111111111,NA
"fish","8467693ffffffff",460,134,4.59520525588926,0.0128922495274102,39.5219864601907
"fish","8467695ffffffff",6,5,1.56071040904141,0.222222222222222,NA
"fish","8467697ffffffff",1,1,0,1,NA
"fish","8467699ffffffff",23,19,2.78561640887826,0.0812854442344045,NA
"fish","846769bffffffff",34,24,3.07785352543031,0.0519031141868512,NA
"fish","846769dffffffff",20,20,2.99573227355399,0.05,NA
"fish","84676a3ffffffff",47,39,3.49020700789322,0.0430058850158443,NA
"fish","84676a7ffffffff",12,8,1.81430751960713,0.222222222222222,NA
"fish","84676a9ffffffff",1,1,0,1,NA
"fish","84676adffffffff",159,2,0.656118876354448,0.536568964835252,1.9999999999997
"fish","84676b1ffffffff",2,2,0.693147180559945,0.5,NA
"fish","84676b3ffffffff",13,11,2.35167330190463,0.100591715976331,NA
"fish","84676b5ffffffff",9,4,1.21488965394912,0.333333333333333,NA
"fish","84676b7ffffffff",48,42,3.6979142157679,0.0260416666666667,NA
"fish","84676b9ffffffff",20,3,0.394397691447443,0.815,NA
"fish","84676bbffffffff",3,3,1.09861228866811,0.333333333333333,NA
"fish","84676bdffffffff",12,10,2.25385758960135,0.111111111111111,NA
"fish","84676c5ffffffff",6,3,1.01140426470735,0.388888888888889,NA
"fish","84676c9ffffffff",1,1,0,1,NA
"fish","84676d5ffffffff",8,8,2.07944154167984,0.125,NA
"fish","84676d7ffffffff",7,6,1.74786809746676,0.183673469387755,NA
"fish","84676e1ffffffff",1,1,0,1,NA
"fish","84676e3ffffffff",35,33,3.47613124085399,0.0318367346938776,NA
"fish","84676e5ffffffff",1,1,0,1,NA
"fish","84676e7ffffffff",332,283,5.575396137807,0.00420960952242706,48.5920225809093
"fish","8467701ffffffff",2,2,0.693147180559945,0.5,NA
"fish","8467703ffffffff",2,2,0.693147180559945,0.5,NA
"fish","8467705ffffffff",35,32,3.43652283053628,0.033469387755102,NA
"fish","846770bffffffff",1,1,0,1,NA
"fish","846770dffffffff",2,2,0.693147180559945,0.5,NA
"fish","8467711ffffffff",18,6,1.64407279583317,0.209876543209877,NA
"fish","8467713ffffffff",5,3,1.05492016798614,0.36,NA
"fish","8467715ffffffff",4,4,1.38629436111989,0.25,NA
"fish","8467719ffffffff",19,6,1.74949382539366,0.18005540166205,NA
"fish","846771bffffffff",23,7,1.81326163287426,0.179584120982987,NA
"fish","8467723ffffffff",2,2,0.693147180559945,0.5,NA
"fish","8467727ffffffff",3,3,1.09861228866811,0.333333333333333,NA
"fish","8467729ffffffff",17,9,2.08850161933547,0.134948096885813,NA
"fish","846772dffffffff",5,5,1.6094379124341,0.2,NA
"fish","8467733ffffffff",3,2,0.636514168294813,0.555555555555556,NA
"fish","8467735ffffffff",54,31,3.25078518732564,0.0473251028806584,29.6289213314741
"fish","8467737ffffffff",122,75,4.15681814214133,0.0186777747917227,39.6655523409203
"fish","8467739ffffffff",7,4,1.35178399428965,0.26530612244898,NA
"fish","846773dffffffff",1,1,0,1,NA
"fish","8467741ffffffff",10,5,1.47080847632211,0.26,NA
"fish","8467743ffffffff",3,3,1.09861228866811,0.333333333333333,NA
"fish","8467749ffffffff",1,1,0,1,NA
"fish","846774dffffffff",3,3,1.09861228866811,0.333333333333333,NA
"fish","8467753ffffffff",11,7,1.89378823239114,0.15702479338843,NA
"fish","8467755ffffffff",75,26,3.21434518388699,0.0417777777777778,24.4009469627838
"fish","8467757ffffffff",12,7,1.90728399932138,0.152777777777778,NA
"fish","8467765ffffffff",1,1,0,1,NA
"fish","846776dffffffff",1,1,0,1,NA
"fish","8467801ffffffff",6881,305,3.73527730650801,0.0529634720132003,24.6659430059279
"fish","8467803ffffffff",11,6,1.59416669911802,0.239669421487603,NA
"fish","8467805ffffffff",5508,388,4.40704484322353,0.0301087768817417,31.6303508895785
"fish","846780bffffffff",42,13,1.93754739925821,0.241496598639456,NA
"fish","846780dffffffff",18,12,2.32218794280707,0.117283950617284,NA
"fish","8467811ffffffff",2,2,0.693147180559945,0.5,NA
"fish","8467815ffffffff",16,5,1.03739232462091,0.5,NA
"fish","8467817ffffffff",20,19,2.926417555498,0.055,NA
"fish","846781bffffffff",39,10,1.85839966275363,0.208415516107824,NA
"fish","8467821ffffffff",93,62,4.02109272016975,0.0202335530119089,40.0206590531933
"fish","8467823ffffffff",625,107,3.70331001636947,0.04218624,26.5292697898596
"fish","8467827ffffffff",279,126,4.61157485210631,0.0121915186084454,41.1030305118363
"fish","8467829ffffffff",87,47,3.68481012139445,0.0294622803540758,33.8463955585448
"fish","846782bffffffff",132,72,4.09611380783386,0.0198576675849403,38.0499160211989
"fish","846782dffffffff",47,35,3.46280128756682,0.034857401539158,NA
"fish","8467831ffffffff",213,86,3.95625541120786,0.0300866230245322,32.512357788701
"fish","8467835ffffffff",6924,305,3.76905888652403,0.0396902692966569,25.6148284544515
"fish","846783bffffffff",1,1,0,1,NA
"fish","846783dffffffff",1294,133,3.89138977733487,0.0310444830378707,28.7753775837134
"fish","8467841ffffffff",1,1,0,1,NA
"fish","8467843ffffffff",21,7,1.66099581458629,0.229024943310658,NA
"fish","8467845ffffffff",1,1,0,1,NA
"fish","8467847ffffffff",3,3,1.09861228866811,0.333333333333333,NA
"fish","8467849ffffffff",16,6,1.38629436111989,0.328125,NA
"fish","846784bffffffff",18,17,2.81335540450062,0.0617283950617284,NA
"fish","846784dffffffff",6,6,1.79175946922805,0.166666666666667,NA
"fish","8467853ffffffff",88,31,2.56177683346251,0.169421487603306,20.8589677379233
"fish","8467859ffffffff",49,13,2.17593918109011,0.14868804664723,NA
"fish","846785dffffffff",3,3,1.09861228866811,0.333333333333333,NA
"fish","8467861ffffffff",21,14,2.49149372187944,0.0975056689342403,NA
"fish","8467863ffffffff",128,71,4.02053049986182,0.0250244140625,37.1467596044037
"fish","8467869ffffffff",280,116,4.48608219411144,0.0141836734693878,39.4986738018016
"fish","846786bffffffff",40,33,3.43319673732384,0.035,NA
"fish","8467885ffffffff",2,2,0.693147180559945,0.5,NA
"fish","846788bffffffff",5,4,1.33217904021012,0.28,NA
"fish","84678a7ffffffff",1,1,0,1,NA
"fish","84678adffffffff",1,1,0,1,NA
"fish","84678b3ffffffff",112,82,4.32848259086068,0.0143494897959184,43.6435298935343
"fish","84678b5ffffffff",5,4,1.33217904021012,0.28,NA
"fish","84678b7ffffffff",132,73,3.77088272640473,0.0466023875114784,33.13247268902
"fish","84678b9ffffffff",2,2,0.693147180559945,0.5,NA
"fish","84678bbffffffff",1,1,0,1,NA
"fish","84678cbffffffff",3,3,1.09861228866811,0.333333333333333,NA
"fish","84678d3ffffffff",25,20,2.92068702689364,0.0592,NA
"fish","84678d5ffffffff",2,2,0.693147180559945,0.5,NA
"fish","84678d7ffffffff",50,44,3.74566768209376,0.0248,44
"fish","84678dbffffffff",1,1,0,1,NA
"fish","84678e1ffffffff",1,1,0,1,NA
"fish","84678e5ffffffff",1,1,0,1,NA
"fish","8467903ffffffff",1,1,0,1,NA
"fish","846790bffffffff",12,12,2.484906649788,0.0833333333333333,NA
"fish","8467911ffffffff",5,5,1.6094379124341,0.2,NA
"fish","8467913ffffffff",712,77,3.29059661580419,0.0600579156672137,22.0228961685939
"fish","8467915ffffffff",19,18,2.87147611805487,0.0581717451523546,NA
"fish","8467917ffffffff",40,32,3.41162058188996,0.035,NA
"fish","846791bffffffff",4,4,1.38629436111989,0.25,NA
"fish","8467929ffffffff",1,1,0,1,NA
"fish","8467931ffffffff",7,4,1.27703425946614,0.306122448979592,NA
"fish","8467933ffffffff",2,2,0.693147180559945,0.5,NA
"fish","8467935ffffffff",10,8,2.02532622077007,0.14,NA
"fish","846793bffffffff",18,18,2.89037175789616,0.0555555555555556,NA
"fish","8467943ffffffff",7,5,1.5498260458782,0.224489795918367,NA
"fish","846794bffffffff",12,10,2.21025357762097,0.125,NA
"fish","8467955ffffffff",45,31,3.34048770117094,0.0390123456790124,NA
"fish","846795bffffffff",3,3,1.09861228866811,0.333333333333333,NA
"fish","846795dffffffff",25,18,2.78885355225347,0.0688,NA
"fish","8467969ffffffff",6,1,0,1,NA
"fish","846796bffffffff",6,4,1.242453324894,0.333333333333333,NA
"fish","846798bffffffff",3,2,0.636514168294813,0.555555555555556,NA
"fish","846798dffffffff",1,1,0,1,NA
"fish","8467999ffffffff",1,1,0,1,NA
"fish","84679a1ffffffff",1187,162,4.17065266485557,0.0256634461084665,32.1071918870254
"fish","84679a3ffffffff",221,90,4.13741277363027,0.022870129604226,35.4662298567155
"fish","84679a5ffffffff",87,13,1.89994089904045,0.231602589509843,10.8410493512423
"fish","84679a7ffffffff",21,7,1.7404229544469,0.197278911564626,NA
"fish","84679a9ffffffff",1,1,0,1,NA
"fish","84679abffffffff",3,3,1.09861228866811,0.333333333333333,NA
"fish","84679adffffffff",122,56,3.76387607658564,0.0292932007524859,32.8341307987075
"fish","84679b3ffffffff",127,65,3.92543530367269,0.0258540517081034,35.4308602819927
"fish","84679b5ffffffff",1094,251,5.06367003425065,0.00904217453352005,41.8060711608472
"fish","84679b7ffffffff",527,221,4.97671204991451,0.0111727619369961,41.4562417282306
"fish","84679bdffffffff",1,1,0,1,NA
"fish","84679c5ffffffff",16,11,2.30666872540453,0.109375,NA
"fish","84679c7ffffffff",7,7,1.94591014905531,0.142857142857143,NA
"fish","84679c9ffffffff",37,33,3.44690641025925,0.0343316289262235,NA
"fish","84679cbffffffff",1428,207,4.72007627284634,0.0127315632135207,38.6802478077208
"fish","84679cdffffffff",184,118,4.60283943717324,0.0127008506616257,42.9754231850437
"fish","84679d3ffffffff",2,2,0.693147180559945,0.5,NA
"fish","84679e1ffffffff",51,38,3.52049493690134,0.0342176086120723,37.4117647058824
"fish","84679e3ffffffff",8,8,2.07944154167984,0.125,NA
"fish","84679e5ffffffff",22,22,3.09104245335832,0.0454545454545455,NA
"fish","84679e7ffffffff",3,3,1.09861228866811,0.333333333333333,NA
"fish","84679e9ffffffff",47,18,2.57197991651215,0.098234495246718,NA
"fish","84679ebffffffff",8,8,2.07944154167984,0.125,NA
"fish","84679edffffffff",49,38,3.54164110469832,0.0329029571012078,NA
"fish","8467a01ffffffff",926,153,4.56341823529895,0.0136960101507214,37.97038087163
"fish","8467a09ffffffff",280,108,4.37276963602268,0.0168877551020408,37.9157707749411
"fish","8467a0bffffffff",3,3,1.09861228866811,0.333333333333333,NA
"fish","8467a0dffffffff",2,2,0.693147180559945,0.5,NA
"fish","8467a11ffffffff",2,2,0.693147180559945,0.5,NA
"fish","8467a17ffffffff",6,6,1.79175946922805,0.166666666666667,NA
"fish","8467a25ffffffff",11,11,2.39789527279837,0.0909090909090909,NA
"fish","8467a27ffffffff",30,27,3.26256794555017,0.04,NA
"fish","8467a29ffffffff",4,4,1.38629436111989,0.25,NA
"fish","8467a2bffffffff",2,1,0,1,NA
"fish","8467a2dffffffff",19,13,2.43369895138543,0.102493074792244,NA
"fish","8467a31ffffffff",17,8,1.75653673990849,0.231833910034602,NA
"fish","8467a33ffffffff",25,8,1.71666481195729,0.232,NA
"fish","8467a35ffffffff",5,5,1.6094379124341,0.2,NA
"fish","8467a37ffffffff",130,71,4.14949640529267,0.0175147928994083,39.3832177507309
"fish","8467a3bffffffff",4,4,1.38629436111989,0.25,NA
"fish","8467a41ffffffff",5,5,1.6094379124341,0.2,NA
"fish","8467a45ffffffff",52,36,3.47137259357839,0.0355029585798817,35.0693815987934
"fish","8467a49ffffffff",31,29,3.34454885860644,0.036420395421436,NA
"fish","8467a53ffffffff",7,3,0.796311640173813,0.551020408163265,NA
"fish","8467a5bffffffff",61,58,4.01996931590315,0.0196183821553346,47.720679115846
"fish","8467a65ffffffff",25,19,2.88616517819943,0.0592,NA
"fish","8467a67ffffffff",34,22,2.92475413216888,0.0640138408304498,NA
"fish","8467a6bffffffff",1,1,0,1,NA
"fish","8467a6dffffffff",35,28,3.26313924230073,0.0416326530612245,NA
"fish","8467a83ffffffff",8,7,1.90615474653985,0.15625,NA
"fish","8467a87ffffffff",66,59,4.04262352190765,0.0183654729109275,46.0023310023308
"fish","8467a89ffffffff",4,3,1.03972077083992,0.375,NA
"fish","8467a8bffffffff",1,1,0,1,NA
"fish","8467a95ffffffff",2,2,0.693147180559945,0.5,NA
"fish","8467a97ffffffff",1,1,0,1,NA
"fish","8467a9bffffffff",3,3,1.09861228866811,0.333333333333333,NA
"fish","8467aa7ffffffff",1,1,0,1,NA
"fish","8467ab7ffffffff",30,29,3.35498756962483,0.0355555555555556,NA
"fish","8467abdffffffff",53,48,3.83950942665402,0.0224279102883588,45.555152394775
"fish","8467ac3ffffffff",2,2,0.693147180559945,0.5,NA
"fish","8467ac5ffffffff",1,1,0,1,NA
"fish","8467ac7ffffffff",16,16,2.77258872223978,0.0625,NA
"fish","8467acbffffffff",2,2,0.693147180559945,0.5,NA
"fish","8467ad1ffffffff",1,1,0,1,NA
"fish","8467adbffffffff",14,14,2.63905732961526,0.0714285714285714,NA
"fish","8467ae1ffffffff",7,5,1.47507631105469,0.26530612244898,NA
"fish","8467aedffffffff",2,2,0.693147180559945,0.5,NA
"fish","8467b01ffffffff",2,2,0.693147180559945,0.5,NA
"fish","8467b05ffffffff",2,2,0.693147180559945,0.5,NA
"fish","8467b0dffffffff",7,5,1.5498260458782,0.224489795918367,NA
"fish","8467b11ffffffff",6,5,1.56071040904141,0.222222222222222,NA
"fish","8467b13ffffffff",75,52,3.82748342549557,0.0250666666666667,38.5366325229345
"fish","8467b17ffffffff",35,35,3.55534806148941,0.0285714285714286,NA
"fish","8467b19ffffffff",4,4,1.38629436111989,0.25,NA
"fish","8467b1bffffffff",40,38,3.60648353246383,0.02875,NA
"fish","8467b1dffffffff",4,4,1.38629436111989,0.25,NA
"fish","8467b21ffffffff",1,1,0,1,NA
"fish","8467b23ffffffff",2,2,0.693147180559945,0.5,NA
"fish","8467b27ffffffff",8,5,1.55958115625988,0.21875,NA
"fish","8467b29ffffffff",91,46,3.70613284056562,0.0278951817413356,33.9988447239115
"fish","8467b2bffffffff",95,39,3.41471396939821,0.0395567867036011,27.9349441696744
"fish","8467b2dffffffff",12,11,2.36938211969468,0.0972222222222222,NA
"fish","8467b31ffffffff",1,1,0,1,NA
"fish","8467b35ffffffff",1,1,0,1,NA
"fish","8467b41ffffffff",171,83,4.2056072924608,0.0184330221264663,38.1051838102302
"fish","8467b43ffffffff",10,9,2.16395565688206,0.12,NA
"fish","8467b45ffffffff",27,20,2.89766809506476,0.0617283950617284,NA
"fish","8467b49ffffffff",125,69,3.99079474314763,0.024128,36.5247994292306
"fish","8467b4bffffffff",26,22,3.04482048246458,0.0502958579881657,NA
"fish","8467b4dffffffff",29,20,2.88293742718052,0.0630202140309156,NA
"fish","8467b53ffffffff",22,20,2.94123168672176,0.0578512396694215,NA
"fish","8467b55ffffffff",48,32,3.29539349657408,0.0451388888888889,NA
"fish","8467b59ffffffff",50,38,3.55838243300879,0.0312,38
"fish","8467b5bffffffff",15,13,2.52321095295289,0.0844444444444444,NA
"fish","8467b5dffffffff",85,59,3.94505679710755,0.022560553633218,39.451478798982
"fish","8467b61ffffffff",17,15,2.67011988980682,0.0726643598615917,NA
"fish","8467b63ffffffff",53,37,3.53204274250595,0.0316838732645069,35.6719030137454
"fish","8467b65ffffffff",3,3,1.09861228866811,0.333333333333333,NA
"fish","8467b67ffffffff",213,67,3.97403002547923,0.0221516894796006,34.023889178737
"fish","8467b69ffffffff",32,24,3.11916231251975,0.046875,NA
"fish","8467b6bffffffff",7,6,1.74786809746676,0.183673469387755,NA
"fish","846c043ffffffff",20,19,2.926417555498,0.055,NA
"fish","846c061ffffffff",9,6,1.73512645696292,0.185185185185185,NA
"fish","846c069ffffffff",8,7,1.90615474653985,0.15625,NA
"fish","846c143ffffffff",1,1,0,1,NA
"fish","846c14bffffffff",29,21,2.96682675989255,0.0558858501783591,NA
"fish","846c159ffffffff",1,1,0,1,NA
"fish","846c205ffffffff",9,9,2.19722457733622,0.111111111111111,NA
"fish","846c213ffffffff",6,4,1.32966134885476,0.277777777777778,NA
"fish","846c225ffffffff",1,1,0,1,NA
"fish","846c229ffffffff",1,1,0,1,NA
"fish","846c231ffffffff",6,4,1.32966134885476,0.277777777777778,NA
"fish","846c241ffffffff",1,1,0,1,NA
"fish","846c24dffffffff",2,1,0,1,NA
"fish","846c253ffffffff",1,1,0,1,NA
"fish","846c259ffffffff",2,2,0.693147180559945,0.5,NA
"fish","846c261ffffffff",1,1,0,1,NA
"fish","846c265ffffffff",2,2,0.693147180559945,0.5,NA
"fish","846c289ffffffff",2,1,0,1,NA
"fish","846c2cbffffffff",8,6,1.66746193342929,0.21875,NA
"fish","846c2d5ffffffff",3,3,1.09861228866811,0.333333333333333,NA
"fish","846c2ddffffffff",4,3,1.03972077083992,0.375,NA
"fish","846c2e1ffffffff",1,1,0,1,NA
"fish","846c2e7ffffffff",1,1,0,1,NA
"fish","846c31dffffffff",2,2,0.693147180559945,0.5,NA
"fish","846c323ffffffff",2,1,0,1,NA
"fish","846c32bffffffff",1,1,0,1,NA
"fish","846c331ffffffff",3,3,1.09861228866811,0.333333333333333,NA
"fish","846c333ffffffff",1,1,0,1,NA
"fish","846c335ffffffff",4,4,1.38629436111989,0.25,NA
"fish","846c33bffffffff",2,2,0.693147180559945,0.5,NA
"fish","846c33dffffffff",8,8,2.07944154167984,0.125,NA
"fish","846c353ffffffff",1,1,0,1,NA
"fish","846c355ffffffff",8,5,1.49417513828931,0.25,NA
"fish","846c357ffffffff",17,17,2.83321334405622,0.0588235294117647,NA
"fish","846d001ffffffff",1,1,0,1,NA
"fish","846d005ffffffff",1,1,0,1,NA
"fish","846d007ffffffff",3,2,0.636514168294813,0.555555555555556,NA
"fish","846d009ffffffff",23,5,1.36558640936792,0.296786389413989,NA
"fish","846d00bffffffff",8,6,1.73286795139986,0.1875,NA
"fish","846d015ffffffff",3,3,1.09861228866811,0.333333333333333,NA
"fish","846d017ffffffff",6,4,1.242453324894,0.333333333333333,NA
"fish","846d019ffffffff",13,6,1.77823330579971,0.171597633136095,NA
"fish","846d01bffffffff",77,76,4.325801598982,0.0133243379996627,49.5813397129175
"fish","846d01dffffffff",5,5,1.6094379124341,0.2,NA
"fish","846d023ffffffff",5,3,0.950270539233235,0.44,NA
"fish","846d027ffffffff",16,5,1.49417513828931,0.25,NA
"fish","846d029ffffffff",5,5,1.6094379124341,0.2,NA
"fish","846d02bffffffff",6,4,1.242453324894,0.333333333333333,NA
"fish","846d02dffffffff",4,3,1.03972077083992,0.375,NA
"fish","846d037ffffffff",1,1,0,1,NA
"fish","846d03dffffffff",1,1,0,1,NA
"fish","846d041ffffffff",3,3,1.09861228866811,0.333333333333333,NA
"fish","846d043ffffffff",185,93,4.1963588850301,0.0220014609203798,36.9330583504826
"fish","846d045ffffffff",6,6,1.79175946922805,0.166666666666667,NA
"fish","846d047ffffffff",1,1,0,1,NA
"fish","846d049ffffffff",3,2,0.636514168294813,0.555555555555556,NA
"fish","846d04bffffffff",54,31,3.24270886122584,0.0480109739368999,29.5667903026394
"fish","846d04dffffffff",15,8,1.80189240065887,0.208888888888889,NA
"fish","846d053ffffffff",30,15,2.07721767043371,0.24,NA
"fish","846d055ffffffff",3,3,1.09861228866811,0.333333333333333,NA
"fish","846d057ffffffff",11,11,2.39789527279837,0.0909090909090909,NA
"fish","846d05bffffffff",2,2,0.693147180559945,0.5,NA
"fish","846d05dffffffff",1,1,0,1,NA
"fish","846d061ffffffff",9,6,1.73512645696292,0.185185185185185,NA
"fish","846d065ffffffff",36,28,3.27545352487391,0.0401234567901235,NA
"fish","846d067ffffffff",2,2,0.693147180559945,0.5,NA
"fish","846d069ffffffff",253,96,4.08540667767934,0.0247933884297521,33.7234164240428
"fish","846d06bffffffff",2,2,0.693147180559945,0.5,NA
"fish","846d06dffffffff",38,31,3.34090708185447,0.0401662049861496,NA
"fish","846d081ffffffff",2,1,0,1,NA
"fish","846d083ffffffff",4,4,1.38629436111989,0.25,NA
"fish","846d087ffffffff",5,5,1.6094379124341,0.2,NA
"fish","846d08dffffffff",2,2,0.693147180559945,0.5,NA
"fish","846d095ffffffff",5,5,1.6094379124341,0.2,NA
"fish","846d099ffffffff",5,5,1.6094379124341,0.2,NA
"fish","846d09dffffffff",2,2,0.693147180559945,0.5,NA
"fish","846d0b9ffffffff",1,1,0,1,NA
"fish","846d0bbffffffff",4,4,1.38629436111989,0.25,NA
"fish","846d0bdffffffff",1,1,0,1,NA
"fish","846d0c1ffffffff",5,3,1.05492016798614,0.36,NA
"fish","846d0c3ffffffff",16,13,2.5126585295298,0.0859375,NA
"fish","846d0c5ffffffff",1,1,0,1,NA
"fish","846d0c9ffffffff",64,8,1.82952534895172,0.1953125,7.90960204793912
"fish","846d0cbffffffff",6,6,1.79175946922805,0.166666666666667,NA
"fish","846d0d3ffffffff",12,12,2.484906649788,0.0833333333333333,NA
"fish","846d0d5ffffffff",7,7,1.94591014905531,0.142857142857143,NA
"fish","846d0d9ffffffff",10,9,2.16395565688206,0.12,NA
"fish","846d0dbffffffff",2,2,0.693147180559945,0.5,NA
"fish","846d0ddffffffff",23,23,3.13549421592915,0.0434782608695652,NA
"fish","846d0e9ffffffff",2,2,0.693147180559945,0.5,NA
"fish","846d0ebffffffff",17,17,2.83321334405622,0.0588235294117647,NA
"fish","846d0edffffffff",6,6,1.79175946922805,0.166666666666667,NA
"fish","846d107ffffffff",5,3,1.05492016798614,0.36,NA
"fish","846d109ffffffff",3,3,1.09861228866811,0.333333333333333,NA
"fish","846d10dffffffff",1,1,0,1,NA
"fish","846d111ffffffff",1,1,0,1,NA
"fish","846d115ffffffff",7,7,1.94591014905531,0.142857142857143,NA
"fish","846d117ffffffff",2,2,0.693147180559945,0.5,NA
"fish","846d119ffffffff",1,1,0,1,NA
"fish","846d11bffffffff",8,6,1.73286795139986,0.1875,NA
"fish","846d141ffffffff",8,6,1.73286795139986,0.1875,NA
"fish","846d143ffffffff",17,14,2.58857316268212,0.0795847750865052,NA
"fish","846d145ffffffff",77,41,3.5828799243552,0.0318772136953955,32.8125273467737
"fish","846d147ffffffff",1,1,0,1,NA
"fish","846d149ffffffff",1,1,0,1,NA
"fish","846d14bffffffff",2,2,0.693147180559945,0.5,NA
"fish","846d153ffffffff",12,12,2.484906649788,0.0833333333333333,NA
"fish","846d155ffffffff",2,2,0.693147180559945,0.5,NA
"fish","846d157ffffffff",12,12,2.484906649788,0.0833333333333333,NA
"fish","846d159ffffffff",180,91,4.31917889818169,0.0165432098765432,39.5554074952954
"fish","846d15dffffffff",31,19,2.79103981095473,0.0718002081165453,NA
"fish","846d169ffffffff",3,3,1.09861228866811,0.333333333333333,NA
"fish","846d16bffffffff",3,3,1.09861228866811,0.333333333333333,NA
"fish","846d185ffffffff",1,1,0,1,NA
"fish","846d187ffffffff",7,7,1.94591014905531,0.142857142857143,NA
"fish","846d1a1ffffffff",4,3,1.03972077083992,0.375,NA
"fish","846d1a7ffffffff",1,1,0,1,NA
"fish","846d1c1ffffffff",1,1,0,1,NA
"fish","846d1c5ffffffff",5,5,1.6094379124341,0.2,NA
"fish","846d1cbffffffff",7,7,1.94591014905531,0.142857142857143,NA
"fish","846d1cdffffffff",1,1,0,1,NA
"fish","846d1d5ffffffff",1,1,0,1,NA
"fish","846d1e3ffffffff",1,1,0,1,NA
"fish","846d201ffffffff",11,7,1.79865220625213,0.190082644628099,NA
"fish","846d203ffffffff",4,3,1.03972077083992,0.375,NA
"fish","846d205ffffffff",1,1,0,1,NA
"fish","846d207ffffffff",8,4,1.2130075659799,0.34375,NA
"fish","846d209ffffffff",19,12,2.3020141030859,0.124653739612188,NA
"fish","846d20dffffffff",103,22,2.64428306199507,0.0932227354133283,16.5693062833223
"fish","846d211ffffffff",3,2,0.636514168294813,0.555555555555556,NA
"fish","846d215ffffffff",11,4,1.12095039267358,0.388429752066116,NA
"fish","846d219ffffffff",11,6,1.54030582522652,0.272727272727273,NA
"fish","846d21bffffffff",6,4,1.242453324894,0.333333333333333,NA
"fish","846d21dffffffff",7,4,1.35178399428965,0.26530612244898,NA
"fish","846d229ffffffff",23,13,2.42698403071837,0.100189035916824,NA
"fish","846d22bffffffff",16,9,1.89468911715399,0.203125,NA
"fish","846d239ffffffff",3,3,1.09861228866811,0.333333333333333,NA
"fish","846d23dffffffff",2,2,0.693147180559945,0.5,NA
"fish","846d241ffffffff",55,38,3.52509604102426,0.0333884297520661,35.5813334115221
"fish","846d243ffffffff",20,17,2.78778811938601,0.065,NA
"fish","846d245ffffffff",92,48,3.66339993511861,0.0321361058601134,33.2381202050751
"fish","846d247ffffffff",98,30,3.06464840359351,0.058725531028738,22.1426935079855
"fish","846d249ffffffff",61,43,3.64476590620059,0.0298306906745499,37.180482765008
"fish","846d24bffffffff",60,39,3.55115342022717,0.0322222222222222,34.731305177028
"fish","846d24dffffffff",53,44,3.72501083064941,0.0259878960484158,41.9469819858277
"fish","846d251ffffffff",5,5,1.6094379124341,0.2,NA
"fish","846d253ffffffff",2,2,0.693147180559945,0.5,NA
"fish","846d255ffffffff",18,6,1.79175946922805,0.166666666666667,NA
"fish","846d259ffffffff",948,143,4.52184007257995,0.0136463173636704,37.7798091920917
"fish","846d25dffffffff",372,99,4.33254921739067,0.015493120591976,37.3473652084812
"fish","846d261ffffffff",113,67,4.04191674655337,0.0210666457827551,38.4022037585191
"fish","846d263ffffffff",2,2,0.693147180559945,0.5,NA
"fish","846d265ffffffff",1062,613,6.35865614514601,0.00183536020939066,48.9121400923897
"fish","846d267ffffffff",158,31,2.93818862947925,0.0715430219516103,19.6880999314799
"fish","846d269ffffffff",122,66,4.00589239483101,0.0219027143241064,37.1121571140559
"fish","846d26bffffffff",11,11,2.39789527279837,0.0909090909090909,NA
"fish","846d26dffffffff",439,417,6.0126429843003,0.00252696903814322,49.6969982371245
"fish","846d283ffffffff",1,1,0,1,NA
"fish","846d291ffffffff",6,5,1.56071040904141,0.222222222222222,NA
"fish","846d293ffffffff",1,1,0,1,NA
"fish","846d295ffffffff",1,1,0,1,NA
"fish","846d297ffffffff",12,9,2.09472904752765,0.138888888888889,NA
"fish","846d299ffffffff",9,6,1.67698777432242,0.209876543209877,NA
"fish","846d2a1ffffffff",61,45,3.6816403419133,0.0292932007524859,38.3944773931454
"fish","846d2a3ffffffff",46,3,0.208981746654236,0.915879017013233,NA
"fish","846d2a5ffffffff",54,27,2.82098331695316,0.100137174211248,25.5714669676934
"fish","846d2a7ffffffff",91,22,2.79961458346602,0.0754739765728777,18.4812890148749
"fish","846d2a9ffffffff",1,1,0,1,NA
"fish","846d2abffffffff",6,3,1.09861228866811,0.333333333333333,NA
"fish","846d2adffffffff",4,4,1.38629436111989,0.25,NA
"fish","846d2b1ffffffff",6,1,0,1,NA
"fish","846d2b3ffffffff",58,33,3.4268162587696,0.0344827586206896,31.0496067755596
"fish","846d2b5ffffffff",46,30,3.29356530025937,0.0415879017013232,NA
"fish","846d2b7ffffffff",6,5,1.56071040904141,0.222222222222222,NA
"fish","846d2b9ffffffff",1,1,0,1,NA
"fish","846d2bbffffffff",7,7,1.94591014905531,0.142857142857143,NA
"fish","846d2c1ffffffff",1,1,0,1,NA
"fish","846d2c3ffffffff",27,12,2.22339858525986,0.135802469135802,NA
"fish","846d2c7ffffffff",6,4,1.242453324894,0.333333333333333,NA
"fish","846d2c9ffffffff",14,5,1.27001815191049,0.346938775510204,NA
"fish","846d2cbffffffff",58,14,2.33879124605622,0.128418549346017,13.7700904996731
"fish","846d2cdffffffff",3,3,1.09861228866811,0.333333333333333,NA
"fish","846d2dbffffffff",3,2,0.636514168294813,0.555555555555556,NA
"fish","846d2ddffffffff",55,14,2.39065340062791,0.104132231404959,13.5386909304778
"fish","846d2e3ffffffff",1,1,0,1,NA
"fish","846d2ebffffffff",1,1,0,1,NA
"fish","846d301ffffffff",2,2,0.693147180559945,0.5,NA
"fish","846d303ffffffff",5,5,1.6094379124341,0.2,NA
"fish","846d307ffffffff",2,1,0,1,NA
"fish","846d309ffffffff",4,4,1.38629436111989,0.25,NA
"fish","846d30bffffffff",4,2,0.562335144618808,0.625,NA
"fish","846d30dffffffff",18,10,2.05822390413117,0.160493827160494,NA
"fish","846d311ffffffff",12,8,1.97920451743432,0.152777777777778,NA
"fish","846d313ffffffff",68,39,3.52392603925086,0.0341695501730104,32.7659752451237
"fish","846d315ffffffff",1,1,0,1,NA
"fish","846d317ffffffff",29,9,1.97429288122597,0.160523186682521,NA
"fish","846d319ffffffff",4,4,1.38629436111989,0.25,NA
"fish","846d31dffffffff",9,1,0,1,NA
"fish","846d323ffffffff",2,2,0.693147180559945,0.5,NA
"fish","846d32bffffffff",1,1,0,1,NA
"fish","846d333ffffffff",49,25,2.96690623058021,0.0653894210745523,NA
"fish","846d335ffffffff",1,1,0,1,NA
"fish","846d337ffffffff",5,4,1.33217904021012,0.28,NA
"fish","846d33bffffffff",4,1,0,1,NA
"fish","846d33dffffffff",9,5,1.46481638489081,0.259259259259259,NA
"fish","846d341ffffffff",176,87,4.20330383393747,0.0193052685950413,37.6271281751015
"fish","846d343ffffffff",37,13,2.02075080848171,0.189189189189189,NA
"fish","846d345ffffffff",2,2,0.693147180559945,0.5,NA
"fish","846d347ffffffff",15,10,2.24595208072891,0.111111111111111,NA
"fish","846d349ffffffff",72,58,3.99984154680157,0.0196759259259259,43.139671361502
"fish","846d34bffffffff",13,9,2.09814738913507,0.136094674556213,NA
"fish","846d34dffffffff",357,170,4.88533868490698,0.0096587654669711,42.8069721295631
"fish","846d353ffffffff",35,10,1.96963010275502,0.178775510204082,NA
"fish","846d355ffffffff",1,1,0,1,NA
"fish","846d357ffffffff",12,8,1.93560050545395,0.166666666666667,NA
"fish","846d359ffffffff",2,2,0.693147180559945,0.5,NA
"fish","846d35bffffffff",43,28,3.10424347927118,0.063277447268794,NA
"fish","846d35dffffffff",340,70,3.70630067886715,0.0345847750865052,28.404022743001
"fish","846d361ffffffff",1,1,0,1,NA
"fish","846d363ffffffff",6,6,1.79175946922805,0.166666666666667,NA
"fish","846d36bffffffff",45,18,2.52610499065255,0.110123456790123,NA
"fish","846d401ffffffff",1,1,0,1,NA
"fish","846d403ffffffff",1,1,0,1,NA
"fish","846d407ffffffff",7,4,1.35178399428965,0.26530612244898,NA
"fish","846d409ffffffff",23,19,2.89439954443004,0.058601134215501,NA
"fish","846d413ffffffff",3,3,1.09861228866811,0.333333333333333,NA
"fish","846d415ffffffff",4,4,1.38629436111989,0.25,NA
"fish","846d419ffffffff",1,1,0,1,NA
"fish","846d41bffffffff",1,1,0,1,NA
"fish","846d41dffffffff",5,4,1.33217904021012,0.28,NA
"fish","846d423ffffffff",13,13,2.56494935746154,0.0769230769230769,NA
"fish","846d425ffffffff",48,18,2.79877723108269,0.0668402777777778,NA
"fish","846d429ffffffff",2,2,0.693147180559945,0.5,NA
"fish","846d42bffffffff",3,3,1.09861228866811,0.333333333333333,NA
"fish","846d431ffffffff",2,2,0.693147180559945,0.5,NA
"fish","846d443ffffffff",2,2,0.693147180559945,0.5,NA
"fish","846d447ffffffff",1,1,0,1,NA
"fish","846d44bffffffff",1,1,0,1,NA
"fish","846d451ffffffff",1,1,0,1,NA
"fish","846d453ffffffff",2,2,0.693147180559945,0.5,NA
"fish","846d457ffffffff",13,13,2.56494935746154,0.0769230769230769,NA
"fish","846d45bffffffff",22,20,2.96501569325651,0.0537190082644628,NA
"fish","846d45dffffffff",14,8,2.04493117484959,0.13265306122449,NA
"fish","846d461ffffffff",8,6,1.66746193342929,0.21875,NA
"fish","846d46dffffffff",5,5,1.6094379124341,0.2,NA
"fish","846d485ffffffff",1,1,0,1,NA
"fish","846d49dffffffff",2,2,0.693147180559945,0.5,NA
"fish","846d4c1ffffffff",1,1,0,1,NA
"fish","846d4c3ffffffff",1,1,0,1,NA
"fish","846d4c9ffffffff",4,4,1.38629436111989,0.25,NA
"fish","846d4cdffffffff",12,12,2.484906649788,0.0833333333333333,NA
"fish","846d4d1ffffffff",27,26,3.2444926304073,0.0397805212620027,NA
"fish","846d4d5ffffffff",5,4,1.33217904021012,0.28,NA
"fish","846d4d7ffffffff",1,1,0,1,NA
"fish","846d4d9ffffffff",9,7,1.88915916375402,0.160493827160494,NA
"fish","846d4dbffffffff",14,9,2.10657733323212,0.13265306122449,NA
"fish","846d4e3ffffffff",3,3,1.09861228866811,0.333333333333333,NA
"fish","846d4e5ffffffff",8,4,1.38629436111989,0.25,NA
"fish","846d4ebffffffff",3,1,0,1,NA
"fish","846d501ffffffff",1,1,0,1,NA
"fish","846d51dffffffff",5,4,1.33217904021012,0.28,NA
"fish","846d529ffffffff",4,4,1.38629436111989,0.25,NA
"fish","846d52bffffffff",2,2,0.693147180559945,0.5,NA
"fish","846d535ffffffff",2,2,0.693147180559945,0.5,NA
"fish","846d543ffffffff",7,7,1.94591014905531,0.142857142857143,NA
"fish","846d54bffffffff",3,2,0.636514168294813,0.555555555555556,NA
"fish","846d559ffffffff",10,5,1.47080847632211,0.26,NA
"fish","846d55bffffffff",2,1,0,1,NA
"fish","846d561ffffffff",4,3,1.03972077083992,0.375,NA
"fish","846d563ffffffff",5,5,1.6094379124341,0.2,NA
"fish","846d589ffffffff",8,6,1.73286795139986,0.1875,NA
"fish","846d58dffffffff",3,3,1.09861228866811,0.333333333333333,NA
"fish","846d5adffffffff",2,2,0.693147180559945,0.5,NA
"fish","846d5c9ffffffff",6,4,1.32966134885476,0.277777777777778,NA
"fish","846d5cbffffffff",9,6,1.73512645696292,0.185185185185185,NA
"fish","846d5d7ffffffff",1,1,0,1,NA
"fish","846d5d9ffffffff",9,9,2.19722457733622,0.111111111111111,NA
"fish","846d5dbffffffff",2,2,0.693147180559945,0.5,NA
"fish","846d5e3ffffffff",1,1,0,1,NA
"fish","846d601ffffffff",37,6,1.47841700484536,0.273922571219869,NA
"fish","846d603ffffffff",2,1,0,1,NA
"fish","846d605ffffffff",27,15,2.216228098485,0.193415637860082,NA
"fish","846d607ffffffff",75,36,3.45082828728007,0.0368,30.3397605593246
"fish","846d609ffffffff",6,3,1.01140426470735,0.388888888888889,NA
"fish","846d60bffffffff",1,1,0,1,NA
"fish","846d60dffffffff",105,16,2.03805812566312,0.201814058956916,12.4404787846965
"fish","846d611ffffffff",5,2,0.673011667009257,0.52,NA
"fish","846d613ffffffff",26,5,1.0035440236315,0.50887573964497,NA
"fish","846d615ffffffff",22,12,2.35032725972887,0.107438016528926,NA
"fish","846d617ffffffff",16,8,1.64622455382987,0.2890625,NA
"fish","846d61bffffffff",2,1,0,1,NA
"fish","846d61dffffffff",1,1,0,1,NA
"fish","846d623ffffffff",11,10,2.27186851269656,0.107438016528926,NA
"fish","846d625ffffffff",11,8,2.01981499249295,0.140495867768595,NA
"fish","846d627ffffffff",1,1,0,1,NA
"fish","846d629ffffffff",228,100,4.42658413938887,0.01411972914743,40.0118089810915
"fish","846d62bffffffff",12,10,2.21025357762097,0.125,NA
"fish","846d62dffffffff",9,6,1.73512645696292,0.185185185185185,NA
"fish","846d631ffffffff",10,10,2.30258509299405,0.1,NA
"fish","846d635ffffffff",10,7,1.88669678465808,0.16,NA
"fish","846d637ffffffff",7,4,1.27703425946614,0.306122448979592,NA
"fish","846d639ffffffff",84,65,4.10479192802418,0.0178571428571429,43.0318836320911
"fish","846d63bffffffff",25,25,3.2188758248682,0.04,NA
"fish","846d63dffffffff",13,10,2.24503527412618,0.112426035502959,NA
"fish","846d641ffffffff",10,6,1.69574253416963,0.2,NA
"fish","846d643ffffffff",2,2,0.693147180559945,0.5,NA
"fish","846d645ffffffff",4,2,0.562335144618808,0.625,NA
"fish","846d647ffffffff",3,3,1.09861228866811,0.333333333333333,NA
"fish","846d649ffffffff",1,1,0,1,NA
"fish","846d64bffffffff",5,2,0.500402423538188,0.68,NA
"fish","846d64dffffffff",3,1,0,1,NA
"fish","846d655ffffffff",3,1,0,1,NA
"fish","846d657ffffffff",1,1,0,1,NA
"fish","846d65bffffffff",8,8,2.07944154167984,0.125,NA
"fish","846d661ffffffff",4,3,1.03972077083992,0.375,NA
"fish","846d663ffffffff",454,175,4.90369660119199,0.00928603310757049,42.4871460837842
"fish","846d665ffffffff",3,2,0.636514168294813,0.555555555555556,NA
"fish","846d667ffffffff",770,149,4.51778081312185,0.0162489458593355,37.2361822989032
"fish","846d669ffffffff",3,3,1.09861228866811,0.333333333333333,NA
"fish","846d66bffffffff",13,6,1.69773359137439,0.195266272189349,NA
"fish","846d66dffffffff",1,1,0,1,NA
"fish","846d681ffffffff",9,4,1.14905969697062,0.382716049382716,NA
"fish","846d683ffffffff",92,22,2.382513225452,0.148629489603025,15.6032694944122
"fish","846d685ffffffff",1079,325,5.38115860985116,0.00638269911470219,44.1237850603956
"fish","846d687ffffffff",438,174,4.90180054823146,0.00915327036550531,42.6259918708804
"fish","846d68bffffffff",28,22,2.98563091989523,0.0586734693877551,NA
"fish","846d68dffffffff",82,67,4.11707956178606,0.0184414039262344,43.6714006380574
"fish","846d691ffffffff",3,2,0.636514168294813,0.555555555555556,NA
"fish","846d693ffffffff",27,18,2.67291159179646,0.0919067215363512,NA
"fish","846d695ffffffff",1960,375,5.4043736268733,0.00658683881715952,43.606396929832
"fish","846d697ffffffff",1657,414,5.63578421396585,0.00484293513118392,45.3063585709006
"fish","846d699ffffffff",8,4,1.2130075659799,0.34375,NA
"fish","846d69bffffffff",24,21,3.00476703520796,0.0520833333333333,NA
"fish","846d69dffffffff",9,5,1.42706104338072,0.283950617283951,NA
"fish","846d6a1ffffffff",6,6,1.79175946922805,0.166666666666667,NA
"fish","846d6a3ffffffff",12,11,2.36938211969468,0.0972222222222222,NA
"fish","846d6a9ffffffff",68,47,3.69175321420993,0.0307093425605536,37.2123711450973
"fish","846d6abffffffff",632,229,4.98810268981369,0.0118871174491267,41.2306086070503
"fish","846d6adffffffff",3,3,1.09861228866811,0.333333333333333,NA
"fish","846d6b1ffffffff",368,174,4.89981593803566,0.00964378544423441,42.8019884960086
"fish","846d6b3ffffffff",75,60,4.02627595747861,0.0193777777777778,43.076021226707
"fish","846d6b5ffffffff",42,32,3.31666893683175,0.0442176870748299,NA
"fish","846d6b7ffffffff",34,33,3.48558716105381,0.0311418685121107,NA
"fish","846d6b9ffffffff",137,37,2.87130362033182,0.101284032180724,20.824027112929
"fish","846d6bbffffffff",1269,365,5.32489049452643,0.00854032108328505,42.5583586181932
"fish","846d6bdffffffff",206,128,4.68894396115153,0.0110283721368649,43.387709859101
"fish","846d6c5ffffffff",3,3,1.09861228866811,0.333333333333333,NA
"fish","846d6c7ffffffff",3,2,0.636514168294813,0.555555555555556,NA
"fish","846d6cdffffffff",2,1,0,1,NA
"fish","846d6d1ffffffff",27,8,1.7793002057851,0.223593964334705,NA
"fish","846d6d3ffffffff",13,7,1.77823330579971,0.195266272189349,NA
"fish","846d6d5ffffffff",22,8,1.83077485234023,0.202479338842975,NA
"fish","846d6d7ffffffff",5,3,1.05492016798614,0.36,NA
"fish","846d6dbffffffff",851,50,3.28295502010544,0.0482890799653687,22.1535475819357
"fish","846d6e1ffffffff",15,15,2.70805020110221,0.0666666666666667,NA
"fish","846d6e3ffffffff",137,98,4.49612680054624,0.0123075283712505,44.2241552720212
"fish","846d6e7ffffffff",31,26,3.19351236740889,0.0447450572320499,NA
"fish","846d6e9ffffffff",16,8,1.84074872856928,0.203125,NA
"fish","846d6ebffffffff",115,87,4.35023638246732,0.0151984877126654,43.4844391585844
"fish","846d6edffffffff",35,23,2.94103052918265,0.0677551020408163,NA
"fish","846d701ffffffff",10,8,2.02532622077007,0.14,NA
"fish","846d703ffffffff",2,2,0.693147180559945,0.5,NA
"fish","846d705ffffffff",5,5,1.6094379124341,0.2,NA
"fish","846d707ffffffff",16,8,2.07944154167984,0.125,NA
"fish","846d709ffffffff",7,6,1.74786809746676,0.183673469387755,NA
"fish","846d70dffffffff",20,14,2.57984396521802,0.08,NA
"fish","846d711ffffffff",1,1,0,1,NA
"fish","846d715ffffffff",9,3,0.848685557726417,0.506172839506173,NA
"fish","846d719ffffffff",2,2,0.693147180559945,0.5,NA
"fish","846d71bffffffff",2,2,0.693147180559945,0.5,NA
"fish","846d71dffffffff",1,1,0,1,NA
"fish","846d721ffffffff",1,1,0,1,NA
"fish","846d723ffffffff",1,1,0,1,NA
"fish","846d729ffffffff",12,10,2.25385758960135,0.111111111111111,NA
"fish","846d72bffffffff",1,1,0,1,NA
"fish","846d72dffffffff",1,1,0,1,NA
"fish","846d733ffffffff",1,1,0,1,NA
"fish","846d739ffffffff",2,2,0.693147180559945,0.5,NA
"fish","846d73dffffffff",4,2,0.693147180559945,0.5,NA
"fish","846d741ffffffff",4,3,1.03972077083992,0.375,NA
"fish","846d743ffffffff",106,54,3.75840056087391,0.0306158775364899,34.0571402021296
"fish","846d745ffffffff",31,18,2.85263795627358,0.0593132154006243,NA
"fish","846d747ffffffff",255,100,4.41637265616213,0.0143790849673203,39.4294827525217
"fish","846d749ffffffff",2,2,0.693147180559945,0.5,NA
"fish","846d74bffffffff",3,2,0.636514168294813,0.555555555555556,NA
"fish","846d74dffffffff",2,1,0,1,NA
"fish","846d751ffffffff",51,34,3.43228550245133,0.0357554786620531,33.6078431372549
"fish","846d755ffffffff",7,6,1.74786809746676,0.183673469387755,NA
"fish","846d757ffffffff",62,57,4.01533645269671,0.0187304890738814,46.760973030143
"fish","846d759ffffffff",3,2,0.636514168294813,0.555555555555556,NA
"fish","846d75bffffffff",201,81,4.0657793141335,0.0236380287616643,34.9851378146372
"fish","846d75dffffffff",5,4,1.33217904021012,0.28,NA
"fish","846d761ffffffff",3,3,1.09861228866811,0.333333333333333,NA
"fish","846d765ffffffff",3,2,0.636514168294813,0.555555555555556,NA
"fish","846d767ffffffff",31,28,3.28295071328759,0.040582726326743,NA
"fish","846d769ffffffff",28,28,3.3322045101752,0.0357142857142857,NA
"fish","846d76dffffffff",11,7,1.84622021932163,0.173553719008264,NA
"fish","846da91ffffffff",1,1,0,1,NA
"fish","846da99ffffffff",6,4,1.32966134885476,0.277777777777778,NA
"fish","846da9bffffffff",14,10,2.20559835902639,0.122448979591837,NA
"fish","846dad3ffffffff",1,1,0,1,NA
"fish","846dadbffffffff",1,1,0,1,NA
"fish","846daddffffffff",1,1,0,1,NA
"hardCorals","842adb3ffffffff",67,1,0,1,1
"hardCorals","842adb7ffffffff",2,1,0,1,NA
"hardCorals","8444005ffffffff",7,3,1.00424247305408,0.387755102040816,NA
"hardCorals","8444007ffffffff",9,4,1.31078367809971,0.283950617283951,NA
"hardCorals","8444011ffffffff",6,2,0.636514168294813,0.555555555555556,NA
"hardCorals","8444017ffffffff",4,4,1.38629436111989,0.25,NA
"hardCorals","8444021ffffffff",10,7,1.88669678465808,0.16,NA
"hardCorals","8444023ffffffff",93,12,2.20449039780578,0.130304081396693,11.0468935480936
"hardCorals","8444025ffffffff",5,4,1.33217904021012,0.28,NA
"hardCorals","8444027ffffffff",59,4,0.607273235621086,0.702958919850618,3.84487186298992
"hardCorals","8444029ffffffff",124,10,1.96094376614084,0.164021852237253,8.83420614012584
"hardCorals","844402bffffffff",207,11,1.50153192377779,0.375621368059931,8.6863330597814
"hardCorals","844402dffffffff",122,14,2.30725090235807,0.123219564633163,12.0257332326444
"hardCorals","8444031ffffffff",347,26,0.693089457244037,0.78858723185144,6.152593869162
"hardCorals","8444033ffffffff",5,2,0.500402423538188,0.68,NA
"hardCorals","8444035ffffffff",62,12,2.09713978905208,0.163371488033299,11.4956721011278
"hardCorals","8444037ffffffff",67,45,3.58903541401774,0.0376475829806193,35.777246385894
"hardCorals","844403dffffffff",593,5,0.115893874668912,0.960176198425134,1.80290816715062
"hardCorals","8444041ffffffff",4,2,0.693147180559945,0.5,NA
"hardCorals","8444061ffffffff",3,1,0,1,NA
"hardCorals","8444065ffffffff",54,17,2.28682604456846,0.161179698216735,16.3284922419218
"hardCorals","8444067ffffffff",50,10,2.06043518601018,0.1528,10
"hardCorals","8444081ffffffff",16,3,1.08219553003877,0.34375,NA
"hardCorals","8444083ffffffff",14,4,1.19734013399678,0.336734693877551,NA
"hardCorals","8444085ffffffff",27,6,1.36123108640222,0.355281207133059,NA
"hardCorals","8444087ffffffff",22,9,1.90089495981919,0.18595041322314,NA
"hardCorals","8444089ffffffff",4,2,0.693147180559945,0.5,NA
"hardCorals","844408bffffffff",9,3,0.964962923007428,0.407407407407407,NA
"hardCorals","8444091ffffffff",44,4,1.07292087629738,0.392561983471074,NA
"hardCorals","8444093ffffffff",110,17,2.35483433097114,0.147107438016529,14.6913436241509
"hardCorals","8444095ffffffff",19,5,1.2947749214475,0.346260387811634,NA
"hardCorals","8444097ffffffff",40,7,1.63950901970775,0.24125,NA
"hardCorals","8444099ffffffff",4,2,0.693147180559945,0.5,NA
"hardCorals","844409bffffffff",18,2,0.214559155176405,0.895061728395062,NA
"hardCorals","844409dffffffff",22,4,1.2636544318821,0.305785123966942,NA
"hardCorals","84440a1ffffffff",21,7,1.60839492005453,0.251700680272109,NA
"hardCorals","84440a3ffffffff",4,2,0.693147180559945,0.5,NA
"hardCorals","84440a5ffffffff",30,6,1.43361788443641,0.284444444444444,NA
"hardCorals","84440a7ffffffff",7,5,1.5498260458782,0.224489795918367,NA
"hardCorals","84440a9ffffffff",19,5,1.48976736400735,0.240997229916897,NA
"hardCorals","84440abffffffff",9,7,1.88915916375402,0.160493827160494,NA
"hardCorals","84440adffffffff",6,1,0,1,NA
"hardCorals","84440b1ffffffff",5,2,0.673011667009257,0.52,NA
"hardCorals","84440b3ffffffff",38,7,1.75996541937337,0.199445983379501,NA
"hardCorals","84440b5ffffffff",2,1,0,1,NA
"hardCorals","84440b7ffffffff",4,4,1.38629436111989,0.25,NA
"hardCorals","84440bdffffffff",3,1,0,1,NA
"hardCorals","84440c3ffffffff",4,2,0.693147180559945,0.5,NA
"hardCorals","84440dbffffffff",15,15,2.70805020110221,0.0666666666666667,NA
"hardCorals","84440e7ffffffff",1,1,0,1,NA
"hardCorals","8444101ffffffff",6,4,1.242453324894,0.333333333333333,NA
"hardCorals","8444103ffffffff",105,15,2.37884247074678,0.107845804988662,12.4307464489204
"hardCorals","8444105ffffffff",58,7,1.38168700062636,0.326397146254459,6.58620617816591
"hardCorals","8444107ffffffff",7,5,1.4750763110547,0.26530612244898,NA
"hardCorals","844410bffffffff",13,4,1.33224492243853,0.27810650887574,NA
"hardCorals","8444111ffffffff",1,1,0,1,NA
"hardCorals","8444113ffffffff",72,6,1.26142222774769,0.347222222222222,5.64232369485497
"hardCorals","8444117ffffffff",246,20,2.42954119368316,0.124033313503867,13.693767598901
"hardCorals","8444119ffffffff",35,2,0.673011667009257,0.52,NA
"hardCorals","844411bffffffff",69,4,0.982938647074885,0.425750892669607,3.96301103179754
"hardCorals","8444129ffffffff",2,2,0.693147180559945,0.5,NA
"hardCorals","844412bffffffff",1,1,0,1,NA
"hardCorals","844412dffffffff",8,7,1.90615474653985,0.15625,NA
"hardCorals","8444131ffffffff",29,3,0.39844050758377,0.809750297265161,NA
"hardCorals","8444133ffffffff",10,5,1.41848366194566,0.28,NA
"hardCorals","8444139ffffffff",70,16,2.57657702163815,0.0836734693877551,14.6910835757363
"hardCorals","844413bffffffff",149,13,1.86551240985624,0.197693797576686,9.21446827190754
"hardCorals","844413dffffffff",3,1,0,1,NA
"hardCorals","8444141ffffffff",168,32,3.15504746059123,0.052437641723356,22.2161249051794
"hardCorals","8444143ffffffff",2611,52,3.07384860562556,0.0682595113241697,19.8447038212448
"hardCorals","8444145ffffffff",168,43,3.40874110147347,0.0427295918367347,25.9655935640584
"hardCorals","8444147ffffffff",202,75,3.86158432270641,0.0309283403587884,31.6897464045482
"hardCorals","8444149ffffffff",5,2,0.673011667009257,0.52,NA
"hardCorals","844414bffffffff",9,5,1.42706104338072,0.283950617283951,NA
"hardCorals","844414dffffffff",11,3,1.03619878481928,0.371900826446281,NA
"hardCorals","8444153ffffffff",56,10,1.33565632954864,0.393494897959184,9.33766233766233
"hardCorals","8444155ffffffff",2,1,0,1,NA
"hardCorals","8444157ffffffff",41,8,1.69978497902358,0.224271267102915,NA
"hardCorals","8444159ffffffff",145,19,2.58694927992264,0.0923186682520808,15.009005500063
"hardCorals","844415bffffffff",1,1,0,1,NA
"hardCorals","844415dffffffff",7356,58,2.94558585975422,0.0754323873916629,18.1311512608331
"hardCorals","8444161ffffffff",3229,50,2.94144168498575,0.074298123396085,18.0780016053714
"hardCorals","8444163ffffffff",123,12,1.96043405580944,0.181307422830326,9.56719801592827
"hardCorals","8444165ffffffff",2754,48,2.85067860737355,0.0821932474003615,16.9195275755549
"hardCorals","8444167ffffffff",4,4,1.38629436111989,0.25,NA
"hardCorals","8444169ffffffff",108,20,2.77111523617447,0.0733882030178326,17.2946609701326
"hardCorals","844416bffffffff",5019,53,2.91027772168811,0.0848964014449813,18.1361812928757
"hardCorals","844416dffffffff",53,16,2.5389830784244,0.0907796368814525,15.6581149150516
"hardCorals","8444181ffffffff",182,17,2.17076550694986,0.147747856539065,11.2704777223356
"hardCorals","8444183ffffffff",2,1,0,1,NA
"hardCorals","8444185ffffffff",12,7,1.79175946922805,0.194444444444444,NA
"hardCorals","8444187ffffffff",4,3,1.03972077083992,0.375,NA
"hardCorals","8444189ffffffff",30,2,0.244930026794635,0.875555555555556,NA
"hardCorals","844418bffffffff",6,5,1.56071040904141,0.222222222222222,NA
"hardCorals","844418dffffffff",476,19,2.15024360159517,0.162629757785467,10.9748907693413
"hardCorals","8444191ffffffff",372,23,2.63943075791345,0.0862093883685975,14.648949031833
"hardCorals","8444197ffffffff",33,7,1.69832329105416,0.204775022956841,NA
"hardCorals","8444199ffffffff",1,1,0,1,NA
"hardCorals","844419bffffffff",9,4,1.21488965394912,0.333333333333333,NA
"hardCorals","844419dffffffff",29,10,2.10004232643284,0.141498216409037,NA
"hardCorals","84441a3ffffffff",2,2,0.693147180559945,0.5,NA
"hardCorals","84441a5ffffffff",45,25,3.02079455106064,0.0597530864197531,NA
"hardCorals","84441a9ffffffff",14,12,2.4410152780267,0.0918367346938775,NA
"hardCorals","84441adffffffff",3,1,0,1,NA
"hardCorals","84441b1ffffffff",6,4,1.242453324894,0.333333333333333,NA
"hardCorals","84441b3ffffffff",1,1,0,1,NA
"hardCorals","84441b5ffffffff",4,3,1.03972077083992,0.375,NA
"hardCorals","84441b7ffffffff",4,4,1.38629436111989,0.25,NA
"hardCorals","84441b9ffffffff",10,6,1.497866136777,0.3,NA
"hardCorals","84441bbffffffff",6,4,1.32966134885476,0.277777777777778,NA
"hardCorals","84441bdffffffff",18,8,1.98505318790461,0.148148148148148,NA
"hardCorals","84441c3ffffffff",2,1,0,1,NA
"hardCorals","84441c5ffffffff",29,9,1.82998118289977,0.215219976218787,NA
"hardCorals","84441c7ffffffff",1,1,0,1,NA
"hardCorals","84441c9ffffffff",45,9,2.06748127035518,0.145679012345679,NA
"hardCorals","84441cbffffffff",81,51,3.47025291392585,0.0617283950617284,33.4526710483768
"hardCorals","84441cdffffffff",27,6,1.65348447746717,0.220850480109739,NA
"hardCorals","84441d1ffffffff",34,9,1.91797664922678,0.174740484429066,NA
"hardCorals","84441d3ffffffff",39,8,1.558913082417,0.27284681130835,NA
"hardCorals","84441d5ffffffff",75,13,2.27298131603332,0.12,11.7693778495831
"hardCorals","84441d7ffffffff",60,11,1.9732980331749,0.167777777777778,10.2824397339612
"hardCorals","84441d9ffffffff",14,9,2.10657733323212,0.13265306122449,NA
"hardCorals","84441dbffffffff",9,1,0,1,NA
"hardCorals","84441ddffffffff",3,1,0,1,NA
"hardCorals","84441e1ffffffff",16,7,1.55958115625988,0.296875,NA
"hardCorals","84441e3ffffffff",36,13,2.14556704650251,0.160493827160494,NA
"hardCorals","84441e7ffffffff",25,24,3.1634240504234,0.0432,NA
"hardCorals","84441e9ffffffff",18,12,2.35125728412732,0.111111111111111,NA
"hardCorals","84441ebffffffff",49,48,3.86352857645512,0.0212411495210329,NA
"hardCorals","84441edffffffff",71,9,1.74067865865372,0.204919658797858,7.81652175278225
"hardCorals","8444201ffffffff",10,3,1.08889997534522,0.34,NA
"hardCorals","8444205ffffffff",2,1,0,1,NA
"hardCorals","8444207ffffffff",27,8,1.88915916375402,0.182441700960219,NA
"hardCorals","8444209ffffffff",2,1,0,1,NA
"hardCorals","844420bffffffff",5,5,1.6094379124341,0.2,NA
"hardCorals","844421bffffffff",21,7,1.83879869293744,0.174603174603175,NA
"hardCorals","8444229ffffffff",4,4,1.38629436111989,0.25,NA
"hardCorals","8444231ffffffff",22,22,3.09104245335832,0.0454545454545455,NA
"hardCorals","8444249ffffffff",3,3,1.09861228866811,0.333333333333333,NA
"hardCorals","844424dffffffff",1,1,0,1,NA
"hardCorals","8444263ffffffff",19,6,1.57085896372085,0.240997229916897,NA
"hardCorals","8444265ffffffff",1,1,0,1,NA
"hardCorals","8444291ffffffff",4,2,0.693147180559945,0.5,NA
"hardCorals","84442b3ffffffff",4,2,0.693147180559945,0.5,NA
"hardCorals","84442c7ffffffff",5,2,0.673011667009257,0.52,NA
"hardCorals","84442cdffffffff",3,2,0.636514168294813,0.555555555555556,NA
"hardCorals","84442e9ffffffff",4,1,0,1,NA
"hardCorals","8444315ffffffff",4,2,0.693147180559945,0.5,NA
"hardCorals","8444321ffffffff",20,14,2.5536815580298,0.085,NA
"hardCorals","8444323ffffffff",7,2,0.682908104700472,0.510204081632653,NA
"hardCorals","8444325ffffffff",303,57,3.52864392730161,0.0416407977431407,26.4736400671227
"hardCorals","8444327ffffffff",12,5,1.56071040904141,0.222222222222222,NA
"hardCorals","8444329ffffffff",202,129,4.78578343247405,0.00896970885207333,45.204429615688
"hardCorals","844432bffffffff",53,23,2.90031412356618,0.0708437166251335,22.4751131221719
"hardCorals","8444331ffffffff",17,5,1.3745691971891,0.28719723183391,NA
"hardCorals","8444333ffffffff",6,3,1.01140426470735,0.388888888888889,NA
"hardCorals","8444335ffffffff",32,8,1.90042193184692,0.171875,NA
"hardCorals","844433dffffffff",3,1,0,1,NA
"hardCorals","844434bffffffff",421,13,1.97136771246602,0.174750763085291,9.2860774945021
"hardCorals","8444355ffffffff",3,1,0,1,NA
"hardCorals","8444359ffffffff",2,2,0.693147180559945,0.5,NA
"hardCorals","844436dffffffff",2,2,0.693147180559945,0.5,NA
"hardCorals","8444509ffffffff",2,1,0,1,NA
"hardCorals","8444529ffffffff",1,1,0,1,NA
"hardCorals","8444541ffffffff",10,4,1.3661588475692,0.26,NA
"hardCorals","8444543ffffffff",2,2,0.693147180559945,0.5,NA
"hardCorals","8444545ffffffff",44,7,1.37052795653546,0.365702479338843,NA
"hardCorals","8444549ffffffff",6,2,0.693147180559945,0.5,NA
"hardCorals","844454bffffffff",3,2,0.636514168294813,0.555555555555556,NA
"hardCorals","844454dffffffff",7678,20,0.152421378175596,0.956577016527636,1.98131180056368
"hardCorals","844455dffffffff",1,1,0,1,NA
"hardCorals","8444561ffffffff",32,12,2.24699552212689,0.1328125,NA
"hardCorals","8444563ffffffff",1,1,0,1,NA
"hardCorals","8444565ffffffff",52,51,3.92458421163681,0.0199704142011834,49.0761689291101
"hardCorals","8444567ffffffff",2,1,0,1,NA
"hardCorals","8444569ffffffff",170,18,2.21945813943603,0.157923875432526,12.7971346766832
"hardCorals","844456bffffffff",8,6,1.73286795139986,0.1875,NA
"hardCorals","844456dffffffff",70,43,3.43639144480166,0.0473469387755102,32.6066407008845
"hardCorals","8444605ffffffff",30,6,1.48213507877514,0.257777777777778,NA
"hardCorals","8444609ffffffff",64,20,2.68824455907594,0.08447265625,18.0934333526578
"hardCorals","844460bffffffff",7,2,0.410116318288409,0.755102040816326,NA
"hardCorals","844460dffffffff",37,9,1.78765987302532,0.221329437545654,NA
"hardCorals","844461bffffffff",1,1,0,1,NA
"hardCorals","8444621ffffffff",3,1,0,1,NA
"hardCorals","8444629ffffffff",51,41,3.59537895670073,0.0326797385620915,40.2941176470588
"hardCorals","844462bffffffff",2,2,0.693147180559945,0.5,NA
"hardCorals","844462dffffffff",8,3,0.735621939758795,0.59375,NA
"hardCorals","8444631ffffffff",2,1,0,1,NA
"hardCorals","8444633ffffffff",26,26,3.25809653802148,0.0384615384615385,NA
"hardCorals","844463dffffffff",39,39,3.66356164612965,0.0256410256410256,NA
"hardCorals","8444641ffffffff",6,2,0.636514168294813,0.555555555555556,NA
"hardCorals","8444643ffffffff",59,3,0.294894835261216,0.871301350186728,2.95791934541204
"hardCorals","8444645ffffffff",4,3,1.03972077083992,0.375,NA
"hardCorals","8444647ffffffff",6,1,0,1,NA
"hardCorals","844464bffffffff",4,2,0.693147180559945,0.5,NA
"hardCorals","8444651ffffffff",3,1,0,1,NA
"hardCorals","8444653ffffffff",7,4,1.35178399428965,0.26530612244898,NA
"hardCorals","8444655ffffffff",4818,34,2.60537949215325,0.0923300974052437,13.9236700186739
"hardCorals","8444657ffffffff",29,13,2.32734142064003,0.127229488703924,NA
"hardCorals","8444659ffffffff",1,1,0,1,NA
"hardCorals","844465bffffffff",5,2,0.500402423538188,0.68,NA
"hardCorals","8444661ffffffff",3,1,0,1,NA
"hardCorals","8444663ffffffff",125,11,1.43119056262097,0.389184,8.63105144106254
"hardCorals","8444665ffffffff",53,8,0.956873523283431,0.606977572089712,7.82361478698881
"hardCorals","8444667ffffffff",129,30,2.50016775793072,0.163151252929511,18.0533951650956
"hardCorals","844466bffffffff",5,2,0.673011667009257,0.52,NA
"hardCorals","844466dffffffff",4,2,0.693147180559945,0.5,NA
"hardCorals","84446cdffffffff",3,1,0,1,NA
"hardCorals","8444701ffffffff",201,6,0.472950608945191,0.805400856414445,3.91987880198489
"hardCorals","8444703ffffffff",10,5,1.35923670066501,0.32,NA
"hardCorals","8444705ffffffff",9,2,0.529706199057654,0.654320987654321,NA
"hardCorals","8444707ffffffff",6,3,1.09861228866811,0.333333333333333,NA
"hardCorals","8444709ffffffff",14,3,0.955699891112534,0.428571428571429,NA
"hardCorals","844470bffffffff",16,7,1.87345173755457,0.1640625,NA
"hardCorals","844470dffffffff",1,1,0,1,NA
"hardCorals","8444715ffffffff",2,1,0,1,NA
"hardCorals","844471bffffffff",1,1,0,1,NA
"hardCorals","8444721ffffffff",2,1,0,1,NA
"hardCorals","8444723ffffffff",15,5,1.28687263039802,0.351111111111111,NA
"hardCorals","8444725ffffffff",5,1,0,1,NA
"hardCorals","8444727ffffffff",692,5,0.197820781786758,0.926881118647466,2.34376330596502
"hardCorals","844472bffffffff",13,3,0.830517825287248,0.526627218934911,NA
"hardCorals","8444731ffffffff",2,1,0,1,NA
"hardCorals","8444745ffffffff",4,2,0.693147180559945,0.5,NA
"hardCorals","8444747ffffffff",24,6,1.63263092715435,0.222222222222222,NA
"hardCorals","8444751ffffffff",170,17,1.54030602754625,0.443460207612457,11.5667051868517
"hardCorals","8444753ffffffff",4,3,1.03972077083992,0.375,NA
"hardCorals","8444757ffffffff",14,7,1.90853528164356,0.153061224489796,NA
"hardCorals","8444759ffffffff",1,1,0,1,NA
"hardCorals","844475bffffffff",71,13,2.30832535610944,0.130331283475501,12.5507963067912
"hardCorals","8444763ffffffff",4,2,0.693147180559945,0.5,NA
"hardCorals","8444765ffffffff",4,2,0.693147180559945,0.5,NA
"hardCorals","8444769ffffffff",3,1,0,1,NA
"hardCorals","8444801ffffffff",7,3,0.955699891112534,0.428571428571429,NA
"hardCorals","8444807ffffffff",2,1,0,1,NA
"hardCorals","8444809ffffffff",3,1,0,1,NA
"hardCorals","844480bffffffff",5,3,0.950270539233235,0.44,NA
"hardCorals","8444811ffffffff",10,2,0.500402423538188,0.68,NA
"hardCorals","8444813ffffffff",4,2,0.562335144618808,0.625,NA
"hardCorals","8444817ffffffff",4,2,0.562335144618808,0.625,NA
"hardCorals","8444819ffffffff",39,7,1.78869104327039,0.193951347797502,NA
"hardCorals","844481dffffffff",6,2,0.693147180559945,0.5,NA
"hardCorals","8444835ffffffff",1,1,0,1,NA
"hardCorals","844483dffffffff",9,5,1.58109375017182,0.209876543209877,NA
"hardCorals","8444841ffffffff",4,2,0.562335144618808,0.625,NA
"hardCorals","8444843ffffffff",16,6,1.73286795139986,0.1875,NA
"hardCorals","8444845ffffffff",3,3,1.09861228866811,0.333333333333333,NA
"hardCorals","8444849ffffffff",26,8,1.88220896938424,0.180473372781065,NA
"hardCorals","844484bffffffff",64,24,2.85755364313473,0.0771484375,21.6131069467308
"hardCorals","844484dffffffff",2,1,0,1,NA
"hardCorals","8444853ffffffff",33,10,2.18365543208069,0.122130394857668,NA
"hardCorals","8444855ffffffff",9,3,1.09861228866811,0.333333333333333,NA
"hardCorals","8444857ffffffff",19,5,1.59026960110653,0.207756232686981,NA
"hardCorals","8444859ffffffff",34,7,1.55018491104702,0.262975778546713,NA
"hardCorals","844485bffffffff",30,10,2.12058666365788,0.14,NA
"hardCorals","844485dffffffff",1,1,0,1,NA
"hardCorals","8444861ffffffff",666,22,2.05075050560795,0.179990801612423,10.4376243122904
"hardCorals","844486dffffffff",379,18,1.91785982948261,0.243795295215154,10.2943075167935
"hardCorals","8444883ffffffff",2,1,0,1,NA
"hardCorals","8444889ffffffff",36,4,0.881315804034114,0.472222222222222,NA
"hardCorals","844488bffffffff",5,2,0.673011667009257,0.52,NA
"hardCorals","8444891ffffffff",145,10,1.60639566948473,0.338596908442331,9.08637383217798
"hardCorals","8444893ffffffff",11,3,1.06708951878208,0.355371900826446,NA
"hardCorals","8444895ffffffff",65,6,1.49126246974743,0.283786982248521,5.99719614842235
"hardCorals","8444899ffffffff",61,11,1.93941703378247,0.207739854877721,10.569416755231
"hardCorals","844489bffffffff",15,5,1.45948187386908,0.262222222222222,NA
"hardCorals","844489dffffffff",132,9,1.62920713103484,0.252869605142332,7.43303428308726
"hardCorals","84448a3ffffffff",40,2,0.198515243345873,0.905,NA
"hardCorals","84448a7ffffffff",4,2,0.693147180559945,0.5,NA
"hardCorals","84448b1ffffffff",2,2,0.693147180559945,0.5,NA
"hardCorals","84448b5ffffffff",5,2,0.673011667009257,0.52,NA
"hardCorals","84448b9ffffffff",140,3,0.465499536393007,0.768571428571429,2.92987721410089
"hardCorals","84448c1ffffffff",5,2,0.673011667009257,0.52,NA
"hardCorals","84448c3ffffffff",12,3,1.03972077083992,0.375,NA
"hardCorals","84448c7ffffffff",2,1,0,1,NA
"hardCorals","84448c9ffffffff",57,4,0.557487009930177,0.745767928593413,3.98444976076555
"hardCorals","84448cbffffffff",175,7,0.971168263412767,0.549779591836735,5.43290748348927
"hardCorals","84448cdffffffff",25,5,1.31491046790009,0.328,NA
"hardCorals","84448d1ffffffff",31,9,2.06146460491254,0.144640998959417,NA
"hardCorals","84448d3ffffffff",138,9,0.811193986665226,0.676853602184415,6.36434191812945
"hardCorals","84448d5ffffffff",42,7,1.45230292954638,0.303854875283447,NA
"hardCorals","84448d7ffffffff",41,8,1.58162519522441,0.270672218917311,NA
"hardCorals","84448d9ffffffff",20,4,1.16828245017656,0.36,NA
"hardCorals","84448dbffffffff",31,7,1.82373894733289,0.177939646201873,NA
"hardCorals","84448ddffffffff",86,10,1.66944285589413,0.27176852352623,8.81225361653446
"hardCorals","84448e3ffffffff",71,3,0.348217253446596,0.841698075778615,2.95345988977342
"hardCorals","8444993ffffffff",3,1,0,1,NA
"hardCorals","84449d1ffffffff",8,4,1.32088834314932,0.28125,NA
"hardCorals","84449d9ffffffff",2,1,0,1,NA
"hardCorals","8444a01ffffffff",28,9,1.94447789876456,0.170918367346939,NA
"hardCorals","8444a03ffffffff",54,12,2.36645963255454,0.108367626886145,11.9953075247193
"hardCorals","8444a07ffffffff",5,3,0.950270539233235,0.44,NA
"hardCorals","8444a0bffffffff",24,8,1.9327162775772,0.163194444444444,NA
"hardCorals","8444a0dffffffff",6,2,0.636514168294813,0.555555555555556,NA
"hardCorals","8444a11ffffffff",1315,42,2.73524878102498,0.0968670936402146,16.1700407410048
"hardCorals","8444a13ffffffff",474,26,2.49725491784887,0.120030621873275,14.3244262415977
"hardCorals","8444a15ffffffff",59,7,1.6476941739987,0.229531743751795,6.95533544143066
"hardCorals","8444a17ffffffff",516,36,2.74748322671435,0.0937819241632114,16.5217580454819
"hardCorals","8444a19ffffffff",197,26,2.4868530604973,0.147671931768404,15.8476511533205
"hardCorals","8444a1dffffffff",619,42,2.89746071998433,0.08205167018564,18.0561581904281
"hardCorals","8444a21ffffffff",4,2,0.693147180559945,0.5,NA
"hardCorals","8444a23ffffffff",11,4,1.3421131789144,0.272727272727273,NA
"hardCorals","8444a25ffffffff",471,25,1.68047443888305,0.336623978435005,9.7154107241159
"hardCorals","8444a27ffffffff",19,11,2.27811796231103,0.113573407202216,NA
"hardCorals","8444a2dffffffff",285,13,1.89412426501513,0.215610957217605,9.8786101239897
"hardCorals","8444a31ffffffff",43,12,2.36970684577565,0.1032990805841,NA
"hardCorals","8444a33ffffffff",54,14,2.52177421840197,0.088477366255144,13.9167275360394
"hardCorals","8444a35ffffffff",33,10,2.17803870359117,0.125803489439853,NA
"hardCorals","8444a37ffffffff",256,65,3.92349535580061,0.0240478515625,32.7794333261947
"hardCorals","8444a39ffffffff",26,11,2.25104865887299,0.121301775147929,NA
"hardCorals","8444a3bffffffff",86,14,2.50632941134716,0.0922120064899946,13.5890693755129
"hardCorals","8444a41ffffffff",38,9,1.95980481611422,0.178670360110803,NA
"hardCorals","8444a43ffffffff",10,4,1.31383403319275,0.28,NA
"hardCorals","8444a45ffffffff",13,7,1.81848316301237,0.183431952662722,NA
"hardCorals","8444a49ffffffff",3,3,1.09861228866811,0.333333333333333,NA
"hardCorals","8444a4bffffffff",30,10,2.12997584952298,0.14,NA
"hardCorals","8444a4dffffffff",35,10,2.1316175061367,0.133061224489796,NA
"hardCorals","8444a51ffffffff",2815,61,2.96988506765962,0.0821368651193019,18.7808559954437
"hardCorals","8444a53ffffffff",22,9,1.86166558630303,0.194214876033058,NA
"hardCorals","8444a55ffffffff",7,3,1.07899220787758,0.346938775510204,NA
"hardCorals","8444a57ffffffff",3564,56,2.89955494112626,0.0884671317237722,18.1981959532204
"hardCorals","8444a59ffffffff",127,26,2.75497075457024,0.113274226548453,19.7523951757931
"hardCorals","8444a5bffffffff",1810,38,2.78268440640651,0.0878819327859345,16.6717144349273
"hardCorals","8444a5dffffffff",21,4,1.29120943429021,0.292517006802721,NA
"hardCorals","8444a81ffffffff",1,1,0,1,NA
"hardCorals","8444a83ffffffff",1,1,0,1,NA
"hardCorals","8444a85ffffffff",624,7,0.268364321484271,0.90381533530572,2.86183132134203
"hardCorals","8444a87ffffffff",12,5,1.44518587894808,0.263888888888889,NA
"hardCorals","8444a8dffffffff",12,3,0.823959216501082,0.513888888888889,NA
"hardCorals","8444a9bffffffff",1,1,0,1,NA
"hardCorals","8444aa1ffffffff",297,12,0.727790373595708,0.734335498645263,6.05257177078584
"hardCorals","8444aa3ffffffff",812,11,0.898738884278761,0.553747361013371,4.30501350219733
"hardCorals","8444aa5ffffffff",28,10,2.20312616370347,0.119897959183673,NA
"hardCorals","8444aa7ffffffff",7,3,1.07899220787758,0.346938775510204,NA
"hardCorals","8444aa9ffffffff",37,4,1.14667447526108,0.346968590211833,NA
"hardCorals","8444aabffffffff",66,10,1.81796844394575,0.224517906336088,9.53118390369279
"hardCorals","8444aadffffffff",121,30,3.19427065800311,0.0474694351478724,23.2959782050826
"hardCorals","8444ab1ffffffff",221,8,1.04580768547239,0.527118609365083,5.83019622137056
"hardCorals","8444ab3ffffffff",7,2,0.682908104700472,0.510204081632653,NA
"hardCorals","8444ab5ffffffff",23,10,2.17791326921171,0.122873345935728,NA
"hardCorals","8444ab7ffffffff",323,9,0.703410165200837,0.723816005137594,5.46524108160418
"hardCorals","8444abdffffffff",67,11,1.94531997916934,0.202940521274226,10.3076072970724
"hardCorals","8444ad1ffffffff",1,1,0,1,NA
"hardCorals","8444ad9ffffffff",3,3,1.09861228866811,0.333333333333333,NA
"hardCorals","8444ae1ffffffff",122,22,2.53713960090193,0.106423004568664,15.3748701459016
"hardCorals","8444ae3ffffffff",52,14,2.21748245677911,0.138313609467456,13.7300150829563
"hardCorals","8444ae5ffffffff",62,8,1.56941631267494,0.299167533818939,7.75989873679749
"hardCorals","8444ae7ffffffff",95,14,1.9446182336506,0.222603878116344,11.3563449737767
"hardCorals","8444ae9ffffffff",254,29,2.36868386225986,0.135842271684543,13.0284269144086
"hardCorals","8444aebffffffff",43,12,2.00810375187406,0.197404002163332,NA
"hardCorals","8444aedffffffff",73,16,2.28437382323371,0.155188590729968,14.2993685649802
"hardCorals","8444b01ffffffff",2,2,0.693147180559945,0.5,NA
"hardCorals","8444b05ffffffff",1,1,0,1,NA
"hardCorals","8444b07ffffffff",1,1,0,1,NA
"hardCorals","8444b0dffffffff",7,2,0.682908104700472,0.510204081632653,NA
"hardCorals","8444b17ffffffff",89,12,1.74435063056041,0.306400706981442,10.7493670394765
"hardCorals","8444b1bffffffff",2,2,0.693147180559945,0.5,NA
"hardCorals","8444b1dffffffff",27,10,2.20145526626703,0.119341563786008,NA
"hardCorals","8444b39ffffffff",1,1,0,1,NA
"hardCorals","8444b41ffffffff",8,1,0,1,NA
"hardCorals","8444b43ffffffff",3,1,0,1,NA
"hardCorals","8444b49ffffffff",8,3,1.08219553003877,0.34375,NA
"hardCorals","8444b4bffffffff",614,26,2.23660868765499,0.168314783180723,12.4873955698046
"hardCorals","8444b4dffffffff",13,5,1.52470739303014,0.230769230769231,NA
"hardCorals","8444b51ffffffff",2000,31,2.10573582287213,0.1986875,11.5272967657463
"hardCorals","8444b53ffffffff",891,17,1.8623317627155,0.242385193750701,9.9405742274686
"hardCorals","8444b57ffffffff",15,7,1.86404357975203,0.164444444444444,NA
"hardCorals","8444b59ffffffff",344,18,1.85233651648791,0.253042184964846,10.1293234080785
"hardCorals","8444b5dffffffff",1376,25,2.25082361659436,0.145654112020011,11.5956716042735
"hardCorals","8444b61ffffffff",27,3,0.315396287422662,0.860082304526749,NA
"hardCorals","8444b63ffffffff",29,5,1.14452475726911,0.407847800237812,NA
"hardCorals","8444b69ffffffff",18,6,1.59997142092687,0.228395061728395,NA
"hardCorals","8444b6bffffffff",2,1,0,1,NA
"hardCorals","8444b6dffffffff",29,2,0.459693019968502,0.714625445897741,NA
"hardCorals","8444e43ffffffff",2,1,0,1,NA
"hardCorals","8444e49ffffffff",68,14,2.06349727674449,0.194636678200692,12.4701952548881
"hardCorals","8444e4bffffffff",1,1,0,1,NA
"hardCorals","8444e51ffffffff",2,2,0.693147180559945,0.5,NA
"hardCorals","8444e55ffffffff",2,2,0.693147180559945,0.5,NA
"hardCorals","8444e59ffffffff",24,8,1.73474324857027,0.236111111111111,NA
"hardCorals","8444e5bffffffff",80,48,3.76244164808982,0.0265625,36.426898967123
"hardCorals","8444e5dffffffff",12,4,1.19884931291362,0.347222222222222,NA
"hardCorals","8444e61ffffffff",2,2,0.693147180559945,0.5,NA
"hardCorals","8444e63ffffffff",1,1,0,1,NA
"hardCorals","8444e67ffffffff",1,1,0,1,NA
"hardCorals","8444e6bffffffff",3,3,1.09861228866811,0.333333333333333,NA
"hardCorals","8444e6dffffffff",26,9,1.95900393243268,0.162721893491124,NA
"hardCorals","8444f05ffffffff",6,1,0,1,NA
"hardCorals","8444f07ffffffff",1,1,0,1,NA
"hardCorals","8444f21ffffffff",3,2,0.636514168294813,0.555555555555556,NA
"hardCorals","8444f23ffffffff",7,2,0.598269588585257,0.591836734693878,NA
"hardCorals","8444f25ffffffff",41,6,1.40055077305269,0.293277810826889,NA
"hardCorals","8444f27ffffffff",5,1,0,1,NA
"hardCorals","8444f29ffffffff",3,1,0,1,NA
"hardCorals","8444f2bffffffff",10,3,0.801818552543337,0.54,NA
"hardCorals","8444f3dffffffff",2,1,0,1,NA
"hardCorals","8444f61ffffffff",2,1,0,1,NA
"hardCorals","8444f63ffffffff",11,1,0,1,NA
"hardCorals","8444f65ffffffff",8,3,0.974314752869349,0.40625,NA
"hardCorals","8444f67ffffffff",7,1,0,1,NA
"hardCorals","8444f6dffffffff",6,1,0,1,NA
"hardCorals","8445003ffffffff",1,1,0,1,NA
"hardCorals","8445011ffffffff",349,22,2.44686534473421,0.135294455710544,14.425811509413
"hardCorals","8445013ffffffff",5,5,1.6094379124341,0.2,NA
"hardCorals","8445015ffffffff",300,20,2.33689566666512,0.155777777777778,13.6806029305421
"hardCorals","8445017ffffffff",294,24,2.69472465465462,0.0844786894349577,15.5447590810538
"hardCorals","8445019ffffffff",672,21,2.25518793027099,0.175754676870748,12.8514878143179
"hardCorals","844501dffffffff",162,14,2.0976426309794,0.176040237768633,11.435709594418
"hardCorals","844503bffffffff",3,1,0,1,NA
"hardCorals","8445043ffffffff",95,14,1.91254288916019,0.238116343490305,11.0625018959929
"hardCorals","844504bffffffff",48,11,1.89525374354475,0.207465277777778,NA
"hardCorals","8445051ffffffff",553,24,2.5364187025785,0.100804750677711,13.689827605246
"hardCorals","8445053ffffffff",798,20,2.33365053178841,0.140555021639311,12.9620671242735
"hardCorals","8445059ffffffff",55,12,2.21120602730646,0.130578512396694,11.7197614323031
"hardCorals","844505dffffffff",1006,38,2.78072490628875,0.0882676110335996,16.5815000245208
"hardCorals","84450a1ffffffff",2,2,0.693147180559945,0.5,NA
"hardCorals","84450a5ffffffff",25,14,2.24058972794219,0.168,NA
"hardCorals","84450a9ffffffff",305,17,2.22073138942635,0.157688793335125,12.3014378674312
"hardCorals","84450adffffffff",86,41,3.46520384492858,0.0427257977285019,30.5434913356251
"hardCorals","84450b1ffffffff",55,55,4.00733318523247,0.0181818181818182,50.0000000000001
"hardCorals","84450e1ffffffff",171,17,2.33887359673071,0.128825963544338,12.7457590762889
"hardCorals","84450e3ffffffff",105,13,2.10896855635898,0.161541950113379,11.1788791649761
"hardCorals","84450e7ffffffff",138,16,2.27862164406457,0.138731358958202,12.5366106968648
"hardCorals","844510dffffffff",1,1,0,1,NA
"hardCorals","8445191ffffffff",46,14,2.56969211039776,0.0841209829867675,NA
"hardCorals","8445193ffffffff",1,1,0,1,NA
"hardCorals","8445199ffffffff",61,18,2.7183827963034,0.0771298038161785,17.4569002637409
"hardCorals","844519bffffffff",70,27,3.04922785508661,0.0608163265306122,23.4806717743526
"hardCorals","84451cbffffffff",4,2,0.693147180559945,0.5,NA
"hardCorals","84451d7ffffffff",37,9,1.97201929776987,0.164353542731921,NA
"hardCorals","8445223ffffffff",1,1,0,1,NA
"hardCorals","8445231ffffffff",295,19,2.127966366724,0.18758977305372,12.2505440414432
"hardCorals","8445237ffffffff",1981,48,2.87602314720956,0.0863394065938378,17.8066448347758
"hardCorals","8445239ffffffff",30,8,1.8579285774129,0.182222222222222,NA
"hardCorals","84452edffffffff",1,1,0,1,NA
"hardCorals","8445313ffffffff",11,7,1.76776147228933,0.206611570247934,NA
"hardCorals","8445315ffffffff",6,3,1.01140426470735,0.388888888888889,NA
"hardCorals","8445317ffffffff",5,5,1.6094379124341,0.2,NA
"hardCorals","844531dffffffff",17,7,1.64591683001747,0.238754325259516,NA
"hardCorals","8445339ffffffff",3,1,0,1,NA
"hardCorals","844533dffffffff",1,1,0,1,NA
"hardCorals","8445421ffffffff",2,2,0.693147180559945,0.5,NA
"hardCorals","8445427ffffffff",2,2,0.693147180559945,0.5,NA
"hardCorals","8445445ffffffff",2,1,0,1,NA
"hardCorals","8445465ffffffff",1,1,0,1,NA
"hardCorals","8445469ffffffff",1,1,0,1,NA
"hardCorals","84454b1ffffffff",8,8,2.07944154167984,0.125,NA
"hardCorals","84454d3ffffffff",3,1,0,1,NA
"hardCorals","8445501ffffffff",1,1,0,1,NA
"hardCorals","844550dffffffff",66,23,2.75518474650156,0.086317722681359,20.0702869502536
"hardCorals","8445521ffffffff",86,20,2.62646178576562,0.0884261763115197,16.1839899302898
"hardCorals","8445523ffffffff",75,74,4.29900418872138,0.0136888888888889,49.5585585585599
"hardCorals","844552bffffffff",91,74,4.19765283722698,0.0177514792899408,43.7338695571966
"hardCorals","844553dffffffff",22,22,3.09104245335832,0.0454545454545455,NA
"hardCorals","8445547ffffffff",28,9,1.96667338624826,0.163265306122449,NA
"hardCorals","8445559ffffffff",6,5,1.56071040904141,0.222222222222222,NA
"hardCorals","8445565ffffffff",76,75,4.31249262500844,0.0135041551246537,49.5701754385969
"hardCorals","8445591ffffffff",4,2,0.693147180559945,0.5,NA
"hardCorals","8445595ffffffff",4,2,0.693147180559945,0.5,NA
"hardCorals","84455b3ffffffff",22,11,2.13303831732417,0.15702479338843,NA
"hardCorals","84455bbffffffff",4,2,0.693147180559945,0.5,NA
"hardCorals","84455bdffffffff",4,2,0.693147180559945,0.5,NA
"hardCorals","84455c3ffffffff",2,2,0.693147180559945,0.5,NA
"hardCorals","84455d5ffffffff",2,2,0.693147180559945,0.5,NA
"hardCorals","84455e1ffffffff",2,2,0.693147180559945,0.5,NA
"hardCorals","84455ebffffffff",2,2,0.693147180559945,0.5,NA
"hardCorals","8445621ffffffff",3,1,0,1,NA
"hardCorals","8445659ffffffff",3,1,0,1,NA
"hardCorals","844566dffffffff",10,10,2.30258509299405,0.1,NA
"hardCorals","8445681ffffffff",2,2,0.693147180559945,0.5,NA
"hardCorals","8445691ffffffff",5,1,0,1,NA
"hardCorals","8445697ffffffff",7,2,0.682908104700472,0.510204081632653,NA
"hardCorals","844569bffffffff",9,2,0.529706199057654,0.654320987654321,NA
"hardCorals","844569dffffffff",2,1,0,1,NA
"hardCorals","84456cbffffffff",4,2,0.562335144618808,0.625,NA
"hardCorals","84456d1ffffffff",33,25,3.16043620119499,0.0449954086317723,NA
"hardCorals","84456dbffffffff",88,46,3.81569632394371,0.0222107438016529,36.5595611285261
"hardCorals","844570bffffffff",20,1,0,1,NA
"hardCorals","8445711ffffffff",11,3,1.09005965871078,0.338842975206612,NA
"hardCorals","8445751ffffffff",2,2,0.693147180559945,0.5,NA
"hardCorals","8445753ffffffff",2,2,0.693147180559945,0.5,NA
"hardCorals","8445755ffffffff",38,9,1.74326240901035,0.250692520775623,NA
"hardCorals","8445807ffffffff",1,1,0,1,NA
"hardCorals","8445809ffffffff",131,12,2.10370282991014,0.159256453586621,10.4442183203367
"hardCorals","8445815ffffffff",1,1,0,1,NA
"hardCorals","8445817ffffffff",1,1,0,1,NA
"hardCorals","8445821ffffffff",668,29,2.60332700310985,0.104915916669655,14.9422505876943
"hardCorals","8445823ffffffff",821,30,2.34457151965931,0.142906737127267,12.789851344596
"hardCorals","8445825ffffffff",270,20,2.49239418943366,0.104609053497942,13.6958286137144
"hardCorals","8445831ffffffff",322,20,2.43573048022301,0.109447937965356,12.8766044785484
"hardCorals","844583bffffffff",1,1,0,1,NA
"hardCorals","844583dffffffff",873,28,2.40347428243976,0.130729837074826,13.1132530468075
"hardCorals","8445843ffffffff",1317,25,2.36434483432403,0.122803315558646,12.0327715661764
"hardCorals","8445847ffffffff",1166,26,2.39286435014298,0.121149845979128,12.3887020910525
"hardCorals","844585dffffffff",5,5,1.6094379124341,0.2,NA
"hardCorals","8445887ffffffff",70,16,2.36461495157234,0.119591836734694,14.2150480617805
"hardCorals","8445893ffffffff",23,4,1.24076839945406,0.319470699432892,NA
"hardCorals","8445895ffffffff",5,2,0.673011667009257,0.52,NA
"hardCorals","8445897ffffffff",36,5,1.47215714413887,0.246913580246914,NA
"hardCorals","844589dffffffff",11,9,2.14584175259475,0.12396694214876,NA
"hardCorals","84458a1ffffffff",79,17,2.35934076999716,0.127703893606794,14.1850914634122
"hardCorals","84458a3ffffffff",21,8,1.83550243250688,0.188208616780045,NA
"hardCorals","84458a5ffffffff",3,2,0.636514168294813,0.555555555555556,NA
"hardCorals","84458a7ffffffff",2,2,0.693147180559945,0.5,NA
"hardCorals","84458abffffffff",196,22,2.39536889125198,0.122657226155768,13.3208175952001
"hardCorals","84458adffffffff",206,24,2.57344535591727,0.109859553209539,15.5084187408212
"hardCorals","84458b1ffffffff",23,7,1.90727093913948,0.153119092627599,NA
"hardCorals","84458b3ffffffff",257,25,1.54096682906938,0.462368847370891,11.4481772700281
"hardCorals","84458b5ffffffff",1,1,0,1,NA
"hardCorals","84458b7ffffffff",57,17,2.6486301755542,0.0797168359495229,16.4536534211311
"hardCorals","84458b9ffffffff",121,22,2.74202821711349,0.0779318352571546,16.8789148366592
"hardCorals","84458bbffffffff",24,7,1.85315200654035,0.170138888888889,NA
"hardCorals","84458bdffffffff",19,8,1.37502425298455,0.418282548476454,NA
"hardCorals","84458c1ffffffff",890,29,2.56438898248617,0.107648024239364,14.3449378500826
"hardCorals","84458c3ffffffff",1667,34,2.51253523362736,0.111027464573072,13.4219953627533
"hardCorals","84458c7ffffffff",5,5,1.6094379124341,0.2,NA
"hardCorals","84458c9ffffffff",145,15,2.24500319020606,0.130749108204518,11.3688957073485
"hardCorals","84458cbffffffff",227,16,2.13201043041553,0.165091501872732,11.007694244547
"hardCorals","84458d9ffffffff",3,1,0,1,NA
"hardCorals","84458edffffffff",536,23,2.5514491691688,0.0969035419915349,13.7351969262257
"hardCorals","8445919ffffffff",198,14,2.01754614328719,0.173400673400673,9.85185562178185
"hardCorals","8445937ffffffff",1,1,0,1,NA
"hardCorals","8445967ffffffff",1,1,0,1,NA
"hardCorals","8445981ffffffff",117,14,2.26005911914697,0.13740959894806,12.0522351217525
"hardCorals","844598bffffffff",124,17,2.13268499500566,0.184963579604579,12.4628233093728
"hardCorals","844598dffffffff",48,9,1.83421228348706,0.197916666666667,NA
"hardCorals","8445993ffffffff",16,7,1.87345173755457,0.1640625,NA
"hardCorals","8445999ffffffff",1,1,0,1,NA
"hardCorals","844599bffffffff",25,10,1.90967936655701,0.2128,NA
"hardCorals","844599dffffffff",5,5,1.6094379124341,0.2,NA
"hardCorals","84459b5ffffffff",596,13,1.68097280921901,0.274311967929373,8.88076714152691
"hardCorals","84459b7ffffffff",112,11,1.53526630674232,0.363839285714286,9.00557697243803
"hardCorals","84459d3ffffffff",42,12,2.10421082639747,0.163265306122449,NA
"hardCorals","84459d7ffffffff",126,18,2.29779710349068,0.140589569160998,13.2432138459101
"hardCorals","84459ddffffffff",4,4,1.38629436111989,0.25,NA
"hardCorals","84459e1ffffffff",190,17,2.25194718003373,0.142326869806094,12.0012248642866
"hardCorals","84459e3ffffffff",50,12,1.63641869686641,0.3096,12
"hardCorals","8445a33ffffffff",1619,48,2.56756758903926,0.109969971321868,13.913303583671
"hardCorals","8445a45ffffffff",8,3,1.08219553003877,0.34375,NA
"hardCorals","8445a97ffffffff",175,19,2.48261107506855,0.106938775510204,13.884396380651
"hardCorals","8445ab1ffffffff",913,31,2.62507158061366,0.0916432832794885,14.3199994308742
"hardCorals","8445ab5ffffffff",225,18,2.19016829665367,0.159348148148148,11.6657420691533
"hardCorals","8445abbffffffff",272,20,2.47260384150009,0.109618295847751,13.6304158086972
"hardCorals","8445aedffffffff",245,15,2.11114514547872,0.150687213660975,10.1241640586254
"hardCorals","8445b07ffffffff",237,24,2.50443805128299,0.107087539390055,13.8413139511799
"hardCorals","8445b0dffffffff",4,2,0.693147180559945,0.5,NA
"hardCorals","8445b21ffffffff",5,5,1.6094379124341,0.2,NA
"hardCorals","8445b23ffffffff",868,23,2.33602132005427,0.138997430397757,12.6523619379212
"hardCorals","8445b25ffffffff",13,12,2.45831132968308,0.0887573964497042,NA
"hardCorals","8445b27ffffffff",740,42,2.50797389708391,0.137121986851717,14.6182401362259
"hardCorals","8445b29ffffffff",9,3,1.09861228866811,0.333333333333333,NA
"hardCorals","8445b2bffffffff",160,14,2.09868771755086,0.15796875,10.4333551784597
"hardCorals","8445b3dffffffff",527,20,2.39661883748945,0.120387139981781,12.8539614326472
"hardCorals","8445b43ffffffff",2,1,0,1,NA
"hardCorals","8445b45ffffffff",2,2,0.693147180559945,0.5,NA
"hardCorals","8445b47ffffffff",16,4,1.34212572274875,0.2734375,NA
"hardCorals","8445b55ffffffff",1,1,0,1,NA
"hardCorals","8445b59ffffffff",1,1,0,1,NA
"hardCorals","8445b61ffffffff",41,11,2.35874040864103,0.0981558596073765,NA
"hardCorals","8445b63ffffffff",9,3,0.936888307539016,0.432098765432099,NA
"hardCorals","8445b67ffffffff",4,1,0,1,NA
"hardCorals","8445b6bffffffff",38,12,2.36896493255896,0.102493074792244,NA
"hardCorals","844890bffffffff",1,1,0,1,NA
"hardCorals","8448923ffffffff",1,1,0,1,NA
"hardCorals","8448925ffffffff",2,1,0,1,NA
"hardCorals","8448929ffffffff",2,1,0,1,NA
"hardCorals","8448941ffffffff",45,38,3.50460988962254,0.0380246913580247,NA
"hardCorals","8448943ffffffff",40,40,3.68887945411394,0.025,NA
"hardCorals","8448945ffffffff",26,26,3.25809653802148,0.0384615384615385,NA
"hardCorals","8448947ffffffff",16,3,0.900256051268537,0.46875,NA
"hardCorals","8448949ffffffff",3,2,0.636514168294813,0.555555555555556,NA
"hardCorals","844894dffffffff",8,4,1.25548232517875,0.3125,NA
"hardCorals","8448955ffffffff",11,2,0.655481773901393,0.537190082644628,NA
"hardCorals","844895dffffffff",26,26,3.25809653802148,0.0384615384615385,NA
"hardCorals","8448961ffffffff",3,1,0,1,NA
"hardCorals","8448965ffffffff",2,1,0,1,NA
"hardCorals","844896bffffffff",8,2,0.693147180559945,0.5,NA
"hardCorals","8448b23ffffffff",1,1,0,1,NA
"hardCorals","844992dffffffff",3,1,0,1,NA
"hardCorals","8449965ffffffff",224,4,1.05952774187733,0.374641262755102,3.3973206603309
"hardCorals","844c20dffffffff",1,1,0,1,NA
"hardCorals","844c811ffffffff",166,17,2.28515725607737,0.131659166787632,12.2501312081234
"hardCorals","844c819ffffffff",88,14,2.23724349857019,0.132489669421488,11.9153836864728
"hardCorals","844c81bffffffff",203,17,2.17150133196218,0.150768036108617,11.1856991593731
"hardCorals","844c823ffffffff",3,1,0,1,NA
"hardCorals","844c829ffffffff",1,1,0,1,NA
"hardCorals","844c82bffffffff",6,2,0.693147180559945,0.5,NA
"hardCorals","844c833ffffffff",5,2,0.673011667009257,0.52,NA
"hardCorals","844c835ffffffff",4,1,0,1,NA
"hardCorals","844c837ffffffff",23,7,1.81200058779873,0.183364839319471,NA
"hardCorals","844c881ffffffff",3,1,0,1,NA
"hardCorals","844c887ffffffff",3,1,0,1,NA
"hardCorals","844c88bffffffff",2,1,0,1,NA
"hardCorals","844c8b7ffffffff",1,1,0,1,NA
"hardCorals","844c8c9ffffffff",102,8,1.7485914672901,0.203383314109958,7.35774541188555
"hardCorals","844c8d9ffffffff",3,1,0,1,NA
"hardCorals","844c901ffffffff",14,9,2.14395220064387,0.122448979591837,NA
"hardCorals","844c90bffffffff",3,1,0,1,NA
"hardCorals","844c927ffffffff",1,1,0,1,NA
"hardCorals","844c929ffffffff",1,1,0,1,NA
"hardCorals","844c941ffffffff",40,14,2.57916641354911,0.07875,NA
"hardCorals","844c943ffffffff",2,1,0,1,NA
"hardCorals","844c94dffffffff",11,1,0,1,NA
"hardCorals","844c951ffffffff",8,6,1.73286795139986,0.1875,NA
"hardCorals","844c957ffffffff",5,5,1.6094379124341,0.2,NA
"hardCorals","844c95dffffffff",3,1,0,1,NA
"hardCorals","844c987ffffffff",1,1,0,1,NA
"hardCorals","844c99bffffffff",7,2,0.682908104700472,0.510204081632653,NA
"hardCorals","844c9adffffffff",10,3,1.08889997534522,0.34,NA
"hardCorals","844c9b1ffffffff",3,1,0,1,NA
"hardCorals","844c9b3ffffffff",3,1,0,1,NA
"hardCorals","844c9bdffffffff",2,1,0,1,NA
"hardCorals","844c9c1ffffffff",3,1,0,1,NA
"hardCorals","844c9c5ffffffff",2,1,0,1,NA
"hardCorals","844c9c7ffffffff",1,1,0,1,NA
"hardCorals","844c9d9ffffffff",3,1,0,1,NA
"hardCorals","844c9dbffffffff",2,1,0,1,NA
"hardCorals","844c9e1ffffffff",6,3,1.01140426470735,0.388888888888889,NA
"hardCorals","844c9ebffffffff",6,2,0.450561208866305,0.722222222222222,NA
"hardCorals","844caa3ffffffff",490,21,2.16057373523811,0.175935027072053,11.6524381963527
"hardCorals","844caa5ffffffff",526,18,2.12323505281336,0.163946276511154,10.9288148016308
"hardCorals","844cab3ffffffff",243,17,1.90462950951771,0.232908262629342,10.7735213926798
"hardCorals","844cab5ffffffff",110,18,2.28100261328986,0.152231404958678,13.7297573191037
"hardCorals","844cabdffffffff",846,23,2.46668581489355,0.114942239659306,13.3509263354426
"hardCorals","844cb3dffffffff",774,36,2.28247215718259,0.152471472734678,12.1129274297238
"hardCorals","844cb63ffffffff",1,1,0,1,NA
"hardCorals","844cc01ffffffff",222,30,2.94184285766865,0.0700024348672997,19.1705622606728
"hardCorals","844cc05ffffffff",672,40,2.92439575614396,0.0786298894557823,18.3848346515007
"hardCorals","844cc09ffffffff",4458,51,3.06160375665603,0.0678926246683819,19.5930644598791
"hardCorals","844cc0bffffffff",4872,57,3.06415677159601,0.0684331699386057,19.4785936942155
"hardCorals","844cc0dffffffff",15,6,1.55190149794374,0.253333333333333,NA
"hardCorals","844cc1dffffffff",4,2,0.562335144618808,0.625,NA
"hardCorals","844cc43ffffffff",26,14,2.52469950024888,0.0887573964497042,NA
"hardCorals","844cc51ffffffff",12,12,2.484906649788,0.0833333333333333,NA
"hardCorals","844cc53ffffffff",981,35,2.71738786765296,0.0941465832468273,16.0803233585586
"hardCorals","844cc55ffffffff",369,27,2.83464511655216,0.0754621367351885,17.3884212898243
"hardCorals","844cc57ffffffff",3068,50,2.8983651547439,0.0786218593242437,17.5463501030289
"hardCorals","844cc59ffffffff",138,22,2.67633080057383,0.0879017013232514,16.3354047092266
"hardCorals","844cc5bffffffff",6,4,1.32966134885476,0.277777777777778,NA
"hardCorals","844cc5dffffffff",15,10,2.15353245665425,0.137777777777778,NA
"hardCorals","844cc61ffffffff",15,4,1.26541309651417,0.297777777777778,NA
"hardCorals","844cc6bffffffff",1,1,0,1,NA
"hardCorals","844cc6dffffffff",1,1,0,1,NA
"hardCorals","844cd0dffffffff",1,1,0,1,NA
"hardCorals","844cd25ffffffff",1,1,0,1,NA
"hardCorals","844cd27ffffffff",2,1,0,1,NA
"hardCorals","844cd4dffffffff",3,3,1.09861228866811,0.333333333333333,NA
"hardCorals","844cd51ffffffff",49,10,2.10176638194075,0.142857142857143,NA
"hardCorals","844cd55ffffffff",3,2,0.636514168294813,0.555555555555556,NA
"hardCorals","844cd5bffffffff",4,2,0.562335144618808,0.625,NA
"hardCorals","844cd5dffffffff",4,3,1.03972077083992,0.375,NA
"hardCorals","844cd63ffffffff",4,1,0,1,NA
"hardCorals","844cdb9ffffffff",2,1,0,1,NA
"hardCorals","844ce2bffffffff",2,2,0.693147180559945,0.5,NA
"hardCorals","844ce81ffffffff",25349,82,2.95272849968372,0.0725418496850596,17.830681677781
"hardCorals","844ce83ffffffff",972,35,2.63229964724507,0.0986384189402022,14.7886960623009
"hardCorals","844ce85ffffffff",3880,50,2.98598147322057,0.0680070942714422,18.3781874328715
"hardCorals","844ce87ffffffff",37,19,2.81914408416608,0.0664718772826881,NA
"hardCorals","844ce89ffffffff",27,7,1.82159183262477,0.176954732510288,NA
"hardCorals","844ce8bffffffff",12068,58,3.03573812908844,0.065523065132298,19.0036351393795
"hardCorals","844ce8dffffffff",39,13,2.35753117888575,0.111111111111111,NA
"hardCorals","844ce93ffffffff",9,3,1.09861228866811,0.333333333333333,NA
"hardCorals","844ce95ffffffff",20395,56,2.99147174819241,0.0691482302726592,18.5268987630406
"hardCorals","844ce99ffffffff",75,5,1.14783710409582,0.409422222222222,4.88857138052798
"hardCorals","844ce9bffffffff",4,3,1.03972077083992,0.375,NA
"hardCorals","844ce9dffffffff",4,1,0,1,NA
"hardCorals","844cea1ffffffff",1,1,0,1,NA
"hardCorals","844cea5ffffffff",7,4,1.15374194270109,0.387755102040816,NA
"hardCorals","844cea9ffffffff",632,36,2.83716254448973,0.0808664476846659,17.1319372061576
"hardCorals","844ceabffffffff",97,22,2.71402674969052,0.0870443192687852,17.6263988685804
"hardCorals","844ceadffffffff",693,42,2.89557373561178,0.081122501035921,18.0109448408522
"hardCorals","844ceb9ffffffff",9606,60,2.91129842727081,0.0725720387212014,17.3478252863397
"hardCorals","844cebbffffffff",201,29,2.80197043574354,0.0822999430707161,17.5238315383555
"hardCorals","844cec3ffffffff",6,3,1.09861228866811,0.333333333333333,NA
"hardCorals","844cecdffffffff",2,2,0.693147180559945,0.5,NA
"hardCorals","844ced5ffffffff",182,16,2.03283466516594,0.18953024996981,10.8213873360521
"hardCorals","844ced7ffffffff",286,17,2.48841602844083,0.105726441390777,13.7148360767418
"hardCorals","844cee1ffffffff",6,4,1.32966134885476,0.277777777777778,NA
"hardCorals","844cee3ffffffff",1698,48,2.93987996172559,0.0765370747265889,18.1656636618745
"hardCorals","844cee5ffffffff",78,25,2.96146587390267,0.0641025641025641,21.4071651631079
"hardCorals","844cee7ffffffff",143,16,2.33317688127066,0.123575724974326,12.7659812781616
"hardCorals","844cf09ffffffff",9,3,1.06085694715802,0.358024691358025,NA
"hardCorals","844cf23ffffffff",2,2,0.693147180559945,0.5,NA
"hardCorals","844cf25ffffffff",7,2,0.682908104700472,0.510204081632653,NA
"hardCorals","844cf31ffffffff",2,2,0.693147180559945,0.5,NA
"hardCorals","844d497ffffffff",119,16,2.3299461873886,0.122943294965045,12.6097457374836
"hardCorals","844d4b1ffffffff",37,10,2.15548522122204,0.127830533235939,NA
"hardCorals","844d4b3ffffffff",4,2,0.562335144618808,0.625,NA
"hardCorals","844d4b7ffffffff",64,14,2.26348309011812,0.14892578125,13.5205291389262
"hardCorals","844d4bbffffffff",1,1,0,1,NA
"hardCorals","844d4d9ffffffff",2,1,0,1,NA
"hardCorals","844d697ffffffff",1,1,0,1,NA
"hardCorals","845e421ffffffff",1,1,0,1,NA
"hardCorals","845e423ffffffff",71,17,2.43656337364841,0.119619123189843,15.2493680180652
"hardCorals","845e429ffffffff",9,5,1.52295506753132,0.234567901234568,NA
"hardCorals","845e42bffffffff",4,3,1.03972077083992,0.375,NA
"hardCorals","845e431ffffffff",10,7,1.88669678465808,0.16,NA
"hardCorals","845e433ffffffff",5,2,0.673011667009257,0.52,NA
"hardCorals","845e435ffffffff",11,5,1.49903067297901,0.239669421487603,NA
"hardCorals","845e437ffffffff",36,21,2.87825726874646,0.066358024691358,NA
"hardCorals","845e43dffffffff",56,47,3.74853187802917,0.0280612244897959,42.4700561493014
"hardCorals","845e461ffffffff",20,7,1.68657003066095,0.22,NA
"hardCorals","845e463ffffffff",20,10,2.15478315337337,0.13,NA
"hardCorals","845e469ffffffff",63,18,2.74611532109613,0.073318216175359,17.4134422715496
"hardCorals","845e487ffffffff",10,4,1.3661588475692,0.26,NA
"hardCorals","845e497ffffffff",4,4,1.38629436111989,0.25,NA
"hardCorals","845e4a1ffffffff",3,1,0,1,NA
"hardCorals","845e4a3ffffffff",7,3,1.00424247305408,0.387755102040816,NA
"hardCorals","845e4a7ffffffff",2,1,0,1,NA
"hardCorals","845e4a9ffffffff",6,2,0.636514168294813,0.555555555555556,NA
"hardCorals","845e4abffffffff",2,1,0,1,NA
"hardCorals","845e4adffffffff",5,2,0.673011667009257,0.52,NA
"hardCorals","845e4b1ffffffff",1467,35,2.48478898481158,0.112273702435169,13.1551311844789
"hardCorals","845e4b3ffffffff",12,3,1.03972077083992,0.375,NA
"hardCorals","845e4b5ffffffff",366,20,2.48164940370875,0.10133178058467,13.0424144315783
"hardCorals","845e4b7ffffffff",102,17,2.48595037801561,0.105151864667436,14.3327215115342
"hardCorals","845e4b9ffffffff",11,9,2.14584175259475,0.12396694214876,NA
"hardCorals","845e4bbffffffff",6,4,1.242453324894,0.333333333333333,NA
"hardCorals","845e4bdffffffff",886,27,2.48888932619918,0.108780172128266,13.2260479040499
"hardCorals","845e4c1ffffffff",2,1,0,1,NA
"hardCorals","845e4c9ffffffff",11,4,1.3730039128772,0.256198347107438,NA
"hardCorals","845e4e1ffffffff",93,52,3.73120923048329,0.0313331020927275,34.5783002867954
"hardCorals","845e4e7ffffffff",5,4,1.33217904021012,0.28,NA
"hardCorals","845e599ffffffff",15,6,1.73674074609306,0.182222222222222,NA
"hardCorals","845e5c1ffffffff",1,1,0,1,NA
"hardCorals","845e5cbffffffff",7,3,1.07899220787758,0.346938775510204,NA
"hardCorals","845e5d3ffffffff",6,2,0.693147180559945,0.5,NA
"hardCorals","845e5dbffffffff",11,7,1.76776147228933,0.206611570247934,NA
"hardCorals","845e5ddffffffff",19,6,1.6847598065672,0.202216066481994,NA
"hardCorals","845e625ffffffff",2,2,0.693147180559945,0.5,NA
"hardCorals","845e62dffffffff",6,2,0.450561208866305,0.722222222222222,NA
"hardCorals","845e641ffffffff",29,9,1.98006691484049,0.167657550535077,NA
"hardCorals","845e643ffffffff",4,1,0,1,NA
"hardCorals","845e645ffffffff",20,9,2.12862074618514,0.125,NA
"hardCorals","845e647ffffffff",39,14,2.23231357984393,0.151873767258383,NA
"hardCorals","845e649ffffffff",9,4,1.27302833658963,0.308641975308642,NA
"hardCorals","845e64bffffffff",6,2,0.693147180559945,0.5,NA
"hardCorals","845e665ffffffff",7,2,0.682908104700472,0.510204081632653,NA
"hardCorals","845e667ffffffff",31,16,2.60401242438391,0.0863683662851197,NA
"hardCorals","845e669ffffffff",23,8,1.93079933953503,0.160680529300567,NA
"hardCorals","845e66bffffffff",15,4,1.36244748519163,0.262222222222222,NA
"hardCorals","845e711ffffffff",68,18,2.73140799491372,0.0752595155709343,17.2004250834357
"hardCorals","845e713ffffffff",26,7,1.87075978971864,0.165680473372781,NA
"hardCorals","845e717ffffffff",14,4,1.35800731817358,0.26530612244898,NA
"hardCorals","845e719ffffffff",16,9,2.04673853269455,0.1484375,NA
"hardCorals","845e71bffffffff",4,4,1.38629436111989,0.25,NA
"hardCorals","845e74bffffffff",9,3,1.06085694715802,0.358024691358025,NA
"hardCorals","845e753ffffffff",547,27,2.06962440503867,0.197103028317998,11.475615785316
"hardCorals","845e75bffffffff",39,27,3.16121366854369,0.0493096646942801,NA
"hardCorals","845f493ffffffff",2,1,0,1,NA
"hardCorals","845f497ffffffff",219,20,2.44179750362973,0.123621275619774,14.188550038317
"hardCorals","845f4b3ffffffff",1,1,0,1,NA
"hardCorals","845f4b5ffffffff",2,1,0,1,NA
"hardCorals","845f583ffffffff",16,11,2.33937173438982,0.1015625,NA
"hardCorals","845f585ffffffff",2,1,0,1,NA
"hardCorals","845f587ffffffff",1,1,0,1,NA
"hardCorals","845f58bffffffff",3,3,1.09861228866811,0.333333333333333,NA
"hardCorals","845f591ffffffff",22,9,2.11371910650665,0.128099173553719,NA
"hardCorals","845f593ffffffff",5,3,0.950270539233235,0.44,NA
"hardCorals","845f595ffffffff",2,2,0.693147180559945,0.5,NA
"hardCorals","845f597ffffffff",6,2,0.693147180559945,0.5,NA
"hardCorals","845f5a1ffffffff",2,1,0,1,NA
"hardCorals","845f5a3ffffffff",6,2,0.636514168294813,0.555555555555556,NA
"hardCorals","845f5a9ffffffff",11,4,1.3730039128772,0.256198347107438,NA
"hardCorals","845f5abffffffff",7,2,0.598269588585257,0.591836734693878,NA
"hardCorals","845f5adffffffff",6,2,0.693147180559945,0.5,NA
"hardCorals","845f5b3ffffffff",2,1,0,1,NA
"hardCorals","845f5b5ffffffff",7,3,1.00424247305408,0.387755102040816,NA
"hardCorals","845f5bbffffffff",12,5,1.51710639706103,0.236111111111111,NA
"hardCorals","845f5e1ffffffff",3,1,0,1,NA
"hardCorals","845f5e7ffffffff",6,2,0.693147180559945,0.5,NA
"hardCorals","846602dffffffff",9,5,1.58109375017182,0.209876543209877,NA
"hardCorals","8466061ffffffff",13597,48,2.55768952873531,0.11887572550454,14.3857958803062
"hardCorals","8466065ffffffff",192,28,2.91852649405386,0.07861328125,19.8306764480818
"hardCorals","8466069ffffffff",9,7,1.88915916375402,0.160493827160494,NA
"hardCorals","846606dffffffff",8512,61,2.66587871212507,0.105884709644765,15.080531978239
"hardCorals","8466103ffffffff",2099,17,0.422810583193561,0.862794075356558,3.96199583324615
"hardCorals","8466109ffffffff",24,4,1.34819591857555,0.270833333333333,NA
"hardCorals","846610bffffffff",4631,43,2.77686132451526,0.091601988812823,16.5149453340164
"hardCorals","8466111ffffffff",65,13,2.45887798937831,0.0939644970414201,12.9268999631511
"hardCorals","846611dffffffff",51,16,2.71782166723131,0.0703575547866205,16
"hardCorals","8466121ffffffff",67,15,2.5669641616984,0.0888839385163734,14.7571065583905
"hardCorals","8466123ffffffff",8,3,1.08219553003877,0.34375,NA
"hardCorals","8466125ffffffff",5,1,0,1,NA
"hardCorals","8466127ffffffff",4,2,0.693147180559945,0.5,NA
"hardCorals","846612dffffffff",12,4,1.30860538725345,0.291666666666667,NA
"hardCorals","8466147ffffffff",79,11,2.10156098418668,0.145649735619292,10.2212819673044
"hardCorals","8466151ffffffff",5,2,0.673011667009257,0.52,NA
"hardCorals","8466153ffffffff",15,4,1.27002786111697,0.306666666666667,NA
"hardCorals","8466157ffffffff",10,2,0.325082973391448,0.82,NA
"hardCorals","8466159ffffffff",102,8,1.82776304922027,0.197424067666282,7.71924186750869
"hardCorals","846615bffffffff",1932,38,2.87776396767725,0.079039838997981,17.5283118364755
"hardCorals","8466161ffffffff",3570,28,2.43698650817544,0.116665960501848,12.8095905319253
"hardCorals","8466165ffffffff",2609,27,2.32377715718532,0.132270418713064,11.7390679674858
"hardCorals","8466169ffffffff",17,3,0.803742107316203,0.543252595155709,NA
"hardCorals","846616bffffffff",22,4,1.2498367981128,0.318181818181818,NA
"hardCorals","846616dffffffff",73,10,1.99755672659444,0.165321823981985,9.6920828376958
"hardCorals","8466201ffffffff",172,15,2.20696348847789,0.152379664683613,12.1324284889816
"hardCorals","8466205ffffffff",34246,81,2.67824093012147,0.0971993862873057,14.9869411165021
"hardCorals","846620bffffffff",40,9,2.00239496199835,0.15,NA
"hardCorals","8466221ffffffff",46,11,2.15488072075706,0.149338374291115,NA
"hardCorals","8466225ffffffff",63,8,1.60481445223772,0.254724111866969,7.54597925723049
"hardCorals","8466229ffffffff",9,2,0.529706199057654,0.654320987654321,NA
"hardCorals","846622bffffffff",1466,48,2.75637765938757,0.0921059243721722,15.8666417777282
"hardCorals","8466251ffffffff",76,11,2.25880742860853,0.121191135734072,10.909069271791
"hardCorals","8466255ffffffff",23,4,1.38336986774326,0.251417769376181,NA
"hardCorals","8466259ffffffff",139,16,2.33834547574324,0.122716215516795,12.6912832570335
"hardCorals","846625dffffffff",19,7,1.8678801716292,0.163434903047091,NA
"hardCorals","8466311ffffffff",62,8,1.36785947612254,0.370447450572321,7.5372668308307
"hardCorals","8466313ffffffff",1513,29,1.75077325961952,0.315977981529542,9.91161306885569
"hardCorals","8466317ffffffff",35178,57,2.62044725559354,0.108341833511667,14.9675043324125
"hardCorals","846631bffffffff",2,2,0.693147180559945,0.5,NA
"hardCorals","8466333ffffffff",448,23,2.88731494167493,0.0671037946428571,17.8417616244492
"hardCorals","846633bffffffff",11,4,1.3421131789144,0.272727272727273,NA
"hardCorals","8466a09ffffffff",2,1,0,1,NA
"hardCorals","8466a0dffffffff",17,4,1.31972992151867,0.280276816608997,NA
"hardCorals","8466a51ffffffff",39,8,1.91859366491399,0.162393162393162,NA
"hardCorals","8466a53ffffffff",49,12,2.12828001105799,0.177009579341941,NA
"hardCorals","8466a55ffffffff",2,1,0,1,NA
"hardCorals","8466a59ffffffff",320,42,3.30935296025084,0.05078125,23.8735579852606
"hardCorals","8466a5dffffffff",12,6,1.79175946922805,0.166666666666667,NA
"hardCorals","8466a61ffffffff",9,2,0.686961576597323,0.506172839506173,NA
"hardCorals","8466a63ffffffff",76,11,2.08059068986175,0.164127423822715,10.6319941845225
"hardCorals","8466a65ffffffff",1409,37,2.61189507441072,0.110678034998572,14.969892286248
"hardCorals","8466a67ffffffff",120,9,1.4813362145819,0.301666666666667,7.42353385835623
"hardCorals","8466a6bffffffff",12,2,0.450561208866305,0.722222222222222,NA
"hardCorals","8466b1dffffffff",10,3,1.05492016798614,0.36,NA
"hardCorals","8466b49ffffffff",1,1,0,1,NA
"hardCorals","8466b59ffffffff",94,5,1.14320323540802,0.385242191036668,4.76623406233537
"hardCorals","8466b6bffffffff",6,3,1.09861228866811,0.333333333333333,NA
"hardCorals","8467059ffffffff",2,1,0,1,NA
"hardCorals","8467097ffffffff",7,3,0.955699891112534,0.428571428571429,NA
"hardCorals","84670b3ffffffff",11,4,1.2945451658449,0.289256198347107,NA
"hardCorals","84670b7ffffffff",3,1,0,1,NA
"hardCorals","84671c9ffffffff",6,5,1.56071040904141,0.222222222222222,NA
"hardCorals","8467229ffffffff",3,2,0.636514168294813,0.555555555555556,NA
"hardCorals","8467241ffffffff",3,3,1.09861228866811,0.333333333333333,NA
"hardCorals","846724dffffffff",3,1,0,1,NA
"hardCorals","8467303ffffffff",3,2,0.636514168294813,0.555555555555556,NA
"hardCorals","8467305ffffffff",45,13,2.26898192994628,0.131851851851852,NA
"hardCorals","8467307ffffffff",1,1,0,1,NA
"hardCorals","8467325ffffffff",1,1,0,1,NA
"hardCorals","8467329ffffffff",2,2,0.693147180559945,0.5,NA
"hardCorals","846732bffffffff",4,2,0.693147180559945,0.5,NA
"hardCorals","8467339ffffffff",1,1,0,1,NA
"hardCorals","846733dffffffff",3,1,0,1,NA
"hardCorals","8467351ffffffff",9,6,1.67698777432242,0.209876543209877,NA
"hardCorals","8467355ffffffff",21,6,1.78152039336858,0.170068027210884,NA
"hardCorals","8467359ffffffff",5,2,0.673011667009257,0.52,NA
"hardCorals","8467363ffffffff",160,17,2.35164415894756,0.124375,12.9677169896843
"hardCorals","8467365ffffffff",692,27,2.40805852485405,0.126340672925925,13.1447862020165
"hardCorals","8467367ffffffff",281,21,2.60563480900976,0.0976051468446448,15.1823820088473
"hardCorals","8467405ffffffff",6,2,0.693147180559945,0.5,NA
"hardCorals","8467407ffffffff",11,3,1.06708951878208,0.355371900826446,NA
"hardCorals","8467417ffffffff",53,22,2.758161397318,0.0879316482734069,21.3663877742679
"hardCorals","846741bffffffff",26,8,1.92407880360787,0.162721893491124,NA
"hardCorals","8467429ffffffff",15,5,1.48975031885059,0.244444444444444,NA
"hardCorals","846742dffffffff",10,4,1.3661588475692,0.26,NA
"hardCorals","8467431ffffffff",41,26,3.16810475333621,0.0458060678167757,NA
"hardCorals","8467439ffffffff",3,1,0,1,NA
"hardCorals","846743bffffffff",39,26,3.14779704947281,0.0479947403024326,NA
"hardCorals","846743dffffffff",207,27,2.77332440320236,0.0803052579990198,16.8910681654119
"hardCorals","8467447ffffffff",348,20,2.00289192163657,0.249752279032897,12.2748568658965
"hardCorals","8467451ffffffff",10,3,1.08889997534522,0.34,NA
"hardCorals","8467453ffffffff",154,17,2.14108377898012,0.177770281666386,12.233350947108
"hardCorals","8467457ffffffff",4,1,0,1,NA
"hardCorals","846745bffffffff",950,36,2.53722845777983,0.12465595567867,14.6109248824017
"hardCorals","846745dffffffff",2,1,0,1,NA
"hardCorals","8467461ffffffff",169,32,2.86151049562137,0.0865866041105003,19.2889589530982
"hardCorals","8467463ffffffff",10,3,1.08889997534522,0.34,NA
"hardCorals","8467465ffffffff",6,2,0.636514168294813,0.555555555555556,NA
"hardCorals","8467467ffffffff",2,1,0,1,NA
"hardCorals","846746bffffffff",254,20,1.83397087012673,0.262136524273049,10.4868627667168
"hardCorals","846746dffffffff",1806,23,2.36736389197849,0.128047397073125,12.3783704065615
"hardCorals","84674c9ffffffff",105,23,2.78303600520779,0.0809977324263039,18.3445817202205
"hardCorals","8467509ffffffff",269,1,0,1,1
"hardCorals","846750bffffffff",4,2,0.562335144618808,0.625,NA
"hardCorals","846750dffffffff",1,1,0,1,NA
"hardCorals","8467543ffffffff",436,5,0.138609054857393,0.954812305361502,2.02459889542689
"hardCorals","8467545ffffffff",13,5,1.52470739303014,0.230769230769231,NA
"hardCorals","8467549ffffffff",30,8,1.85147513931553,0.197777777777778,NA
"hardCorals","8467551ffffffff",25,10,2.15518524884846,0.1296,NA
"hardCorals","8467555ffffffff",4,3,1.03972077083992,0.375,NA
"hardCorals","8467559ffffffff",22,10,2.18507112611091,0.12396694214876,NA
"hardCorals","846755bffffffff",24,4,1.35797785498732,0.263888888888889,NA
"hardCorals","846755dffffffff",3,3,1.09861228866811,0.333333333333333,NA
"hardCorals","8467563ffffffff",7,5,1.5498260458782,0.224489795918367,NA
"hardCorals","8467565ffffffff",1861,23,1.84129119848594,0.266518465946414,9.75123516972031
"hardCorals","8467569ffffffff",14,6,1.59342423717389,0.23469387755102,NA
"hardCorals","846756bffffffff",3,3,1.09861228866811,0.333333333333333,NA
"hardCorals","846756dffffffff",159,27,3.04992716272291,0.0569993275582453,20.8500114325926
"hardCorals","8467691ffffffff",1,1,0,1,NA
"hardCorals","8467693ffffffff",3,2,0.636514168294813,0.555555555555556,NA
"hardCorals","8467695ffffffff",7,3,1.07899220787758,0.346938775510204,NA
"hardCorals","846769bffffffff",17,4,0.916068137015288,0.529411764705882,NA
"hardCorals","84676a3ffffffff",20,5,1.51340583861968,0.24,NA
"hardCorals","84676b3ffffffff",9,3,1.06085694715802,0.358024691358025,NA
"hardCorals","84676b9ffffffff",3,2,0.636514168294813,0.555555555555556,NA
"hardCorals","84676bdffffffff",18,7,1.87896749318881,0.160493827160494,NA
"hardCorals","84676e3ffffffff",14,5,1.53672246943722,0.224489795918367,NA
"hardCorals","84676e7ffffffff",172,30,3.04883605066105,0.0581395348837209,20.5318004608916
"hardCorals","8467717ffffffff",3,2,0.636514168294813,0.555555555555556,NA
"hardCorals","8467731ffffffff",14,5,1.47013192040884,0.255102040816326,NA
"hardCorals","8467735ffffffff",3,1,0,1,NA
"hardCorals","8467737ffffffff",31,9,2.0299396107678,0.146722164412071,NA
"hardCorals","8467801ffffffff",4600,34,2.35225871895141,0.146675519848771,12.8277402437989
"hardCorals","8467805ffffffff",4343,43,2.91939034296262,0.0797712331514599,18.1239361188415
"hardCorals","846780dffffffff",3,1,0,1,NA
"hardCorals","8467821ffffffff",1,1,0,1,NA
"hardCorals","8467823ffffffff",783,28,2.73521419460082,0.0943957565704164,16.78787188332
"hardCorals","8467827ffffffff",6,4,1.242453324894,0.333333333333333,NA
"hardCorals","8467829ffffffff",3,1,0,1,NA
"hardCorals","8467831ffffffff",252,36,3.18381306518978,0.0533824640967498,22.1382542205423
"hardCorals","8467835ffffffff",13904,56,2.95926755759612,0.0708161177715745,18.1228558144981
"hardCorals","846783dffffffff",1138,28,2.55219997677664,0.104263638918832,14.0516475397015
"hardCorals","8467841ffffffff",18,9,2.09113888262042,0.135802469135802,NA
"hardCorals","8467847ffffffff",6,2,0.693147180559945,0.5,NA
"hardCorals","846784bffffffff",47,10,2.23735270408676,0.11272068809416,NA
"hardCorals","846785dffffffff",9,5,1.58109375017182,0.209876543209877,NA
"hardCorals","8467869ffffffff",22,6,1.77172176930638,0.173553719008264,NA
"hardCorals","8467893ffffffff",2,1,0,1,NA
"hardCorals","84678b3ffffffff",20,3,1.03972077083992,0.375,NA
"hardCorals","84678b5ffffffff",1,1,0,1,NA
"hardCorals","84678b7ffffffff",19,6,1.69441507341845,0.202216066481994,NA
"hardCorals","84678c9ffffffff",2,1,0,1,NA
"hardCorals","8467911ffffffff",3,1,0,1,NA
"hardCorals","8467913ffffffff",2000,29,2.07493621912395,0.1767375,10.4392383530666
"hardCorals","8467917ffffffff",1,1,0,1,NA
"hardCorals","8467919ffffffff",1,1,0,1,NA
"hardCorals","846791bffffffff",3,1,0,1,NA
"hardCorals","84679b3ffffffff",106,10,1.57589739645088,0.301530793876825,8.33485714612423
"hardCorals","84679b5ffffffff",577,32,2.98714668472298,0.0622505098684705,18.630129545932
"hardCorals","84679b7ffffffff",92,7,1.25573269251438,0.347589792060492,5.67555480667482
"hardCorals","84679cbffffffff",724,40,3.34815609661297,0.0424361283233112,23.556079584716
"hardCorals","84679cdffffffff",3,1,0,1,NA
"hardCorals","84679e9ffffffff",82,14,2.23258328362208,0.129982153480071,11.8325550051602
"hardCorals","84679edffffffff",3,1,0,1,NA
"hardCorals","8467a01ffffffff",4,4,1.38629436111989,0.25,NA
"hardCorals","8467a25ffffffff",6,2,0.693147180559945,0.5,NA
"hardCorals","8467a41ffffffff",10,3,1.08889997534522,0.34,NA
"hardCorals","8467a45ffffffff",9,3,1.09861228866811,0.333333333333333,NA
"hardCorals","8467a49ffffffff",22,6,1.74479133236063,0.181818181818182,NA
"hardCorals","8467a53ffffffff",133,26,3.07776757581449,0.0509356097009441,20.9487435797746
"hardCorals","8467a5bffffffff",47,23,3.06432203419454,0.0493435943866003,NA
"hardCorals","8467a65ffffffff",11,3,1.06708951878208,0.355371900826446,NA
"hardCorals","8467a67ffffffff",9,3,1.09861228866811,0.333333333333333,NA
"hardCorals","8467a6dffffffff",12,4,1.28605733687438,0.291666666666667,NA
"hardCorals","8467b05ffffffff",5,2,0.673011667009257,0.52,NA
"hardCorals","8467b07ffffffff",2,2,0.693147180559945,0.5,NA
"hardCorals","8467b13ffffffff",3,1,0,1,NA
"hardCorals","8467b1bffffffff",1,1,0,1,NA
"hardCorals","8467b1dffffffff",3,1,0,1,NA
"hardCorals","8467b31ffffffff",11,11,2.39789527279837,0.0909090909090909,NA
"hardCorals","8467b37ffffffff",12,12,2.484906649788,0.0833333333333333,NA
"hardCorals","8467b39ffffffff",1,1,0,1,NA
"hardCorals","8467b3bffffffff",3,3,1.09861228866811,0.333333333333333,NA
"hardCorals","8467b41ffffffff",11,5,1.49903067297901,0.239669421487603,NA
"hardCorals","8467b45ffffffff",16,3,1.04335342694229,0.3671875,NA
"hardCorals","8467b47ffffffff",1,1,0,1,NA
"hardCorals","8467b51ffffffff",1,1,0,1,NA
"hardCorals","8467b53ffffffff",10,7,1.83437197028162,0.18,NA
"hardCorals","8467b55ffffffff",1,1,0,1,NA
"hardCorals","8467b59ffffffff",2,1,0,1,NA
"hardCorals","8467b69ffffffff",4,1,0,1,NA
"hardCorals","846d043ffffffff",1,1,0,1,NA
"hardCorals","846d159ffffffff",7,2,0.598269588585257,0.591836734693878,NA
"hardCorals","846d15dffffffff",1,1,0,1,NA
"hardCorals","846d265ffffffff",88,46,3.81569632394371,0.0222107438016529,36.5595611285261
"hardCorals","846d26dffffffff",25,24,3.1634240504234,0.0432,NA
"hardCorals","846d317ffffffff",1,1,0,1,NA
"hardCorals","846d349ffffffff",1,1,0,1,NA
"hardCorals","846d34dffffffff",437,22,1.74661193794248,0.266844356937513,9.34595528521881
"hardCorals","846d685ffffffff",1,1,0,1,NA
"hardCorals","846d6bbffffffff",2,1,0,1,NA
"hardCorals","846d747ffffffff",6,3,0.867563228481461,0.5,NA
"mangroves","84441e7ffffffff",6,6,1.79175946922805,0.166666666666667,NA
"mangroves","8444329ffffffff",6,6,1.79175946922805,0.166666666666667,NA
"mangroves","8444633ffffffff",1,1,0,1,NA
"mangroves","8444e5bffffffff",6,6,1.79175946922805,0.166666666666667,NA
"mangroves","84450b1ffffffff",6,6,1.79175946922805,0.166666666666667,NA
"mangroves","84456dbffffffff",2,2,0.693147180559945,0.5,NA
"mangroves","844895dffffffff",1,1,0,1,NA
"mangroves","8466045ffffffff",2072,4,1.20853134498393,0.318187154335803,3.87998290131798
"mangroves","8466061ffffffff",65,2,0.137406006452769,0.940355029585799,1.94951923076923
"mangroves","8466067ffffffff",376,4,0.904047101868457,0.487437754640109,3.24833952595004
"mangroves","8466069ffffffff",97,1,0,1,1
"mangroves","8466111ffffffff",306,3,0.516151997606741,0.731022256397112,2.88615087128207
"mangroves","8466201ffffffff",210,1,0,1,1
"mangroves","8466207ffffffff",505,2,0.0143040944080929,0.996047446328791,1.0990099009898
"mangroves","8466221ffffffff",24815,3,0.97411712947821,0.404914641975442,2.99849630479901
"mangroves","8466223ffffffff",4583,3,0.603213780656698,0.607735881674103,2.22346748157746
"mangroves","8466225ffffffff",824,4,0.835052551626442,0.502276958243001,3.17357379992255
"mangroves","846622bffffffff",1096,4,0.69695018216952,0.62379122489211,3.17907195937804
"mangroves","8466251ffffffff",110,2,0.535959889216217,0.648760330578512,1.99999998571674
"mangroves","8466257ffffffff",107,1,0,1,1
"mangroves","846631bffffffff",144,1,0,1,1
"mangroves","84674c9ffffffff",2,1,0,1,NA
"mangroves","8467565ffffffff",1058,3,0.702213759058374,0.505560300313392,2.13530407923874
"mangroves","846756bffffffff",6,3,1.09861228866811,0.333333333333333,NA
"mangroves","8467835ffffffff",1810,5,0.873690216942562,0.46555660694118,3.13394188347338
"mangroves","846783dffffffff",969,4,0.866713557931067,0.461922273662058,3.2745126882362
"mangroves","8467a01ffffffff",1,1,0,1,NA
"mangroves","8467b29ffffffff",50,3,0.914145921830491,0.4616,3
"mangroves","8467b67ffffffff",54,2,0.158410570131791,0.928669410150891,1.9958071278826
"mangroves","846d053ffffffff",1,1,0,1,NA
"mangroves","846d265ffffffff",2,2,0.693147180559945,0.5,NA
"marineMammals","842ac91ffffffff",2,1,0,1,NA
"marineMammals","842ac93ffffffff",1,1,0,1,NA
"marineMammals","842ac95ffffffff",2,1,0,1,NA
"marineMammals","842ac97ffffffff",1,1,0,1,NA
"marineMammals","842ac99ffffffff",1,1,0,1,NA
"marineMammals","842ac9bffffffff",2,1,0,1,NA
"marineMammals","842acb3ffffffff",1,1,0,1,NA
"marineMammals","842acb5ffffffff",1,1,0,1,NA
"marineMammals","842acb7ffffffff",2,1,0,1,NA
"marineMammals","842acb9ffffffff",2,1,0,1,NA
"marineMammals","842acbbffffffff",1,1,0,1,NA
"marineMammals","843b927ffffffff",1,1,0,1,NA
"marineMammals","8444005ffffffff",12,4,0.836988216785836,0.583333333333333,NA
"marineMammals","8444007ffffffff",8,4,1.07354284640852,0.4375,NA
"marineMammals","8444009ffffffff",3,1,0,1,NA
"marineMammals","844400dffffffff",5,2,0.673011667009257,0.52,NA
"marineMammals","8444011ffffffff",6,3,0.867563228481461,0.5,NA
"marineMammals","8444013ffffffff",9,5,1.42706104338072,0.283950617283951,NA
"marineMammals","8444017ffffffff",4,3,1.03972077083992,0.375,NA
"marineMammals","8444019ffffffff",2,1,0,1,NA
"marineMammals","844401bffffffff",1,1,0,1,NA
"marineMammals","844401dffffffff",1,1,0,1,NA
"marineMammals","8444021ffffffff",6,3,1.01140426470735,0.388888888888889,NA
"marineMammals","8444023ffffffff",1,1,0,1,NA
"marineMammals","8444025ffffffff",4,2,0.693147180559945,0.5,NA
"marineMammals","8444027ffffffff",8,2,0.376770161256437,0.78125,NA
"marineMammals","8444029ffffffff",4,2,0.562335144618808,0.625,NA
"marineMammals","844402bffffffff",5,3,1.05492016798614,0.36,NA
"marineMammals","844402dffffffff",11,3,0.916464885539471,0.43801652892562,NA
"marineMammals","8444031ffffffff",38,23,2.87376892159105,0.074792243767313,NA
"marineMammals","8444033ffffffff",27,9,1.52926799822722,0.327846364883402,NA
"marineMammals","8444035ffffffff",9,3,0.936888307539016,0.432098765432099,NA
"marineMammals","8444037ffffffff",30,26,3.13295772958981,0.0555555555555556,NA
"marineMammals","8444039ffffffff",8,4,1.32088834314932,0.28125,NA
"marineMammals","844403bffffffff",3,3,1.09861228866811,0.333333333333333,NA
"marineMammals","844403dffffffff",13,5,1.41274463686385,0.27810650887574,NA
"marineMammals","8444041ffffffff",1,1,0,1,NA
"marineMammals","8444043ffffffff",1,1,0,1,NA
"marineMammals","8444045ffffffff",6,2,0.450561208866305,0.722222222222222,NA
"marineMammals","8444047ffffffff",7,3,1.00424247305408,0.387755102040816,NA
"marineMammals","844404bffffffff",1,1,0,1,NA
"marineMammals","844404dffffffff",1,1,0,1,NA
"marineMammals","8444051ffffffff",2,1,0,1,NA
"marineMammals","8444053ffffffff",6,4,1.242453324894,0.333333333333333,NA
"marineMammals","8444055ffffffff",7,3,1.07899220787758,0.346938775510204,NA
"marineMammals","8444057ffffffff",13,6,1.71184513523391,0.195266272189349,NA
"marineMammals","8444059ffffffff",1,1,0,1,NA
"marineMammals","8444061ffffffff",28,6,1.40952570705849,0.316326530612245,NA
"marineMammals","8444063ffffffff",16,4,1.30509637194834,0.2890625,NA
"marineMammals","8444065ffffffff",32,9,1.88945639919083,0.177734375,NA
"marineMammals","8444067ffffffff",7,3,1.00424247305408,0.387755102040816,NA
"marineMammals","8444069ffffffff",10,4,1.08889997534522,0.42,NA
"marineMammals","844406bffffffff",1,1,0,1,NA
"marineMammals","844406dffffffff",13,5,1.41274463686385,0.27810650887574,NA
"marineMammals","8444081ffffffff",27,6,0.876530734400189,0.615912208504801,NA
"marineMammals","8444083ffffffff",45,7,1.21342743334406,0.417283950617284,NA
"marineMammals","8444085ffffffff",26,7,1.59109556359594,0.248520710059172,NA
"marineMammals","8444087ffffffff",12,5,1.23426786607908,0.388888888888889,NA
"marineMammals","8444089ffffffff",11,4,1.12095039267358,0.388429752066116,NA
"marineMammals","844408bffffffff",23,6,1.21832471756531,0.395085066162571,NA
"marineMammals","844408dffffffff",3,2,0.636514168294813,0.555555555555556,NA
"marineMammals","8444091ffffffff",27,6,1.32266239021014,0.336076817558299,NA
"marineMammals","8444093ffffffff",205,10,0.56159210223332,0.783033908387864,4.65350807971528
"marineMammals","8444095ffffffff",52,6,1.1814001492062,0.394970414201183,5.92232277526395
"marineMammals","8444097ffffffff",214,7,0.571060353934675,0.741505808367543,3.90813440298201
"marineMammals","8444099ffffffff",16,4,0.822265337328788,0.5859375,NA
"marineMammals","844409bffffffff",147,8,0.63703278615117,0.730019899116109,4.64746982164368
"marineMammals","844409dffffffff",7,1,0,1,NA
"marineMammals","84440a1ffffffff",22,7,1.18163120891954,0.483471074380165,NA
"marineMammals","84440a3ffffffff",14,3,0.75893677276206,0.561224489795918,NA
"marineMammals","84440a5ffffffff",10,2,0.610864302054894,0.58,NA
"marineMammals","84440a7ffffffff",2,1,0,1,NA
"marineMammals","84440a9ffffffff",2,2,0.693147180559945,0.5,NA
"marineMammals","84440abffffffff",10,6,1.6094379124341,0.24,NA
"marineMammals","84440adffffffff",2,2,0.693147180559945,0.5,NA
"marineMammals","84440b1ffffffff",17,7,1.39720479752325,0.377162629757785,NA
"marineMammals","84440b3ffffffff",24,6,1.40002956948836,0.305555555555556,NA
"marineMammals","84440b5ffffffff",15,4,0.72012488127181,0.653333333333333,NA
"marineMammals","84440b7ffffffff",9,2,0.686961576597323,0.506172839506173,NA
"marineMammals","84440b9ffffffff",12,3,0.959614793912049,0.430555555555556,NA
"marineMammals","84440bbffffffff",26,6,1.54285861380152,0.251479289940828,NA
"marineMammals","84440bdffffffff",27,4,0.991724994510687,0.459533607681756,NA
"marineMammals","84440c1ffffffff",6,4,1.242453324894,0.333333333333333,NA
"marineMammals","84440c3ffffffff",17,4,1.05339549836058,0.397923875432526,NA
"marineMammals","84440c5ffffffff",2,2,0.693147180559945,0.5,NA
"marineMammals","84440c7ffffffff",2,2,0.693147180559945,0.5,NA
"marineMammals","84440c9ffffffff",3,2,0.636514168294813,0.555555555555556,NA
"marineMammals","84440cbffffffff",3,1,0,1,NA
"marineMammals","84440cdffffffff",1,1,0,1,NA
"marineMammals","84440d1ffffffff",6,3,0.867563228481461,0.5,NA
"marineMammals","84440d3ffffffff",53,3,0.623611574646208,0.62121751512994,2.94339622641509
"marineMammals","84440d5ffffffff",2,1,0,1,NA
"marineMammals","84440d7ffffffff",13,4,1.22028216627224,0.325443786982249,NA
"marineMammals","84440d9ffffffff",14,3,0.830471712436292,0.5,NA
"marineMammals","84440dbffffffff",76,22,1.63290920614557,0.441135734072022,15.3824043943007
"marineMammals","84440e1ffffffff",8,2,0.661563238157982,0.53125,NA
"marineMammals","84440e3ffffffff",10,3,0.639031859650177,0.66,NA
"marineMammals","84440e5ffffffff",18,4,0.760755259244303,0.623456790123457,NA
"marineMammals","84440e7ffffffff",16,3,0.70291893077351,0.6015625,NA
"marineMammals","84440e9ffffffff",9,4,1.00271826451752,0.481481481481481,NA
"marineMammals","84440ebffffffff",7,4,1.15374194270109,0.387755102040816,NA
"marineMammals","84440edffffffff",4,1,0,1,NA
"marineMammals","8444101ffffffff",9,1,0,1,NA
"marineMammals","8444103ffffffff",6,1,0,1,NA
"marineMammals","8444105ffffffff",5,1,0,1,NA
"marineMammals","8444107ffffffff",4,1,0,1,NA
"marineMammals","8444109ffffffff",2,1,0,1,NA
"marineMammals","844410bffffffff",4,1,0,1,NA
"marineMammals","844410dffffffff",2,2,0.693147180559945,0.5,NA
"marineMammals","8444111ffffffff",16,2,0.685314207276458,0.5078125,NA
"marineMammals","8444113ffffffff",4,2,0.562335144618808,0.625,NA
"marineMammals","8444115ffffffff",13,2,0.429323021930616,0.739644970414201,NA
"marineMammals","8444117ffffffff",4,2,0.562335144618808,0.625,NA
"marineMammals","8444119ffffffff",2,1,0,1,NA
"marineMammals","844411bffffffff",12,2,0.636514168294813,0.555555555555556,NA
"marineMammals","844411dffffffff",4,2,0.562335144618808,0.625,NA
"marineMammals","8444121ffffffff",579,2,0.0127123288810536,0.996551734423892,1.08635578583782
"marineMammals","8444123ffffffff",1655,1,0,1,1
"marineMammals","8444129ffffffff",7,3,1.00424247305408,0.387755102040816,NA
"marineMammals","844412bffffffff",71,2,0.0740225961475812,0.97222773259274,1.70422535211268
"marineMammals","844412dffffffff",923,2,0.00848005127513872,0.997835500376205,1.054171180931
"marineMammals","8444131ffffffff",1864,1,0,1,1
"marineMammals","8444133ffffffff",1846,2,0.396576279001514,0.765825555885526,1.99937766190286
"marineMammals","8444137ffffffff",1837,1,0,1,1
"marineMammals","8444139ffffffff",4,1,0,1,NA
"marineMammals","844413bffffffff",140,2,0.446708727339962,0.725408163265306,1.99998798675203
"marineMammals","844413dffffffff",740,2,0.0186814876627173,0.994609203798393,1.13065501225164
"marineMammals","8444141ffffffff",2,2,0.693147180559945,0.5,NA
"marineMammals","8444145ffffffff",6,2,0.450561208866305,0.722222222222222,NA
"marineMammals","8444147ffffffff",15,13,2.48832774336859,0.0933333333333334,NA
"marineMammals","8444149ffffffff",2,2,0.693147180559945,0.5,NA
"marineMammals","844414bffffffff",5,3,0.950270539233235,0.44,NA
"marineMammals","844414dffffffff",2,2,0.693147180559945,0.5,NA
"marineMammals","8444151ffffffff",3,1,0,1,NA
"marineMammals","8444153ffffffff",2,2,0.693147180559945,0.5,NA
"marineMammals","8444155ffffffff",1,1,0,1,NA
"marineMammals","8444157ffffffff",9,3,0.848685557726417,0.506172839506173,NA
"marineMammals","8444159ffffffff",9,3,0.964962923007428,0.407407407407407,NA
"marineMammals","844415bffffffff",1,1,0,1,NA
"marineMammals","844415dffffffff",4,1,0,1,NA
"marineMammals","8444161ffffffff",10,3,1.05492016798614,0.36,NA
"marineMammals","8444163ffffffff",4,1,0,1,NA
"marineMammals","8444165ffffffff",59,2,0.32879120265774,0.817293881068659,1.9999981357144
"marineMammals","8444167ffffffff",5,2,0.500402423538188,0.68,NA
"marineMammals","844416bffffffff",10,3,0.801818552543337,0.54,NA
"marineMammals","844416dffffffff",1,1,0,1,NA
"marineMammals","8444181ffffffff",16,2,0.621086374555245,0.5703125,NA
"marineMammals","8444183ffffffff",3,1,0,1,NA
"marineMammals","8444185ffffffff",4,2,0.693147180559945,0.5,NA
"marineMammals","8444187ffffffff",7,1,0,1,NA
"marineMammals","8444189ffffffff",16,2,0.685314207276458,0.5078125,NA
"marineMammals","844418bffffffff",9,2,0.686961576597323,0.506172839506173,NA
"marineMammals","844418dffffffff",4,1,0,1,NA
"marineMammals","8444191ffffffff",6,2,0.636514168294813,0.555555555555556,NA
"marineMammals","8444193ffffffff",7,2,0.410116318288409,0.755102040816326,NA
"marineMammals","8444195ffffffff",4,2,0.562335144618808,0.625,NA
"marineMammals","8444197ffffffff",14,2,0.519579839130515,0.663265306122449,NA
"marineMammals","8444199ffffffff",6,2,0.693147180559945,0.5,NA
"marineMammals","844419bffffffff",12,2,0.636514168294813,0.555555555555556,NA
"marineMammals","844419dffffffff",6,2,0.450561208866305,0.722222222222222,NA
"marineMammals","84441a1ffffffff",23,1,0,1,NA
"marineMammals","84441a3ffffffff",211,2,0.0939530735215122,0.962804069989443,1.66403912874359
"marineMammals","84441a9ffffffff",924,2,0.316921890736246,0.82591452558985,1.99454311477928
"marineMammals","84441abffffffff",196,2,0.118770708622982,0.950281132861308,1.77470228783788
"marineMammals","84441adffffffff",781,1,0,1,1
"marineMammals","84441b1ffffffff",11,1,0,1,NA
"marineMammals","84441b3ffffffff",10,2,0.610864302054894,0.58,NA
"marineMammals","84441b5ffffffff",648,3,0.0490816915231562,0.984667924096936,1.35244554210518
"marineMammals","84441b7ffffffff",77,1,0,1,1
"marineMammals","84441b9ffffffff",4,1,0,1,NA
"marineMammals","84441bbffffffff",12,2,0.679193265991526,0.513888888888889,NA
"marineMammals","84441bdffffffff",3,1,0,1,NA
"marineMammals","84441c1ffffffff",7,2,0.682908104700472,0.510204081632653,NA
"marineMammals","84441c3ffffffff",7,2,0.598269588585257,0.591836734693878,NA
"marineMammals","84441c5ffffffff",4,3,1.03972077083992,0.375,NA
"marineMammals","84441c7ffffffff",1,1,0,1,NA
"marineMammals","84441c9ffffffff",5,2,0.673011667009257,0.52,NA
"marineMammals","84441cbffffffff",31,26,3.14879319446954,0.0509885535900104,NA
"marineMammals","84441cdffffffff",5,2,0.673011667009257,0.52,NA
"marineMammals","84441d1ffffffff",12,2,0.693147180559945,0.5,NA
"marineMammals","84441d3ffffffff",5,3,1.05492016798614,0.36,NA
"marineMammals","84441d5ffffffff",6,2,0.636514168294813,0.555555555555556,NA
"marineMammals","84441d7ffffffff",4,2,0.693147180559945,0.5,NA
"marineMammals","84441d9ffffffff",16,7,1.45000649991816,0.3515625,NA
"marineMammals","84441dbffffffff",6,5,1.56071040904141,0.222222222222222,NA
"marineMammals","84441ddffffffff",3,2,0.636514168294813,0.555555555555556,NA
"marineMammals","84441e1ffffffff",785,3,0.333312194021877,0.81872854882551,2.05923537976479
"marineMammals","84441e3ffffffff",1209,2,0.179954967793595,0.916167754797387,1.89865084954129
"marineMammals","84441e5ffffffff",1073,2,0.619376289741447,0.571938168846611,1.9999999949916
"marineMammals","84441e7ffffffff",4221,28,0.402708560825464,0.793755694401718,2.30509046252774
"marineMammals","84441e9ffffffff",9,2,0.636514168294813,0.555555555555556,NA
"marineMammals","84441ebffffffff",46,28,2.70993566355518,0.153119092627599,NA
"marineMammals","84441edffffffff",197,2,0.644410205313466,0.547939910845422,1.9999999999904
"marineMammals","844420dffffffff",1,1,0,1,NA
"marineMammals","8444215ffffffff",1,1,0,1,NA
"marineMammals","8444223ffffffff",1,1,0,1,NA
"marineMammals","8444227ffffffff",1,1,0,1,NA
"marineMammals","8444231ffffffff",13,13,2.56494935746154,0.0769230769230769,NA
"marineMammals","844423dffffffff",1,1,0,1,NA
"marineMammals","8444265ffffffff",1,1,0,1,NA
"marineMammals","8444283ffffffff",6,3,0.867563228481461,0.5,NA
"marineMammals","8444287ffffffff",14,6,1.43068533608729,0.316326530612245,NA
"marineMammals","844428bffffffff",2,1,0,1,NA
"marineMammals","8444291ffffffff",3,3,1.09861228866811,0.333333333333333,NA
"marineMammals","8444295ffffffff",2,1,0,1,NA
"marineMammals","8444297ffffffff",11,5,1.46813993901621,0.256198347107438,NA
"marineMammals","8444299ffffffff",6,1,0,1,NA
"marineMammals","844429bffffffff",1,1,0,1,NA
"marineMammals","844429dffffffff",5,2,0.500402423538188,0.68,NA
"marineMammals","84442a1ffffffff",5,1,0,1,NA
"marineMammals","84442a3ffffffff",3,2,0.636514168294813,0.555555555555556,NA
"marineMammals","84442a7ffffffff",6,4,1.242453324894,0.333333333333333,NA
"marineMammals","84442abffffffff",16,10,2.13338193026454,0.140625,NA
"marineMammals","84442b1ffffffff",4,3,1.03972077083992,0.375,NA
"marineMammals","84442b3ffffffff",4,3,1.03972077083992,0.375,NA
"marineMammals","84442b5ffffffff",3,1,0,1,NA
"marineMammals","84442b7ffffffff",3,2,0.636514168294813,0.555555555555556,NA
"marineMammals","84442b9ffffffff",1,1,0,1,NA
"marineMammals","84442bbffffffff",2,1,0,1,NA
"marineMammals","84442bdffffffff",4,2,0.562335144618808,0.625,NA
"marineMammals","84442d3ffffffff",9,9,2.19722457733622,0.111111111111111,NA
"marineMammals","84442d5ffffffff",2,1,0,1,NA
"marineMammals","84442d7ffffffff",1,1,0,1,NA
"marineMammals","84442d9ffffffff",1,1,0,1,NA
"marineMammals","84442ddffffffff",6,6,1.79175946922805,0.166666666666667,NA
"marineMammals","8444301ffffffff",11,2,0.689009238476659,0.504132231404959,NA
"marineMammals","8444303ffffffff",2,1,0,1,NA
"marineMammals","8444305ffffffff",5,2,0.500402423538188,0.68,NA
"marineMammals","8444307ffffffff",1,1,0,1,NA
"marineMammals","844430bffffffff",2,1,0,1,NA
"marineMammals","8444317ffffffff",1,1,0,1,NA
"marineMammals","8444321ffffffff",4,3,1.03972077083992,0.375,NA
"marineMammals","8444323ffffffff",1,1,0,1,NA
"marineMammals","8444325ffffffff",28,14,2.51479708189461,0.0892857142857143,NA
"marineMammals","8444329ffffffff",42,15,2.66397390788976,0.0714285714285714,NA
"marineMammals","844432bffffffff",3,2,0.636514168294813,0.555555555555556,NA
"marineMammals","844432dffffffff",2,1,0,1,NA
"marineMammals","8444331ffffffff",1,1,0,1,NA
"marineMammals","8444333ffffffff",22,5,1.34041976348239,0.322314049586777,NA
"marineMammals","8444335ffffffff",3,2,0.636514168294813,0.555555555555556,NA
"marineMammals","8444337ffffffff",13,5,1.17865499634165,0.420118343195266,NA
"marineMammals","844433bffffffff",4,4,1.38629436111989,0.25,NA
"marineMammals","8444341ffffffff",10,1,0,1,NA
"marineMammals","8444343ffffffff",10,1,0,1,NA
"marineMammals","8444347ffffffff",1,1,0,1,NA
"marineMammals","8444351ffffffff",2,2,0.693147180559945,0.5,NA
"marineMammals","8444353ffffffff",1,1,0,1,NA
"marineMammals","8444355ffffffff",3,2,0.636514168294813,0.555555555555556,NA
"marineMammals","8444357ffffffff",1,1,0,1,NA
"marineMammals","8444359ffffffff",1,1,0,1,NA
"marineMammals","844435bffffffff",1,1,0,1,NA
"marineMammals","844436bffffffff",11,1,0,1,NA
"marineMammals","844436dffffffff",1,1,0,1,NA
"marineMammals","8444449ffffffff",11,1,0,1,NA
"marineMammals","844444bffffffff",2,1,0,1,NA
"marineMammals","844444dffffffff",2,1,0,1,NA
"marineMammals","8444509ffffffff",33,1,0,1,NA
"marineMammals","844450dffffffff",4,1,0,1,NA
"marineMammals","8444529ffffffff",5,1,0,1,NA
"marineMammals","844452dffffffff",1,1,0,1,NA
"marineMammals","8444541ffffffff",12,3,0.566085738959629,0.708333333333333,NA
"marineMammals","8444543ffffffff",11,1,0,1,NA
"marineMammals","8444545ffffffff",9,2,0.348832095843032,0.802469135802469,NA
"marineMammals","8444547ffffffff",10,1,0,1,NA
"marineMammals","8444549ffffffff",18,5,1.11692589982607,0.432098765432099,NA
"marineMammals","844454bffffffff",8,1,0,1,NA
"marineMammals","844454dffffffff",117,9,0.90763822330861,0.617064796551976,6.38713604384001
"marineMammals","8444551ffffffff",15,1,0,1,NA
"marineMammals","8444555ffffffff",43,1,0,1,NA
"marineMammals","8444559ffffffff",8,1,0,1,NA
"marineMammals","844455dffffffff",8,1,0,1,NA
"marineMammals","8444561ffffffff",16,3,0.881532261188164,0.4453125,NA
"marineMammals","8444563ffffffff",9,3,0.936888307539016,0.432098765432099,NA
"marineMammals","8444565ffffffff",37,26,2.92658821965759,0.0883856829802776,NA
"marineMammals","8444567ffffffff",11,3,0.907535294105009,0.471074380165289,NA
"marineMammals","8444569ffffffff",12,3,0.918427784993098,0.430555555555556,NA
"marineMammals","844456bffffffff",10,2,0.500402423538188,0.68,NA
"marineMammals","844456dffffffff",37,27,3.03476484343982,0.0737764791818846,NA
"marineMammals","8444601ffffffff",3,2,0.636514168294813,0.555555555555556,NA
"marineMammals","8444603ffffffff",3,1,0,1,NA
"marineMammals","8444605ffffffff",6,4,1.32966134885476,0.277777777777778,NA
"marineMammals","8444607ffffffff",4,2,0.562335144618808,0.625,NA
"marineMammals","8444609ffffffff",4,2,0.562335144618808,0.625,NA
"marineMammals","844460bffffffff",5,2,0.673011667009257,0.52,NA
"marineMammals","844460dffffffff",32,7,1.37181862124032,0.36328125,NA
"marineMammals","8444611ffffffff",7,1,0,1,NA
"marineMammals","8444613ffffffff",8,1,0,1,NA
"marineMammals","8444615ffffffff",8,1,0,1,NA
"marineMammals","8444617ffffffff",9,1,0,1,NA
"marineMammals","8444619ffffffff",5,2,0.500402423538188,0.68,NA
"marineMammals","844461bffffffff",10,1,0,1,NA
"marineMammals","844461dffffffff",3,1,0,1,NA
"marineMammals","8444621ffffffff",2,2,0.693147180559945,0.5,NA
"marineMammals","8444623ffffffff",8,1,0,1,NA
"marineMammals","8444625ffffffff",4,2,0.562335144618808,0.625,NA
"marineMammals","8444627ffffffff",13,1,0,1,NA
"marineMammals","8444629ffffffff",27,24,3.12242459833306,0.0480109739368999,NA
"marineMammals","844462bffffffff",12,2,0.450561208866305,0.722222222222222,NA
"marineMammals","844462dffffffff",1,1,0,1,NA
"marineMammals","8444631ffffffff",17,1,0,1,NA
"marineMammals","8444633ffffffff",34,26,2.94474225414481,0.0916955017301038,NA
"marineMammals","8444635ffffffff",17,1,0,1,NA
"marineMammals","8444637ffffffff",1,1,0,1,NA
"marineMammals","8444639ffffffff",7,1,0,1,NA
"marineMammals","844463bffffffff",7,1,0,1,NA
"marineMammals","844463dffffffff",35,26,2.89746660634826,0.102040816326531,NA
"marineMammals","8444641ffffffff",87,4,0.187878105978281,0.932619896948078,2.7241379310345
"marineMammals","8444643ffffffff",54,5,0.366740523019695,0.858710562414266,4.70370370370371
"marineMammals","8444645ffffffff",52,4,0.474327651934839,0.787721893491124,3.96078431372549
"marineMammals","8444647ffffffff",77,8,0.746554829393563,0.69708213864058,6.35339864251178
"marineMammals","8444649ffffffff",11,6,1.54030582522652,0.272727272727273,NA
"marineMammals","844464bffffffff",38,1,0,1,NA
"marineMammals","844464dffffffff",36,7,1.08614728442846,0.507716049382716,NA
"marineMammals","8444651ffffffff",13,5,1.30387552933638,0.349112426035503,NA
"marineMammals","8444653ffffffff",13,2,0.429323021930616,0.739644970414201,NA
"marineMammals","8444655ffffffff",7,3,0.796311640173813,0.551020408163265,NA
"marineMammals","8444657ffffffff",4,2,0.562335144618808,0.625,NA
"marineMammals","8444659ffffffff",153,4,0.118050378160812,0.961296937075484,1.98039215686328
"marineMammals","844465bffffffff",12,7,1.863679987341,0.166666666666667,NA
"marineMammals","844465dffffffff",68,4,0.53548770493788,0.739186851211073,3.66809711147558
"marineMammals","8444661ffffffff",56,2,0.300882104465308,0.837372448979592,1.99999842924371
"marineMammals","8444663ffffffff",16,2,0.482577565177012,0.6953125,NA
"marineMammals","8444665ffffffff",37,5,0.703320645229516,0.671292914536158,NA
"marineMammals","8444667ffffffff",60,26,2.49965434582161,0.181111111111111,22.6145272591181
"marineMammals","8444669ffffffff",116,5,0.197798177442135,0.932520808561237,2.72413793103454
"marineMammals","844466bffffffff",83,4,0.195200477990447,0.929452750762084,2.80722891566256
"marineMammals","844466dffffffff",15,6,1.67920433160271,0.2,NA
"marineMammals","84446c1ffffffff",192,1,0,1,1
"marineMammals","84446c5ffffffff",3,1,0,1,NA
"marineMammals","84446c9ffffffff",334,1,0,1,1
"marineMammals","84446cdffffffff",2049,1,0,1,1
"marineMammals","84446e1ffffffff",27,1,0,1,NA
"marineMammals","84446e9ffffffff",219,1,0,1,1
"marineMammals","84446edffffffff",355,1,0,1,1
"marineMammals","8444701ffffffff",1182,7,0.104326096346123,0.968197525774376,1.72073736347104
"marineMammals","8444703ffffffff",19,4,1.09377044724914,0.390581717451523,NA
"marineMammals","8444705ffffffff",571,10,0.213898785371586,0.931481010057017,2.4980756412826
"marineMammals","8444707ffffffff",309,8,0.385274310883416,0.858024109508698,3.66940770877977
"marineMammals","8444709ffffffff",184,9,0.411101450092927,0.854737712665406,4.09947398519394
"marineMammals","844470bffffffff",17,6,1.54267586110877,0.259515570934256,NA
"marineMammals","844470dffffffff",82,5,0.53879622117302,0.741225461035098,3.82917258000538
"marineMammals","8444711ffffffff",4,1,0,1,NA
"marineMammals","8444715ffffffff",16,1,0,1,NA
"marineMammals","8444717ffffffff",1,1,0,1,NA
"marineMammals","8444719ffffffff",5,2,0.500402423538188,0.68,NA
"marineMammals","844471bffffffff",12,1,0,1,NA
"marineMammals","844471dffffffff",8,3,0.735621939758795,0.59375,NA
"marineMammals","8444721ffffffff",221,5,0.239511821663181,0.912245859011896,2.75679850313105
"marineMammals","8444723ffffffff",618,9,0.32492953490684,0.887642567631257,3.27134351379367
"marineMammals","8444725ffffffff",31,7,1.44405906298309,0.342351716961498,NA
"marineMammals","8444727ffffffff",420,7,0.277087561531979,0.903083900226757,3.00307970612424
"marineMammals","8444729ffffffff",235,7,0.373859097653332,0.854775916704391,3.44642560279525
"marineMammals","844472bffffffff",767,7,0.228388736425443,0.918863007807387,2.57636442975863
"marineMammals","844472dffffffff",54,4,0.39648346372307,0.82716049382716,3.85169058753965
"marineMammals","8444731ffffffff",14,1,0,1,NA
"marineMammals","8444735ffffffff",11,3,0.600166073159646,0.685950413223141,NA
"marineMammals","8444737ffffffff",3,1,0,1,NA
"marineMammals","8444739ffffffff",14,2,0.257318640543832,0.86734693877551,NA
"marineMammals","844473bffffffff",14,1,0,1,NA
"marineMammals","844473dffffffff",10,2,0.673011667009257,0.52,NA
"marineMammals","8444741ffffffff",16,7,1.62861983033282,0.2578125,NA
"marineMammals","8444743ffffffff",39,4,0.504789987079548,0.767258382642998,NA
"marineMammals","8444745ffffffff",7,2,0.598269588585257,0.591836734693878,NA
"marineMammals","8444747ffffffff",84,8,0.683351055433532,0.720804988662131,5.81195239703202
"marineMammals","8444749ffffffff",2,2,0.693147180559945,0.5,NA
"marineMammals","844474bffffffff",10,1,0,1,NA
"marineMammals","844474dffffffff",7,6,1.74786809746676,0.183673469387755,NA
"marineMammals","8444751ffffffff",59,6,0.896778668167512,0.596093076702097,5.8050749582633
"marineMammals","8444753ffffffff",4,2,0.562335144618808,0.625,NA
"marineMammals","8444755ffffffff",136,5,0.319675151151262,0.873702422145329,3.2403882641393
"marineMammals","8444757ffffffff",17,3,0.846365829626287,0.474048442906574,NA
"marineMammals","8444759ffffffff",39,4,1.03722904262104,0.414858645627876,NA
"marineMammals","844475bffffffff",21,5,0.750968778249343,0.664399092970522,NA
"marineMammals","844475dffffffff",54,4,0.655503029937572,0.639917695473251,3.85185185185185
"marineMammals","8444761ffffffff",13,6,1.67159527802125,0.207100591715976,NA
"marineMammals","8444763ffffffff",26,8,1.6675000238464,0.251479289940828,NA
"marineMammals","8444765ffffffff",6,3,0.867563228481461,0.5,NA
"marineMammals","8444767ffffffff",35,2,0.129740694719428,0.944489795918367,NA
"marineMammals","8444769ffffffff",15,4,1.0775733728922,0.422222222222222,NA
"marineMammals","844476bffffffff",6,3,1.01140426470735,0.388888888888889,NA
"marineMammals","844476dffffffff",1,1,0,1,NA
"marineMammals","8444801ffffffff",1,1,0,1,NA
"marineMammals","8444803ffffffff",1,1,0,1,NA
"marineMammals","8444807ffffffff",1,1,0,1,NA
"marineMammals","8444809ffffffff",1,1,0,1,NA
"marineMammals","844480dffffffff",7,4,1.27703425946614,0.306122448979592,NA
"marineMammals","8444811ffffffff",1,1,0,1,NA
"marineMammals","8444813ffffffff",1,1,0,1,NA
"marineMammals","8444815ffffffff",1,1,0,1,NA
"marineMammals","8444817ffffffff",1,1,0,1,NA
"marineMammals","844481bffffffff",1,1,0,1,NA
"marineMammals","844481dffffffff",1,1,0,1,NA
"marineMammals","8444829ffffffff",2,1,0,1,NA
"marineMammals","844482dffffffff",1,1,0,1,NA
"marineMammals","8444839ffffffff",1,1,0,1,NA
"marineMammals","844483bffffffff",1,1,0,1,NA
"marineMammals","844483dffffffff",2,1,0,1,NA
"marineMammals","8444841ffffffff",6,4,1.32966134885476,0.277777777777778,NA
"marineMammals","8444843ffffffff",5,2,0.500402423538188,0.68,NA
"marineMammals","8444845ffffffff",14,3,0.979971182083305,0.418367346938775,NA
"marineMammals","8444847ffffffff",9,3,0.848685557726417,0.506172839506173,NA
"marineMammals","844484bffffffff",21,8,1.84285700552767,0.192743764172336,NA
"marineMammals","844484dffffffff",3,3,1.09861228866811,0.333333333333333,NA
"marineMammals","8444855ffffffff",5,4,1.33217904021012,0.28,NA
"marineMammals","8444857ffffffff",1,1,0,1,NA
"marineMammals","8444859ffffffff",4,2,0.562335144618808,0.625,NA
"marineMammals","844485bffffffff",10,3,0.943348392329039,0.42,NA
"marineMammals","844485dffffffff",1,1,0,1,NA
"marineMammals","8444861ffffffff",645,16,0.861805997842723,0.666770025839793,6.13203592081178
"marineMammals","8444863ffffffff",1,1,0,1,NA
"marineMammals","8444865ffffffff",26,10,1.91428751479263,0.195266272189349,NA
"marineMammals","8444867ffffffff",8,4,1.25548232517875,0.3125,NA
"marineMammals","8444869ffffffff",2,2,0.693147180559945,0.5,NA
"marineMammals","844486bffffffff",27,7,1.02543168703397,0.561042524005487,NA
"marineMammals","844486dffffffff",329,11,0.894679196774031,0.641817795474913,6.29658993744295
"marineMammals","8444883ffffffff",3,3,1.09861228866811,0.333333333333333,NA
"marineMammals","8444887ffffffff",2,1,0,1,NA
"marineMammals","8444889ffffffff",2,1,0,1,NA
"marineMammals","844488bffffffff",4,3,1.03972077083992,0.375,NA
"marineMammals","844488dffffffff",3,2,0.636514168294813,0.555555555555556,NA
"marineMammals","8444891ffffffff",13,4,0.793730055158425,0.609467455621302,NA
"marineMammals","8444893ffffffff",4,1,0,1,NA
"marineMammals","8444895ffffffff",9,2,0.529706199057654,0.654320987654321,NA
"marineMammals","8444899ffffffff",112,5,1.07109239913908,0.420280612244898,4.63397427243656
"marineMammals","844489bffffffff",16,3,0.864740096527637,0.4609375,NA
"marineMammals","844489dffffffff",19,7,1.7504361972533,0.196675900277008,NA
"marineMammals","84448a3ffffffff",3,2,0.636514168294813,0.555555555555556,NA
"marineMammals","84448a5ffffffff",2,2,0.693147180559945,0.5,NA
"marineMammals","84448a7ffffffff",2,1,0,1,NA
"marineMammals","84448c1ffffffff",2,1,0,1,NA
"marineMammals","84448c3ffffffff",2,1,0,1,NA
"marineMammals","84448c5ffffffff",3,2,0.636514168294813,0.555555555555556,NA
"marineMammals","84448c9ffffffff",3,2,0.636514168294813,0.555555555555556,NA
"marineMammals","84448cbffffffff",5,2,0.500402423538188,0.68,NA
"marineMammals","84448cdffffffff",7,3,0.955699891112534,0.428571428571429,NA
"marineMammals","84448d1ffffffff",16,2,0.376770161256437,0.78125,NA
"marineMammals","84448d3ffffffff",183,7,1.08219825481594,0.467048881722357,5.16618205714774
"marineMammals","84448d5ffffffff",1,1,0,1,NA
"marineMammals","84448d7ffffffff",58,7,1.30972143027189,0.378121284185493,6.81125224199566
"marineMammals","84448d9ffffffff",42,2,0.548874384484994,0.63718820861678,NA
"marineMammals","84448dbffffffff",83,3,0.74971648571878,0.488459863550588,2.60240963855419
"marineMammals","84448ddffffffff",9,3,0.936888307539016,0.432098765432099,NA
"marineMammals","84448e7ffffffff",2,1,0,1,NA
"marineMammals","84448e9ffffffff",1,1,0,1,NA
"marineMammals","84448edffffffff",1,1,0,1,NA
"marineMammals","8444927ffffffff",1,1,0,1,NA
"marineMammals","844495bffffffff",1,1,0,1,NA
"marineMammals","8444961ffffffff",1,1,0,1,NA
"marineMammals","8444967ffffffff",1,1,0,1,NA
"marineMammals","8444981ffffffff",1,1,0,1,NA
"marineMammals","8444983ffffffff",3,2,0.636514168294813,0.555555555555556,NA
"marineMammals","8444985ffffffff",1,1,0,1,NA
"marineMammals","8444989ffffffff",1,1,0,1,NA
"marineMammals","844498dffffffff",2,1,0,1,NA
"marineMammals","8444991ffffffff",1,1,0,1,NA
"marineMammals","8444993ffffffff",1,1,0,1,NA
"marineMammals","8444995ffffffff",1,1,0,1,NA
"marineMammals","8444997ffffffff",2,1,0,1,NA
"marineMammals","8444999ffffffff",1,1,0,1,NA
"marineMammals","844499bffffffff",1,1,0,1,NA
"marineMammals","844499dffffffff",1,1,0,1,NA
"marineMammals","84449a3ffffffff",2,1,0,1,NA
"marineMammals","84449a5ffffffff",2,1,0,1,NA
"marineMammals","84449a7ffffffff",1,1,0,1,NA
"marineMammals","84449a9ffffffff",1,1,0,1,NA
"marineMammals","84449abffffffff",2,1,0,1,NA
"marineMammals","84449b1ffffffff",1,1,0,1,NA
"marineMammals","84449b3ffffffff",1,1,0,1,NA
"marineMammals","84449b5ffffffff",2,1,0,1,NA
"marineMammals","84449b7ffffffff",2,1,0,1,NA
"marineMammals","84449b9ffffffff",1,1,0,1,NA
"marineMammals","84449bbffffffff",2,1,0,1,NA
"marineMammals","84449c1ffffffff",1,1,0,1,NA
"marineMammals","84449c3ffffffff",1,1,0,1,NA
"marineMammals","84449c7ffffffff",1,1,0,1,NA
"marineMammals","84449d3ffffffff",1,1,0,1,NA
"marineMammals","84449d5ffffffff",1,1,0,1,NA
"marineMammals","84449dbffffffff",1,1,0,1,NA
"marineMammals","84449e1ffffffff",1,1,0,1,NA
"marineMammals","84449e7ffffffff",3,1,0,1,NA
"marineMammals","84449ebffffffff",1,1,0,1,NA
"marineMammals","84449edffffffff",1,1,0,1,NA
"marineMammals","8444a03ffffffff",1,1,0,1,NA
"marineMammals","8444a07ffffffff",1,1,0,1,NA
"marineMammals","8444a0bffffffff",1,1,0,1,NA
"marineMammals","8444a11ffffffff",3470,2,0.607157016689578,0.583495585878132,1.9999999789393
"marineMammals","8444a13ffffffff",961,2,0.00818673666705982,0.997921000172167,1.05202913631534
"marineMammals","8444a15ffffffff",2,1,0,1,NA
"marineMammals","8444a17ffffffff",41,4,0.342150747933511,0.860797144556811,NA
"marineMammals","8444a19ffffffff",1846,2,0.692299452520832,0.500847488464414,2
"marineMammals","8444a1bffffffff",9,1,0,1,NA
"marineMammals","8444a1dffffffff",12,1,0,1,NA
"marineMammals","8444a21ffffffff",1,1,0,1,NA
"marineMammals","8444a25ffffffff",13,8,1.92512119079082,0.171597633136095,NA
"marineMammals","8444a27ffffffff",1,1,0,1,NA
"marineMammals","8444a31ffffffff",1,1,0,1,NA
"marineMammals","8444a33ffffffff",2,1,0,1,NA
"marineMammals","8444a37ffffffff",1,1,0,1,NA
"marineMammals","8444a39ffffffff",3,2,0.636514168294813,0.555555555555556,NA
"marineMammals","8444a3bffffffff",1,1,0,1,NA
"marineMammals","8444a3dffffffff",1,1,0,1,NA
"marineMammals","8444a49ffffffff",1,1,0,1,NA
"marineMammals","8444a51ffffffff",126,3,0.127671033364754,0.95326278659612,2.03492063492065
"marineMammals","8444a53ffffffff",552,3,0.623137324414025,0.584718283973955,2.17310422142491
"marineMammals","8444a57ffffffff",421,3,0.492004423087011,0.697237095254484,2.11874472725507
"marineMammals","8444a5bffffffff",106,2,0.691544330408523,0.501601993592026,2
"marineMammals","8444a81ffffffff",610,2,0.0395008440485305,0.98697124428917,1.29034081030903
"marineMammals","8444a83ffffffff",937,3,0.0236253444936421,0.993612530738557,1.15729186620405
"marineMammals","8444a85ffffffff",201,4,0.709317137674345,0.590158659439123,3.26279826274779
"marineMammals","8444a87ffffffff",163,3,0.522557239589643,0.682110730550642,2.306745847688
"marineMammals","8444a89ffffffff",34,1,0,1,NA
"marineMammals","8444a8dffffffff",591,2,0.105711046611455,0.956974470412075,1.68699569461183
"marineMammals","8444a93ffffffff",141,1,0,1,1
"marineMammals","8444a95ffffffff",853,1,0,1,1
"marineMammals","8444a97ffffffff",28,1,0,1,NA
"marineMammals","8444a99ffffffff",2,2,0.693147180559945,0.5,NA
"marineMammals","8444aa3ffffffff",3,2,0.636514168294813,0.555555555555556,NA
"marineMammals","8444aa5ffffffff",2,1,0,1,NA
"marineMammals","8444aa7ffffffff",1,1,0,1,NA
"marineMammals","8444aa9ffffffff",1,1,0,1,NA
"marineMammals","8444aabffffffff",8,3,0.900256051268537,0.46875,NA
"marineMammals","8444aadffffffff",1,1,0,1,NA
"marineMammals","8444ab1ffffffff",38,3,0.714234633691107,0.552631578947368,NA
"marineMammals","8444ab3ffffffff",37,2,0.52207706391324,0.661066471877283,NA
"marineMammals","8444ab5ffffffff",5,3,0.950270539233235,0.44,NA
"marineMammals","8444ab7ffffffff",13,2,0.540204142388861,0.644970414201184,NA
"marineMammals","8444ab9ffffffff",1328,4,0.118914416362045,0.955717448105676,1.78269909796846
"marineMammals","8444abbffffffff",455,3,0.250041875830381,0.887472527472527,2.30927611625405
"marineMammals","8444abdffffffff",12,3,1.01140426470735,0.388888888888889,NA
"marineMammals","8444ac1ffffffff",28,1,0,1,NA
"marineMammals","8444ac3ffffffff",110,1,0,1,1
"marineMammals","8444ac5ffffffff",1,1,0,1,NA
"marineMammals","8444ac7ffffffff",38,1,0,1,NA
"marineMammals","8444acbffffffff",83,1,0,1,1
"marineMammals","8444acdffffffff",2,1,0,1,NA
"marineMammals","8444ad5ffffffff",1,1,0,1,NA
"marineMammals","8444ad9ffffffff",122,1,0,1,1
"marineMammals","8444ae1ffffffff",3,2,0.636514168294813,0.555555555555556,NA
"marineMammals","8444ae3ffffffff",88,3,0.768619648378429,0.514721074380165,2.92312458992491
"marineMammals","8444ae7ffffffff",2,1,0,1,NA
"marineMammals","8444ae9ffffffff",1165,3,0.0195633208206617,0.99486010057286,1.1269486600916
"marineMammals","8444aebffffffff",1192,3,0.0243548620766026,0.99330688932931,1.16267759280431
"marineMammals","8444aedffffffff",6,3,1.01140426470735,0.388888888888889,NA
"marineMammals","8444b01ffffffff",11,4,1.03356205420682,0.454545454545454,NA
"marineMammals","8444b03ffffffff",2,2,0.693147180559945,0.5,NA
"marineMammals","8444b05ffffffff",6,4,1.32966134885476,0.277777777777778,NA
"marineMammals","8444b09ffffffff",11,6,1.59416669911802,0.239669421487603,NA
"marineMammals","8444b0bffffffff",2,2,0.693147180559945,0.5,NA
"marineMammals","8444b0dffffffff",5,4,1.33217904021012,0.28,NA
"marineMammals","8444b11ffffffff",82,11,1.91080420632321,0.188875669244497,9.7119738317188
"marineMammals","8444b13ffffffff",1308,18,1.49232330786641,0.350488408196093,7.19728106945299
"marineMammals","8444b15ffffffff",17,11,2.28237437615925,0.114186851211073,NA
"marineMammals","8444b17ffffffff",222,13,1.82511994293069,0.216135053972892,8.78141038872066
"marineMammals","8444b19ffffffff",3,2,0.636514168294813,0.555555555555556,NA
"marineMammals","8444b1bffffffff",5,3,1.05492016798614,0.36,NA
"marineMammals","8444b1dffffffff",8,5,1.38629436111989,0.3125,NA
"marineMammals","8444b27ffffffff",1,1,0,1,NA
"marineMammals","8444b39ffffffff",13,4,0.793730055158425,0.609467455621302,NA
"marineMammals","8444b3bffffffff",2,2,0.693147180559945,0.5,NA
"marineMammals","8444b41ffffffff",3,1,0,1,NA
"marineMammals","8444b43ffffffff",1,1,0,1,NA
"marineMammals","8444b45ffffffff",2,1,0,1,NA
"marineMammals","8444b49ffffffff",3,2,0.636514168294813,0.555555555555556,NA
"marineMammals","8444b4bffffffff",1,1,0,1,NA
"marineMammals","8444b4dffffffff",2,2,0.693147180559945,0.5,NA
"marineMammals","8444b51ffffffff",20401,9,0.0306533291228422,0.992275829377849,1.18724506742004
"marineMammals","8444b53ffffffff",4,2,0.562335144618808,0.625,NA
"marineMammals","8444b55ffffffff",10,3,0.639031859650177,0.66,NA
"marineMammals","8444b57ffffffff",8,8,2.07944154167984,0.125,NA
"marineMammals","8444b59ffffffff",4,3,1.03972077083992,0.375,NA
"marineMammals","8444b5bffffffff",3,1,0,1,NA
"marineMammals","8444b5dffffffff",31011,6,0.0113175641686904,0.997486841080619,1.06232673321188
"marineMammals","8444b63ffffffff",3,2,0.636514168294813,0.555555555555556,NA
"marineMammals","8444b65ffffffff",2,1,0,1,NA
"marineMammals","8444b67ffffffff",1,1,0,1,NA
"marineMammals","8444b69ffffffff",1,1,0,1,NA
"marineMammals","8444b6bffffffff",3,3,1.09861228866811,0.333333333333333,NA
"marineMammals","8444b6dffffffff",2,1,0,1,NA
"marineMammals","8444d4dffffffff",3,2,0.636514168294813,0.555555555555556,NA
"marineMammals","8444e41ffffffff",24,1,0,1,NA
"marineMammals","8444e43ffffffff",491,3,0.151935746373714,0.940468141413052,2.00458287207031
"marineMammals","8444e45ffffffff",8,2,0.376770161256437,0.78125,NA
"marineMammals","8444e47ffffffff",190,2,0.249535417883814,0.872520775623269,1.98383052507216
"marineMammals","8444e49ffffffff",3,2,0.636514168294813,0.555555555555556,NA
"marineMammals","8444e4bffffffff",7,2,0.598269588585257,0.591836734693878,NA
"marineMammals","8444e4dffffffff",3,1,0,1,NA
"marineMammals","8444e51ffffffff",34,3,0.718138141492276,0.586505190311419,NA
"marineMammals","8444e53ffffffff",2,1,0,1,NA
"marineMammals","8444e55ffffffff",145,3,0.415366763675628,0.770558858501784,2.34456123815665
"marineMammals","8444e59ffffffff",14,2,0.651756561172653,0.540816326530612,NA
"marineMammals","8444e5bffffffff",89,28,2.95745587609387,0.0814291124857972,23.2685355567068
"marineMammals","8444e5dffffffff",73,2,0.488794895873719,0.689998123475324,1.99999999778978
"marineMammals","8444e61ffffffff",1,1,0,1,NA
"marineMammals","8444e63ffffffff",53,2,0.312464779858739,0.829120683517266,2
"marineMammals","8444e65ffffffff",6,2,0.450561208866305,0.722222222222222,NA
"marineMammals","8444e67ffffffff",6,1,0,1,NA
"marineMammals","8444e69ffffffff",1,1,0,1,NA
"marineMammals","8444e6bffffffff",240,2,0.159915955314657,0.9278125,1.88270871076086
"marineMammals","8444e6dffffffff",1,1,0,1,NA
"marineMammals","8444f01ffffffff",222,1,0,1,1
"marineMammals","8444f05ffffffff",348,6,0.595154541035855,0.731602589509843,3.93642420005664
"marineMammals","8444f07ffffffff",210,4,0.736830372502584,0.527800453514739,2.79779869250971
"marineMammals","8444f0dffffffff",108,1,0,1,1
"marineMammals","8444f21ffffffff",133,4,0.862482714755034,0.460794844253491,3.28560317255697
"marineMammals","8444f23ffffffff",34,4,1.18069644036531,0.363321799307958,NA
"marineMammals","8444f25ffffffff",313,5,0.808637572948062,0.485367820432994,3.07093619530497
"marineMammals","8444f27ffffffff",44,2,0.6765259604935,0.516528925619835,NA
"marineMammals","8444f29ffffffff",67,4,1.04446446196809,0.419915348629984,3.99625416043327
"marineMammals","8444f2bffffffff",71,5,1.33559176709533,0.31362824836342,4.91548898755215
"marineMammals","8444f2dffffffff",400,5,0.790491610456007,0.48195,2.80362626081266
"marineMammals","8444f39ffffffff",3,1,0,1,NA
"marineMammals","8444f3dffffffff",67,4,0.820823994083382,0.582535085765204,3.9851639352687
"marineMammals","8444f41ffffffff",5,1,0,1,NA
"marineMammals","8444f45ffffffff",50,1,0,1,1
"marineMammals","8444f47ffffffff",44,1,0,1,NA
"marineMammals","8444f49ffffffff",1407,1,0,1,1
"marineMammals","8444f4bffffffff",3,1,0,1,NA
"marineMammals","8444f4dffffffff",5,1,0,1,NA
"marineMammals","8444f59ffffffff",10,1,0,1,NA
"marineMammals","8444f5dffffffff",15,1,0,1,NA
"marineMammals","8444f61ffffffff",342,5,0.76011080393632,0.615933107622858,3.86357879411971
"marineMammals","8444f63ffffffff",179,7,1.37431592961911,0.288099622358853,5.39854786474993
"marineMammals","8444f65ffffffff",32,3,0.692239049680691,0.580078125,NA
"marineMammals","8444f67ffffffff",65,3,0.803230303770174,0.476449704142012,2.94951923076923
"marineMammals","8444f69ffffffff",262,1,0,1,1
"marineMammals","8444f6bffffffff",88,1,0,1,1
"marineMammals","8444f6dffffffff",331,3,0.67437322719822,0.630470696689515,2.98578122680692
"marineMammals","8445011ffffffff",8,3,0.735621939758795,0.59375,NA
"marineMammals","8445017ffffffff",62,2,0.571022710942916,0.617065556711759,2
"marineMammals","8445019ffffffff",11,2,0.585952618303551,0.603305785123967,NA
"marineMammals","8445043ffffffff",1,1,0,1,NA
"marineMammals","8445051ffffffff",265,2,0.0248220402102695,0.99248131007476,1.18867924528278
"marineMammals","8445055ffffffff",1,1,0,1,NA
"marineMammals","8445057ffffffff",1,1,0,1,NA
"marineMammals","8445059ffffffff",9,2,0.348832095843032,0.802469135802469,NA
"marineMammals","844505dffffffff",174,3,0.122379602866547,0.954881754525036,1.92796893662327
"marineMammals","8445093ffffffff",1,1,0,1,NA
"marineMammals","84450a5ffffffff",3,3,1.09861228866811,0.333333333333333,NA
"marineMammals","84450b1ffffffff",13,13,2.56494935746154,0.0769230769230769,NA
"marineMammals","84450b3ffffffff",2,1,0,1,NA
"marineMammals","84450e7ffffffff",119,4,1.02882803924832,0.404420591766118,3.42016750842047
"marineMammals","8445197ffffffff",1,1,0,1,NA
"marineMammals","84451a5ffffffff",1,1,0,1,NA
"marineMammals","84451a9ffffffff",1,1,0,1,NA
"marineMammals","84451b1ffffffff",1,1,0,1,NA
"marineMammals","84451b3ffffffff",1,1,0,1,NA
"marineMammals","84451b7ffffffff",1,1,0,1,NA
"marineMammals","84451bbffffffff",1,1,0,1,NA
"marineMammals","84451e7ffffffff",1,1,0,1,NA
"marineMammals","8445227ffffffff",1,1,0,1,NA
"marineMammals","8445237ffffffff",3,1,0,1,NA
"marineMammals","8445239ffffffff",2,1,0,1,NA
"marineMammals","844523dffffffff",1,1,0,1,NA
"marineMammals","8445313ffffffff",2,1,0,1,NA
"marineMammals","844531bffffffff",4,2,0.562335144618808,0.625,NA
"marineMammals","8445323ffffffff",1,1,0,1,NA
"marineMammals","8445401ffffffff",1,1,0,1,NA
"marineMammals","844540dffffffff",1,1,0,1,NA
"marineMammals","844543bffffffff",9,9,2.19722457733622,0.111111111111111,NA
"marineMammals","8445445ffffffff",1,1,0,1,NA
"marineMammals","8445447ffffffff",1,1,0,1,NA
"marineMammals","8445461ffffffff",1,1,0,1,NA
"marineMammals","8445467ffffffff",1,1,0,1,NA
"marineMammals","844546bffffffff",1,1,0,1,NA
"marineMammals","8445481ffffffff",2,1,0,1,NA
"marineMammals","8445483ffffffff",3,2,0.636514168294813,0.555555555555556,NA
"marineMammals","8445487ffffffff",3,1,0,1,NA
"marineMammals","844548bffffffff",1,1,0,1,NA
"marineMammals","8445491ffffffff",44,2,0.108471339035916,0.955578512396694,NA
"marineMammals","8445493ffffffff",274,3,0.0482443033497079,0.985481378869412,1.36496350364961
"marineMammals","8445495ffffffff",13,2,0.271189373041844,0.857988165680474,NA
"marineMammals","8445497ffffffff",58,1,0,1,1
"marineMammals","8445499ffffffff",52,2,0.163023629494366,0.92603550295858,1.99924585218703
"marineMammals","844549bffffffff",54,4,0.39648346372307,0.82716049382716,3.85169058753965
"marineMammals","844549dffffffff",5,1,0,1,NA
"marineMammals","84454a1ffffffff",2,1,0,1,NA
"marineMammals","84454a3ffffffff",8,4,1.07354284640852,0.4375,NA
"marineMammals","84454a5ffffffff",1,1,0,1,NA
"marineMammals","84454a7ffffffff",3,2,0.636514168294813,0.555555555555556,NA
"marineMammals","84454abffffffff",9,7,1.88915916375402,0.160493827160494,NA
"marineMammals","84454b1ffffffff",29,22,2.84979012638278,0.0868014268727705,NA
"marineMammals","84454b3ffffffff",34,2,0.132691420839872,0.942906574394464,NA
"marineMammals","84454b5ffffffff",15,6,1.45486710926629,0.288888888888889,NA
"marineMammals","84454b7ffffffff",27,3,0.502792279620078,0.739368998628258,NA
"marineMammals","84454b9ffffffff",1,1,0,1,NA
"marineMammals","84454bbffffffff",21,2,0.314492201281411,0.827664399092971,NA
"marineMammals","84454bdffffffff",3,3,1.09861228866811,0.333333333333333,NA
"marineMammals","84454d1ffffffff",4,1,0,1,NA
"marineMammals","84454d3ffffffff",27,1,0,1,NA
"marineMammals","84454d5ffffffff",1,1,0,1,NA
"marineMammals","84454d7ffffffff",6,1,0,1,NA
"marineMammals","84454d9ffffffff",4,1,0,1,NA
"marineMammals","84454dbffffffff",7,1,0,1,NA
"marineMammals","8445511ffffffff",9,9,2.19722457733622,0.111111111111111,NA
"marineMammals","8445515ffffffff",2,1,0,1,NA
"marineMammals","8445517ffffffff",1,1,0,1,NA
"marineMammals","8445523ffffffff",14,14,2.63905732961526,0.0714285714285714,NA
"marineMammals","844552bffffffff",13,13,2.56494935746154,0.0769230769230769,NA
"marineMammals","8445531ffffffff",1,1,0,1,NA
"marineMammals","8445533ffffffff",5,5,1.6094379124341,0.2,NA
"marineMammals","8445535ffffffff",2,1,0,1,NA
"marineMammals","844553dffffffff",14,13,2.54003630382098,0.0816326530612245,NA
"marineMammals","8445541ffffffff",1,1,0,1,NA
"marineMammals","8445545ffffffff",3,2,0.636514168294813,0.555555555555556,NA
"marineMammals","8445549ffffffff",1,1,0,1,NA
"marineMammals","844554dffffffff",9,2,0.636514168294813,0.555555555555556,NA
"marineMammals","8445557ffffffff",1,1,0,1,NA
"marineMammals","8445565ffffffff",14,13,2.54003630382098,0.0816326530612245,NA
"marineMammals","8445583ffffffff",4,2,0.562335144618808,0.625,NA
"marineMammals","8445587ffffffff",5,3,1.05492016798614,0.36,NA
"marineMammals","844558dffffffff",10,10,2.30258509299405,0.1,NA
"marineMammals","8445591ffffffff",4,3,1.03972077083992,0.375,NA
"marineMammals","8445593ffffffff",14,3,0.509137344082687,0.744897959183673,NA
"marineMammals","8445595ffffffff",10,6,1.74806734854609,0.18,NA
"marineMammals","8445597ffffffff",18,6,1.56544510706333,0.246913580246914,NA
"marineMammals","8445599ffffffff",1,1,0,1,NA
"marineMammals","844559bffffffff",4,3,1.03972077083992,0.375,NA
"marineMammals","844559dffffffff",5,5,1.6094379124341,0.2,NA
"marineMammals","84455a5ffffffff",4,3,1.03972077083992,0.375,NA
"marineMammals","84455a7ffffffff",7,2,0.682908104700472,0.510204081632653,NA
"marineMammals","84455a9ffffffff",10,10,2.30258509299405,0.1,NA
"marineMammals","84455abffffffff",2,1,0,1,NA
"marineMammals","84455b1ffffffff",8,6,1.66746193342929,0.21875,NA
"marineMammals","84455b3ffffffff",30,22,2.90421605170456,0.0733333333333333,NA
"marineMammals","84455b5ffffffff",12,4,1.14370838942625,0.361111111111111,NA
"marineMammals","84455b7ffffffff",13,6,1.48445753581749,0.289940828402367,NA
"marineMammals","84455bbffffffff",2,2,0.693147180559945,0.5,NA
"marineMammals","84455bdffffffff",9,7,1.83102048111352,0.185185185185185,NA
"marineMammals","84455e5ffffffff",1,1,0,1,NA
"marineMammals","84455edffffffff",1,1,0,1,NA
"marineMammals","8445605ffffffff",1,1,0,1,NA
"marineMammals","844560bffffffff",1,1,0,1,NA
"marineMammals","8445627ffffffff",1,1,0,1,NA
"marineMammals","844562dffffffff",1,1,0,1,NA
"marineMammals","8445641ffffffff",1,1,0,1,NA
"marineMammals","8445643ffffffff",2,1,0,1,NA
"marineMammals","8445651ffffffff",1,1,0,1,NA
"marineMammals","844565bffffffff",1,1,0,1,NA
"marineMammals","8445665ffffffff",1,1,0,1,NA
"marineMammals","8445669ffffffff",1,1,0,1,NA
"marineMammals","844566dffffffff",24,24,3.17805383034795,0.0416666666666667,NA
"marineMammals","8445681ffffffff",21,21,3.04452243772342,0.0476190476190476,NA
"marineMammals","844569dffffffff",1,1,0,1,NA
"marineMammals","84456b3ffffffff",1,1,0,1,NA
"marineMammals","84456d1ffffffff",47,25,3.20124385820713,0.041195110909914,NA
"marineMammals","84456dbffffffff",46,23,3.13549421592915,0.0434782608695652,NA
"marineMammals","8445723ffffffff",1,1,0,1,NA
"marineMammals","8445727ffffffff",1,1,0,1,NA
"marineMammals","844573bffffffff",1,1,0,1,NA
"marineMammals","8445743ffffffff",1,1,0,1,NA
"marineMammals","8445751ffffffff",1,1,0,1,NA
"marineMammals","8445753ffffffff",21,21,3.04452243772342,0.0476190476190476,NA
"marineMammals","8445757ffffffff",1,1,0,1,NA
"marineMammals","8445809ffffffff",1,1,0,1,NA
"marineMammals","8445831ffffffff",1,1,0,1,NA
"marineMammals","8445843ffffffff",2,2,0.693147180559945,0.5,NA
"marineMammals","8445847ffffffff",1,1,0,1,NA
"marineMammals","8445883ffffffff",135,3,0.201845224921198,0.914513031550069,2.27575978256293
"marineMammals","8445889ffffffff",4,4,1.38629436111989,0.25,NA
"marineMammals","8445893ffffffff",2,2,0.693147180559945,0.5,NA
"marineMammals","8445897ffffffff",2,2,0.693147180559945,0.5,NA
"marineMammals","8445899ffffffff",11,8,1.97224697942344,0.15702479338843,NA
"marineMammals","844589bffffffff",1,1,0,1,NA
"marineMammals","844589dffffffff",10,6,1.69574253416963,0.2,NA
"marineMammals","84458a1ffffffff",1,1,0,1,NA
"marineMammals","84458a9ffffffff",14,1,0,1,NA
"marineMammals","84458abffffffff",25,2,0.167944147734173,0.9232,NA
"marineMammals","84458b9ffffffff",1,1,0,1,NA
"marineMammals","84458bbffffffff",3,3,1.09861228866811,0.333333333333333,NA
"marineMammals","84458c3ffffffff",3,2,0.636514168294813,0.555555555555556,NA
"marineMammals","84458c7ffffffff",1,1,0,1,NA
"marineMammals","84458c9ffffffff",1,1,0,1,NA
"marineMammals","84458dbffffffff",15,1,0,1,NA
"marineMammals","84458e1ffffffff",1,1,0,1,NA
"marineMammals","84458edffffffff",2,2,0.693147180559945,0.5,NA
"marineMammals","8445903ffffffff",1,1,0,1,NA
"marineMammals","8445909ffffffff",2,2,0.693147180559945,0.5,NA
"marineMammals","8445933ffffffff",1,1,0,1,NA
"marineMammals","8445963ffffffff",1,1,0,1,NA
"marineMammals","8445967ffffffff",2,2,0.693147180559945,0.5,NA
"marineMammals","8445981ffffffff",23,2,0.387212375186361,0.773156899810964,NA
"marineMammals","8445983ffffffff",2,1,0,1,NA
"marineMammals","8445985ffffffff",1,1,0,1,NA
"marineMammals","8445989ffffffff",4,1,0,1,NA
"marineMammals","844598bffffffff",28,4,1.03603348320094,0.420918367346939,NA
"marineMammals","8445991ffffffff",1,1,0,1,NA
"marineMammals","84459b7ffffffff",1,1,0,1,NA
"marineMammals","84459c9ffffffff",1,1,0,1,NA
"marineMammals","84459cbffffffff",1,1,0,1,NA
"marineMammals","84459d1ffffffff",3,3,1.09861228866811,0.333333333333333,NA
"marineMammals","84459d3ffffffff",5,3,0.950270539233235,0.44,NA
"marineMammals","84459d7ffffffff",12,2,0.286835983056161,0.847222222222222,NA
"marineMammals","84459e1ffffffff",2,1,0,1,NA
"marineMammals","84459e7ffffffff",1,1,0,1,NA
"marineMammals","8445a31ffffffff",1,1,0,1,NA
"marineMammals","8445a33ffffffff",4,2,0.562335144618808,0.625,NA
"marineMammals","8445a37ffffffff",1,1,0,1,NA
"marineMammals","8445a97ffffffff",1,1,0,1,NA
"marineMammals","8445ae3ffffffff",2,1,0,1,NA
"marineMammals","8445b07ffffffff",4,2,0.562335144618808,0.625,NA
"marineMammals","8445b23ffffffff",1,1,0,1,NA
"marineMammals","8445b29ffffffff",1,1,0,1,NA
"marineMammals","8445b4dffffffff",1,1,0,1,NA
"marineMammals","8445b69ffffffff",1,1,0,1,NA
"marineMammals","8448901ffffffff",18,2,0.214559155176405,0.895061728395062,NA
"marineMammals","8448905ffffffff",12,2,0.286835983056161,0.847222222222222,NA
"marineMammals","8448907ffffffff",8,1,0,1,NA
"marineMammals","8448909ffffffff",14,3,0.509137344082687,0.744897959183673,NA
"marineMammals","844890bffffffff",5,1,0,1,NA
"marineMammals","844890dffffffff",4,2,0.562335144618808,0.625,NA
"marineMammals","8448921ffffffff",11,1,0,1,NA
"marineMammals","8448923ffffffff",5,1,0,1,NA
"marineMammals","8448925ffffffff",7,1,0,1,NA
"marineMammals","8448927ffffffff",112,1,0,1,1
"marineMammals","8448929ffffffff",8,1,0,1,NA
"marineMammals","844892bffffffff",19,1,0,1,NA
"marineMammals","844892dffffffff",19,3,0.942674961563938,0.42382271468144,NA
"marineMammals","844893dffffffff",1,1,0,1,NA
"marineMammals","8448941ffffffff",31,24,3.02336395321758,0.0613943808532778,NA
"marineMammals","8448943ffffffff",36,26,2.85082871621216,0.112654320987654,NA
"marineMammals","8448945ffffffff",76,26,2.05432173998106,0.317174515235457,18.6242251624373
"marineMammals","8448947ffffffff",9,2,0.686961576597323,0.506172839506173,NA
"marineMammals","8448949ffffffff",9,2,0.348832095843032,0.802469135802469,NA
"marineMammals","844894bffffffff",3,1,0,1,NA
"marineMammals","844894dffffffff",11,3,1.06708951878208,0.355371900826446,NA
"marineMammals","8448955ffffffff",5,1,0,1,NA
"marineMammals","844895dffffffff",26,26,3.25809653802148,0.0384615384615385,NA
"marineMammals","8448961ffffffff",92,2,0.0599601521247648,0.978497164461247,1.54347826086958
"marineMammals","8448963ffffffff",6,5,1.56071040904141,0.222222222222222,NA
"marineMammals","8448965ffffffff",103,5,0.593544634054748,0.724196436987463,4.08982227502695
"marineMammals","8448967ffffffff",5,3,0.950270539233235,0.44,NA
"marineMammals","8448969ffffffff",185,3,0.142440341903395,0.947056245434624,2.08233322417201
"marineMammals","844896bffffffff",17,5,1.31301059204033,0.342560553633218,NA
"marineMammals","844896dffffffff",279,4,0.0712453340151527,0.978648784059814,1.53763440860303
"marineMammals","8448b21ffffffff",2,2,0.693147180559945,0.5,NA
"marineMammals","8448b23ffffffff",4,1,0,1,NA
"marineMammals","8448b25ffffffff",8,1,0,1,NA
"marineMammals","8448b27ffffffff",7,3,0.955699891112534,0.428571428571429,NA
"marineMammals","8448b29ffffffff",1,1,0,1,NA
"marineMammals","8448b2dffffffff",3,1,0,1,NA
"marineMammals","8448b35ffffffff",1,1,0,1,NA
"marineMammals","8448b65ffffffff",2,1,0,1,NA
"marineMammals","8448b67ffffffff",1,1,0,1,NA
"marineMammals","8449923ffffffff",4,2,0.562335144618808,0.625,NA
"marineMammals","8449929ffffffff",3,1,0,1,NA
"marineMammals","844992bffffffff",10,1,0,1,NA
"marineMammals","8449931ffffffff",24,1,0,1,NA
"marineMammals","8449935ffffffff",5,2,0.673011667009257,0.52,NA
"marineMammals","8449937ffffffff",5,1,0,1,NA
"marineMammals","844993dffffffff",35,2,0.129740694719428,0.944489795918367,NA
"marineMammals","8449967ffffffff",1,1,0,1,NA
"marineMammals","844c029ffffffff",1,1,0,1,NA
"marineMammals","844c053ffffffff",1,1,0,1,NA
"marineMammals","844c1b7ffffffff",1,1,0,1,NA
"marineMammals","844c207ffffffff",1,1,0,1,NA
"marineMammals","844c215ffffffff",1,1,0,1,NA
"marineMammals","844c223ffffffff",1,1,0,1,NA
"marineMammals","844c2a1ffffffff",1,1,0,1,NA
"marineMammals","844c2b3ffffffff",1,1,0,1,NA
"marineMammals","844c2edffffffff",1,1,0,1,NA
"marineMammals","844c803ffffffff",1,1,0,1,NA
"marineMammals","844c80dffffffff",1,1,0,1,NA
"marineMammals","844c819ffffffff",3,1,0,1,NA
"marineMammals","844c81dffffffff",1,1,0,1,NA
"marineMammals","844c825ffffffff",1,1,0,1,NA
"marineMammals","844c837ffffffff",2,2,0.693147180559945,0.5,NA
"marineMammals","844c83bffffffff",1,1,0,1,NA
"marineMammals","844c843ffffffff",1,1,0,1,NA
"marineMammals","844c857ffffffff",2,2,0.693147180559945,0.5,NA
"marineMammals","844c863ffffffff",2,2,0.693147180559945,0.5,NA
"marineMammals","844c8a7ffffffff",1,1,0,1,NA
"marineMammals","844c8a9ffffffff",1,1,0,1,NA
"marineMammals","844c8d3ffffffff",1,1,0,1,NA
"marineMammals","844c923ffffffff",2,1,0,1,NA
"marineMammals","844c933ffffffff",1,1,0,1,NA
"marineMammals","844c937ffffffff",2,2,0.693147180559945,0.5,NA
"marineMammals","844c943ffffffff",1,1,0,1,NA
"marineMammals","844c945ffffffff",6,6,1.79175946922805,0.166666666666667,NA
"marineMammals","844c949ffffffff",3,1,0,1,NA
"marineMammals","844c94dffffffff",1,1,0,1,NA
"marineMammals","844c95dffffffff",1,1,0,1,NA
"marineMammals","844c969ffffffff",1,1,0,1,NA
"marineMammals","844c96dffffffff",1,1,0,1,NA
"marineMammals","844c985ffffffff",18,1,0,1,NA
"marineMammals","844c989ffffffff",3,3,1.09861228866811,0.333333333333333,NA
"marineMammals","844c991ffffffff",1,1,0,1,NA
"marineMammals","844c9a1ffffffff",3,2,0.636514168294813,0.555555555555556,NA
"marineMammals","844c9a5ffffffff",3,3,1.09861228866811,0.333333333333333,NA
"marineMammals","844c9abffffffff",179,5,0.164693535313113,0.945132798601791,2.31975393886137
"marineMammals","844c9adffffffff",6,4,1.32966134885476,0.277777777777778,NA
"marineMammals","844c9c7ffffffff",1,1,0,1,NA
"marineMammals","844c9e5ffffffff",4,3,1.03972077083992,0.375,NA
"marineMammals","844caa5ffffffff",1,1,0,1,NA
"marineMammals","844caadffffffff",1,1,0,1,NA
"marineMammals","844cab3ffffffff",2,1,0,1,NA
"marineMammals","844cab5ffffffff",19,1,0,1,NA
"marineMammals","844cabdffffffff",26,2,0.163023629494366,0.92603550295858,NA
"marineMammals","844cb27ffffffff",1,1,0,1,NA
"marineMammals","844cb29ffffffff",1,1,0,1,NA
"marineMammals","844cb35ffffffff",2,1,0,1,NA
"marineMammals","844cb3bffffffff",1,1,0,1,NA
"marineMammals","844cb3dffffffff",4,4,1.38629436111989,0.25,NA
"marineMammals","844cc01ffffffff",1,1,0,1,NA
"marineMammals","844cc09ffffffff",71,3,0.248451111334287,0.892481650466177,2.68095529699939
"marineMammals","844cc0bffffffff",4,3,1.03972077083992,0.375,NA
"marineMammals","844cc0dffffffff",1,1,0,1,NA
"marineMammals","844cc19ffffffff",2,2,0.693147180559945,0.5,NA
"marineMammals","844cc1dffffffff",2,2,0.693147180559945,0.5,NA
"marineMammals","844cc29ffffffff",1,1,0,1,NA
"marineMammals","844cc41ffffffff",1,1,0,1,NA
"marineMammals","844cc43ffffffff",16,3,0.46341355882643,0.7734375,NA
"marineMammals","844cc45ffffffff",1,1,0,1,NA
"marineMammals","844cc49ffffffff",1,1,0,1,NA
"marineMammals","844cc4bffffffff",1,1,0,1,NA
"marineMammals","844cc53ffffffff",3,3,1.09861228866811,0.333333333333333,NA
"marineMammals","844cc55ffffffff",9,2,0.348832095843032,0.802469135802469,NA
"marineMammals","844cc57ffffffff",5,4,1.33217904021012,0.28,NA
"marineMammals","844cc61ffffffff",1,1,0,1,NA
"marineMammals","844cc63ffffffff",1,1,0,1,NA
"marineMammals","844cc67ffffffff",2,1,0,1,NA
"marineMammals","844cc6dffffffff",1,1,0,1,NA
"marineMammals","844cd0bffffffff",1,1,0,1,NA
"marineMammals","844cd15ffffffff",2,1,0,1,NA
"marineMammals","844cd19ffffffff",1,1,0,1,NA
"marineMammals","844cd1bffffffff",1,1,0,1,NA
"marineMammals","844cd27ffffffff",1,1,0,1,NA
"marineMammals","844cd29ffffffff",1,1,0,1,NA
"marineMammals","844cd31ffffffff",1,1,0,1,NA
"marineMammals","844cd53ffffffff",2,1,0,1,NA
"marineMammals","844cd57ffffffff",1,1,0,1,NA
"marineMammals","844cd83ffffffff",1,1,0,1,NA
"marineMammals","844cd85ffffffff",1,1,0,1,NA
"marineMammals","844cde5ffffffff",1,1,0,1,NA
"marineMammals","844ce0bffffffff",1,1,0,1,NA
"marineMammals","844ce1dffffffff",1,1,0,1,NA
"marineMammals","844ce25ffffffff",1,1,0,1,NA
"marineMammals","844ce27ffffffff",2,1,0,1,NA
"marineMammals","844ce2bffffffff",1,1,0,1,NA
"marineMammals","844ce33ffffffff",1,1,0,1,NA
"marineMammals","844ce35ffffffff",2,1,0,1,NA
"marineMammals","844ce37ffffffff",1,1,0,1,NA
"marineMammals","844ce3dffffffff",2,1,0,1,NA
"marineMammals","844ce61ffffffff",1,1,0,1,NA
"marineMammals","844ce6dffffffff",1,1,0,1,NA
"marineMammals","844ce81ffffffff",7,4,1.15374194270109,0.387755102040816,NA
"marineMammals","844ce83ffffffff",6,3,0.867563228481461,0.5,NA
"marineMammals","844ce85ffffffff",19,5,0.806504609875222,0.634349030470914,NA
"marineMammals","844ce87ffffffff",1,1,0,1,NA
"marineMammals","844ce89ffffffff",3,2,0.636514168294813,0.555555555555556,NA
"marineMammals","844ce8bffffffff",3,2,0.636514168294813,0.555555555555556,NA
"marineMammals","844ce93ffffffff",1,1,0,1,NA
"marineMammals","844ce95ffffffff",7,3,0.955699891112534,0.428571428571429,NA
"marineMammals","844ce97ffffffff",4,1,0,1,NA
"marineMammals","844ce9bffffffff",2,2,0.693147180559945,0.5,NA
"marineMammals","844ce9dffffffff",1,1,0,1,NA
"marineMammals","844cea5ffffffff",1,1,0,1,NA
"marineMammals","844cea7ffffffff",1,1,0,1,NA
"marineMammals","844cea9ffffffff",16,4,0.688567369302283,0.671875,NA
"marineMammals","844ceabffffffff",3,2,0.636514168294813,0.555555555555556,NA
"marineMammals","844ceadffffffff",3,2,0.636514168294813,0.555555555555556,NA
"marineMammals","844cebbffffffff",2,2,0.693147180559945,0.5,NA
"marineMammals","844cecbffffffff",2,2,0.693147180559945,0.5,NA
"marineMammals","844ced1ffffffff",18,1,0,1,NA
"marineMammals","844ced3ffffffff",10,4,1.19354960409813,0.34,NA
"marineMammals","844ced5ffffffff",17,2,0.223718076065834,0.889273356401384,NA
"marineMammals","844ced7ffffffff",17,2,0.465999256961043,0.709342560553633,NA
"marineMammals","844ceddffffffff",1,1,0,1,NA
"marineMammals","844cee1ffffffff",3,2,0.636514168294813,0.555555555555556,NA
"marineMammals","844cee3ffffffff",3,3,1.09861228866811,0.333333333333333,NA
"marineMammals","844cee5ffffffff",19,4,0.609627423596098,0.717451523545706,NA
"marineMammals","844cee7ffffffff",2,2,0.693147180559945,0.5,NA
"marineMammals","844cf01ffffffff",3,2,0.636514168294813,0.555555555555556,NA
"marineMammals","844cf05ffffffff",2,2,0.693147180559945,0.5,NA
"marineMammals","844cf09ffffffff",1,1,0,1,NA
"marineMammals","844cf0bffffffff",115,1,0,1,1
"marineMammals","844cf0dffffffff",3,2,0.636514168294813,0.555555555555556,NA
"marineMammals","844cf11ffffffff",2,2,0.693147180559945,0.5,NA
"marineMammals","844cf17ffffffff",1,1,0,1,NA
"marineMammals","844cf1bffffffff",1,1,0,1,NA
"marineMammals","844cf23ffffffff",2,2,0.693147180559945,0.5,NA
"marineMammals","844cf25ffffffff",1,1,0,1,NA
"marineMammals","844cf29ffffffff",2,1,0,1,NA
"marineMammals","844cf2bffffffff",3,2,0.636514168294813,0.555555555555556,NA
"marineMammals","844cf31ffffffff",657,1,0,1,1
"marineMammals","844cf39ffffffff",3,1,0,1,NA
"marineMammals","844cf3bffffffff",4,1,0,1,NA
"marineMammals","844cf3dffffffff",1,1,0,1,NA
"marineMammals","844cf43ffffffff",1,1,0,1,NA
"marineMammals","844cf45ffffffff",2,1,0,1,NA
"marineMammals","844cf47ffffffff",1,1,0,1,NA
"marineMammals","844cf4bffffffff",1,1,0,1,NA
"marineMammals","844cf4dffffffff",1,1,0,1,NA
"marineMammals","844cf51ffffffff",1,1,0,1,NA
"marineMammals","844cf55ffffffff",1,1,0,1,NA
"marineMammals","844cf57ffffffff",1,1,0,1,NA
"marineMammals","844cf59ffffffff",2,1,0,1,NA
"marineMammals","844cf5bffffffff",1,1,0,1,NA
"marineMammals","844cf61ffffffff",6,2,0.450561208866305,0.722222222222222,NA
"marineMammals","844cf63ffffffff",16,1,0,1,NA
"marineMammals","844cf65ffffffff",7,1,0,1,NA
"marineMammals","844cf67ffffffff",4,1,0,1,NA
"marineMammals","844cf69ffffffff",3362,3,0.00542533837773407,0.998810762835215,1.02974419988322
"marineMammals","844cf6bffffffff",747,1,0,1,1
"marineMammals","844cf6dffffffff",1,1,0,1,NA
"marineMammals","844d00bffffffff",1,1,0,1,NA
"marineMammals","844d01bffffffff",1,1,0,1,NA
"marineMammals","844d02dffffffff",1,1,0,1,NA
"marineMammals","844d041ffffffff",1,1,0,1,NA
"marineMammals","844d047ffffffff",1,1,0,1,NA
"marineMammals","844d057ffffffff",1,1,0,1,NA
"marineMammals","844d059ffffffff",1,1,0,1,NA
"marineMammals","844d065ffffffff",1,1,0,1,NA
"marineMammals","844d06dffffffff",1,1,0,1,NA
"marineMammals","844d0c7ffffffff",1,1,0,1,NA
"marineMammals","844d10dffffffff",1,1,0,1,NA
"marineMammals","844d11bffffffff",1,1,0,1,NA
"marineMammals","844d121ffffffff",2,1,0,1,NA
"marineMammals","844d125ffffffff",2,1,0,1,NA
"marineMammals","844d12bffffffff",1,1,0,1,NA
"marineMammals","844d14bffffffff",1,1,0,1,NA
"marineMammals","844d151ffffffff",1,1,0,1,NA
"marineMammals","844d199ffffffff",1,1,0,1,NA
"marineMammals","844d1a9ffffffff",2,2,0.693147180559945,0.5,NA
"marineMammals","844d1c3ffffffff",1,1,0,1,NA
"marineMammals","844d203ffffffff",1,1,0,1,NA
"marineMammals","844d20bffffffff",1,1,0,1,NA
"marineMammals","844d211ffffffff",1,1,0,1,NA
"marineMammals","844d217ffffffff",1,1,0,1,NA
"marineMammals","844d231ffffffff",1,1,0,1,NA
"marineMammals","844d269ffffffff",1,1,0,1,NA
"marineMammals","844d283ffffffff",1,1,0,1,NA
"marineMammals","844d289ffffffff",1,1,0,1,NA
"marineMammals","844d28dffffffff",1,1,0,1,NA
"marineMammals","844d297ffffffff",1,1,0,1,NA
"marineMammals","844d299ffffffff",1,1,0,1,NA
"marineMammals","844d2a7ffffffff",1,1,0,1,NA
"marineMammals","844d2a9ffffffff",1,1,0,1,NA
"marineMammals","844d2b3ffffffff",1,1,0,1,NA
"marineMammals","844d2bdffffffff",1,1,0,1,NA
"marineMammals","844d2c3ffffffff",1,1,0,1,NA
"marineMammals","844d321ffffffff",1,1,0,1,NA
"marineMammals","844d327ffffffff",1,1,0,1,NA
"marineMammals","844d32dffffffff",2,2,0.693147180559945,0.5,NA
"marineMammals","844d333ffffffff",1,1,0,1,NA
"marineMammals","844d335ffffffff",1,1,0,1,NA
"marineMammals","844d33bffffffff",1,1,0,1,NA
"marineMammals","844d351ffffffff",1,1,0,1,NA
"marineMammals","844d35dffffffff",1,1,0,1,NA
"marineMammals","844d40dffffffff",1,1,0,1,NA
"marineMammals","844d491ffffffff",1,1,0,1,NA
"marineMammals","844d493ffffffff",4,2,0.693147180559945,0.5,NA
"marineMammals","844d497ffffffff",10,4,1.19354960409813,0.34,NA
"marineMammals","844d499ffffffff",2,2,0.693147180559945,0.5,NA
"marineMammals","844d49bffffffff",2,1,0,1,NA
"marineMammals","844d4a1ffffffff",13,2,0.690185676018804,0.502958579881657,NA
"marineMammals","844d4a3ffffffff",6,2,0.693147180559945,0.5,NA
"marineMammals","844d4a7ffffffff",3,2,0.636514168294813,0.555555555555556,NA
"marineMammals","844d4b1ffffffff",1,1,0,1,NA
"marineMammals","844d4b3ffffffff",1,1,0,1,NA
"marineMammals","844d4b9ffffffff",3,1,0,1,NA
"marineMammals","844d4bbffffffff",11,5,1.2945451658449,0.355371900826446,NA
"marineMammals","844d56bffffffff",1,1,0,1,NA
"marineMammals","844d745ffffffff",1,1,0,1,NA
"marineMammals","844d761ffffffff",1,1,0,1,NA
"marineMammals","844d769ffffffff",1,1,0,1,NA
"marineMammals","844d76bffffffff",1,1,0,1,NA
"marineMammals","844d807ffffffff",1,1,0,1,NA
"marineMammals","844d809ffffffff",2,1,0,1,NA
"marineMammals","844d80dffffffff",2,1,0,1,NA
"marineMammals","844d81dffffffff",1,1,0,1,NA
"marineMammals","844d821ffffffff",1,1,0,1,NA
"marineMammals","844d825ffffffff",1,1,0,1,NA
"marineMammals","844d829ffffffff",1,1,0,1,NA
"marineMammals","844d82dffffffff",2,1,0,1,NA
"marineMammals","844d837ffffffff",1,1,0,1,NA
"marineMammals","844d839ffffffff",1,1,0,1,NA
"marineMammals","844d83dffffffff",1,1,0,1,NA
"marineMammals","844d841ffffffff",2,1,0,1,NA
"marineMammals","844d843ffffffff",2,2,0.693147180559945,0.5,NA
"marineMammals","844d845ffffffff",1,1,0,1,NA
"marineMammals","844d847ffffffff",2,1,0,1,NA
"marineMammals","844d84dffffffff",2,1,0,1,NA
"marineMammals","844d851ffffffff",1,1,0,1,NA
"marineMammals","844d855ffffffff",1,1,0,1,NA
"marineMammals","844d861ffffffff",2,1,0,1,NA
"marineMammals","844d863ffffffff",1,1,0,1,NA
"marineMammals","844d865ffffffff",1,1,0,1,NA
"marineMammals","844d869ffffffff",3,1,0,1,NA
"marineMammals","844d86bffffffff",2,1,0,1,NA
"marineMammals","844d86dffffffff",1,1,0,1,NA
"marineMammals","844d8c7ffffffff",1,1,0,1,NA
"marineMammals","844d8ebffffffff",1,1,0,1,NA
"marineMammals","844d901ffffffff",1,1,0,1,NA
"marineMammals","844d903ffffffff",2,1,0,1,NA
"marineMammals","844d905ffffffff",1,1,0,1,NA
"marineMammals","844d907ffffffff",1,1,0,1,NA
"marineMammals","844d909ffffffff",2,1,0,1,NA
"marineMammals","844d90bffffffff",2,1,0,1,NA
"marineMammals","844d90dffffffff",2,1,0,1,NA
"marineMammals","844d911ffffffff",1,1,0,1,NA
"marineMammals","844d915ffffffff",1,1,0,1,NA
"marineMammals","844d919ffffffff",1,1,0,1,NA
"marineMammals","844d91bffffffff",2,1,0,1,NA
"marineMammals","844d91dffffffff",1,1,0,1,NA
"marineMammals","844d921ffffffff",1,1,0,1,NA
"marineMammals","844d927ffffffff",1,1,0,1,NA
"marineMammals","844d92bffffffff",1,1,0,1,NA
"marineMammals","844d92dffffffff",2,1,0,1,NA
"marineMammals","844d931ffffffff",1,1,0,1,NA
"marineMammals","844d935ffffffff",2,2,0.693147180559945,0.5,NA
"marineMammals","844d93bffffffff",2,1,0,1,NA
"marineMammals","844d93dffffffff",2,1,0,1,NA
"marineMammals","844d941ffffffff",3,1,0,1,NA
"marineMammals","844d943ffffffff",1,1,0,1,NA
"marineMammals","844d945ffffffff",1,1,0,1,NA
"marineMammals","844d949ffffffff",1,1,0,1,NA
"marineMammals","844d94bffffffff",1,1,0,1,NA
"marineMammals","844d94dffffffff",2,1,0,1,NA
"marineMammals","844d953ffffffff",1,1,0,1,NA
"marineMammals","844d955ffffffff",2,1,0,1,NA
"marineMammals","844d957ffffffff",1,1,0,1,NA
"marineMammals","844d959ffffffff",1,1,0,1,NA
"marineMammals","844d95bffffffff",1,1,0,1,NA
"marineMammals","844d95dffffffff",2,1,0,1,NA
"marineMammals","844d961ffffffff",2,1,0,1,NA
"marineMammals","844d963ffffffff",2,1,0,1,NA
"marineMammals","844d965ffffffff",2,1,0,1,NA
"marineMammals","844d967ffffffff",1,1,0,1,NA
"marineMammals","844d969ffffffff",1,1,0,1,NA
"marineMammals","844d96bffffffff",3,1,0,1,NA
"marineMammals","844d96dffffffff",2,1,0,1,NA
"marineMammals","844d981ffffffff",1,1,0,1,NA
"marineMammals","844d9c9ffffffff",1,1,0,1,NA
"marineMammals","844d9cdffffffff",1,1,0,1,NA
"marineMammals","844d9e3ffffffff",1,1,0,1,NA
"marineMammals","844da01ffffffff",2,1,0,1,NA
"marineMammals","844da09ffffffff",1,1,0,1,NA
"marineMammals","844da17ffffffff",1,1,0,1,NA
"marineMammals","844da19ffffffff",2,1,0,1,NA
"marineMammals","844da21ffffffff",1,1,0,1,NA
"marineMammals","844da23ffffffff",1,1,0,1,NA
"marineMammals","844da25ffffffff",3,1,0,1,NA
"marineMammals","844da27ffffffff",1,1,0,1,NA
"marineMammals","844da29ffffffff",1,1,0,1,NA
"marineMammals","844da2bffffffff",2,1,0,1,NA
"marineMammals","844da2dffffffff",4,2,0.562335144618808,0.625,NA
"marineMammals","844da37ffffffff",1,1,0,1,NA
"marineMammals","844da39ffffffff",1,1,0,1,NA
"marineMammals","844da3bffffffff",1,1,0,1,NA
"marineMammals","844da3dffffffff",1,1,0,1,NA
"marineMammals","844da43ffffffff",1,1,0,1,NA
"marineMammals","844da45ffffffff",1,1,0,1,NA
"marineMammals","844da53ffffffff",1,1,0,1,NA
"marineMammals","844da5bffffffff",1,1,0,1,NA
"marineMammals","844da61ffffffff",2,1,0,1,NA
"marineMammals","844da63ffffffff",3,1,0,1,NA
"marineMammals","844da69ffffffff",1,1,0,1,NA
"marineMammals","844da6bffffffff",2,1,0,1,NA
"marineMammals","844dae9ffffffff",2,1,0,1,NA
"marineMammals","844db01ffffffff",3,1,0,1,NA
"marineMammals","844db03ffffffff",1,1,0,1,NA
"marineMammals","844db07ffffffff",2,1,0,1,NA
"marineMammals","844db09ffffffff",1,1,0,1,NA
"marineMammals","844db0bffffffff",2,1,0,1,NA
"marineMammals","844db11ffffffff",1,1,0,1,NA
"marineMammals","844db13ffffffff",1,1,0,1,NA
"marineMammals","844db17ffffffff",2,1,0,1,NA
"marineMammals","844db19ffffffff",1,1,0,1,NA
"marineMammals","844db1dffffffff",2,1,0,1,NA
"marineMammals","844db23ffffffff",3,1,0,1,NA
"marineMammals","844db25ffffffff",1,1,0,1,NA
"marineMammals","844db27ffffffff",1,1,0,1,NA
"marineMammals","844db29ffffffff",2,1,0,1,NA
"marineMammals","844db2dffffffff",1,1,0,1,NA
"marineMammals","844db33ffffffff",1,1,0,1,NA
"marineMammals","844db35ffffffff",3,1,0,1,NA
"marineMammals","844db39ffffffff",1,1,0,1,NA
"marineMammals","844db3bffffffff",1,1,0,1,NA
"marineMammals","844db3dffffffff",3,1,0,1,NA
"marineMammals","844db51ffffffff",2,1,0,1,NA
"marineMammals","844db53ffffffff",2,1,0,1,NA
"marineMammals","844db55ffffffff",1,1,0,1,NA
"marineMammals","844db57ffffffff",1,1,0,1,NA
"marineMammals","844db59ffffffff",3,2,0.636514168294813,0.555555555555556,NA
"marineMammals","844db5bffffffff",1,1,0,1,NA
"marineMammals","845e401ffffffff",3,2,0.636514168294813,0.555555555555556,NA
"marineMammals","845e405ffffffff",20,5,1.43056229033624,0.265,NA
"marineMammals","845e407ffffffff",40,9,1.20462565728519,0.50375,NA
"marineMammals","845e409ffffffff",6,3,0.867563228481461,0.5,NA
"marineMammals","845e40dffffffff",4,3,1.03972077083992,0.375,NA
"marineMammals","845e415ffffffff",2,1,0,1,NA
"marineMammals","845e423ffffffff",12,2,0.450561208866305,0.722222222222222,NA
"marineMammals","845e427ffffffff",1,1,0,1,NA
"marineMammals","845e429ffffffff",10,5,1.35923670066501,0.32,NA
"marineMammals","845e42bffffffff",45,6,0.733638178771197,0.683950617283951,NA
"marineMammals","845e431ffffffff",6,3,1.01140426470735,0.388888888888889,NA
"marineMammals","845e433ffffffff",127,13,1.46833378399063,0.415462830925662,9.52661511534701
"marineMammals","845e435ffffffff",10,5,1.41848366194566,0.28,NA
"marineMammals","845e437ffffffff",28,13,2.41577605610033,0.104591836734694,NA
"marineMammals","845e439ffffffff",1,1,0,1,NA
"marineMammals","845e43dffffffff",79,8,1.3000622289133,0.406505367729531,6.88648580046704
"marineMammals","845e441ffffffff",1,1,0,1,NA
"marineMammals","845e445ffffffff",1,1,0,1,NA
"marineMammals","845e447ffffffff",2,1,0,1,NA
"marineMammals","845e44bffffffff",1,1,0,1,NA
"marineMammals","845e44dffffffff",2,1,0,1,NA
"marineMammals","845e451ffffffff",1,1,0,1,NA
"marineMammals","845e455ffffffff",1,1,0,1,NA
"marineMammals","845e459ffffffff",1,1,0,1,NA
"marineMammals","845e45dffffffff",1,1,0,1,NA
"marineMammals","845e461ffffffff",27,11,2.22339858525986,0.12482853223594,NA
"marineMammals","845e463ffffffff",81,13,2.04563678221412,0.176040237768633,11.5866445936104
"marineMammals","845e467ffffffff",10,7,1.83437197028162,0.18,NA
"marineMammals","845e469ffffffff",16,7,1.71707598019888,0.2109375,NA
"marineMammals","845e46bffffffff",6,5,1.56071040904141,0.222222222222222,NA
"marineMammals","845e46dffffffff",2,2,0.693147180559945,0.5,NA
"marineMammals","845e483ffffffff",1,1,0,1,NA
"marineMammals","845e48bffffffff",1,1,0,1,NA
"marineMammals","845e491ffffffff",1,1,0,1,NA
"marineMammals","845e497ffffffff",1,1,0,1,NA
"marineMammals","845e4a1ffffffff",2,2,0.693147180559945,0.5,NA
"marineMammals","845e4a3ffffffff",2,1,0,1,NA
"marineMammals","845e4a7ffffffff",2,2,0.693147180559945,0.5,NA
"marineMammals","845e4b1ffffffff",1,1,0,1,NA
"marineMammals","845e4b3ffffffff",2,2,0.693147180559945,0.5,NA
"marineMammals","845e4b5ffffffff",1,1,0,1,NA
"marineMammals","845e4b7ffffffff",2,1,0,1,NA
"marineMammals","845e4b9ffffffff",3,1,0,1,NA
"marineMammals","845e4bbffffffff",9,2,0.529706199057654,0.654320987654321,NA
"marineMammals","845e4bdffffffff",7,1,0,1,NA
"marineMammals","845e4cbffffffff",1,1,0,1,NA
"marineMammals","845e4e5ffffffff",4,3,1.03972077083992,0.375,NA
"marineMammals","845e4e9ffffffff",2,2,0.693147180559945,0.5,NA
"marineMammals","845e513ffffffff",1,1,0,1,NA
"marineMammals","845e51bffffffff",3,2,0.636514168294813,0.555555555555556,NA
"marineMammals","845e551ffffffff",2,1,0,1,NA
"marineMammals","845e553ffffffff",1,1,0,1,NA
"marineMammals","845e55bffffffff",1,1,0,1,NA
"marineMammals","845e587ffffffff",1,1,0,1,NA
"marineMammals","845e58dffffffff",1,1,0,1,NA
"marineMammals","845e591ffffffff",1,1,0,1,NA
"marineMammals","845e59bffffffff",1,1,0,1,NA
"marineMammals","845e5c1ffffffff",7,3,1.00424247305408,0.387755102040816,NA
"marineMammals","845e5c3ffffffff",2,2,0.693147180559945,0.5,NA
"marineMammals","845e5c5ffffffff",5,3,0.950270539233235,0.44,NA
"marineMammals","845e5c7ffffffff",5,2,0.673011667009257,0.52,NA
"marineMammals","845e5c9ffffffff",2,1,0,1,NA
"marineMammals","845e5cbffffffff",28,8,1.87116041423181,0.178571428571429,NA
"marineMammals","845e5cdffffffff",4,3,1.03972077083992,0.375,NA
"marineMammals","845e5d1ffffffff",3,3,1.09861228866811,0.333333333333333,NA
"marineMammals","845e5d3ffffffff",1,1,0,1,NA
"marineMammals","845e5d5ffffffff",2,2,0.693147180559945,0.5,NA
"marineMammals","845e5d7ffffffff",1,1,0,1,NA
"marineMammals","845e5d9ffffffff",49,9,1.47123781676613,0.331945022907122,NA
"marineMammals","845e5dbffffffff",5,3,0.950270539233235,0.44,NA
"marineMammals","845e5ddffffffff",5,4,1.33217904021012,0.28,NA
"marineMammals","845e5ebffffffff",1,1,0,1,NA
"marineMammals","845e61dffffffff",1,1,0,1,NA
"marineMammals","845e621ffffffff",1,1,0,1,NA
"marineMammals","845e625ffffffff",3,2,0.636514168294813,0.555555555555556,NA
"marineMammals","845e627ffffffff",1,1,0,1,NA
"marineMammals","845e62bffffffff",1,1,0,1,NA
"marineMammals","845e62dffffffff",7,6,1.74786809746676,0.183673469387755,NA
"marineMammals","845e633ffffffff",1,1,0,1,NA
"marineMammals","845e635ffffffff",1,1,0,1,NA
"marineMammals","845e63dffffffff",1,1,0,1,NA
"marineMammals","845e651ffffffff",1,1,0,1,NA
"marineMammals","845e653ffffffff",1,1,0,1,NA
"marineMammals","845e659ffffffff",1,1,0,1,NA
"marineMammals","845e65bffffffff",1,1,0,1,NA
"marineMammals","845e65dffffffff",1,1,0,1,NA
"marineMammals","845e661ffffffff",3,1,0,1,NA
"marineMammals","845e663ffffffff",1,1,0,1,NA
"marineMammals","845e665ffffffff",1,1,0,1,NA
"marineMammals","845e667ffffffff",37,11,1.95340326672648,0.211102994886779,NA
"marineMammals","845e66bffffffff",1,1,0,1,NA
"marineMammals","845e6b5ffffffff",1,1,0,1,NA
"marineMammals","845e703ffffffff",2,2,0.693147180559945,0.5,NA
"marineMammals","845e709ffffffff",3,2,0.636514168294813,0.555555555555556,NA
"marineMammals","845e711ffffffff",1,1,0,1,NA
"marineMammals","845e713ffffffff",6,3,0.867563228481461,0.5,NA
"marineMammals","845e719ffffffff",16,1,0,1,NA
"marineMammals","845e71bffffffff",18,2,0.214559155176405,0.895061728395062,NA
"marineMammals","845e71dffffffff",1,1,0,1,NA
"marineMammals","845e733ffffffff",1,1,0,1,NA
"marineMammals","845e751ffffffff",1,1,0,1,NA
"marineMammals","845e753ffffffff",3,2,0.636514168294813,0.555555555555556,NA
"marineMammals","845e757ffffffff",2,2,0.693147180559945,0.5,NA
"marineMammals","845e75bffffffff",1,1,0,1,NA
"marineMammals","845f493ffffffff",11,4,1.2406842919534,0.322314049586777,NA
"marineMammals","845f497ffffffff",39,4,0.83923059640496,0.535831689677844,NA
"marineMammals","845f4b1ffffffff",3,1,0,1,NA
"marineMammals","845f4b3ffffffff",28,3,0.306829153440971,0.864795918367347,NA
"marineMammals","845f4b7ffffffff",2,2,0.693147180559945,0.5,NA
"marineMammals","845f4bbffffffff",6,4,1.242453324894,0.333333333333333,NA
"marineMammals","845f583ffffffff",1,1,0,1,NA
"marineMammals","845f585ffffffff",13,3,0.925129083572082,0.455621301775148,NA
"marineMammals","845f591ffffffff",2,2,0.693147180559945,0.5,NA
"marineMammals","845f593ffffffff",1,1,0,1,NA
"marineMammals","845f595ffffffff",7,2,0.410116318288409,0.755102040816326,NA
"marineMammals","845f597ffffffff",1,1,0,1,NA
"marineMammals","845f59dffffffff",1,1,0,1,NA
"marineMammals","845f5a3ffffffff",2,2,0.693147180559945,0.5,NA
"marineMammals","845f5abffffffff",13,5,1.52470739303014,0.230769230769231,NA
"marineMammals","845f5b5ffffffff",9,3,0.936888307539016,0.432098765432099,NA
"marineMammals","845f5bdffffffff",5,3,0.950270539233235,0.44,NA
"marineMammals","845f5e7ffffffff",1,1,0,1,NA
"marineMammals","845f5ebffffffff",1,1,0,1,NA
"marineMammals","8466111ffffffff",41,4,0.865993097337994,0.508625817965497,NA
"marineMammals","8466121ffffffff",7,3,1.00424247305408,0.387755102040816,NA
"marineMammals","8466123ffffffff",11,3,0.859967281035505,0.487603305785124,NA
"marineMammals","8466125ffffffff",12,3,1.03972077083992,0.375,NA
"marineMammals","8466127ffffffff",8,3,0.974314752869349,0.40625,NA
"marineMammals","846612dffffffff",72,4,0.272321420223067,0.893132716049383,3.29851330203441
"marineMammals","846613dffffffff",1,1,0,1,NA
"marineMammals","8466141ffffffff",1,1,0,1,NA
"marineMammals","8466145ffffffff",1,1,0,1,NA
"marineMammals","846614bffffffff",1,1,0,1,NA
"marineMammals","8466151ffffffff",2,1,0,1,NA
"marineMammals","8466155ffffffff",2,2,0.693147180559945,0.5,NA
"marineMammals","8466157ffffffff",3,2,0.636514168294813,0.555555555555556,NA
"marineMammals","8466159ffffffff",1,1,0,1,NA
"marineMammals","846615dffffffff",1,1,0,1,NA
"marineMammals","8466169ffffffff",1,1,0,1,NA
"marineMammals","8466205ffffffff",4,4,1.38629436111989,0.25,NA
"marineMammals","8466209ffffffff",1,1,0,1,NA
"marineMammals","846620bffffffff",6,2,0.693147180559945,0.5,NA
"marineMammals","8466221ffffffff",157,1,0,1,1
"marineMammals","8466259ffffffff",1,1,0,1,NA
"marineMammals","846625dffffffff",3,1,0,1,NA
"marineMammals","846626bffffffff",1,1,0,1,NA
"marineMammals","8466311ffffffff",1,1,0,1,NA
"marineMammals","8466317ffffffff",1,1,0,1,NA
"marineMammals","8466329ffffffff",1,1,0,1,NA
"marineMammals","846632bffffffff",1,1,0,1,NA
"marineMammals","8466337ffffffff",5,5,1.6094379124341,0.2,NA
"marineMammals","846635dffffffff",1,1,0,1,NA
"marineMammals","8466a11ffffffff",6,2,0.636514168294813,0.555555555555556,NA
"marineMammals","8466a19ffffffff",18,3,0.958000280088773,0.41358024691358,NA
"marineMammals","8466a1bffffffff",7,2,0.410116318288409,0.755102040816326,NA
"marineMammals","8466a1dffffffff",1,1,0,1,NA
"marineMammals","8466a25ffffffff",10,1,0,1,NA
"marineMammals","8466a27ffffffff",28,1,0,1,NA
"marineMammals","8466a53ffffffff",11,4,1.03356205420682,0.454545454545455,NA
"marineMammals","8466b01ffffffff",139,10,0.931826507571818,0.597950416645101,6.16112179068988
"marineMammals","8466b03ffffffff",5,3,1.05492016798614,0.36,NA
"marineMammals","8466b05ffffffff",4,3,1.03972077083992,0.375,NA
"marineMammals","8466b07ffffffff",2,1,0,1,NA
"marineMammals","8466b09ffffffff",55,2,0.344610432090852,0.805619834710744,2
"marineMammals","8466b0bffffffff",135,3,1.03728337574775,0.372949245541838,2.99999890987468
"marineMammals","8466b0dffffffff",240,10,0.516925037009352,0.805208333333333,4.45897851639502
"marineMammals","8466b19ffffffff",1,1,0,1,NA
"marineMammals","8466b1bffffffff",7,1,0,1,NA
"marineMammals","8466b1dffffffff",3,1,0,1,NA
"marineMammals","8466b21ffffffff",2,2,0.693147180559945,0.5,NA
"marineMammals","8466b25ffffffff",1,1,0,1,NA
"marineMammals","8466b29ffffffff",7,4,1.15374194270109,0.387755102040816,NA
"marineMammals","8466b2bffffffff",7,1,0,1,NA
"marineMammals","8466b2dffffffff",1,1,0,1,NA
"marineMammals","8466b45ffffffff",5,1,0,1,NA
"marineMammals","8466b47ffffffff",84,1,0,1,1
"marineMammals","8466b55ffffffff",26,1,0,1,NA
"marineMammals","8466b57ffffffff",2,1,0,1,NA
"marineMammals","8466b5dffffffff",3,1,0,1,NA
"marineMammals","8466b61ffffffff",5,4,1.33217904021012,0.28,NA
"marineMammals","8466b63ffffffff",12,6,1.63263092715435,0.222222222222222,NA
"marineMammals","8466b65ffffffff",11,4,1.16222554492109,0.355371900826446,NA
"marineMammals","8466b67ffffffff",3,2,0.636514168294813,0.555555555555556,NA
"marineMammals","8466b69ffffffff",9,4,1.21488965394912,0.333333333333333,NA
"marineMammals","8466b6bffffffff",12,4,1.12692879480068,0.375,NA
"marineMammals","8466b6dffffffff",8,4,1.32088834314932,0.28125,NA
"marineMammals","84670b3ffffffff",4,1,0,1,NA
"marineMammals","84670b7ffffffff",1,1,0,1,NA
"marineMammals","846720bffffffff",1,1,0,1,NA
"marineMammals","8467211ffffffff",1,1,0,1,NA
"marineMammals","8467217ffffffff",1,1,0,1,NA
"marineMammals","8467219ffffffff",1,1,0,1,NA
"marineMammals","846721bffffffff",1,1,0,1,NA
"marineMammals","846721dffffffff",1,1,0,1,NA
"marineMammals","8467225ffffffff",4,2,0.562335144618808,0.625,NA
"marineMammals","8467229ffffffff",2,1,0,1,NA
"marineMammals","846722bffffffff",1,1,0,1,NA
"marineMammals","846722dffffffff",1,1,0,1,NA
"marineMammals","8467233ffffffff",1,1,0,1,NA
"marineMammals","8467239ffffffff",1,1,0,1,NA
"marineMammals","8467257ffffffff",1,1,0,1,NA
"marineMammals","8467263ffffffff",1,1,0,1,NA
"marineMammals","8467281ffffffff",1,1,0,1,NA
"marineMammals","84672d5ffffffff",1,1,0,1,NA
"marineMammals","84672ddffffffff",1,1,0,1,NA
"marineMammals","84672e1ffffffff",1,1,0,1,NA
"marineMammals","8467315ffffffff",1,1,0,1,NA
"marineMammals","8467319ffffffff",2,2,0.693147180559945,0.5,NA
"marineMammals","8467351ffffffff",2,2,0.693147180559945,0.5,NA
"marineMammals","8467353ffffffff",1,1,0,1,NA
"marineMammals","846735bffffffff",1,1,0,1,NA
"marineMammals","846735dffffffff",1,1,0,1,NA
"marineMammals","8467411ffffffff",6,1,0,1,NA
"marineMammals","8467413ffffffff",11,1,0,1,NA
"marineMammals","8467415ffffffff",1,1,0,1,NA
"marineMammals","8467417ffffffff",4,1,0,1,NA
"marineMammals","8467419ffffffff",1,1,0,1,NA
"marineMammals","846741bffffffff",2,1,0,1,NA
"marineMammals","846743bffffffff",89,4,0.961409201530927,0.446282035096579,3.56167272957812
"marineMammals","846743dffffffff",2,1,0,1,NA
"marineMammals","8467447ffffffff",2,1,0,1,NA
"marineMammals","8467461ffffffff",3,3,1.09861228866811,0.333333333333333,NA
"marineMammals","8467463ffffffff",1,1,0,1,NA
"marineMammals","846746bffffffff",2,1,0,1,NA
"marineMammals","846750dffffffff",1,1,0,1,NA
"marineMammals","8467521ffffffff",2,2,0.693147180559945,0.5,NA
"marineMammals","8467563ffffffff",1,1,0,1,NA
"marineMammals","8467565ffffffff",3,1,0,1,NA
"marineMammals","846756bffffffff",1,1,0,1,NA
"marineMammals","8467693ffffffff",15,3,0.485094091302212,0.76,NA
"marineMammals","8467695ffffffff",1,1,0,1,NA
"marineMammals","8467697ffffffff",1,1,0,1,NA
"marineMammals","846769bffffffff",1,1,0,1,NA
"marineMammals","84676a1ffffffff",1,1,0,1,NA
"marineMammals","84676a5ffffffff",2,1,0,1,NA
"marineMammals","84676b1ffffffff",1,1,0,1,NA
"marineMammals","84676b5ffffffff",2,1,0,1,NA
"marineMammals","84676bbffffffff",2,1,0,1,NA
"marineMammals","84676c7ffffffff",1,1,0,1,NA
"marineMammals","84676d1ffffffff",1,1,0,1,NA
"marineMammals","84676d7ffffffff",2,1,0,1,NA
"marineMammals","84676e3ffffffff",3,2,0.636514168294813,0.555555555555556,NA
"marineMammals","84676e5ffffffff",2,2,0.693147180559945,0.5,NA
"marineMammals","84676e7ffffffff",2,1,0,1,NA
"marineMammals","8467735ffffffff",1,1,0,1,NA
"marineMammals","8467737ffffffff",8,1,0,1,NA
"marineMammals","8467811ffffffff",1,1,0,1,NA
"marineMammals","8467817ffffffff",1,1,0,1,NA
"marineMammals","8467837ffffffff",1,1,0,1,NA
"marineMammals","846783bffffffff",1,1,0,1,NA
"marineMammals","8467881ffffffff",1,1,0,1,NA
"marineMammals","8467897ffffffff",1,1,0,1,NA
"marineMammals","84678b7ffffffff",1,1,0,1,NA
"marineMammals","84678c7ffffffff",1,1,0,1,NA
"marineMammals","84678d5ffffffff",1,1,0,1,NA
"marineMammals","84678d7ffffffff",1,1,0,1,NA
"marineMammals","84678edffffffff",1,1,0,1,NA
"marineMammals","8467989ffffffff",1,1,0,1,NA
"marineMammals","846798dffffffff",1,1,0,1,NA
"marineMammals","8467995ffffffff",1,1,0,1,NA
"marineMammals","846799dffffffff",1,1,0,1,NA
"marineMammals","84679b7ffffffff",2,1,0,1,NA
"marineMammals","84679c7ffffffff",1,1,0,1,NA
"marineMammals","84679cbffffffff",1,1,0,1,NA
"marineMammals","84679d9ffffffff",1,1,0,1,NA
"marineMammals","84679ddffffffff",1,1,0,1,NA
"marineMammals","84679e3ffffffff",5,2,0.500402423538188,0.68,NA
"marineMammals","84679e7ffffffff",2,1,0,1,NA
"marineMammals","8467a01ffffffff",1,1,0,1,NA
"marineMammals","8467a6dffffffff",1,1,0,1,NA
"marineMammals","846c041ffffffff",3,3,1.09861228866811,0.333333333333333,NA
"marineMammals","846c043ffffffff",3,3,1.09861228866811,0.333333333333333,NA
"marineMammals","846c045ffffffff",4,2,0.562335144618808,0.625,NA
"marineMammals","846c047ffffffff",4,2,0.562335144618808,0.625,NA
"marineMammals","846c049ffffffff",1,1,0,1,NA
"marineMammals","846c04bffffffff",1,1,0,1,NA
"marineMammals","846c04dffffffff",2,1,0,1,NA
"marineMammals","846c055ffffffff",1,1,0,1,NA
"marineMammals","846c059ffffffff",3,3,1.09861228866811,0.333333333333333,NA
"marineMammals","846c05bffffffff",1,1,0,1,NA
"marineMammals","846c05dffffffff",8,6,1.73286795139986,0.1875,NA
"marineMammals","846c061ffffffff",1,1,0,1,NA
"marineMammals","846c069ffffffff",2,2,0.693147180559945,0.5,NA
"marineMammals","846c06bffffffff",8,6,1.73286795139986,0.1875,NA
"marineMammals","846c06dffffffff",4,4,1.38629436111989,0.25,NA
"marineMammals","846c159ffffffff",5,4,1.33217904021012,0.28,NA
"marineMammals","846c201ffffffff",4,1,0,1,NA
"marineMammals","846c205ffffffff",2,1,0,1,NA
"marineMammals","846c207ffffffff",1,1,0,1,NA
"marineMammals","846c20dffffffff",14,7,1.80951425584928,0.183673469387755,NA
"marineMammals","846c211ffffffff",3,3,1.09861228866811,0.333333333333333,NA
"marineMammals","846c213ffffffff",8,3,1.08219553003877,0.34375,NA
"marineMammals","846c215ffffffff",3,2,0.636514168294813,0.555555555555556,NA
"marineMammals","846c217ffffffff",9,4,1.27302833658963,0.308641975308642,NA
"marineMammals","846c21bffffffff",16,5,1.34212572274875,0.3046875,NA
"marineMammals","846c21dffffffff",7,2,0.682908104700472,0.510204081632653,NA
"marineMammals","846c221ffffffff",2,1,0,1,NA
"marineMammals","846c223ffffffff",3,2,0.636514168294813,0.555555555555556,NA
"marineMammals","846c225ffffffff",5,3,0.950270539233235,0.44,NA
"marineMammals","846c229ffffffff",10,5,1.47080847632211,0.26,NA
"marineMammals","846c22bffffffff",1,1,0,1,NA
"marineMammals","846c22dffffffff",3,2,0.636514168294813,0.555555555555556,NA
"marineMammals","846c231ffffffff",2,1,0,1,NA
"marineMammals","846c233ffffffff",2,1,0,1,NA
"marineMammals","846c235ffffffff",8,4,1.32088834314932,0.28125,NA
"marineMammals","846c237ffffffff",13,8,1.99150936135661,0.14792899408284,NA
"marineMammals","846c239ffffffff",3,3,1.09861228866811,0.333333333333333,NA
"marineMammals","846c23bffffffff",8,5,1.55958115625988,0.21875,NA
"marineMammals","846c23dffffffff",6,4,1.242453324894,0.333333333333333,NA
"marineMammals","846c241ffffffff",8,4,1.32088834314932,0.28125,NA
"marineMammals","846c245ffffffff",2,2,0.693147180559945,0.5,NA
"marineMammals","846c247ffffffff",8,4,1.38629436111989,0.25,NA
"marineMammals","846c249ffffffff",17,4,1.36642549494887,0.259515570934256,NA
"marineMammals","846c251ffffffff",7,6,1.74786809746676,0.183673469387755,NA
"marineMammals","846c253ffffffff",12,7,1.6987829895138,0.236111111111111,NA
"marineMammals","846c255ffffffff",5,4,1.33217904021012,0.28,NA
"marineMammals","846c257ffffffff",1,1,0,1,NA
"marineMammals","846c25bffffffff",7,4,1.35178399428965,0.26530612244898,NA
"marineMammals","846c25dffffffff",2,2,0.693147180559945,0.5,NA
"marineMammals","846c261ffffffff",7,5,1.5498260458782,0.224489795918367,NA
"marineMammals","846c263ffffffff",5,2,0.500402423538188,0.68,NA
"marineMammals","846c265ffffffff",7,5,1.5498260458782,0.224489795918367,NA
"marineMammals","846c267ffffffff",5,3,0.950270539233235,0.44,NA
"marineMammals","846c269ffffffff",2,2,0.693147180559945,0.5,NA
"marineMammals","846c26bffffffff",1,1,0,1,NA
"marineMammals","846c26dffffffff",1,1,0,1,NA
"marineMammals","846c289ffffffff",5,3,1.05492016798614,0.36,NA
"marineMammals","846c28dffffffff",1,1,0,1,NA
"marineMammals","846c2c1ffffffff",1,1,0,1,NA
"marineMammals","846c2c3ffffffff",10,6,1.64341771979318,0.22,NA
"marineMammals","846c2c5ffffffff",1,1,0,1,NA
"marineMammals","846c2c7ffffffff",3,3,1.09861228866811,0.333333333333333,NA
"marineMammals","846c2cbffffffff",8,5,1.49417513828931,0.25,NA
"marineMammals","846c2d1ffffffff",9,6,1.67698777432242,0.209876543209877,NA
"marineMammals","846c2d5ffffffff",12,8,1.97920451743432,0.152777777777778,NA
"marineMammals","846c2d9ffffffff",16,4,0.688567369302283,0.671875,NA
"marineMammals","846c2ddffffffff",2,2,0.693147180559945,0.5,NA
"marineMammals","846c2e1ffffffff",6,4,1.242453324894,0.333333333333333,NA
"marineMammals","846c2e3ffffffff",2,2,0.693147180559945,0.5,NA
"marineMammals","846c2e5ffffffff",14,6,1.59342423717389,0.23469387755102,NA
"marineMammals","846c2e7ffffffff",1,1,0,1,NA
"marineMammals","846c305ffffffff",3,2,0.636514168294813,0.555555555555556,NA
"marineMammals","846c307ffffffff",3,3,1.09861228866811,0.333333333333333,NA
"marineMammals","846c309ffffffff",1,1,0,1,NA
"marineMammals","846c311ffffffff",4,3,1.03972077083992,0.375,NA
"marineMammals","846c313ffffffff",7,3,1.07899220787758,0.346938775510204,NA
"marineMammals","846c315ffffffff",1,1,0,1,NA
"marineMammals","846c317ffffffff",15,4,1.0775733728922,0.422222222222222,NA
"marineMammals","846c31bffffffff",5,4,1.33217904021012,0.28,NA
"marineMammals","846c31dffffffff",5,4,1.33217904021012,0.28,NA
"marineMammals","846c323ffffffff",9,2,0.348832095843032,0.802469135802469,NA
"marineMammals","846c329ffffffff",3,3,1.09861228866811,0.333333333333333,NA
"marineMammals","846c331ffffffff",8,5,1.49417513828931,0.25,NA
"marineMammals","846c333ffffffff",6,4,1.32966134885476,0.277777777777778,NA
"marineMammals","846c335ffffffff",2,1,0,1,NA
"marineMammals","846c337ffffffff",3,3,1.09861228866811,0.333333333333333,NA
"marineMammals","846c33bffffffff",13,5,1.37781950803903,0.301775147928994,NA
"marineMammals","846c34bffffffff",1,1,0,1,NA
"marineMammals","846c34dffffffff",1,1,0,1,NA
"marineMammals","846c351ffffffff",2,1,0,1,NA
"marineMammals","846c353ffffffff",5,1,0,1,NA
"marineMammals","846c355ffffffff",2,1,0,1,NA
"marineMammals","846c357ffffffff",1,1,0,1,NA
"marineMammals","846c359ffffffff",8,3,0.900256051268537,0.46875,NA
"marineMammals","846c35bffffffff",6,3,1.01140426470735,0.388888888888889,NA
"marineMammals","846c35dffffffff",6,5,1.56071040904141,0.222222222222222,NA
"marineMammals","846c369ffffffff",4,4,1.38629436111989,0.25,NA
"marineMammals","846c36bffffffff",1,1,0,1,NA
"marineMammals","846d001ffffffff",7,2,0.410116318288409,0.755102040816326,NA
"marineMammals","846d007ffffffff",1,1,0,1,NA
"marineMammals","846d009ffffffff",9,4,1.00271826451752,0.481481481481481,NA
"marineMammals","846d00bffffffff",8,4,1.32088834314932,0.28125,NA
"marineMammals","846d00dffffffff",1,1,0,1,NA
"marineMammals","846d013ffffffff",4,3,1.03972077083992,0.375,NA
"marineMammals","846d017ffffffff",8,5,1.38629436111989,0.3125,NA
"marineMammals","846d019ffffffff",13,3,0.898137003187868,0.443786982248521,NA
"marineMammals","846d01bffffffff",7,4,1.27703425946614,0.306122448979592,NA
"marineMammals","846d01dffffffff",2,2,0.693147180559945,0.5,NA
"marineMammals","846d025ffffffff",1,1,0,1,NA
"marineMammals","846d027ffffffff",4,3,1.03972077083992,0.375,NA
"marineMammals","846d02bffffffff",1,1,0,1,NA
"marineMammals","846d031ffffffff",1,1,0,1,NA
"marineMammals","846d033ffffffff",4,3,1.03972077083992,0.375,NA
"marineMammals","846d037ffffffff",2,2,0.693147180559945,0.5,NA
"marineMammals","846d03bffffffff",5,2,0.673011667009257,0.52,NA
"marineMammals","846d043ffffffff",2,1,0,1,NA
"marineMammals","846d045ffffffff",6,2,0.636514168294813,0.555555555555556,NA
"marineMammals","846d047ffffffff",6,2,0.636514168294813,0.555555555555556,NA
"marineMammals","846d053ffffffff",8,2,0.562335144618808,0.625,NA
"marineMammals","846d055ffffffff",2,2,0.693147180559945,0.5,NA
"marineMammals","846d057ffffffff",3,2,0.636514168294813,0.555555555555556,NA
"marineMammals","846d061ffffffff",4,4,1.38629436111989,0.25,NA
"marineMammals","846d065ffffffff",6,3,1.01140426470735,0.388888888888889,NA
"marineMammals","846d06bffffffff",15,4,0.857174043642079,0.564444444444444,NA
"marineMammals","846d083ffffffff",2,2,0.693147180559945,0.5,NA
"marineMammals","846d087ffffffff",6,5,1.56071040904141,0.222222222222222,NA
"marineMammals","846d08bffffffff",10,5,1.50478828368119,0.24,NA
"marineMammals","846d08dffffffff",3,3,1.09861228866811,0.333333333333333,NA
"marineMammals","846d091ffffffff",4,4,1.38629436111989,0.25,NA
"marineMammals","846d093ffffffff",5,4,1.33217904021012,0.28,NA
"marineMammals","846d095ffffffff",3,3,1.09861228866811,0.333333333333333,NA
"marineMammals","846d097ffffffff",10,6,1.497866136777,0.3,NA
"marineMammals","846d099ffffffff",3,1,0,1,NA
"marineMammals","846d09bffffffff",4,4,1.38629436111989,0.25,NA
"marineMammals","846d0a3ffffffff",1,1,0,1,NA
"marineMammals","846d0a5ffffffff",3,3,1.09861228866811,0.333333333333333,NA
"marineMammals","846d0a7ffffffff",1,1,0,1,NA
"marineMammals","846d0a9ffffffff",10,5,1.50478828368119,0.24,NA
"marineMammals","846d0abffffffff",10,5,1.41848366194566,0.28,NA
"marineMammals","846d0adffffffff",3,3,1.09861228866811,0.333333333333333,NA
"marineMammals","846d0b5ffffffff",6,5,1.56071040904141,0.222222222222222,NA
"marineMammals","846d0b9ffffffff",5,3,1.05492016798614,0.36,NA
"marineMammals","846d0bbffffffff",4,4,1.38629436111989,0.25,NA
"marineMammals","846d0bdffffffff",10,7,1.83437197028162,0.18,NA
"marineMammals","846d0c1ffffffff",10,5,1.47080847632211,0.26,NA
"marineMammals","846d0c3ffffffff",4,2,0.562335144618808,0.625,NA
"marineMammals","846d0c5ffffffff",4,2,0.562335144618808,0.625,NA
"marineMammals","846d0c9ffffffff",8,3,0.974314752869349,0.40625,NA
"marineMammals","846d0cbffffffff",4,3,1.03972077083992,0.375,NA
"marineMammals","846d0cdffffffff",10,2,0.673011667009257,0.52,NA
"marineMammals","846d0d1ffffffff",5,4,1.33217904021012,0.28,NA
"marineMammals","846d0d3ffffffff",1,1,0,1,NA
"marineMammals","846d0d5ffffffff",6,3,1.01140426470735,0.388888888888889,NA
"marineMammals","846d0d7ffffffff",7,5,1.5498260458782,0.224489795918367,NA
"marineMammals","846d0d9ffffffff",20,7,1.33999644038097,0.395,NA
"marineMammals","846d0dbffffffff",5,5,1.6094379124341,0.2,NA
"marineMammals","846d0ddffffffff",1,1,0,1,NA
"marineMammals","846d0e1ffffffff",2,2,0.693147180559945,0.5,NA
"marineMammals","846d0e3ffffffff",3,1,0,1,NA
"marineMammals","846d0e5ffffffff",8,4,1.2130075659799,0.34375,NA
"marineMammals","846d0e7ffffffff",2,2,0.693147180559945,0.5,NA
"marineMammals","846d0e9ffffffff",5,5,1.6094379124341,0.2,NA
"marineMammals","846d0edffffffff",6,3,1.01140426470735,0.388888888888889,NA
"marineMammals","846d101ffffffff",5,3,0.950270539233235,0.44,NA
"marineMammals","846d103ffffffff",2,2,0.693147180559945,0.5,NA
"marineMammals","846d105ffffffff",9,5,1.52295506753132,0.234567901234568,NA
"marineMammals","846d107ffffffff",1,1,0,1,NA
"marineMammals","846d109ffffffff",19,5,1.18673412446048,0.368421052631579,NA
"marineMammals","846d10bffffffff",10,4,1.19354960409813,0.34,NA
"marineMammals","846d10dffffffff",4,2,0.562335144618808,0.625,NA
"marineMammals","846d113ffffffff",3,3,1.09861228866811,0.333333333333333,NA
"marineMammals","846d115ffffffff",6,2,0.636514168294813,0.555555555555556,NA
"marineMammals","846d117ffffffff",3,3,1.09861228866811,0.333333333333333,NA
"marineMammals","846d119ffffffff",2,2,0.693147180559945,0.5,NA
"marineMammals","846d11bffffffff",4,2,0.693147180559945,0.5,NA
"marineMammals","846d11dffffffff",3,3,1.09861228866811,0.333333333333333,NA
"marineMammals","846d133ffffffff",4,3,1.03972077083992,0.375,NA
"marineMammals","846d139ffffffff",2,2,0.693147180559945,0.5,NA
"marineMammals","846d13bffffffff",3,3,1.09861228866811,0.333333333333333,NA
"marineMammals","846d141ffffffff",43,3,0.220352331161548,0.910221741481882,NA
"marineMammals","846d143ffffffff",40,6,1.11129919080065,0.4825,NA
"marineMammals","846d145ffffffff",19,8,1.83517103217954,0.202216066481994,NA
"marineMammals","846d147ffffffff",8,5,1.55958115625988,0.21875,NA
"marineMammals","846d14bffffffff",1,1,0,1,NA
"marineMammals","846d151ffffffff",6,1,0,1,NA
"marineMammals","846d153ffffffff",3,3,1.09861228866811,0.333333333333333,NA
"marineMammals","846d155ffffffff",6,4,1.32966134885476,0.277777777777778,NA
"marineMammals","846d157ffffffff",6,3,1.01140426470735,0.388888888888889,NA
"marineMammals","846d159ffffffff",169,2,0.0362540490074078,0.988235706032702,1.2958579881656
"marineMammals","846d15dffffffff",393,7,0.580855137647602,0.746699557782828,4.01920446527185
"marineMammals","846d169ffffffff",8,6,1.73286795139986,0.1875,NA
"marineMammals","846d183ffffffff",2,2,0.693147180559945,0.5,NA
"marineMammals","846d189ffffffff",2,2,0.693147180559945,0.5,NA
"marineMammals","846d18bffffffff",1,1,0,1,NA
"marineMammals","846d193ffffffff",4,3,1.03972077083992,0.375,NA
"marineMammals","846d195ffffffff",2,2,0.693147180559945,0.5,NA
"marineMammals","846d197ffffffff",5,4,1.33217904021012,0.28,NA
"marineMammals","846d19bffffffff",1,1,0,1,NA
"marineMammals","846d19dffffffff",4,2,0.693147180559945,0.5,NA
"marineMammals","846d1a1ffffffff",6,4,1.32966134885476,0.277777777777778,NA
"marineMammals","846d1a3ffffffff",1,1,0,1,NA
"marineMammals","846d1a5ffffffff",3,2,0.636514168294813,0.555555555555556,NA
"marineMammals","846d1a7ffffffff",1,1,0,1,NA
"marineMammals","846d1a9ffffffff",5,4,1.33217904021012,0.28,NA
"marineMammals","846d1abffffffff",2,2,0.693147180559945,0.5,NA
"marineMammals","846d1adffffffff",5,3,1.05492016798614,0.36,NA
"marineMammals","846d1b1ffffffff",1,1,0,1,NA
"marineMammals","846d1b5ffffffff",1,1,0,1,NA
"marineMammals","846d1b7ffffffff",2,1,0,1,NA
"marineMammals","846d1bbffffffff",4,4,1.38629436111989,0.25,NA
"marineMammals","846d1bdffffffff",2,2,0.693147180559945,0.5,NA
"marineMammals","846d1c1ffffffff",6,4,1.32966134885476,0.277777777777778,NA
"marineMammals","846d1c5ffffffff",2,2,0.693147180559945,0.5,NA
"marineMammals","846d1c7ffffffff",4,3,1.03972077083992,0.375,NA
"marineMammals","846d1c9ffffffff",1,1,0,1,NA
"marineMammals","846d1cbffffffff",1,1,0,1,NA
"marineMammals","846d1cdffffffff",2,2,0.693147180559945,0.5,NA
"marineMammals","846d1d1ffffffff",6,2,0.636514168294813,0.555555555555556,NA
"marineMammals","846d1d5ffffffff",5,2,0.673011667009257,0.52,NA
"marineMammals","846d1d7ffffffff",4,3,1.03972077083992,0.375,NA
"marineMammals","846d1dbffffffff",2,2,0.693147180559945,0.5,NA
"marineMammals","846d1e3ffffffff",4,4,1.38629436111989,0.25,NA
"marineMammals","846d1e7ffffffff",6,4,1.242453324894,0.333333333333333,NA
"marineMammals","846d1e9ffffffff",3,3,1.09861228866811,0.333333333333333,NA
"marineMammals","846d1ebffffffff",4,4,1.38629436111989,0.25,NA
"marineMammals","846d265ffffffff",46,23,3.13549421592915,0.0434782608695652,NA
"marineMammals","846d26dffffffff",23,23,3.13549421592915,0.0434782608695652,NA
"marineMammals","846d2a3ffffffff",6,3,1.01140426470735,0.388888888888889,NA
"marineMammals","846d2a5ffffffff",4,2,0.562335144618808,0.625,NA
"marineMammals","846d2a7ffffffff",2,2,0.693147180559945,0.5,NA
"marineMammals","846d2b3ffffffff",15,2,0.673011667009257,0.52,NA
"marineMammals","846d2b5ffffffff",9,4,1.21488965394912,0.333333333333333,NA
"marineMammals","846d2b7ffffffff",16,2,0.685314207276458,0.5078125,NA
"marineMammals","846d2b9ffffffff",1,1,0,1,NA
"marineMammals","846d401ffffffff",4,3,1.03972077083992,0.375,NA
"marineMammals","846d403ffffffff",1,1,0,1,NA
"marineMammals","846d405ffffffff",5,2,0.500402423538188,0.68,NA
"marineMammals","846d407ffffffff",4,2,0.562335144618808,0.625,NA
"marineMammals","846d40bffffffff",2,1,0,1,NA
"marineMammals","846d40dffffffff",5,3,0.950270539233235,0.44,NA
"marineMammals","846d413ffffffff",5,5,1.6094379124341,0.2,NA
"marineMammals","846d417ffffffff",1,1,0,1,NA
"marineMammals","846d419ffffffff",3,2,0.636514168294813,0.555555555555556,NA
"marineMammals","846d41bffffffff",4,4,1.38629436111989,0.25,NA
"marineMammals","846d421ffffffff",4,3,1.03972077083992,0.375,NA
"marineMammals","846d423ffffffff",7,5,1.4750763110547,0.26530612244898,NA
"marineMammals","846d425ffffffff",14,6,1.57409733684897,0.255102040816326,NA
"marineMammals","846d427ffffffff",3,3,1.09861228866811,0.333333333333333,NA
"marineMammals","846d429ffffffff",2,2,0.693147180559945,0.5,NA
"marineMammals","846d42bffffffff",13,5,1.47913280742964,0.254437869822485,NA
"marineMammals","846d42dffffffff",5,3,0.950270539233235,0.44,NA
"marineMammals","846d431ffffffff",3,3,1.09861228866811,0.333333333333333,NA
"marineMammals","846d433ffffffff",9,5,1.46481638489081,0.259259259259259,NA
"marineMammals","846d435ffffffff",2,2,0.693147180559945,0.5,NA
"marineMammals","846d439ffffffff",4,3,1.03972077083992,0.375,NA
"marineMammals","846d43dffffffff",5,4,1.33217904021012,0.28,NA
"marineMammals","846d443ffffffff",1,1,0,1,NA
"marineMammals","846d445ffffffff",3,3,1.09861228866811,0.333333333333333,NA
"marineMammals","846d447ffffffff",2,2,0.693147180559945,0.5,NA
"marineMammals","846d449ffffffff",1,1,0,1,NA
"marineMammals","846d44bffffffff",1,1,0,1,NA
"marineMammals","846d453ffffffff",7,3,1.00424247305408,0.387755102040816,NA
"marineMammals","846d457ffffffff",3,3,1.09861228866811,0.333333333333333,NA
"marineMammals","846d461ffffffff",2,2,0.693147180559945,0.5,NA
"marineMammals","846d465ffffffff",2,2,0.693147180559945,0.5,NA
"marineMammals","846d467ffffffff",5,4,1.33217904021012,0.28,NA
"marineMammals","846d469ffffffff",1,1,0,1,NA
"marineMammals","846d46bffffffff",4,1,0,1,NA
"marineMammals","846d46dffffffff",4,3,1.03972077083992,0.375,NA
"marineMammals","846d481ffffffff",4,4,1.38629436111989,0.25,NA
"marineMammals","846d487ffffffff",1,1,0,1,NA
"marineMammals","846d489ffffffff",13,5,1.37781950803903,0.301775147928994,NA
"marineMammals","846d48bffffffff",4,3,1.03972077083992,0.375,NA
"marineMammals","846d48dffffffff",7,4,1.27703425946614,0.306122448979592,NA
"marineMammals","846d499ffffffff",4,3,1.03972077083992,0.375,NA
"marineMammals","846d49dffffffff",3,2,0.636514168294813,0.555555555555556,NA
"marineMammals","846d4adffffffff",6,5,1.56071040904141,0.222222222222222,NA
"marineMammals","846d4c1ffffffff",10,7,1.83437197028162,0.18,NA
"marineMammals","846d4c3ffffffff",7,5,1.5498260458782,0.224489795918367,NA
"marineMammals","846d4c5ffffffff",5,4,1.33217904021012,0.28,NA
"marineMammals","846d4c7ffffffff",1,1,0,1,NA
"marineMammals","846d4c9ffffffff",1,1,0,1,NA
"marineMammals","846d4cbffffffff",6,4,1.242453324894,0.333333333333333,NA
"marineMammals","846d4cdffffffff",1,1,0,1,NA
"marineMammals","846d4d1ffffffff",11,9,2.09827373952525,0.140495867768595,NA
"marineMammals","846d4d3ffffffff",3,3,1.09861228866811,0.333333333333333,NA
"marineMammals","846d4d5ffffffff",8,7,1.90615474653985,0.15625,NA
"marineMammals","846d4d7ffffffff",3,3,1.09861228866811,0.333333333333333,NA
"marineMammals","846d4d9ffffffff",3,2,0.636514168294813,0.555555555555556,NA
"marineMammals","846d4dbffffffff",2,2,0.693147180559945,0.5,NA
"marineMammals","846d4ddffffffff",15,7,1.74897075077131,0.2,NA
"marineMammals","846d4e1ffffffff",3,2,0.636514168294813,0.555555555555556,NA
"marineMammals","846d4e3ffffffff",2,1,0,1,NA
"marineMammals","846d4e5ffffffff",17,7,1.73153540826228,0.211072664359862,NA
"marineMammals","846d4e7ffffffff",7,4,1.27703425946614,0.306122448979592,NA
"marineMammals","846d4e9ffffffff",4,2,0.693147180559945,0.5,NA
"marineMammals","846d4ebffffffff",2,2,0.693147180559945,0.5,NA
"marineMammals","846d4edffffffff",1,1,0,1,NA
"marineMammals","846d501ffffffff",11,4,1.2945451658449,0.289256198347107,NA
"marineMammals","846d503ffffffff",22,8,1.85537272548104,0.177685950413223,NA
"marineMammals","846d507ffffffff",5,4,1.33217904021012,0.28,NA
"marineMammals","846d509ffffffff",6,2,0.450561208866305,0.722222222222222,NA
"marineMammals","846d50bffffffff",3,3,1.09861228866811,0.333333333333333,NA
"marineMammals","846d50dffffffff",1,1,0,1,NA
"marineMammals","846d511ffffffff",21,7,1.49950940967456,0.319727891156463,NA
"marineMammals","846d513ffffffff",4,3,1.03972077083992,0.375,NA
"marineMammals","846d515ffffffff",11,5,1.41427906512471,0.289256198347107,NA
"marineMammals","846d517ffffffff",9,4,1.31078367809971,0.283950617283951,NA
"marineMammals","846d519ffffffff",9,7,1.88915916375402,0.160493827160494,NA
"marineMammals","846d51bffffffff",9,5,1.52295506753132,0.234567901234568,NA
"marineMammals","846d51dffffffff",13,7,1.77823330579971,0.195266272189349,NA
"marineMammals","846d521ffffffff",3,2,0.636514168294813,0.555555555555556,NA
"marineMammals","846d525ffffffff",2,1,0,1,NA
"marineMammals","846d527ffffffff",5,3,0.950270539233235,0.44,NA
"marineMammals","846d529ffffffff",9,7,1.88915916375402,0.160493827160494,NA
"marineMammals","846d52bffffffff",6,4,1.242453324894,0.333333333333333,NA
"marineMammals","846d52dffffffff",1,1,0,1,NA
"marineMammals","846d533ffffffff",3,2,0.636514168294813,0.555555555555556,NA
"marineMammals","846d535ffffffff",4,2,0.562335144618808,0.625,NA
"marineMammals","846d537ffffffff",2,2,0.693147180559945,0.5,NA
"marineMammals","846d539ffffffff",1,1,0,1,NA
"marineMammals","846d53bffffffff",2,2,0.693147180559945,0.5,NA
"marineMammals","846d53dffffffff",3,3,1.09861228866811,0.333333333333333,NA
"marineMammals","846d541ffffffff",2,2,0.693147180559945,0.5,NA
"marineMammals","846d543ffffffff",6,3,0.867563228481461,0.5,NA
"marineMammals","846d545ffffffff",6,4,1.32966134885476,0.277777777777778,NA
"marineMammals","846d547ffffffff",1,1,0,1,NA
"marineMammals","846d549ffffffff",16,4,1.34212572274875,0.2734375,NA
"marineMammals","846d54bffffffff",2,1,0,1,NA
"marineMammals","846d54dffffffff",1,1,0,1,NA
"marineMammals","846d551ffffffff",3,3,1.09861228866811,0.333333333333333,NA
"marineMammals","846d553ffffffff",2,2,0.693147180559945,0.5,NA
"marineMammals","846d555ffffffff",1,1,0,1,NA
"marineMammals","846d557ffffffff",8,5,1.49417513828931,0.25,NA
"marineMammals","846d559ffffffff",4,3,1.03972077083992,0.375,NA
"marineMammals","846d561ffffffff",10,6,1.64341771979318,0.22,NA
"marineMammals","846d563ffffffff",6,4,1.242453324894,0.333333333333333,NA
"marineMammals","846d565ffffffff",10,6,1.64341771979318,0.22,NA
"marineMammals","846d567ffffffff",12,7,1.82007597536062,0.180555555555556,NA
"marineMammals","846d569ffffffff",1,1,0,1,NA
"marineMammals","846d56bffffffff",12,6,1.67623493913473,0.208333333333333,NA
"marineMammals","846d56dffffffff",5,4,1.33217904021012,0.28,NA
"marineMammals","846d581ffffffff",2,2,0.693147180559945,0.5,NA
"marineMammals","846d585ffffffff",1,1,0,1,NA
"marineMammals","846d589ffffffff",7,5,1.5498260458782,0.224489795918367,NA
"marineMammals","846d58bffffffff",6,5,1.56071040904141,0.222222222222222,NA
"marineMammals","846d58dffffffff",3,2,0.636514168294813,0.555555555555556,NA
"marineMammals","846d5a9ffffffff",5,4,1.33217904021012,0.28,NA
"marineMammals","846d5c1ffffffff",2,1,0,1,NA
"marineMammals","846d5c3ffffffff",7,5,1.5498260458782,0.224489795918367,NA
"marineMammals","846d5c5ffffffff",11,4,1.2882523050229,0.305785123966942,NA
"marineMammals","846d5c7ffffffff",1,1,0,1,NA
"marineMammals","846d5c9ffffffff",11,4,1.16222554492109,0.355371900826446,NA
"marineMammals","846d5cbffffffff",7,3,0.955699891112534,0.428571428571429,NA
"marineMammals","846d5cdffffffff",9,3,0.936888307539016,0.432098765432099,NA
"marineMammals","846d5d1ffffffff",8,6,1.73286795139986,0.1875,NA
"marineMammals","846d5d3ffffffff",2,2,0.693147180559945,0.5,NA
"marineMammals","846d5d5ffffffff",1,1,0,1,NA
"marineMammals","846d5d9ffffffff",8,4,1.2130075659799,0.34375,NA
"marineMammals","846d5dbffffffff",1,1,0,1,NA
"marineMammals","846d5ddffffffff",3,2,0.636514168294813,0.555555555555556,NA
"marineMammals","846d5e1ffffffff",3,2,0.636514168294813,0.555555555555556,NA
"marineMammals","846d5e3ffffffff",5,4,1.33217904021012,0.28,NA
"marineMammals","846d5ebffffffff",6,4,1.32966134885476,0.277777777777778,NA
"marineMammals","846d5edffffffff",8,5,1.49417513828931,0.25,NA
"marineMammals","846d607ffffffff",14,1,0,1,NA
"marineMammals","846d621ffffffff",4,1,0,1,NA
"marineMammals","846d623ffffffff",6,4,1.32966134885476,0.277777777777778,NA
"marineMammals","846d625ffffffff",27,4,1.05316567282003,0.410150891632373,NA
"marineMammals","846d629ffffffff",12,1,0,1,NA
"marineMammals","846d62bffffffff",19,1,0,1,NA
"marineMammals","846d62dffffffff",5,3,0.950270539233235,0.44,NA
"marineMammals","846d631ffffffff",8,2,0.562335144618808,0.625,NA
"marineMammals","846d633ffffffff",2,2,0.693147180559945,0.5,NA
"marineMammals","846d635ffffffff",19,4,1.33867187832215,0.274238227146814,NA
"marineMammals","846d637ffffffff",8,5,1.49417513828931,0.25,NA
"marineMammals","846d639ffffffff",1,1,0,1,NA
"marineMammals","846d63dffffffff",5,1,0,1,NA
"marineMammals","846d667ffffffff",2,1,0,1,NA
"marineMammals","846d683ffffffff",3,1,0,1,NA
"marineMammals","846d685ffffffff",49,2,0.230323540875878,0.885047896709704,NA
"marineMammals","846d687ffffffff",1,1,0,1,NA
"marineMammals","846d68dffffffff",56,1,0,1,1
"marineMammals","846d697ffffffff",7,2,0.682908104700472,0.510204081632653,NA
"marineMammals","846d6a1ffffffff",6,3,0.867563228481461,0.5,NA
"marineMammals","846d6a3ffffffff",3,2,0.636514168294813,0.555555555555556,NA
"marineMammals","846d6a5ffffffff",5,3,1.05492016798614,0.36,NA
"marineMammals","846d6a9ffffffff",6,4,1.32966134885476,0.277777777777778,NA
"marineMammals","846d6abffffffff",13,4,1.26585675187274,0.301775147928994,NA
"marineMammals","846d6adffffffff",20,5,1.27799146885846,0.36,NA
"marineMammals","846d6b1ffffffff",14,5,1.43275705299709,0.26530612244898,NA
"marineMammals","846d6b3ffffffff",7,3,1.07899220787758,0.346938775510204,NA
"marineMammals","846d6b5ffffffff",1,1,0,1,NA
"marineMammals","846d6b7ffffffff",7,4,1.27703425946614,0.306122448979592,NA
"marineMammals","846d6b9ffffffff",1,1,0,1,NA
"marineMammals","846d6bbffffffff",7,2,0.598269588585257,0.591836734693878,NA
"marineMammals","846d6bdffffffff",14,3,0.892117870818816,0.479591836734694,NA
"marineMammals","846d6e1ffffffff",12,3,0.823959216501082,0.513888888888889,NA
"marineMammals","846d6e3ffffffff",54,2,0.308495450831104,0.83196159122085,2
"marineMammals","846d6e5ffffffff",5,1,0,1,NA
"marineMammals","846d6e7ffffffff",1,1,0,1,NA
"marineMammals","846d6ebffffffff",71,1,0,1,1
"marineMammals","846d6edffffffff",3,1,0,1,NA
"marineMammals","846d701ffffffff",6,3,1.01140426470735,0.388888888888889,NA
"marineMammals","846d705ffffffff",6,5,1.56071040904141,0.222222222222222,NA
"marineMammals","846d707ffffffff",6,2,0.693147180559945,0.5,NA
"marineMammals","846d709ffffffff",14,2,0.519579839130515,0.663265306122449,NA
"marineMammals","846d70bffffffff",4,2,0.562335144618808,0.625,NA
"marineMammals","846d70dffffffff",17,4,1.25409946524978,0.301038062283737,NA
"marineMammals","846d711ffffffff",2,2,0.693147180559945,0.5,NA
"marineMammals","846d713ffffffff",1,1,0,1,NA
"marineMammals","846d719ffffffff",8,3,1.08219553003877,0.34375,NA
"marineMammals","846d71bffffffff",1,1,0,1,NA
"marineMammals","846d71dffffffff",5,3,0.950270539233235,0.44,NA
"marineMammals","846d725ffffffff",12,4,1.19884931291362,0.347222222222222,NA
"marineMammals","846d727ffffffff",21,8,1.8193215718597,0.192743764172336,NA
"marineMammals","846d72bffffffff",5,4,1.33217904021012,0.28,NA
"marineMammals","846d731ffffffff",4,4,1.38629436111989,0.25,NA
"marineMammals","846d733ffffffff",5,2,0.500402423538188,0.68,NA
"marineMammals","846d735ffffffff",6,4,1.32966134885476,0.277777777777778,NA
"marineMammals","846d737ffffffff",7,5,1.5498260458782,0.224489795918367,NA
"marineMammals","846d739ffffffff",5,4,1.33217904021012,0.28,NA
"marineMammals","846d73bffffffff",2,2,0.693147180559945,0.5,NA
"marineMammals","846d73dffffffff",2,2,0.693147180559945,0.5,NA
"marineMammals","846d743ffffffff",7,1,0,1,NA
"marineMammals","846d745ffffffff",8,1,0,1,NA
"marineMammals","846d747ffffffff",172,2,0.0357243130811575,0.988439697133586,1.29069767441881
"marineMammals","846d753ffffffff",1,1,0,1,NA
"marineMammals","846d755ffffffff",4,2,0.562335144618808,0.625,NA
"marineMammals","846d757ffffffff",6,2,0.450561208866305,0.722222222222222,NA
"marineMammals","846d75bffffffff",4,1,0,1,NA
"marineMammals","846d761ffffffff",25,5,0.766838231580212,0.6512,NA
"marineMammals","846d763ffffffff",13,3,0.925129083572082,0.455621301775148,NA
"marineMammals","846d765ffffffff",16,5,1.03739232462091,0.5,NA
"marineMammals","846d767ffffffff",10,4,1.08889997534522,0.42,NA
"marineMammals","846d769ffffffff",15,1,0,1,NA
"marineMammals","846d76bffffffff",3,2,0.636514168294813,0.555555555555556,NA
"marineMammals","846d76dffffffff",45,3,1.09712970783736,0.334320987654321,NA
"marineMammals","846da91ffffffff",4,4,1.38629436111989,0.25,NA
"marineMammals","846da93ffffffff",3,2,0.636514168294813,0.555555555555556,NA
"marineMammals","846da97ffffffff",5,5,1.6094379124341,0.2,NA
"marineMammals","846da99ffffffff",1,1,0,1,NA
"marineMammals","846da9bffffffff",2,2,0.693147180559945,0.5,NA
"marineMammals","846dad1ffffffff",4,4,1.38629436111989,0.25,NA
"marineMammals","846dad3ffffffff",4,2,0.693147180559945,0.5,NA
"marineMammals","846dad7ffffffff",9,4,1.31078367809971,0.283950617283951,NA
"marineMammals","846dadbffffffff",4,2,0.693147180559945,0.5,NA
"seabirds","842a497ffffffff",1,1,0,1,NA
"seabirds","842a4b3ffffffff",1,1,0,1,NA
"seabirds","842adb3ffffffff",5,3,1.05492016798614,0.36,NA
"seabirds","842adb7ffffffff",2,1,0,1,NA
"seabirds","842adbbffffffff",4,3,1.03972077083992,0.375,NA
"seabirds","8444005ffffffff",8,4,1.2130075659799,0.34375,NA
"seabirds","8444007ffffffff",9,4,1.36892236074022,0.259259259259259,NA
"seabirds","8444009ffffffff",11,5,1.3896811919839,0.289256198347107,NA
"seabirds","844400dffffffff",17,5,1.23069910365772,0.349480968858131,NA
"seabirds","8444011ffffffff",37,10,1.72565047544248,0.246165084002922,NA
"seabirds","8444013ffffffff",15,4,1.21055784417747,0.333333333333333,NA
"seabirds","8444017ffffffff",11,3,0.916464885539471,0.43801652892562,NA
"seabirds","8444019ffffffff",6,3,1.01140426470735,0.388888888888889,NA
"seabirds","844401dffffffff",7,5,1.47507631105469,0.26530612244898,NA
"seabirds","8444021ffffffff",18,5,1.37849742178298,0.283950617283951,NA
"seabirds","8444023ffffffff",8,5,1.55958115625988,0.21875,NA
"seabirds","8444025ffffffff",5,2,0.500402423538188,0.68,NA
"seabirds","8444027ffffffff",4,2,0.562335144618808,0.625,NA
"seabirds","8444029ffffffff",8,4,1.07354284640852,0.4375,NA
"seabirds","844402bffffffff",28,5,1.25010188710221,0.331632653061224,NA
"seabirds","844402dffffffff",27,7,1.02543168703397,0.561042524005487,NA
"seabirds","8444031ffffffff",65,31,2.71066084072162,0.14792899408284,24.9467759732335
"seabirds","8444033ffffffff",53,11,2.01751487485145,0.172659309362763,10.878084179971
"seabirds","8444035ffffffff",2,1,0,1,NA
"seabirds","8444037ffffffff",29,29,3.36729582998647,0.0344827586206897,NA
"seabirds","8444039ffffffff",23,7,1.42189564048375,0.357277882797732,NA
"seabirds","844403bffffffff",2,1,0,1,NA
"seabirds","844403dffffffff",21,5,1.20357509925009,0.387755102040816,NA
"seabirds","8444043ffffffff",1,1,0,1,NA
"seabirds","8444045ffffffff",25,4,1.30937275037673,0.2896,NA
"seabirds","8444047ffffffff",22,6,1.42972443210611,0.301652892561983,NA
"seabirds","8444051ffffffff",3,3,1.09861228866811,0.333333333333333,NA
"seabirds","8444053ffffffff",21,6,1.40790923019412,0.310657596371882,NA
"seabirds","8444055ffffffff",24,7,1.73641897491631,0.201388888888889,NA
"seabirds","8444057ffffffff",20,6,1.56573065299613,0.24,NA
"seabirds","8444061ffffffff",14,6,1.43068533608729,0.316326530612245,NA
"seabirds","8444063ffffffff",53,10,1.39650085554119,0.386970452118192,9.65820029027576
"seabirds","8444065ffffffff",56,6,0.974999144497677,0.509566326530612,5.76623376623376
"seabirds","8444067ffffffff",80,10,1.16809350938589,0.4775,7.80026774682902
"seabirds","8444069ffffffff",36,7,1.39739788475896,0.32716049382716,NA
"seabirds","844406bffffffff",6,3,1.01140426470735,0.388888888888889,NA
"seabirds","844406dffffffff",28,5,0.98763084283527,0.479591836734694,NA
"seabirds","8444081ffffffff",21,7,1.68185408027057,0.242630385487528,NA
"seabirds","8444083ffffffff",17,6,1.5626639830847,0.252595155709343,NA
"seabirds","8444085ffffffff",17,8,1.93619934568452,0.162629757785467,NA
"seabirds","8444087ffffffff",3,2,0.636514168294813,0.555555555555556,NA
"seabirds","8444089ffffffff",10,6,1.69574253416963,0.2,NA
"seabirds","844408bffffffff",27,8,1.85140382224393,0.185185185185185,NA
"seabirds","844408dffffffff",17,4,1.14072019641346,0.363321799307958,NA
"seabirds","8444091ffffffff",16,9,2.00970918189415,0.1640625,NA
"seabirds","8444093ffffffff",22,8,1.75627640232498,0.21900826446281,NA
"seabirds","8444095ffffffff",28,8,1.75713515579336,0.219387755102041,NA
"seabirds","8444097ffffffff",42,13,2.30841071180214,0.122448979591837,NA
"seabirds","8444099ffffffff",9,5,1.46481638489081,0.259259259259259,NA
"seabirds","844409bffffffff",32,10,1.98546169180101,0.17578125,NA
"seabirds","844409dffffffff",3,3,1.09861228866811,0.333333333333333,NA
"seabirds","84440a1ffffffff",31,10,1.82005415374799,0.209157127991675,NA
"seabirds","84440a3ffffffff",42,10,1.53623898978258,0.331065759637188,NA
"seabirds","84440a5ffffffff",3,2,0.636514168294813,0.555555555555556,NA
"seabirds","84440a9ffffffff",11,4,1.3421131789144,0.272727272727273,NA
"seabirds","84440abffffffff",24,6,1.61157496555304,0.243055555555556,NA
"seabirds","84440adffffffff",13,4,1.03176711135054,0.443786982248521,NA
"seabirds","84440b1ffffffff",81,14,1.65254272338064,0.310166133211401,10.4837140599054
"seabirds","84440b3ffffffff",54,13,1.85629978070863,0.228395061728395,12.4030532709778
"seabirds","84440b5ffffffff",29,7,1.4823990986912,0.296076099881094,NA
"seabirds","84440b7ffffffff",4,4,1.38629436111989,0.25,NA
"seabirds","84440b9ffffffff",17,8,1.84386143796137,0.197231833910035,NA
"seabirds","84440bbffffffff",44,11,2.08938477413208,0.147727272727273,NA
"seabirds","84440bdffffffff",13,6,1.48445753581749,0.289940828402367,NA
"seabirds","84440c1ffffffff",9,4,1.27302833658963,0.308641975308642,NA
"seabirds","84440c3ffffffff",13,5,1.37781950803903,0.301775147928994,NA
"seabirds","84440c5ffffffff",2,1,0,1,NA
"seabirds","84440c9ffffffff",23,7,1.66569370366628,0.22117202268431,NA
"seabirds","84440cbffffffff",2,2,0.693147180559945,0.5,NA
"seabirds","84440d1ffffffff",3,3,1.09861228866811,0.333333333333333,NA
"seabirds","84440d3ffffffff",25,5,1.35059247806378,0.312,NA
"seabirds","84440d5ffffffff",2,2,0.693147180559945,0.5,NA
"seabirds","84440d7ffffffff",1,1,0,1,NA
"seabirds","84440d9ffffffff",5,4,1.33217904021012,0.28,NA
"seabirds","84440dbffffffff",49,26,2.83612615584888,0.0953769262807164,NA
"seabirds","84440ddffffffff",2,1,0,1,NA
"seabirds","84440e1ffffffff",18,7,1.90803683450907,0.154320987654321,NA
"seabirds","84440e3ffffffff",35,7,1.74753678907492,0.208163265306122,NA
"seabirds","84440e5ffffffff",16,7,1.68004662939848,0.2265625,NA
"seabirds","84440e7ffffffff",9,4,1.14905969697062,0.382716049382716,NA
"seabirds","84440e9ffffffff",28,7,1.73540398764482,0.201530612244898,NA
"seabirds","84440ebffffffff",19,8,1.80915818444125,0.202216066481994,NA
"seabirds","84440edffffffff",16,4,1.2130075659799,0.34375,NA
"seabirds","8444101ffffffff",8,1,0,1,NA
"seabirds","8444105ffffffff",2,1,0,1,NA
"seabirds","844410bffffffff",8,3,0.735621939758795,0.59375,NA
"seabirds","8444111ffffffff",4,2,0.562335144618808,0.625,NA
"seabirds","8444113ffffffff",2,2,0.693147180559945,0.5,NA
"seabirds","8444115ffffffff",5,3,0.950270539233235,0.44,NA
"seabirds","844411bffffffff",1,1,0,1,NA
"seabirds","844411dffffffff",1,1,0,1,NA
"seabirds","844412dffffffff",11,5,1.46813993901621,0.256198347107438,NA
"seabirds","8444141ffffffff",24,7,1.65685470387946,0.222222222222222,NA
"seabirds","8444143ffffffff",3,3,1.09861228866811,0.333333333333333,NA
"seabirds","8444145ffffffff",25,9,2.0024218484577,0.1552,NA
"seabirds","8444147ffffffff",105,101,4.58794633296134,0.0107936507936508,48.7995321354807
"seabirds","844414bffffffff",32,7,1.70505081752136,0.220703125,NA
"seabirds","8444151ffffffff",9,1,0,1,NA
"seabirds","8444153ffffffff",13,1,0,1,NA
"seabirds","8444157ffffffff",2,1,0,1,NA
"seabirds","8444159ffffffff",17,3,0.846365829626287,0.474048442906574,NA
"seabirds","844415bffffffff",7,2,0.410116318288409,0.755102040816326,NA
"seabirds","844415dffffffff",24,6,1.43598982854484,0.298611111111111,NA
"seabirds","8444161ffffffff",11,2,0.474139313057837,0.702479338842975,NA
"seabirds","8444163ffffffff",6,5,1.56071040904141,0.222222222222222,NA
"seabirds","8444165ffffffff",22,8,1.77040340400015,0.210743801652893,NA
"seabirds","8444167ffffffff",5,4,1.33217904021012,0.28,NA
"seabirds","8444169ffffffff",16,6,1.63043258262889,0.21875,NA
"seabirds","844416bffffffff",11,6,1.54030582522652,0.272727272727273,NA
"seabirds","844416dffffffff",3,1,0,1,NA
"seabirds","8444181ffffffff",4,2,0.693147180559945,0.5,NA
"seabirds","8444187ffffffff",4,3,1.03972077083992,0.375,NA
"seabirds","844418bffffffff",2,2,0.693147180559945,0.5,NA
"seabirds","844418dffffffff",2,1,0,1,NA
"seabirds","8444191ffffffff",1,1,0,1,NA
"seabirds","8444195ffffffff",2,2,0.693147180559945,0.5,NA
"seabirds","8444197ffffffff",10,4,0.940447988655326,0.52,NA
"seabirds","8444199ffffffff",1,1,0,1,NA
"seabirds","844419dffffffff",1,1,0,1,NA
"seabirds","84441b1ffffffff",2,2,0.693147180559945,0.5,NA
"seabirds","84441b3ffffffff",2,2,0.693147180559945,0.5,NA
"seabirds","84441c1ffffffff",1,1,0,1,NA
"seabirds","84441c5ffffffff",5,1,0,1,NA
"seabirds","84441c9ffffffff",8,4,1.25548232517875,0.3125,NA
"seabirds","84441cbffffffff",162,159,5.06192421743386,0.00640146319158665,49.7181964573091
"seabirds","84441cdffffffff",6,3,0.867563228481461,0.5,NA
"seabirds","84441d1ffffffff",5,4,1.33217904021012,0.28,NA
"seabirds","84441d3ffffffff",7,2,0.682908104700472,0.510204081632653,NA
"seabirds","84441d7ffffffff",3,1,0,1,NA
"seabirds","84441d9ffffffff",22,8,1.91838610553194,0.165289256198347,NA
"seabirds","84441dbffffffff",18,7,1.66295046658821,0.228395061728395,NA
"seabirds","84441ddffffffff",1,1,0,1,NA
"seabirds","84441e1ffffffff",2,2,0.693147180559945,0.5,NA
"seabirds","84441e7ffffffff",159,159,5.06890420222023,0.00628930817610063,49.9999999999983
"seabirds","84441e9ffffffff",1,1,0,1,NA
"seabirds","84441ebffffffff",160,159,5.06650947547682,0.006328125,49.9036949685703
"seabirds","844421dffffffff",1,1,0,1,NA
"seabirds","8444231ffffffff",19,19,2.94443897916644,0.0526315789473684,NA
"seabirds","8444255ffffffff",1,1,0,1,NA
"seabirds","8444283ffffffff",3,2,0.636514168294813,0.555555555555556,NA
"seabirds","8444287ffffffff",17,9,2.01774607280922,0.155709342560554,NA
"seabirds","844428bffffffff",1,1,0,1,NA
"seabirds","8444291ffffffff",9,6,1.73512645696292,0.185185185185185,NA
"seabirds","8444297ffffffff",11,5,1.2945451658449,0.355371900826446,NA
"seabirds","8444299ffffffff",5,3,0.950270539233235,0.44,NA
"seabirds","844429bffffffff",1,1,0,1,NA
"seabirds","844429dffffffff",10,6,1.69574253416963,0.2,NA
"seabirds","84442a3ffffffff",14,6,1.67311836264325,0.204081632653061,NA
"seabirds","84442a5ffffffff",2,2,0.693147180559945,0.5,NA
"seabirds","84442a7ffffffff",15,5,1.33786067783643,0.315555555555556,NA
"seabirds","84442a9ffffffff",1,1,0,1,NA
"seabirds","84442abffffffff",38,30,3.24523247818091,0.0512465373961219,NA
"seabirds","84442b1ffffffff",11,7,1.76776147228933,0.206611570247934,NA
"seabirds","84442b3ffffffff",8,5,1.49417513828931,0.25,NA
"seabirds","84442b7ffffffff",7,2,0.682908104700472,0.510204081632653,NA
"seabirds","84442b9ffffffff",2,2,0.693147180559945,0.5,NA
"seabirds","84442bdffffffff",8,7,1.90615474653985,0.15625,NA
"seabirds","84442c1ffffffff",1,1,0,1,NA
"seabirds","84442d3ffffffff",24,24,3.17805383034795,0.0416666666666667,NA
"seabirds","84442ddffffffff",19,19,2.94443897916644,0.0526315789473684,NA
"seabirds","844430dffffffff",1,1,0,1,NA
"seabirds","8444327ffffffff",1,1,0,1,NA
"seabirds","8444329ffffffff",221,101,4.60043854737335,0.0102168260273131,43.2055273493529
"seabirds","844432dffffffff",1,1,0,1,NA
"seabirds","8444331ffffffff",1,1,0,1,NA
"seabirds","8444333ffffffff",45,8,1.52055686020881,0.286913580246914,NA
"seabirds","8444337ffffffff",24,3,0.814644504904629,0.482638888888889,NA
"seabirds","844433bffffffff",6,3,1.01140426470735,0.388888888888889,NA
"seabirds","8444409ffffffff",1,1,0,1,NA
"seabirds","8444441ffffffff",1,1,0,1,NA
"seabirds","8444451ffffffff",1,1,0,1,NA
"seabirds","8444465ffffffff",4,3,1.03972077083992,0.375,NA
"seabirds","8444541ffffffff",8,3,0.974314752869349,0.40625,NA
"seabirds","8444543ffffffff",1,1,0,1,NA
"seabirds","8444545ffffffff",40,9,1.56291402605526,0.30125,NA
"seabirds","8444547ffffffff",3,1,0,1,NA
"seabirds","8444549ffffffff",27,8,1.68207203938937,0.272976680384088,NA
"seabirds","844454dffffffff",45,9,1.32024735180755,0.36,NA
"seabirds","8444561ffffffff",13,6,1.5857708352081,0.242603550295858,NA
"seabirds","8444565ffffffff",170,145,4.76677332720266,0.0161937716262975,44.986994341883
"seabirds","8444567ffffffff",2,2,0.693147180559945,0.5,NA
"seabirds","8444569ffffffff",12,6,1.5396544474401,0.263888888888889,NA
"seabirds","844456dffffffff",48,24,2.72639425582791,0.0998263888888889,NA
"seabirds","8444601ffffffff",8,4,1.2130075659799,0.34375,NA
"seabirds","8444605ffffffff",7,4,1.15374194270109,0.387755102040816,NA
"seabirds","8444609ffffffff",10,4,0.940447988655326,0.52,NA
"seabirds","844460bffffffff",2,2,0.693147180559945,0.5,NA
"seabirds","844460dffffffff",19,6,1.53154761391858,0.246537396121884,NA
"seabirds","8444611ffffffff",2,1,0,1,NA
"seabirds","8444613ffffffff",3,2,0.636514168294813,0.555555555555556,NA
"seabirds","8444615ffffffff",2,2,0.693147180559945,0.5,NA
"seabirds","8444619ffffffff",1,1,0,1,NA
"seabirds","844461bffffffff",2,2,0.693147180559945,0.5,NA
"seabirds","844461dffffffff",1,1,0,1,NA
"seabirds","8444625ffffffff",1,1,0,1,NA
"seabirds","8444629ffffffff",163,154,4.9814587758343,0.00801686175618201,48.4367435899895
"seabirds","844462dffffffff",7,3,1.00424247305408,0.387755102040816,NA
"seabirds","8444631ffffffff",1,1,0,1,NA
"seabirds","8444633ffffffff",154,154,5.03695260241363,0.00649350649350649,49.999999999986
"seabirds","8444635ffffffff",1,1,0,1,NA
"seabirds","8444637ffffffff",2,2,0.693147180559945,0.5,NA
"seabirds","8444639ffffffff",2,1,0,1,NA
"seabirds","844463dffffffff",155,154,5.03448128233138,0.00653485952133195,49.8973607038045
"seabirds","8444641ffffffff",27,7,1.60214024187013,0.251028806584362,NA
"seabirds","8444643ffffffff",23,8,1.94178505863137,0.156899810964083,NA
"seabirds","8444645ffffffff",24,10,2.03696678248099,0.15625,NA
"seabirds","8444647ffffffff",32,9,1.7400702512876,0.248046875,NA
"seabirds","8444649ffffffff",63,8,1.53230987760552,0.260770975056689,7.46748591909882
"seabirds","844464bffffffff",15,7,1.67920433160271,0.235555555555556,NA
"seabirds","844464dffffffff",13,6,1.48445753581749,0.289940828402367,NA
"seabirds","8444651ffffffff",26,9,1.88487133357816,0.189349112426036,NA
"seabirds","8444653ffffffff",12,5,1.31437384300695,0.333333333333333,NA
"seabirds","8444655ffffffff",7,4,1.15374194270109,0.387755102040816,NA
"seabirds","8444657ffffffff",4,3,1.03972077083992,0.375,NA
"seabirds","8444659ffffffff",35,8,1.57984828046291,0.291428571428571,NA
"seabirds","844465bffffffff",34,6,1.20537133167611,0.422145328719723,NA
"seabirds","844465dffffffff",18,9,1.81214281035847,0.240740740740741,NA
"seabirds","8444661ffffffff",33,7,1.80050100102312,0.188246097337006,NA
"seabirds","8444663ffffffff",25,7,1.71048697061982,0.216,NA
"seabirds","8444665ffffffff",18,6,1.51276339696611,0.259259259259259,NA
"seabirds","8444667ffffffff",48,31,3.22109321593756,0.0512152777777778,NA
"seabirds","8444669ffffffff",15,4,1.0625354080616,0.404444444444444,NA
"seabirds","844466bffffffff",14,4,1.30130555043691,0.295918367346939,NA
"seabirds","844466dffffffff",23,6,1.5069268325816,0.262759924385633,NA
"seabirds","844468dffffffff",1,1,0,1,NA
"seabirds","84446c5ffffffff",1,1,0,1,NA
"seabirds","84446edffffffff",1,1,0,1,NA
"seabirds","8444701ffffffff",65,10,2.06441382099644,0.149349112426035,9.69783630986333
"seabirds","8444703ffffffff",59,7,0.969060061187399,0.553576558460212,6.38980523509335
"seabirds","8444705ffffffff",43,10,1.97114806570046,0.16928069226609,NA
"seabirds","8444707ffffffff",57,14,2.11729846654432,0.179439827639274,13.539296473507
"seabirds","8444709ffffffff",25,11,2.15795410761013,0.1392,NA
"seabirds","844470bffffffff",30,6,1.45546394477739,0.308888888888889,NA
"seabirds","844470dffffffff",17,6,1.56437010289277,0.245674740484429,NA
"seabirds","8444711ffffffff",5,2,0.500402423538188,0.68,NA
"seabirds","8444715ffffffff",20,5,1.41502258849356,0.275,NA
"seabirds","8444717ffffffff",1,1,0,1,NA
"seabirds","844471dffffffff",3,2,0.636514168294813,0.555555555555556,NA
"seabirds","8444721ffffffff",20,8,1.88759203792474,0.175,NA
"seabirds","8444723ffffffff",97,14,1.81411385524903,0.250717398235732,10.2418409003038
"seabirds","8444725ffffffff",26,10,2.03175921856927,0.165680473372781,NA
"seabirds","8444727ffffffff",23,9,1.56519289552742,0.34593572778828,NA
"seabirds","8444729ffffffff",38,14,2.27146871127904,0.148199445983379,NA
"seabirds","844472bffffffff",62,12,1.98938672576181,0.18366285119667,11.121068275459
"seabirds","844472dffffffff",10,7,1.83437197028162,0.18,NA
"seabirds","8444739ffffffff",5,3,1.05492016798614,0.36,NA
"seabirds","844473bffffffff",7,4,1.15374194270109,0.387755102040816,NA
"seabirds","844473dffffffff",4,3,1.03972077083992,0.375,NA
"seabirds","8444741ffffffff",23,9,1.93681859771259,0.175803402646503,NA
"seabirds","8444743ffffffff",8,5,1.38629436111989,0.3125,NA
"seabirds","8444745ffffffff",4,2,0.562335144618808,0.625,NA
"seabirds","8444747ffffffff",16,7,1.721402322014,0.21875,NA
"seabirds","8444749ffffffff",5,3,1.05492016798614,0.36,NA
"seabirds","844474bffffffff",7,2,0.410116318288409,0.755102040816326,NA
"seabirds","844474dffffffff",12,6,1.5396544474401,0.263888888888889,NA
"seabirds","8444751ffffffff",45,12,2.20397986495676,0.131851851851852,NA
"seabirds","8444753ffffffff",4,4,1.38629436111989,0.25,NA
"seabirds","8444755ffffffff",3,3,1.09861228866811,0.333333333333333,NA
"seabirds","8444757ffffffff",32,10,1.68430961656724,0.310546875,NA
"seabirds","8444759ffffffff",18,5,1.55301913470341,0.222222222222222,NA
"seabirds","844475bffffffff",29,9,1.87906909671439,0.189060642092747,NA
"seabirds","844475dffffffff",34,8,1.90424054287069,0.167820069204152,NA
"seabirds","8444761ffffffff",27,9,1.95152853532533,0.171467764060357,NA
"seabirds","8444763ffffffff",33,11,2.16306160943883,0.13682277318641,NA
"seabirds","8444767ffffffff",10,3,0.943348392329039,0.42,NA
"seabirds","8444769ffffffff",16,8,1.96009513512456,0.15625,NA
"seabirds","844476bffffffff",13,6,1.5857708352081,0.242603550295858,NA
"seabirds","8444811ffffffff",2,1,0,1,NA
"seabirds","8444813ffffffff",21,5,1.35392719105583,0.310657596371882,NA
"seabirds","8444817ffffffff",7,5,1.5498260458782,0.224489795918367,NA
"seabirds","844481bffffffff",17,2,0.223718076065834,0.889273356401384,NA
"seabirds","8444831ffffffff",12,3,1.01140426470735,0.388888888888889,NA
"seabirds","8444835ffffffff",6,3,1.01140426470735,0.388888888888889,NA
"seabirds","8444837ffffffff",4,4,1.38629436111989,0.25,NA
"seabirds","844483bffffffff",12,6,1.67623493913473,0.208333333333333,NA
"seabirds","844483dffffffff",6,1,0,1,NA
"seabirds","8444853ffffffff",10,1,0,1,NA
"seabirds","8444865ffffffff",1,1,0,1,NA
"seabirds","8444881ffffffff",6,1,0,1,NA
"seabirds","8444883ffffffff",23,6,1.35683183825893,0.338374291115312,NA
"seabirds","8444887ffffffff",14,4,1.23965939205439,0.316326530612245,NA
"seabirds","8444889ffffffff",4,1,0,1,NA
"seabirds","844488bffffffff",17,6,1.62592870804154,0.217993079584775,NA
"seabirds","844488dffffffff",18,3,0.683738905848754,0.62962962962963,NA
"seabirds","8444891ffffffff",11,4,1.2406842919534,0.322314049586777,NA
"seabirds","8444893ffffffff",25,8,1.79072161224715,0.2032,NA
"seabirds","8444895ffffffff",35,3,0.760439096594015,0.513469387755102,NA
"seabirds","8444897ffffffff",13,3,0.983961446001026,0.408284023668639,NA
"seabirds","8444899ffffffff",48,12,2.15249131257431,0.161458333333333,NA
"seabirds","844489bffffffff",150,16,1.77166696786219,0.269688888888889,9.98208952528526
"seabirds","844489dffffffff",116,15,2.16302923071543,0.15115933412604,11.5671882299991
"seabirds","84448a1ffffffff",7,3,0.955699891112534,0.428571428571429,NA
"seabirds","84448a3ffffffff",21,8,1.91354842776095,0.170068027210884,NA
"seabirds","84448a5ffffffff",40,6,1.56389872849307,0.2325,NA
"seabirds","84448a7ffffffff",21,7,1.67111267682014,0.233560090702948,NA
"seabirds","84448a9ffffffff",2,1,0,1,NA
"seabirds","84448abffffffff",10,3,1.08889997534522,0.34,NA
"seabirds","84448bdffffffff",22,7,1.66428680659697,0.239669421487603,NA
"seabirds","84448c1ffffffff",6,2,0.636514168294813,0.555555555555556,NA
"seabirds","84448c3ffffffff",2,1,0,1,NA
"seabirds","84448c5ffffffff",2,1,0,1,NA
"seabirds","84448c7ffffffff",6,1,0,1,NA
"seabirds","84448c9ffffffff",15,5,1.39539709232679,0.297777777777778,NA
"seabirds","84448cbffffffff",10,6,1.69574253416963,0.2,NA
"seabirds","84448cdffffffff",4,2,0.693147180559945,0.5,NA
"seabirds","84448d1ffffffff",31,11,2.01949461146979,0.167533818938606,NA
"seabirds","84448d3ffffffff",51,7,1.52935044645815,0.265667051134179,6.96078431372549
"seabirds","84448d5ffffffff",2,1,0,1,NA
"seabirds","84448d7ffffffff",56,15,2.35632519530783,0.126275510204082,14.4349800526271
"seabirds","84448d9ffffffff",103,17,2.27900832447846,0.142991799415591,13.2668617232922
"seabirds","84448dbffffffff",169,20,2.20837309413615,0.154791498897097,12.3811721579107
"seabirds","84448ddffffffff",23,8,1.77020616505376,0.213610586011342,NA
"seabirds","84448e3ffffffff",9,4,1.00271826451752,0.481481481481481,NA
"seabirds","84448e5ffffffff",6,4,1.32966134885476,0.277777777777778,NA
"seabirds","84448e7ffffffff",4,2,0.693147180559945,0.5,NA
"seabirds","84448ebffffffff",2,1,0,1,NA
"seabirds","8444983ffffffff",12,3,0.823959216501082,0.513888888888889,NA
"seabirds","8444987ffffffff",5,3,1.05492016798614,0.36,NA
"seabirds","8444989ffffffff",3,3,1.09861228866811,0.333333333333333,NA
"seabirds","844498bffffffff",9,6,1.67698777432242,0.209876543209877,NA
"seabirds","8444991ffffffff",15,6,1.45486710926629,0.288888888888889,NA
"seabirds","8444993ffffffff",14,8,1.86621602358595,0.193877551020408,NA
"seabirds","8444997ffffffff",1,1,0,1,NA
"seabirds","8444999ffffffff",18,2,0.529706199057654,0.654320987654321,NA
"seabirds","844499bffffffff",12,5,1.42412991734677,0.277777777777778,NA
"seabirds","844499dffffffff",15,3,0.729871209983116,0.582222222222222,NA
"seabirds","84449a9ffffffff",1,1,0,1,NA
"seabirds","84449b5ffffffff",1,1,0,1,NA
"seabirds","84449c9ffffffff",16,7,1.81951134896986,0.1796875,NA
"seabirds","84449cbffffffff",4,3,1.03972077083992,0.375,NA
"seabirds","84449d1ffffffff",4,3,1.03972077083992,0.375,NA
"seabirds","84449d5ffffffff",4,3,1.03972077083992,0.375,NA
"seabirds","84449d7ffffffff",5,4,1.33217904021012,0.28,NA
"seabirds","84449d9ffffffff",13,5,1.31143133747324,0.325443786982249,NA
"seabirds","84449dbffffffff",4,3,1.03972077083992,0.375,NA
"seabirds","84449ddffffffff",6,3,1.01140426470735,0.388888888888889,NA
"seabirds","84449e9ffffffff",1,1,0,1,NA
"seabirds","8444a11ffffffff",36,8,1.93710617582932,0.160493827160494,NA
"seabirds","8444a15ffffffff",2,1,0,1,NA
"seabirds","8444a17ffffffff",84,14,2.2960275330413,0.127551020408163,12.7891384569968
"seabirds","8444a19ffffffff",2,2,0.693147180559945,0.5,NA
"seabirds","8444a1dffffffff",21,6,1.54238090285834,0.256235827664399,NA
"seabirds","8444a21ffffffff",1,1,0,1,NA
"seabirds","8444a31ffffffff",4,2,0.693147180559945,0.5,NA
"seabirds","8444a3bffffffff",4,2,0.693147180559945,0.5,NA
"seabirds","8444a51ffffffff",1,1,0,1,NA
"seabirds","8444a53ffffffff",2,2,0.693147180559945,0.5,NA
"seabirds","8444a57ffffffff",1,1,0,1,NA
"seabirds","8444a5bffffffff",21,3,0.668017818660753,0.619047619047619,NA
"seabirds","8444a61ffffffff",1,1,0,1,NA
"seabirds","8444a81ffffffff",2,1,0,1,NA
"seabirds","8444a83ffffffff",2,2,0.693147180559945,0.5,NA
"seabirds","8444a85ffffffff",5,4,1.33217904021012,0.28,NA
"seabirds","8444a87ffffffff",15,8,1.99134641341099,0.146666666666667,NA
"seabirds","8444a8dffffffff",13,6,1.41051355711484,0.337278106508876,NA
"seabirds","8444aa1ffffffff",1,1,0,1,NA
"seabirds","8444aa3ffffffff",28,6,1.61705606152562,0.227040816326531,NA
"seabirds","8444aa7ffffffff",6,4,1.32966134885476,0.277777777777778,NA
"seabirds","8444aabffffffff",8,4,1.38629436111989,0.25,NA
"seabirds","8444aadffffffff",8,1,0,1,NA
"seabirds","8444ab1ffffffff",19,6,1.4994226308586,0.274238227146814,NA
"seabirds","8444ab3ffffffff",25,8,1.55239151231943,0.3152,NA
"seabirds","8444ab5ffffffff",3,2,0.636514168294813,0.555555555555556,NA
"seabirds","8444ab7ffffffff",62,11,1.93485347688441,0.18834547346514,10.2132700108371
"seabirds","8444ab9ffffffff",201,10,0.99093655624792,0.590356674339744,6.60075708860403
"seabirds","8444abbffffffff",169,14,1.15348991643648,0.556178004971815,8.34245760576117
"seabirds","8444abdffffffff",8,4,1.38629436111989,0.25,NA
"seabirds","8444ac5ffffffff",1,1,0,1,NA
"seabirds","8444ae1ffffffff",56,6,1.3244117028367,0.323341836734694,5.7856734460508
"seabirds","8444ae3ffffffff",8,4,1.2130075659799,0.34375,NA
"seabirds","8444ae7ffffffff",8,1,0,1,NA
"seabirds","8444ae9ffffffff",29,7,1.64544413801845,0.246135552913199,NA
"seabirds","8444aebffffffff",5,3,1.05492016798614,0.36,NA
"seabirds","8444aedffffffff",2,1,0,1,NA
"seabirds","8444b0dffffffff",1,1,0,1,NA
"seabirds","8444b27ffffffff",1,1,0,1,NA
"seabirds","8444b39ffffffff",1,1,0,1,NA
"seabirds","8444e41ffffffff",4,4,1.38629436111989,0.25,NA
"seabirds","8444e45ffffffff",4,1,0,1,NA
"seabirds","8444e49ffffffff",2,2,0.693147180559945,0.5,NA
"seabirds","8444e4bffffffff",4,4,1.38629436111989,0.25,NA
"seabirds","8444e51ffffffff",16,5,1.33166028682243,0.3125,NA
"seabirds","8444e59ffffffff",9,4,1.00271826451752,0.481481481481481,NA
"seabirds","8444e5bffffffff",294,145,4.97388299052942,0.0069415521310565,45.667165365378
"seabirds","8444e5dffffffff",1,1,0,1,NA
"seabirds","8444e6dffffffff",1,1,0,1,NA
"seabirds","8444f05ffffffff",459,14,1.07899310579833,0.571636739905354,7.1698298065598
"seabirds","8444f07ffffffff",142,15,1.39657621523665,0.427296171394565,8.64512245091517
"seabirds","8444f21ffffffff",28,10,2.02584734930786,0.160714285714286,NA
"seabirds","8444f23ffffffff",111,21,2.5313393517359,0.102832562292022,15.0985237776387
"seabirds","8444f25ffffffff",47,11,2.02574592384235,0.167949298325034,NA
"seabirds","8444f27ffffffff",48,16,2.46613066529808,0.105034722222222,NA
"seabirds","8444f29ffffffff",57,11,2.11043680904784,0.14558325638658,10.7267801895409
"seabirds","8444f2bffffffff",531,17,1.60879556692052,0.351846531967187,9.18043570687475
"seabirds","8444f2dffffffff",34,10,2.08442976821535,0.145328719723183,NA
"seabirds","8444f3dffffffff",556,21,2.04991088935687,0.235391542880803,11.8787427134129
"seabirds","8444f61ffffffff",321,16,1.03874934932525,0.59788821925253,7.3059892892957
"seabirds","8444f63ffffffff",245,12,1.31586149162236,0.452594752186589,7.82754855228972
"seabirds","8444f65ffffffff",14,4,1.27703425946614,0.306122448979592,NA
"seabirds","8444f67ffffffff",12,7,1.79175946922805,0.194444444444444,NA
"seabirds","8444f6bffffffff",1,1,0,1,NA
"seabirds","8444f6dffffffff",257,10,1.03592025358111,0.539190600917501,5.89604525894568
"seabirds","8445037ffffffff",1,1,0,1,NA
"seabirds","8445055ffffffff",1,1,0,1,NA
"seabirds","8445093ffffffff",1,1,0,1,NA
"seabirds","84450a5ffffffff",2,2,0.693147180559945,0.5,NA
"seabirds","84450a9ffffffff",1,1,0,1,NA
"seabirds","84450b1ffffffff",118,118,4.77068462446566,0.00847457627118644,49.9999999999962
"seabirds","84450c1ffffffff",1,1,0,1,NA
"seabirds","84450d3ffffffff",1,1,0,1,NA
"seabirds","84451b5ffffffff",1,1,0,1,NA
"seabirds","84451c7ffffffff",1,1,0,1,NA
"seabirds","84452bdffffffff",1,1,0,1,NA
"seabirds","8445331ffffffff",1,1,0,1,NA
"seabirds","8445415ffffffff",1,1,0,1,NA
"seabirds","844541bffffffff",1,1,0,1,NA
"seabirds","844543bffffffff",7,7,1.94591014905531,0.142857142857143,NA
"seabirds","8445463ffffffff",1,1,0,1,NA
"seabirds","8445483ffffffff",2,1,0,1,NA
"seabirds","8445487ffffffff",3,2,0.636514168294813,0.555555555555556,NA
"seabirds","8445491ffffffff",7,5,1.4750763110547,0.26530612244898,NA
"seabirds","8445493ffffffff",29,9,1.96257570627456,0.162901307966706,NA
"seabirds","8445495ffffffff",13,3,0.79026796807459,0.538461538461538,NA
"seabirds","8445497ffffffff",12,2,0.450561208866305,0.722222222222222,NA
"seabirds","8445499ffffffff",12,4,1.28605733687438,0.291666666666667,NA
"seabirds","844549bffffffff",29,6,1.5494875243982,0.253269916765755,NA
"seabirds","844549dffffffff",7,3,0.796311640173813,0.551020408163265,NA
"seabirds","84454a1ffffffff",13,7,1.69240886298655,0.230769230769231,NA
"seabirds","84454a3ffffffff",23,6,1.35081258008137,0.323251417769376,NA
"seabirds","84454a5ffffffff",2,2,0.693147180559945,0.5,NA
"seabirds","84454a7ffffffff",7,5,1.47507631105469,0.26530612244898,NA
"seabirds","84454abffffffff",13,5,1.43888295021699,0.266272189349112,NA
"seabirds","84454b1ffffffff",30,26,3.19891652872068,0.0444444444444445,NA
"seabirds","84454b3ffffffff",3,1,0,1,NA
"seabirds","84454b5ffffffff",48,8,1.7419714976969,0.209201388888889,NA
"seabirds","84454b7ffffffff",16,3,0.831402520495638,0.5234375,NA
"seabirds","84454b9ffffffff",5,2,0.673011667009257,0.52,NA
"seabirds","84454bbffffffff",13,7,1.77823330579971,0.195266272189349,NA
"seabirds","84454bdffffffff",7,4,1.27703425946614,0.306122448979592,NA
"seabirds","84454c5ffffffff",1,1,0,1,NA
"seabirds","84454cbffffffff",1,1,0,1,NA
"seabirds","84454d7ffffffff",1,1,0,1,NA
"seabirds","8445511ffffffff",35,35,3.55534806148941,0.0285714285714286,NA
"seabirds","8445523ffffffff",32,32,3.46573590279973,0.03125,NA
"seabirds","8445527ffffffff",1,1,0,1,NA
"seabirds","844552bffffffff",118,118,4.77068462446566,0.00847457627118644,49.9999999999962
"seabirds","8445533ffffffff",32,32,3.46573590279973,0.03125,NA
"seabirds","8445537ffffffff",1,1,0,1,NA
"seabirds","844553dffffffff",32,32,3.46573590279973,0.03125,NA
"seabirds","8445555ffffffff",1,1,0,1,NA
"seabirds","8445565ffffffff",118,118,4.77068462446566,0.00847457627118644,49.9999999999962
"seabirds","8445583ffffffff",9,4,1.31078367809971,0.283950617283951,NA
"seabirds","8445587ffffffff",5,3,0.950270539233235,0.44,NA
"seabirds","844558dffffffff",25,25,3.2188758248682,0.04,NA
"seabirds","8445591ffffffff",24,3,0.823959216501082,0.513888888888889,NA
"seabirds","8445593ffffffff",2,1,0,1,NA
"seabirds","8445595ffffffff",23,6,1.53464321279448,0.247637051039698,NA
"seabirds","8445597ffffffff",26,8,1.68863095891812,0.242603550295858,NA
"seabirds","8445599ffffffff",1,1,0,1,NA
"seabirds","844559bffffffff",13,6,1.2852930241201,0.408284023668639,NA
"seabirds","844559dffffffff",13,7,1.73265872019921,0.218934911242604,NA
"seabirds","84455a3ffffffff",1,1,0,1,NA
"seabirds","84455a5ffffffff",20,6,1.50994476516758,0.255,NA
"seabirds","84455a7ffffffff",17,9,2.00288304109065,0.162629757785467,NA
"seabirds","84455a9ffffffff",28,28,3.3322045101752,0.0357142857142857,NA
"seabirds","84455b1ffffffff",28,11,2.13492821710045,0.150510204081633,NA
"seabirds","84455b3ffffffff",39,31,3.34364756279429,0.0401051939513478,NA
"seabirds","84455b5ffffffff",11,6,1.64173471218752,0.223140495867769,NA
"seabirds","84455b7ffffffff",48,14,2.28543134580511,0.134548611111111,NA
"seabirds","84455b9ffffffff",1,1,0,1,NA
"seabirds","84455bbffffffff",11,5,1.54659868604851,0.223140495867769,NA
"seabirds","84455bdffffffff",19,8,1.90966042154043,0.168975069252078,NA
"seabirds","844566dffffffff",35,35,3.55534806148941,0.0285714285714286,NA
"seabirds","8445681ffffffff",7,7,1.94591014905531,0.142857142857143,NA
"seabirds","844569bffffffff",1,1,0,1,NA
"seabirds","84456d1ffffffff",116,109,4.66993449690085,0.00966111771700356,48.7143928035998
"seabirds","84456dbffffffff",218,109,4.69134788222914,0.0091743119266055,44.3548387096835
"seabirds","8445753ffffffff",35,35,3.55534806148941,0.0285714285714286,NA
"seabirds","8445807ffffffff",1,1,0,1,NA
"seabirds","8445831ffffffff",1,1,0,1,NA
"seabirds","844584bffffffff",16,3,0.777462131910929,0.5390625,NA
"seabirds","8445857ffffffff",1,1,0,1,NA
"seabirds","8445859ffffffff",20,3,0.948915435895399,0.415,NA
"seabirds","844585bffffffff",3,2,0.636514168294813,0.555555555555556,NA
"seabirds","844585dffffffff",17,4,1.07101788902446,0.418685121107266,NA
"seabirds","844586bffffffff",1,1,0,1,NA
"seabirds","8445895ffffffff",1,1,0,1,NA
"seabirds","84458c9ffffffff",1,1,0,1,NA
"seabirds","84458dbffffffff",1,1,0,1,NA
"seabirds","844592bffffffff",1,1,0,1,NA
"seabirds","8445937ffffffff",1,1,0,1,NA
"seabirds","8445a81ffffffff",2,2,0.693147180559945,0.5,NA
"seabirds","8445a93ffffffff",1,1,0,1,NA
"seabirds","8445aa1ffffffff",1,1,0,1,NA
"seabirds","8445ae3ffffffff",1,1,0,1,NA
"seabirds","8445ae5ffffffff",5,3,0.950270539233235,0.44,NA
"seabirds","8445b09ffffffff",1,1,0,1,NA
"seabirds","8445b29ffffffff",3,2,0.636514168294813,0.555555555555556,NA
"seabirds","8445b4dffffffff",4,2,0.562335144618808,0.625,NA
"seabirds","8445b61ffffffff",4,1,0,1,NA
"seabirds","8445b67ffffffff",1,1,0,1,NA
"seabirds","8445b69ffffffff",6,2,0.693147180559945,0.5,NA
"seabirds","8445b6dffffffff",23,2,0.669327963292645,0.523629489603025,NA
"seabirds","8448901ffffffff",5,3,1.05492016798614,0.36,NA
"seabirds","8448905ffffffff",7,4,1.27703425946614,0.306122448979592,NA
"seabirds","8448907ffffffff",8,5,1.49417513828931,0.25,NA
"seabirds","844890dffffffff",21,5,1.21053676261531,0.369614512471655,NA
"seabirds","8448925ffffffff",2,2,0.693147180559945,0.5,NA
"seabirds","8448927ffffffff",11,4,1.2406842919534,0.322314049586777,NA
"seabirds","8448929ffffffff",7,3,1.07899220787758,0.346938775510204,NA
"seabirds","844892bffffffff",1,1,0,1,NA
"seabirds","844892dffffffff",19,5,1.27900751927456,0.329639889196676,NA
"seabirds","8448941ffffffff",163,162,5.08524532742566,0.00621024502239452,49.9072180565119
"seabirds","8448943ffffffff",168,162,5.05956053723415,0.00680272108843537,49.1706571629698
"seabirds","8448945ffffffff",32,28,3.29244910765974,0.0390625,NA
"seabirds","8448949ffffffff",4,4,1.38629436111989,0.25,NA
"seabirds","844894bffffffff",3,2,0.636514168294813,0.555555555555556,NA
"seabirds","844894dffffffff",8,6,1.73286795139986,0.1875,NA
"seabirds","8448955ffffffff",3,2,0.636514168294813,0.555555555555556,NA
"seabirds","844895dffffffff",162,162,5.08759633523238,0.00617283950617284,49.9999999999814
"seabirds","8448961ffffffff",8,4,1.32088834314932,0.28125,NA
"seabirds","8448963ffffffff",43,10,1.70271923471131,0.269875608436993,NA
"seabirds","8448965ffffffff",17,8,1.97617558963638,0.14878892733564,NA
"seabirds","8448967ffffffff",37,7,1.59777427359286,0.269539810080351,NA
"seabirds","8448969ffffffff",10,6,1.69574253416963,0.2,NA
"seabirds","844896bffffffff",30,12,2.21106887114461,0.137777777777778,NA
"seabirds","844896dffffffff",8,8,2.07944154167984,0.125,NA
"seabirds","84489adffffffff",1,1,0,1,NA
"seabirds","8448b05ffffffff",1,1,0,1,NA
"seabirds","8448b23ffffffff",3,2,0.636514168294813,0.555555555555556,NA
"seabirds","8448b2bffffffff",4,3,1.03972077083992,0.375,NA
"seabirds","8448b35ffffffff",1,1,0,1,NA
"seabirds","8448b6bffffffff",1,1,0,1,NA
"seabirds","8449963ffffffff",1,1,0,1,NA
"seabirds","8449969ffffffff",4,1,0,1,NA
"seabirds","844c02bffffffff",1,1,0,1,NA
"seabirds","844c04dffffffff",1,1,0,1,NA
"seabirds","844c051ffffffff",1,1,0,1,NA
"seabirds","844c061ffffffff",1,1,0,1,NA
"seabirds","844c119ffffffff",1,1,0,1,NA
"seabirds","844c127ffffffff",1,1,0,1,NA
"seabirds","844c15dffffffff",1,1,0,1,NA
"seabirds","844c19dffffffff",1,1,0,1,NA
"seabirds","844c1bdffffffff",1,1,0,1,NA
"seabirds","844c1ddffffffff",1,1,0,1,NA
"seabirds","844c1e5ffffffff",1,1,0,1,NA
"seabirds","844c21bffffffff",1,1,0,1,NA
"seabirds","844c255ffffffff",1,1,0,1,NA
"seabirds","844c261ffffffff",1,1,0,1,NA
"seabirds","844c2a1ffffffff",1,1,0,1,NA
"seabirds","844c2b3ffffffff",1,1,0,1,NA
"seabirds","844c2cbffffffff",1,1,0,1,NA
"seabirds","844c365ffffffff",1,1,0,1,NA
"seabirds","844c801ffffffff",16,5,1.33166028682243,0.3125,NA
"seabirds","844c807ffffffff",3,2,0.636514168294813,0.555555555555556,NA
"seabirds","844c809ffffffff",19,5,1.48976736400735,0.240997229916897,NA
"seabirds","844c835ffffffff",8,6,1.73286795139986,0.1875,NA
"seabirds","844c837ffffffff",1,1,0,1,NA
"seabirds","844c83dffffffff",5,3,1.05492016798614,0.36,NA
"seabirds","844c841ffffffff",1,1,0,1,NA
"seabirds","844c847ffffffff",5,3,0.950270539233235,0.44,NA
"seabirds","844c855ffffffff",1,1,0,1,NA
"seabirds","844c895ffffffff",1,1,0,1,NA
"seabirds","844c8a3ffffffff",1,1,0,1,NA
"seabirds","844c8c3ffffffff",1,1,0,1,NA
"seabirds","844c8c7ffffffff",1,1,0,1,NA
"seabirds","844c8d1ffffffff",2,2,0.693147180559945,0.5,NA
"seabirds","844c901ffffffff",1,1,0,1,NA
"seabirds","844c93bffffffff",1,1,0,1,NA
"seabirds","844c969ffffffff",1,1,0,1,NA
"seabirds","844c989ffffffff",1,1,0,1,NA
"seabirds","844c9d5ffffffff",9,3,0.683738905848754,0.62962962962963,NA
"seabirds","844c9d9ffffffff",1,1,0,1,NA
"seabirds","844c9ddffffffff",2,2,0.693147180559945,0.5,NA
"seabirds","844ca09ffffffff",1,1,0,1,NA
"seabirds","844ca5bffffffff",1,1,0,1,NA
"seabirds","844ca9bffffffff",1,1,0,1,NA
"seabirds","844caa3ffffffff",3,2,0.636514168294813,0.555555555555556,NA
"seabirds","844cac3ffffffff",1,1,0,1,NA
"seabirds","844cb05ffffffff",1,1,0,1,NA
"seabirds","844cb25ffffffff",1,1,0,1,NA
"seabirds","844cb37ffffffff",1,1,0,1,NA
"seabirds","844cb57ffffffff",1,1,0,1,NA
"seabirds","844cb69ffffffff",1,1,0,1,NA
"seabirds","844cc01ffffffff",5,3,0.950270539233235,0.44,NA
"seabirds","844cc03ffffffff",7,3,1.00424247305408,0.387755102040816,NA
"seabirds","844cc05ffffffff",4,4,1.38629436111989,0.25,NA
"seabirds","844cc09ffffffff",1,1,0,1,NA
"seabirds","844cc15ffffffff",10,5,1.35923670066501,0.32,NA
"seabirds","844cc19ffffffff",91,5,0.35993875324962,0.854365414804975,3.61046070034847
"seabirds","844cc1bffffffff",166,2,0.0368010221300625,0.98802438670344,1.301204819277
"seabirds","844cc1dffffffff",6,2,0.450561208866305,0.722222222222222,NA
"seabirds","844cc27ffffffff",1,1,0,1,NA
"seabirds","844cc31ffffffff",14,4,1.17099712611621,0.357142857142857,NA
"seabirds","844cc35ffffffff",2,1,0,1,NA
"seabirds","844cc37ffffffff",3,2,0.636514168294813,0.555555555555556,NA
"seabirds","844cc39ffffffff",7,4,1.15374194270109,0.387755102040816,NA
"seabirds","844cc43ffffffff",1,1,0,1,NA
"seabirds","844cc47ffffffff",1,1,0,1,NA
"seabirds","844cc49ffffffff",2,2,0.693147180559945,0.5,NA
"seabirds","844cc53ffffffff",979,2,0.020795870104379,0.993890077740831,1.14566674027329
"seabirds","844cc57ffffffff",4,2,0.693147180559945,0.5,NA
"seabirds","844cc59ffffffff",1,1,0,1,NA
"seabirds","844cc61ffffffff",1,1,0,1,NA
"seabirds","844cc63ffffffff",5,1,0,1,NA
"seabirds","844cc6bffffffff",1,1,0,1,NA
"seabirds","844cc95ffffffff",1,1,0,1,NA
"seabirds","844ccabffffffff",1,1,0,1,NA
"seabirds","844ccc9ffffffff",101,1,0,1,1
"seabirds","844ccd5ffffffff",1,1,0,1,NA
"seabirds","844ccebffffffff",1,1,0,1,NA
"seabirds","844cd23ffffffff",4,1,0,1,NA
"seabirds","844cd27ffffffff",9,2,0.686961576597323,0.506172839506173,NA
"seabirds","844cd31ffffffff",2,1,0,1,NA
"seabirds","844cd35ffffffff",5,2,0.500402423538188,0.68,NA
"seabirds","844cd3bffffffff",4,3,1.03972077083992,0.375,NA
"seabirds","844cd43ffffffff",1,1,0,1,NA
"seabirds","844cd59ffffffff",1,1,0,1,NA
"seabirds","844cda1ffffffff",1,1,0,1,NA
"seabirds","844cdb3ffffffff",1,1,0,1,NA
"seabirds","844cdcbffffffff",1,1,0,1,NA
"seabirds","844cdd9ffffffff",1,1,0,1,NA
"seabirds","844cdedffffffff",4,4,1.38629436111989,0.25,NA
"seabirds","844ce0bffffffff",1,1,0,1,NA
"seabirds","844ce11ffffffff",108,1,0,1,1
"seabirds","844ce13ffffffff",249,1,0,1,1
"seabirds","844ce15ffffffff",65,1,0,1,1
"seabirds","844ce17ffffffff",892,1,0,1,1
"seabirds","844ce1bffffffff",268,1,0,1,1
"seabirds","844ce27ffffffff",2,2,0.693147180559945,0.5,NA
"seabirds","844ce3bffffffff",92,1,0,1,1
"seabirds","844ce47ffffffff",1,1,0,1,NA
"seabirds","844ce53ffffffff",67,1,0,1,1
"seabirds","844ce5bffffffff",11,1,0,1,NA
"seabirds","844ce81ffffffff",3719,1,0,1,1
"seabirds","844ce83ffffffff",310,1,0,1,1
"seabirds","844ce85ffffffff",403,1,0,1,1
"seabirds","844ce87ffffffff",406,3,0.0608615918902775,0.980453299036618,1.44968125712369
"seabirds","844ce89ffffffff",1160,3,0.0253837999324751,0.993121284185493,1.16876915295392
"seabirds","844ce8bffffffff",4352,2,0.00215493471737803,0.999540546773627,1.01148897059176
"seabirds","844ce8dffffffff",780,1,0,1,1
"seabirds","844ce91ffffffff",464,2,0.401189862187006,0.76218787158145,1.9996213718464
"seabirds","844ce93ffffffff",1657,2,0.00507692348011785,0.998793727821728,1.03017501508652
"seabirds","844ce95ffffffff",288,4,0.0693513954950938,0.979311342592593,1.52083333333268
"seabirds","844ce97ffffffff",21,4,0.684954761053158,0.668934240362812,NA
"seabirds","844ce99ffffffff",723,3,0.840085064300455,0.460190653283059,2.89677088951071
"seabirds","844ce9bffffffff",4930,4,0.438409275784418,0.80695250751906,3.33249145633863
"seabirds","844ce9dffffffff",1051,1,0,1,1
"seabirds","844cea1ffffffff",51,1,0,1,1
"seabirds","844cea3ffffffff",5824,2,0.00166031193909931,0.999656652370637,1.008585164841
"seabirds","844cea5ffffffff",73,3,0.551500324812908,0.713267029461437,2.99182795265425
"seabirds","844cea7ffffffff",61,2,0.0836497046105893,0.967750604676162,1.81967213114753
"seabirds","844cea9ffffffff",1288,2,0.0115945992646187,0.996899232282705,1.07616176094358
"seabirds","844ceabffffffff",8831,1,0,1,1
"seabirds","844ceadffffffff",9,1,0,1,NA
"seabirds","844ceb1ffffffff",42,2,0.410116318288409,0.755102040816326,NA
"seabirds","844ceb3ffffffff",2,1,0,1,NA
"seabirds","844ceb5ffffffff",170,4,0.188385346519128,0.931141868512111,2.44796380090501
"seabirds","844ceb7ffffffff",5,2,0.500402423538188,0.68,NA
"seabirds","844ceb9ffffffff",32,1,0,1,NA
"seabirds","844cebbffffffff",3,1,0,1,NA
"seabirds","844cebdffffffff",261,1,0,1,1
"seabirds","844cec1ffffffff",587,1,0,1,1
"seabirds","844cec3ffffffff",282,2,0.0421645771490718,0.98591620139832,1.32369198152498
"seabirds","844cec5ffffffff",262,1,0,1,1
"seabirds","844cec7ffffffff",744,3,0.0436803614121232,0.986635015608741,1.31055787630107
"seabirds","844cec9ffffffff",460,1,0,1,1
"seabirds","844cecbffffffff",163,1,0,1,1
"seabirds","844cecdffffffff",96,2,0.0579075174881343,0.979383680555556,1.52083333333336
"seabirds","844ced1ffffffff",163,2,0.177192481945934,0.917798938612669,1.92744893033475
"seabirds","844ced3ffffffff",1125,5,0.633516893796254,0.639668938271605,2.89023951192925
"seabirds","844ced5ffffffff",743,2,0.0262855808514284,0.991957235680166,1.18884014404597
"seabirds","844ced7ffffffff",252,1,0,1,1
"seabirds","844ced9ffffffff",83,2,0.680830599655535,0.512265931194658,2
"seabirds","844cedbffffffff",2143,3,0.95486350841856,0.428973081682562,2.99956720789794
"seabirds","844ceddffffffff",446,1,0,1,1
"seabirds","844cee1ffffffff",480,1,0,1,1
"seabirds","844cee3ffffffff",618,2,0.0120156617463247,0.996768990689247,1.08090614886785
"seabirds","844cee9ffffffff",981,1,0,1,1
"seabirds","844ceebffffffff",713,1,0,1,1
"seabirds","844ceedffffffff",222,1,0,1,1
"seabirds","844cf11ffffffff",1,1,0,1,NA
"seabirds","844cf5dffffffff",1,1,0,1,NA
"seabirds","844cf67ffffffff",4,3,1.03972077083992,0.375,NA
"seabirds","844d01dffffffff",1,1,0,1,NA
"seabirds","844d047ffffffff",1,1,0,1,NA
"seabirds","844d05bffffffff",1,1,0,1,NA
"seabirds","844d08dffffffff",2,1,0,1,NA
"seabirds","844d0b3ffffffff",1,1,0,1,NA
"seabirds","844d0c7ffffffff",10,4,1.27985422583367,0.3,NA
"seabirds","844d10dffffffff",1,1,0,1,NA
"seabirds","844d135ffffffff",1,1,0,1,NA
"seabirds","844d1b9ffffffff",1,1,0,1,NA
"seabirds","844d20dffffffff",1,1,0,1,NA
"seabirds","844d235ffffffff",2,1,0,1,NA
"seabirds","844d2abffffffff",2,1,0,1,NA
"seabirds","844d311ffffffff",2,1,0,1,NA
"seabirds","844d329ffffffff",1,1,0,1,NA
"seabirds","844d335ffffffff",1,1,0,1,NA
"seabirds","844d401ffffffff",1,1,0,1,NA
"seabirds","844d411ffffffff",1,1,0,1,NA
"seabirds","844d421ffffffff",41,1,0,1,NA
"seabirds","844d425ffffffff",4,1,0,1,NA
"seabirds","844d427ffffffff",68,1,0,1,1
"seabirds","844d42dffffffff",62,1,0,1,1
"seabirds","844d45bffffffff",1,1,0,1,NA
"seabirds","844d45dffffffff",1,1,0,1,NA
"seabirds","844d463ffffffff",1,1,0,1,NA
"seabirds","844d465ffffffff",59,1,0,1,1
"seabirds","844d467ffffffff",47,1,0,1,NA
"seabirds","844d46dffffffff",41,1,0,1,NA
"seabirds","844d481ffffffff",490,2,0.567871204940597,0.619950020824656,1.99999984122518
"seabirds","844d483ffffffff",2260,2,0.57277904315569,0.61545500822304,1.99999975715216
"seabirds","844d485ffffffff",502,2,0.683393358826675,0.509722067903684,1.99999999999992
"seabirds","844d487ffffffff",1622,5,0.767204710325268,0.484922938449586,2.57740874814547
"seabirds","844d489ffffffff",297,1,0,1,1
"seabirds","844d48bffffffff",226,2,0.649877045540748,0.542642336909703,1.99999999999176
"seabirds","844d48dffffffff",253,1,0,1,1
"seabirds","844d491ffffffff",764,7,0.613939220001077,0.639038129437241,2.67202404123808
"seabirds","844d493ffffffff",623,3,0.532621098815021,0.72991453872295,2.96777436943817
"seabirds","844d495ffffffff",13205,5,0.247956787190154,0.876044784133235,1.99691405356779
"seabirds","844d497ffffffff",1367,5,0.479602059257817,0.749087194284335,2.73103561345554
"seabirds","844d499ffffffff",404,3,0.599609504791474,0.602379668659935,2.1237623333314
"seabirds","844d49bffffffff",83,3,0.497181686541045,0.715778777761649,2.60240855497309
"seabirds","844d49dffffffff",936,2,0.511740073417409,0.670138888888889,1.99999409401669
"seabirds","844d4a1ffffffff",140,2,0.0424147318581175,0.985816326530612,1.35714285714289
"seabirds","844d4a3ffffffff",1903,4,1.14665555156079,0.341362436554391,3.67718069232242
"seabirds","844d4a5ffffffff",16,2,0.376770161256437,0.78125,NA
"seabirds","844d4a7ffffffff",439,4,1.12226438009066,0.363650043326882,3.77023249059399
"seabirds","844d4abffffffff",1060,2,0.586791956825828,0.60252758988964,1.99999992706826
"seabirds","844d4b1ffffffff",41436,7,0.873639830702015,0.533753824392223,3.81302202621573
"seabirds","844d4b3ffffffff",28331,5,0.669312915285169,0.667306842552886,3.62184856219296
"seabirds","844d4b5ffffffff",11754,4,1.01283395686138,0.412280025938118,3.83779066922687
"seabirds","844d4b7ffffffff",12225,5,1.05332470658927,0.385075933941394,3.43997625726731
"seabirds","844d4b9ffffffff",7968,6,0.388120149855825,0.783311395683134,2.11590584658874
"seabirds","844d4bbffffffff",50367,5,1.14585324339001,0.369884373258032,3.95957853253169
"seabirds","844d4bdffffffff",5023,4,1.16247018957869,0.342122553197359,3.82088223655608
"seabirds","844d4c1ffffffff",1,1,0,1,NA
"seabirds","844d4c3ffffffff",14,1,0,1,NA
"seabirds","844d4c7ffffffff",557,1,0,1,1
"seabirds","844d4d5ffffffff",302,1,0,1,1
"seabirds","844d4d7ffffffff",451,2,0.435380094926853,0.73471123544132,1.99989021224419
"seabirds","844d4d9ffffffff",78,1,0,1,1
"seabirds","844d4dbffffffff",2,1,0,1,NA
"seabirds","844d4ddffffffff",182,1,0,1,1
"seabirds","844d4e3ffffffff",2,1,0,1,NA
"seabirds","844d585ffffffff",108,1,0,1,1
"seabirds","844d587ffffffff",10,1,0,1,NA
"seabirds","844d58dffffffff",117,1,0,1,1
"seabirds","844d593ffffffff",2,1,0,1,NA
"seabirds","844d597ffffffff",24,1,0,1,NA
"seabirds","844d59bffffffff",57,3,0.640789397965864,0.603570329332102,2.87719298245614
"seabirds","844d5a3ffffffff",92,1,0,1,1
"seabirds","844d5abffffffff",101,1,0,1,1
"seabirds","844d5b1ffffffff",30,1,0,1,NA
"seabirds","844d5b3ffffffff",63,1,0,1,1
"seabirds","844d5b5ffffffff",91,1,0,1,1
"seabirds","844d5b7ffffffff",709,1,0,1,1
"seabirds","844d5bbffffffff",238,1,0,1,1
"seabirds","844d5bdffffffff",21,1,0,1,NA
"seabirds","844d5c1ffffffff",68,1,0,1,1
"seabirds","844d5c5ffffffff",1,1,0,1,NA
"seabirds","844d5c7ffffffff",105,1,0,1,1
"seabirds","844d5c9ffffffff",8,1,0,1,NA
"seabirds","844d5cdffffffff",29,1,0,1,NA
"seabirds","844d5d5ffffffff",1,1,0,1,NA
"seabirds","844d695ffffffff",63,1,0,1,1
"seabirds","844d6b7ffffffff",6,1,0,1,NA
"seabirds","844d6bbffffffff",69,1,0,1,1
"seabirds","844d6e7ffffffff",1,1,0,1,NA
"seabirds","844d711ffffffff",129,1,0,1,1
"seabirds","844d713ffffffff",1,1,0,1,NA
"seabirds","844d715ffffffff",73,1,0,1,1
"seabirds","844d717ffffffff",10,1,0,1,NA
"seabirds","844d719ffffffff",51,1,0,1,1
"seabirds","844d73bffffffff",31,1,0,1,NA
"seabirds","844d747ffffffff",2,1,0,1,NA
"seabirds","844d753ffffffff",20,1,0,1,NA
"seabirds","844d801ffffffff",1,1,0,1,NA
"seabirds","844d819ffffffff",2,1,0,1,NA
"seabirds","844d81dffffffff",4,1,0,1,NA
"seabirds","844d833ffffffff",3,1,0,1,NA
"seabirds","844d845ffffffff",1,1,0,1,NA
"seabirds","844d851ffffffff",1,1,0,1,NA
"seabirds","844d865ffffffff",1,1,0,1,NA
"seabirds","844d8cdffffffff",1,1,0,1,NA
"seabirds","844d8d5ffffffff",1,1,0,1,NA
"seabirds","844d91bffffffff",1,1,0,1,NA
"seabirds","844d95dffffffff",1,1,0,1,NA
"seabirds","844d991ffffffff",1,1,0,1,NA
"seabirds","844d999ffffffff",2,2,0.693147180559945,0.5,NA
"seabirds","844d9d1ffffffff",2,2,0.693147180559945,0.5,NA
"seabirds","844d9d9ffffffff",2,2,0.693147180559945,0.5,NA
"seabirds","844da0dffffffff",2,1,0,1,NA
"seabirds","844da19ffffffff",1,1,0,1,NA
"seabirds","844da2dffffffff",20,4,1.16828245017656,0.36,NA
"seabirds","844da39ffffffff",1,1,0,1,NA
"seabirds","844da43ffffffff",20,1,0,1,NA
"seabirds","844da5dffffffff",36,4,0.925701911121967,0.5,NA
"seabirds","844da63ffffffff",8,2,0.562335144618808,0.625,NA
"seabirds","844da65ffffffff",8,3,1.03972077083992,0.375,NA
"seabirds","844da67ffffffff",10,2,0.500402423538188,0.68,NA
"seabirds","844da9dffffffff",1,1,0,1,NA
"seabirds","844daa9ffffffff",1,1,0,1,NA
"seabirds","844dabdffffffff",1,1,0,1,NA
"seabirds","844dac5ffffffff",1,1,0,1,NA
"seabirds","844dad3ffffffff",1,1,0,1,NA
"seabirds","844db07ffffffff",1,1,0,1,NA
"seabirds","844db19ffffffff",5,3,0.950270539233235,0.44,NA
"seabirds","844db1bffffffff",3,2,0.636514168294813,0.555555555555556,NA
"seabirds","844db1dffffffff",1,1,0,1,NA
"seabirds","844db51ffffffff",10,3,0.801818552543337,0.54,NA
"seabirds","844db53ffffffff",5,1,0,1,NA
"seabirds","845e401ffffffff",5,4,1.33217904021012,0.28,NA
"seabirds","845e403ffffffff",4,3,1.03972077083992,0.375,NA
"seabirds","845e405ffffffff",11,3,0.934769897858279,0.421487603305785,NA
"seabirds","845e407ffffffff",4,3,1.03972077083992,0.375,NA
"seabirds","845e409ffffffff",9,4,1.27302833658963,0.308641975308642,NA
"seabirds","845e40bffffffff",7,2,0.410116318288409,0.755102040816326,NA
"seabirds","845e40dffffffff",2,2,0.693147180559945,0.5,NA
"seabirds","845e411ffffffff",4,3,1.03972077083992,0.375,NA
"seabirds","845e415ffffffff",8,3,0.974314752869349,0.40625,NA
"seabirds","845e417ffffffff",6,3,0.867563228481461,0.5,NA
"seabirds","845e419ffffffff",8,2,0.376770161256437,0.78125,NA
"seabirds","845e41dffffffff",7,2,0.598269588585257,0.591836734693878,NA
"seabirds","845e421ffffffff",3,2,0.636514168294813,0.555555555555556,NA
"seabirds","845e425ffffffff",3,2,0.636514168294813,0.555555555555556,NA
"seabirds","845e427ffffffff",3,2,0.636514168294813,0.555555555555556,NA
"seabirds","845e429ffffffff",1,1,0,1,NA
"seabirds","845e42bffffffff",8,4,1.32088834314932,0.28125,NA
"seabirds","845e42dffffffff",2,2,0.693147180559945,0.5,NA
"seabirds","845e431ffffffff",4,3,1.03972077083992,0.375,NA
"seabirds","845e433ffffffff",11,4,1.2882523050229,0.305785123966942,NA
"seabirds","845e435ffffffff",9,5,1.52295506753132,0.234567901234568,NA
"seabirds","845e437ffffffff",9,5,1.42706104338072,0.283950617283951,NA
"seabirds","845e439ffffffff",1,1,0,1,NA
"seabirds","845e43bffffffff",2,2,0.693147180559945,0.5,NA
"seabirds","845e43dffffffff",5,4,1.33217904021012,0.28,NA
"seabirds","845e443ffffffff",2,2,0.693147180559945,0.5,NA
"seabirds","845e447ffffffff",2,1,0,1,NA
"seabirds","845e44dffffffff",1,1,0,1,NA
"seabirds","845e451ffffffff",21,2,0.410116318288409,0.755102040816326,NA
"seabirds","845e453ffffffff",2,2,0.693147180559945,0.5,NA
"seabirds","845e455ffffffff",6,2,0.450561208866305,0.722222222222222,NA
"seabirds","845e457ffffffff",2,1,0,1,NA
"seabirds","845e45dffffffff",1,1,0,1,NA
"seabirds","845e461ffffffff",5,4,1.33217904021012,0.28,NA
"seabirds","845e463ffffffff",1,1,0,1,NA
"seabirds","845e465ffffffff",5,4,1.33217904021012,0.28,NA
"seabirds","845e467ffffffff",9,7,1.88915916375402,0.160493827160494,NA
"seabirds","845e46bffffffff",8,5,1.49417513828931,0.25,NA
"seabirds","845e46dffffffff",1,1,0,1,NA
"seabirds","845e481ffffffff",1,1,0,1,NA
"seabirds","845e487ffffffff",67,1,0,1,1
"seabirds","845e491ffffffff",4,3,1.03972077083992,0.375,NA
"seabirds","845e493ffffffff",7,2,0.410116318288409,0.755102040816326,NA
"seabirds","845e495ffffffff",1,1,0,1,NA
"seabirds","845e497ffffffff",181,1,0,1,1
"seabirds","845e49dffffffff",3,2,0.636514168294813,0.555555555555556,NA
"seabirds","845e4a1ffffffff",1,1,0,1,NA
"seabirds","845e4a3ffffffff",112,3,0.720132576532519,0.508769132653061,2.44642857142865
"seabirds","845e4a7ffffffff",17,5,0.871781482467982,0.598615916955017,NA
"seabirds","845e4a9ffffffff",5,1,0,1,NA
"seabirds","845e4abffffffff",1,1,0,1,NA
"seabirds","845e4adffffffff",11,2,0.655481773901393,0.537190082644628,NA
"seabirds","845e4b1ffffffff",6405,3,0.275912503403542,0.855508717148061,1.99104639345229
"seabirds","845e4b3ffffffff",8319,6,0.427770299539571,0.790515532370203,2.78764846728366
"seabirds","845e4b5ffffffff",1849,3,0.324122348020751,0.84948524351081,2.58065916866097
"seabirds","845e4b7ffffffff",10180,5,0.663189721170167,0.681707400388295,3.83354670068441
"seabirds","845e4b9ffffffff",21,2,0.191444081957717,0.909297052154195,NA
"seabirds","845e4bbffffffff",1175,4,0.238353008882751,0.889069081032141,2.11038779596568
"seabirds","845e4bdffffffff",820,3,0.492171312443857,0.692953599048186,2.06095443097099
"seabirds","845e4c1ffffffff",1,1,0,1,NA
"seabirds","845e4d3ffffffff",1,1,0,1,NA
"seabirds","845e4e5ffffffff",8,3,0.974314752869349,0.40625,NA
"seabirds","845e4e7ffffffff",1,1,0,1,NA
"seabirds","845e4e9ffffffff",10,3,0.801818552543337,0.54,NA
"seabirds","845e4edffffffff",13,5,1.52470739303014,0.230769230769231,NA
"seabirds","845e511ffffffff",1,1,0,1,NA
"seabirds","845e513ffffffff",1,1,0,1,NA
"seabirds","845e519ffffffff",1,1,0,1,NA
"seabirds","845e51bffffffff",1,1,0,1,NA
"seabirds","845e551ffffffff",4,3,1.03972077083992,0.375,NA
"seabirds","845e553ffffffff",1,1,0,1,NA
"seabirds","845e559ffffffff",5,2,0.500402423538188,0.68,NA
"seabirds","845e55bffffffff",3,1,0,1,NA
"seabirds","845e585ffffffff",2,1,0,1,NA
"seabirds","845e589ffffffff",4,4,1.38629436111989,0.25,NA
"seabirds","845e591ffffffff",433,1,0,1,1
"seabirds","845e593ffffffff",89,1,0,1,1
"seabirds","845e597ffffffff",24,1,0,1,NA
"seabirds","845e59bffffffff",289,1,0,1,1
"seabirds","845e59dffffffff",1,1,0,1,NA
"seabirds","845e5a9ffffffff",1,1,0,1,NA
"seabirds","845e5b3ffffffff",32,1,0,1,NA
"seabirds","845e5b5ffffffff",1,1,0,1,NA
"seabirds","845e5b7ffffffff",80,1,0,1,1
"seabirds","845e5bbffffffff",39,1,0,1,NA
"seabirds","845e5c1ffffffff",4,3,1.03972077083992,0.375,NA
"seabirds","845e5c3ffffffff",2,2,0.693147180559945,0.5,NA
"seabirds","845e5c5ffffffff",2,2,0.693147180559945,0.5,NA
"seabirds","845e5c7ffffffff",2,1,0,1,NA
"seabirds","845e5c9ffffffff",3,3,1.09861228866811,0.333333333333333,NA
"seabirds","845e5cbffffffff",10,5,1.35923670066501,0.32,NA
"seabirds","845e5cdffffffff",5,2,0.500402423538188,0.68,NA
"seabirds","845e5d5ffffffff",1,1,0,1,NA
"seabirds","845e5d9ffffffff",11,4,1.03356205420682,0.454545454545454,NA
"seabirds","845e5dbffffffff",4,1,0,1,NA
"seabirds","845e5ddffffffff",4,3,1.03972077083992,0.375,NA
"seabirds","845e5e9ffffffff",1,1,0,1,NA
"seabirds","845e607ffffffff",1,1,0,1,NA
"seabirds","845e62dffffffff",2,2,0.693147180559945,0.5,NA
"seabirds","845e637ffffffff",1,1,0,1,NA
"seabirds","845e647ffffffff",3,2,0.636514168294813,0.555555555555556,NA
"seabirds","845e65dffffffff",1,1,0,1,NA
"seabirds","845e665ffffffff",1,1,0,1,NA
"seabirds","845e667ffffffff",2,1,0,1,NA
"seabirds","845e69bffffffff",1,1,0,1,NA
"seabirds","845e6a1ffffffff",1,1,0,1,NA
"seabirds","845e6b3ffffffff",1,1,0,1,NA
"seabirds","845e6c3ffffffff",1,1,0,1,NA
"seabirds","845e6d9ffffffff",3,2,0.636514168294813,0.555555555555556,NA
"seabirds","845e6dbffffffff",1,1,0,1,NA
"seabirds","845e6edffffffff",1,1,0,1,NA
"seabirds","845e713ffffffff",2,2,0.693147180559945,0.5,NA
"seabirds","845e715ffffffff",4,3,1.03972077083992,0.375,NA
"seabirds","845e733ffffffff",3,2,0.636514168294813,0.555555555555556,NA
"seabirds","845e743ffffffff",1,1,0,1,NA
"seabirds","845e755ffffffff",1,1,0,1,NA
"seabirds","845e75bffffffff",2,1,0,1,NA
"seabirds","845f497ffffffff",1,1,0,1,NA
"seabirds","845f4b3ffffffff",10,2,0.500402423538188,0.68,NA
"seabirds","845f4b5ffffffff",3,1,0,1,NA
"seabirds","845f4b7ffffffff",3,2,0.636514168294813,0.555555555555556,NA
"seabirds","845f4b9ffffffff",2,1,0,1,NA
"seabirds","845f4bbffffffff",1,1,0,1,NA
"seabirds","845f4bdffffffff",1,1,0,1,NA
"seabirds","845f583ffffffff",2,2,0.693147180559945,0.5,NA
"seabirds","845f585ffffffff",1,1,0,1,NA
"seabirds","845f589ffffffff",5,1,0,1,NA
"seabirds","845f58bffffffff",3,1,0,1,NA
"seabirds","845f591ffffffff",6,1,0,1,NA
"seabirds","845f593ffffffff",1,1,0,1,NA
"seabirds","845f595ffffffff",7,1,0,1,NA
"seabirds","845f59bffffffff",1,1,0,1,NA
"seabirds","845f5a1ffffffff",4,2,0.693147180559945,0.5,NA
"seabirds","845f5a3ffffffff",1,1,0,1,NA
"seabirds","845f5a9ffffffff",3,2,0.636514168294813,0.555555555555556,NA
"seabirds","845f5abffffffff",5,3,1.05492016798614,0.36,NA
"seabirds","845f5b5ffffffff",2,1,0,1,NA
"seabirds","845f5b9ffffffff",1,1,0,1,NA
"seabirds","845f5bdffffffff",11,4,1.3421131789144,0.272727272727273,NA
"seabirds","845f5c3ffffffff",1,1,0,1,NA
"seabirds","845f5d5ffffffff",3,2,0.636514168294813,0.555555555555556,NA
"seabirds","845f5d7ffffffff",9,3,0.848685557726417,0.506172839506173,NA
"seabirds","845f5e9ffffffff",1,1,0,1,NA
"seabirds","845f6b7ffffffff",1,1,0,1,NA
"seabirds","846601bffffffff",3,3,1.09861228866811,0.333333333333333,NA
"seabirds","8466065ffffffff",2,2,0.693147180559945,0.5,NA
"seabirds","8466111ffffffff",12,8,1.97920451743432,0.152777777777778,NA
"seabirds","8466151ffffffff",1,1,0,1,NA
"seabirds","8466155ffffffff",7,2,0.410116318288409,0.755102040816326,NA
"seabirds","846615dffffffff",5,4,1.33217904021012,0.28,NA
"seabirds","8466205ffffffff",4,3,1.03972077083992,0.375,NA
"seabirds","8466209ffffffff",1,1,0,1,NA
"seabirds","846620bffffffff",93,22,2.6947138683432,0.0882182911319228,17.4542200602527
"seabirds","8466225ffffffff",2,2,0.693147180559945,0.5,NA
"seabirds","8466229ffffffff",2,2,0.693147180559945,0.5,NA
"seabirds","846622dffffffff",2,2,0.693147180559945,0.5,NA
"seabirds","8466251ffffffff",85,17,2.5802317221735,0.0867820069204152,14.8860604560312
"seabirds","8466255ffffffff",19,7,1.72195444940605,0.207756232686981,NA
"seabirds","8466307ffffffff",2,2,0.693147180559945,0.5,NA
"seabirds","8466311ffffffff",4,3,1.03972077083992,0.375,NA
"seabirds","8466319ffffffff",4,2,0.562335144618808,0.625,NA
"seabirds","846632bffffffff",1,1,0,1,NA
"seabirds","8466337ffffffff",8,5,1.49417513828931,0.25,NA
"seabirds","8466339ffffffff",1,1,0,1,NA
"seabirds","8466a11ffffffff",2,2,0.693147180559945,0.5,NA
"seabirds","8466a19ffffffff",9,4,1.00271826451752,0.481481481481481,NA
"seabirds","8466a51ffffffff",3,3,1.09861228866811,0.333333333333333,NA
"seabirds","8466a53ffffffff",22,6,1.3730039128772,0.31404958677686,NA
"seabirds","8466b01ffffffff",18,7,1.67153080177913,0.234567901234568,NA
"seabirds","8466b03ffffffff",14,8,1.84688912326104,0.193877551020408,NA
"seabirds","8466b05ffffffff",18,7,1.56071040904141,0.296296296296296,NA
"seabirds","8466b0dffffffff",6,5,1.56071040904141,0.222222222222222,NA
"seabirds","8466b45ffffffff",3,1,0,1,NA
"seabirds","8466b61ffffffff",4,3,1.03972077083992,0.375,NA
"seabirds","8466b63ffffffff",19,7,1.70865594734207,0.213296398891967,NA
"seabirds","8466b65ffffffff",3,1,0,1,NA
"seabirds","846701dffffffff",1,1,0,1,NA
"seabirds","8467025ffffffff",1,1,0,1,NA
"seabirds","8467087ffffffff",1,1,0,1,NA
"seabirds","846709bffffffff",1,1,0,1,NA
"seabirds","84670a1ffffffff",1,1,0,1,NA
"seabirds","84670b1ffffffff",1,1,0,1,NA
"seabirds","84670c7ffffffff",1,1,0,1,NA
"seabirds","84670d9ffffffff",1,1,0,1,NA
"seabirds","84670edffffffff",1,1,0,1,NA
"seabirds","846710bffffffff",1,1,0,1,NA
"seabirds","846711dffffffff",1,1,0,1,NA
"seabirds","846712bffffffff",1,1,0,1,NA
"seabirds","8467137ffffffff",1,1,0,1,NA
"seabirds","8467143ffffffff",1,1,0,1,NA
"seabirds","8467155ffffffff",2,1,0,1,NA
"seabirds","8467157ffffffff",1,1,0,1,NA
"seabirds","846715dffffffff",1,1,0,1,NA
"seabirds","8467165ffffffff",1,1,0,1,NA
"seabirds","8467169ffffffff",9,2,0.686961576597323,0.506172839506173,NA
"seabirds","846716bffffffff",1,1,0,1,NA
"seabirds","846716dffffffff",3,2,0.636514168294813,0.555555555555556,NA
"seabirds","84671c5ffffffff",1,1,0,1,NA
"seabirds","84671edffffffff",1,1,0,1,NA
"seabirds","8467207ffffffff",2,1,0,1,NA
"seabirds","8467221ffffffff",4,3,1.03972077083992,0.375,NA
"seabirds","8467225ffffffff",4,3,1.03972077083992,0.375,NA
"seabirds","846722bffffffff",4,2,0.693147180559945,0.5,NA
"seabirds","846723dffffffff",2,2,0.693147180559945,0.5,NA
"seabirds","8467287ffffffff",1,1,0,1,NA
"seabirds","84672a1ffffffff",1,1,0,1,NA
"seabirds","84672e5ffffffff",1,1,0,1,NA
"seabirds","8467303ffffffff",3,3,1.09861228866811,0.333333333333333,NA
"seabirds","8467331ffffffff",2,2,0.693147180559945,0.5,NA
"seabirds","8467337ffffffff",1,1,0,1,NA
"seabirds","8467339ffffffff",8,3,0.974314752869349,0.40625,NA
"seabirds","846733bffffffff",2,1,0,1,NA
"seabirds","8467351ffffffff",10,1,0,1,NA
"seabirds","8467355ffffffff",5,1,0,1,NA
"seabirds","8467411ffffffff",1,1,0,1,NA
"seabirds","8467451ffffffff",3,3,1.09861228866811,0.333333333333333,NA
"seabirds","8467561ffffffff",101,24,2.73155430205518,0.0963631016567003,18.5188048047907
"seabirds","8467565ffffffff",79,22,2.60143289276234,0.104310206697645,17.6433035110201
"seabirds","846756bffffffff",63,25,3.02611388012284,0.0561854371378181,22.7477593693015
"seabirds","846756dffffffff",60,18,2.60627309066213,0.0933333333333334,16.9342137111371
"seabirds","84675a3ffffffff",1,1,0,1,NA
"seabirds","84675bdffffffff",1,1,0,1,NA
"seabirds","84675d5ffffffff",1,1,0,1,NA
"seabirds","846761bffffffff",1,1,0,1,NA
"seabirds","846761dffffffff",1,1,0,1,NA
"seabirds","846762bffffffff",1,1,0,1,NA
"seabirds","8467639ffffffff",1,1,0,1,NA
"seabirds","846765dffffffff",1,1,0,1,NA
"seabirds","846766bffffffff",1,1,0,1,NA
"seabirds","8467681ffffffff",1,1,0,1,NA
"seabirds","8467691ffffffff",1,1,0,1,NA
"seabirds","8467699ffffffff",1,1,0,1,NA
"seabirds","84676c5ffffffff",1,1,0,1,NA
"seabirds","84676d9ffffffff",1,1,0,1,NA
"seabirds","8467719ffffffff",1,1,0,1,NA
"seabirds","8467721ffffffff",1,1,0,1,NA
"seabirds","8467737ffffffff",2,1,0,1,NA
"seabirds","8467743ffffffff",1,1,0,1,NA
"seabirds","8467761ffffffff",1,1,0,1,NA
"seabirds","8467801ffffffff",42,19,2.76199209077249,0.072562358276644,NA
"seabirds","846788dffffffff",1,1,0,1,NA
"seabirds","84678ddffffffff",1,1,0,1,NA
"seabirds","8467927ffffffff",1,1,0,1,NA
"seabirds","84679b5ffffffff",1,1,0,1,NA
"seabirds","84679b7ffffffff",1,1,0,1,NA
"seabirds","84679cbffffffff",21,19,2.91249440333105,0.0566893424036281,NA
"seabirds","8467a01ffffffff",17,17,2.83321334405622,0.0588235294117647,NA
"seabirds","8467a09ffffffff",56,26,3.06752034295462,0.0548469387755102,24.6535555331338
"seabirds","8467a83ffffffff",3,1,0,1,NA
"seabirds","8467a8bffffffff",5,4,1.33217904021012,0.28,NA
"seabirds","8467a9dffffffff",1,1,0,1,NA
"seabirds","8467aadffffffff",1,1,0,1,NA
"seabirds","8467ab3ffffffff",1,1,0,1,NA
"seabirds","8467ab9ffffffff",3,2,0.636514168294813,0.555555555555556,NA
"seabirds","8467b35ffffffff",1,1,0,1,NA
"seabirds","846d021ffffffff",8,4,1.25548232517875,0.3125,NA
"seabirds","846d023ffffffff",13,5,1.52470739303014,0.230769230769231,NA
"seabirds","846d025ffffffff",2,2,0.693147180559945,0.5,NA
"seabirds","846d031ffffffff",12,6,1.47350238508065,0.305555555555555,NA
"seabirds","846d033ffffffff",2,2,0.693147180559945,0.5,NA
"seabirds","846d03bffffffff",5,3,1.05492016798614,0.36,NA
"seabirds","846d03dffffffff",11,6,1.64173471218752,0.223140495867769,NA
"seabirds","846d0e9ffffffff",6,3,0.867563228481461,0.5,NA
"seabirds","846d0ebffffffff",2,2,0.693147180559945,0.5,NA
"seabirds","846d0edffffffff",27,9,1.85355650734164,0.204389574759945,NA
"seabirds","846d169ffffffff",1,1,0,1,NA
"seabirds","846d209ffffffff",5,4,1.33217904021012,0.28,NA
"seabirds","846d23bffffffff",1,1,0,1,NA
"seabirds","846d265ffffffff",280,140,4.9416424226093,0.00714285714285714,45.6093189964687
"seabirds","846d26dffffffff",140,140,4.9416424226093,0.00714285714285714,50.000000000004
"seabirds","846d2d1ffffffff",3,3,1.09861228866811,0.333333333333333,NA
"seabirds","846d369ffffffff",1,1,0,1,NA
"seabirds","846d409ffffffff",2,1,0,1,NA
"seabirds","846d447ffffffff",7,4,1.35178399428965,0.26530612244898,NA
"seabirds","846d469ffffffff",5,2,0.500402423538188,0.68,NA
"seabirds","846d46bffffffff",10,3,0.801818552543337,0.54,NA
"seabirds","846d46dffffffff",8,1,0,1,NA
"seabirds","846d687ffffffff",1,1,0,1,NA
"seabirds","846d691ffffffff",1,1,0,1,NA
"seabirds","846d693ffffffff",1,1,0,1,NA
"seabirds","846d6b1ffffffff",20,9,1.97300140639361,0.17,NA
"seabirds","846d6b3ffffffff",15,5,1.26347949406503,0.342222222222222,NA
"seabirds","846d6bdffffffff",3,3,1.09861228866811,0.333333333333333,NA
"seabirds","846d721ffffffff",2,1,0,1,NA
"seabirds","846d723ffffffff",1,1,0,1,NA
"seabirds","846d731ffffffff",9,3,0.964962923007428,0.407407407407407,NA
"seabirds","846d73bffffffff",5,3,0.950270539233235,0.44,NA
"seabirds","846d73dffffffff",5,3,0.950270539233235,0.44,NA
"seagrasses","8444121ffffffff",103,3,0.721915779982562,0.509284569704967,2.4854368932039
"seagrasses","844412dffffffff",542,4,1.10238907472634,0.377670511022453,3.84575951667967
"seagrasses","8444147ffffffff",5,5,1.6094379124341,0.2,NA
"seagrasses","8444161ffffffff",2,2,0.693147180559945,0.5,NA
"seagrasses","84441b7ffffffff",1,1,0,1,NA
"seagrasses","84441cbffffffff",1,1,0,1,NA
"seagrasses","84441e5ffffffff",1,1,0,1,NA
"seagrasses","84441e7ffffffff",12,12,2.484906649788,0.0833333333333333,NA
"seagrasses","84441ebffffffff",4,4,1.38629436111989,0.25,NA
"seagrasses","8444329ffffffff",9,8,2.04319187054512,0.135802469135802,NA
"seagrasses","844432dffffffff",10,2,0.693147180559945,0.5,NA
"seagrasses","8444565ffffffff",1,1,0,1,NA
"seagrasses","8444629ffffffff",1,1,0,1,NA
"seagrasses","8444633ffffffff",12,12,2.484906649788,0.0833333333333333,NA
"seagrasses","844463dffffffff",4,4,1.38629436111989,0.25,NA
"seagrasses","8444a11ffffffff",1,1,0,1,NA
"seagrasses","8444a53ffffffff",2749,4,0.629653036853757,0.607573692262314,2.51343985688502
"seagrasses","8444a57ffffffff",69,3,0.70633579436487,0.536651963873136,2.72463768115941
"seagrasses","8444a5bffffffff",3725,3,0.965478563878682,0.424463834962389,2.99983336149983
"seagrasses","8444a85ffffffff",148,3,0.218775594935655,0.908966398831264,2.44018959914096
"seagrasses","8444a8dffffffff",257,6,0.812300432908192,0.569773955699556,4.01791516044476
"seagrasses","8444e5bffffffff",16,12,2.42601513195981,0.09375,NA
"seagrasses","8444e6bffffffff",1,1,0,1,NA
"seagrasses","84450b1ffffffff",8,8,2.07944154167984,0.125,NA
"seagrasses","844552bffffffff",1,1,0,1,NA
"seagrasses","8445565ffffffff",4,4,1.38629436111989,0.25,NA
"seagrasses","84456d1ffffffff",1,1,0,1,NA
"seagrasses","84456dbffffffff",13,9,2.13839724634772,0.124260355029586,NA
"seagrasses","8445a97ffffffff",1,1,0,1,NA
"seagrasses","8448941ffffffff",1,1,0,1,NA
"seagrasses","8448943ffffffff",4,4,1.38629436111989,0.25,NA
"seagrasses","844895dffffffff",12,12,2.484906649788,0.0833333333333333,NA
"seagrasses","844cc0bffffffff",475,4,1.09977383269371,0.393240997229917,3.97197430826157
"seagrasses","844cc53ffffffff",3,1,0,1,NA
"seagrasses","844cc57ffffffff",324,4,1.32429729411763,0.277949245541838,3.99908252787542
"seagrasses","844cc59ffffffff",3,1,0,1,NA
"seagrasses","844ce8bffffffff",386,5,1.19711595676535,0.364385621090499,4.1275845425001
"seagrasses","844ce91ffffffff",1,1,0,1,NA
"seagrasses","844ce95ffffffff",920,4,0.938496576273411,0.451684782608696,3.54864231428919
"seagrasses","844ceadffffffff",9,4,1.27302833658963,0.308641975308642,NA
"seagrasses","844d4bbffffffff",1,1,0,1,NA
"seagrasses","845e42bffffffff",1,1,0,1,NA
"seagrasses","845e431ffffffff",1,1,0,1,NA
"seagrasses","845e437ffffffff",1,1,0,1,NA
"seagrasses","845e43dffffffff",7,1,0,1,NA
"seagrasses","845e463ffffffff",1,1,0,1,NA
"seagrasses","845e469ffffffff",1,1,0,1,NA
"seagrasses","845e4b5ffffffff",1,1,0,1,NA
"seagrasses","845e4b7ffffffff",1,1,0,1,NA
"seagrasses","845e62dffffffff",2,1,0,1,NA
"seagrasses","845e667ffffffff",1,1,0,1,NA
"seagrasses","845e719ffffffff",1,1,0,1,NA
"seagrasses","845e71bffffffff",1,1,0,1,NA
"seagrasses","845e753ffffffff",3,1,0,1,NA
"seagrasses","845f497ffffffff",70,1,0,1,1
"seagrasses","8466061ffffffff",24,1,0,1,NA
"seagrasses","8466103ffffffff",72,2,0.693147180559945,0.5,2
"seagrasses","8466205ffffffff",404,3,0.0611137499680879,0.980357317910009,1.45170219218045
"seagrasses","8466251ffffffff",144,3,0.73213346111669,0.594618055555556,2.99885740526626
"seagrasses","846625bffffffff",108,2,0.158410570131791,0.928669410150891,1.92083178223188
"seagrasses","8466317ffffffff",76,2,0.531531550294316,0.652700831024931,1.99999999991826
"seagrasses","8466a65ffffffff",71,1,0,1,1
"seagrasses","8466b59ffffffff",162,2,0.37375628800733,0.783569577808261,1.99965205231518
"seagrasses","8467199ffffffff",1,1,0,1,NA
"seagrasses","8467413ffffffff",1,1,0,1,NA
"seagrasses","8467429ffffffff",20,1,0,1,NA
"seagrasses","8467437ffffffff",2,1,0,1,NA
"seagrasses","846743bffffffff",1,1,0,1,NA
"seagrasses","846743dffffffff",85,1,0,1,1
"seagrasses","8467447ffffffff",1,1,0,1,NA
"seagrasses","8467461ffffffff",1,1,0,1,NA
"seagrasses","84674c9ffffffff",6,1,0,1,NA
"seagrasses","84674cdffffffff",1,1,0,1,NA
"seagrasses","8467551ffffffff",3,1,0,1,NA
"seagrasses","8467563ffffffff",15,4,1.19445300632336,0.36,NA
"seagrasses","8467565ffffffff",669,2,0.315452618508381,0.826973306431972,1.99465807937782
"seagrasses","846756bffffffff",3,2,0.636514168294813,0.555555555555556,NA
"seagrasses","846756dffffffff",29,2,0.5526646224944,0.633769322235434,NA
"seagrasses","8467737ffffffff",1,1,0,1,NA
"seagrasses","8467801ffffffff",333,2,0.68880773800738,0.50433316199082,2
"seagrasses","8467805ffffffff",352,2,0.689009238476659,0.504132231404959,2
"seagrasses","8467831ffffffff",1,1,0,1,NA
"seagrasses","846783dffffffff",341,2,0.680082904835761,0.513007284079084,1.99999999999992
"seagrasses","8467a53ffffffff",1,1,0,1,NA
"seagrasses","846d265ffffffff",13,9,2.13839724634772,0.124260355029586,NA
"seagrasses","846d26dffffffff",1,1,0,1,NA
"seaTurtles","842a497ffffffff",1,1,0,1,NA
"seaTurtles","842a4b3ffffffff",1,1,0,1,NA
"seaTurtles","842ac93ffffffff",2,1,0,1,NA
"seaTurtles","842acb3ffffffff",2,1,0,1,NA
"seaTurtles","843b923ffffffff",1,1,0,1,NA
"seaTurtles","8444003ffffffff",2,1,0,1,NA
"seaTurtles","8444005ffffffff",8,3,0.974314752869349,0.40625,NA
"seaTurtles","8444007ffffffff",1,1,0,1,NA
"seaTurtles","844400bffffffff",4,3,1.03972077083992,0.375,NA
"seaTurtles","844400dffffffff",1,1,0,1,NA
"seaTurtles","8444011ffffffff",2,2,0.693147180559945,0.5,NA
"seaTurtles","8444013ffffffff",2,1,0,1,NA
"seaTurtles","8444027ffffffff",2,1,0,1,NA
"seaTurtles","844402dffffffff",2,2,0.693147180559945,0.5,NA
"seaTurtles","8444031ffffffff",3,3,1.09861228866811,0.333333333333333,NA
"seaTurtles","8444033ffffffff",4,2,0.562335144618808,0.625,NA
"seaTurtles","8444035ffffffff",6,3,0.867563228481461,0.5,NA
"seaTurtles","8444037ffffffff",2,1,0,1,NA
"seaTurtles","844403bffffffff",2,1,0,1,NA
"seaTurtles","8444041ffffffff",3,1,0,1,NA
"seaTurtles","8444047ffffffff",1,1,0,1,NA
"seaTurtles","8444053ffffffff",3,2,0.636514168294813,0.555555555555556,NA
"seaTurtles","8444061ffffffff",1,1,0,1,NA
"seaTurtles","8444063ffffffff",7,2,0.682908104700472,0.510204081632653,NA
"seaTurtles","8444065ffffffff",5,2,0.500402423538188,0.68,NA
"seaTurtles","8444067ffffffff",3,1,0,1,NA
"seaTurtles","8444069ffffffff",5,1,0,1,NA
"seaTurtles","844406bffffffff",1,1,0,1,NA
"seaTurtles","844406dffffffff",2,2,0.693147180559945,0.5,NA
"seaTurtles","8444083ffffffff",1,1,0,1,NA
"seaTurtles","8444085ffffffff",3,1,0,1,NA
"seaTurtles","8444087ffffffff",2,1,0,1,NA
"seaTurtles","8444089ffffffff",2,1,0,1,NA
"seaTurtles","844408dffffffff",6,2,0.636514168294813,0.555555555555556,NA
"seaTurtles","8444093ffffffff",4,2,0.562335144618808,0.625,NA
"seaTurtles","8444095ffffffff",5,1,0,1,NA
"seaTurtles","8444097ffffffff",19,3,0.708018976056273,0.590027700831025,NA
"seaTurtles","8444099ffffffff",2,1,0,1,NA
"seaTurtles","844409bffffffff",7,1,0,1,NA
"seaTurtles","844409dffffffff",1,1,0,1,NA
"seaTurtles","84440a1ffffffff",7,3,0.955699891112534,0.428571428571429,NA
"seaTurtles","84440a3ffffffff",2,2,0.693147180559945,0.5,NA
"seaTurtles","84440a7ffffffff",11,2,0.655481773901393,0.537190082644628,NA
"seaTurtles","84440a9ffffffff",3,1,0,1,NA
"seaTurtles","84440adffffffff",8,3,0.735621939758795,0.59375,NA
"seaTurtles","84440b1ffffffff",5,1,0,1,NA
"seaTurtles","84440b3ffffffff",18,3,0.900908873225472,0.462962962962963,NA
"seaTurtles","84440b5ffffffff",6,3,1.09861228866811,0.333333333333333,NA
"seaTurtles","84440b7ffffffff",4,2,0.693147180559945,0.5,NA
"seaTurtles","84440b9ffffffff",2,2,0.693147180559945,0.5,NA
"seaTurtles","84440bbffffffff",6,2,0.636514168294813,0.555555555555556,NA
"seaTurtles","84440bdffffffff",1,1,0,1,NA
"seaTurtles","84440c1ffffffff",2,2,0.693147180559945,0.5,NA
"seaTurtles","84440c3ffffffff",1,1,0,1,NA
"seaTurtles","84440c5ffffffff",1,1,0,1,NA
"seaTurtles","84440c7ffffffff",4,2,0.562335144618808,0.625,NA
"seaTurtles","84440c9ffffffff",2,1,0,1,NA
"seaTurtles","84440cbffffffff",2,1,0,1,NA
"seaTurtles","84440cdffffffff",3,1,0,1,NA
"seaTurtles","84440d1ffffffff",2,2,0.693147180559945,0.5,NA
"seaTurtles","84440d3ffffffff",1,1,0,1,NA
"seaTurtles","84440d5ffffffff",1,1,0,1,NA
"seaTurtles","84440d9ffffffff",2,1,0,1,NA
"seaTurtles","84440dbffffffff",1,1,0,1,NA
"seaTurtles","84440ddffffffff",2,2,0.693147180559945,0.5,NA
"seaTurtles","84440e3ffffffff",2,1,0,1,NA
"seaTurtles","84440e7ffffffff",4,1,0,1,NA
"seaTurtles","84440e9ffffffff",1,1,0,1,NA
"seaTurtles","84440ebffffffff",3,1,0,1,NA
"seaTurtles","8444101ffffffff",9,1,0,1,NA
"seaTurtles","8444103ffffffff",12,2,0.562335144618808,0.625,NA
"seaTurtles","8444105ffffffff",14,2,0.257318640543832,0.86734693877551,NA
"seaTurtles","8444107ffffffff",4,1,0,1,NA
"seaTurtles","8444109ffffffff",4,1,0,1,NA
"seaTurtles","844410bffffffff",15,1,0,1,NA
"seaTurtles","844410dffffffff",5,1,0,1,NA
"seaTurtles","8444111ffffffff",6,1,0,1,NA
"seaTurtles","8444113ffffffff",12,3,0.887694275799104,0.458333333333333,NA
"seaTurtles","8444115ffffffff",24,1,0,1,NA
"seaTurtles","8444117ffffffff",10,1,0,1,NA
"seaTurtles","8444119ffffffff",3,2,0.636514168294813,0.555555555555556,NA
"seaTurtles","844411bffffffff",2,1,0,1,NA
"seaTurtles","844411dffffffff",46,1,0,1,NA
"seaTurtles","8444129ffffffff",10,3,0.639031859650177,0.66,NA
"seaTurtles","844412bffffffff",18,3,0.425848449238581,0.796296296296296,NA
"seaTurtles","844412dffffffff",1,1,0,1,NA
"seaTurtles","8444131ffffffff",8,3,0.735621939758795,0.59375,NA
"seaTurtles","8444133ffffffff",2,2,0.693147180559945,0.5,NA
"seaTurtles","8444135ffffffff",10,2,0.325082973391448,0.82,NA
"seaTurtles","8444139ffffffff",15,2,0.392674467227552,0.768888888888889,NA
"seaTurtles","844413bffffffff",19,2,0.336495757583516,0.811634349030471,NA
"seaTurtles","844413dffffffff",6,2,0.450561208866305,0.722222222222222,NA
"seaTurtles","8444141ffffffff",4,2,0.562335144618808,0.625,NA
"seaTurtles","8444143ffffffff",20,3,0.61286945246195,0.665,NA
"seaTurtles","8444145ffffffff",5,3,0.950270539233235,0.44,NA
"seaTurtles","8444147ffffffff",26,5,1.07648792991996,0.414201183431953,NA
"seaTurtles","844414bffffffff",2,2,0.693147180559945,0.5,NA
"seaTurtles","8444151ffffffff",1,1,0,1,NA
"seaTurtles","8444153ffffffff",8,1,0,1,NA
"seaTurtles","8444155ffffffff",1,1,0,1,NA
"seaTurtles","8444157ffffffff",5,3,0.950270539233235,0.44,NA
"seaTurtles","8444159ffffffff",4,1,0,1,NA
"seaTurtles","844415bffffffff",2,2,0.693147180559945,0.5,NA
"seaTurtles","844415dffffffff",2,2,0.693147180559945,0.5,NA
"seaTurtles","8444161ffffffff",29,3,0.641508286125443,0.652794292508918,NA
"seaTurtles","8444163ffffffff",20,2,0.325082973391448,0.82,NA
"seaTurtles","8444165ffffffff",9,3,0.683738905848754,0.62962962962963,NA
"seaTurtles","8444167ffffffff",8,2,0.376770161256437,0.78125,NA
"seaTurtles","844416bffffffff",27,4,1.09805609105594,0.412894375857339,NA
"seaTurtles","844416dffffffff",1,1,0,1,NA
"seaTurtles","8444181ffffffff",6,2,0.636514168294813,0.555555555555556,NA
"seaTurtles","8444183ffffffff",12,2,0.679193265991526,0.513888888888889,NA
"seaTurtles","8444185ffffffff",6,1,0,1,NA
"seaTurtles","8444187ffffffff",22,3,0.708832947994361,0.582644628099174,NA
"seaTurtles","8444189ffffffff",14,2,0.410116318288409,0.755102040816326,NA
"seaTurtles","844418bffffffff",3,2,0.636514168294813,0.555555555555556,NA
"seaTurtles","844418dffffffff",29,2,0.5526646224944,0.633769322235434,NA
"seaTurtles","8444191ffffffff",6,3,1.01140426470735,0.388888888888889,NA
"seaTurtles","8444193ffffffff",4,2,0.562335144618808,0.625,NA
"seaTurtles","8444195ffffffff",5,2,0.673011667009257,0.52,NA
"seaTurtles","8444197ffffffff",10,3,1.02965301406457,0.38,NA
"seaTurtles","8444199ffffffff",7,1,0,1,NA
"seaTurtles","844419bffffffff",1,1,0,1,NA
"seaTurtles","844419dffffffff",6,2,0.636514168294813,0.555555555555556,NA
"seaTurtles","84441a3ffffffff",11,2,0.655481773901393,0.537190082644628,NA
"seaTurtles","84441a9ffffffff",3,2,0.636514168294813,0.555555555555556,NA
"seaTurtles","84441abffffffff",20,4,1.10973855210615,0.39,NA
"seaTurtles","84441b1ffffffff",11,3,0.994923632571775,0.40495867768595,NA
"seaTurtles","84441b3ffffffff",13,3,0.898137003187868,0.443786982248521,NA
"seaTurtles","84441b5ffffffff",5,2,0.500402423538188,0.68,NA
"seaTurtles","84441b9ffffffff",15,2,0.673011667009257,0.52,NA
"seaTurtles","84441bbffffffff",11,3,0.934769897858279,0.421487603305785,NA
"seaTurtles","84441bdffffffff",16,3,0.830523691482846,0.4921875,NA
"seaTurtles","84441c1ffffffff",8,3,0.735621939758795,0.59375,NA
"seaTurtles","84441c3ffffffff",9,2,0.686961576597323,0.506172839506173,NA
"seaTurtles","84441c5ffffffff",26,3,0.822571514352417,0.470414201183432,NA
"seaTurtles","84441c7ffffffff",16,2,0.562335144618808,0.625,NA
"seaTurtles","84441cbffffffff",4,1,0,1,NA
"seaTurtles","84441cdffffffff",12,4,0.836988216785836,0.583333333333333,NA
"seaTurtles","84441d1ffffffff",6,1,0,1,NA
"seaTurtles","84441d5ffffffff",3,2,0.636514168294813,0.555555555555556,NA
"seaTurtles","84441d7ffffffff",5,1,0,1,NA
"seaTurtles","84441dbffffffff",3,1,0,1,NA
"seaTurtles","84441ddffffffff",2,2,0.693147180559945,0.5,NA
"seaTurtles","84441e1ffffffff",19,1,0,1,NA
"seaTurtles","84441e3ffffffff",15,2,0.244930026794635,0.875555555555556,NA
"seaTurtles","84441e7ffffffff",13,5,1.17865499634165,0.420118343195266,NA
"seaTurtles","84441e9ffffffff",10,2,0.610864302054894,0.58,NA
"seaTurtles","84441ebffffffff",43,5,0.722902100523381,0.646295294753921,NA
"seaTurtles","84441edffffffff",5,1,0,1,NA
"seaTurtles","8444207ffffffff",5,1,0,1,NA
"seaTurtles","844420dffffffff",6,2,0.450561208866305,0.722222222222222,NA
"seaTurtles","844421dffffffff",8,3,0.735621939758795,0.59375,NA
"seaTurtles","8444227ffffffff",3,1,0,1,NA
"seaTurtles","8444233ffffffff",2,1,0,1,NA
"seaTurtles","8444255ffffffff",7,2,0.598269588585257,0.591836734693878,NA
"seaTurtles","844425bffffffff",9,3,0.848685557726417,0.506172839506173,NA
"seaTurtles","8444265ffffffff",1,1,0,1,NA
"seaTurtles","8444267ffffffff",6,2,0.450561208866305,0.722222222222222,NA
"seaTurtles","844426dffffffff",3,1,0,1,NA
"seaTurtles","8444285ffffffff",1,1,0,1,NA
"seaTurtles","8444291ffffffff",1,1,0,1,NA
"seaTurtles","8444293ffffffff",5,2,0.500402423538188,0.68,NA
"seaTurtles","8444295ffffffff",1,1,0,1,NA
"seaTurtles","8444297ffffffff",1,1,0,1,NA
"seaTurtles","8444299ffffffff",2,2,0.693147180559945,0.5,NA
"seaTurtles","844429bffffffff",2,1,0,1,NA
"seaTurtles","844429dffffffff",2,1,0,1,NA
"seaTurtles","84442a7ffffffff",2,2,0.693147180559945,0.5,NA
"seaTurtles","84442a9ffffffff",5,3,0.950270539233235,0.44,NA
"seaTurtles","84442b3ffffffff",2,1,0,1,NA
"seaTurtles","84442b5ffffffff",3,1,0,1,NA
"seaTurtles","84442b7ffffffff",2,1,0,1,NA
"seaTurtles","84442bbffffffff",2,1,0,1,NA
"seaTurtles","84442c1ffffffff",3,2,0.636514168294813,0.555555555555556,NA
"seaTurtles","84442d3ffffffff",1,1,0,1,NA
"seaTurtles","84442e3ffffffff",1,1,0,1,NA
"seaTurtles","84442e9ffffffff",5,4,1.33217904021012,0.28,NA
"seaTurtles","844430dffffffff",4,2,0.562335144618808,0.625,NA
"seaTurtles","8444311ffffffff",6,2,0.450561208866305,0.722222222222222,NA
"seaTurtles","8444325ffffffff",1,1,0,1,NA
"seaTurtles","8444327ffffffff",6,2,0.450561208866305,0.722222222222222,NA
"seaTurtles","8444329ffffffff",5,5,1.6094379124341,0.2,NA
"seaTurtles","8444337ffffffff",1,1,0,1,NA
"seaTurtles","844433dffffffff",6,2,0.450561208866305,0.722222222222222,NA
"seaTurtles","8444355ffffffff",6,2,0.450561208866305,0.722222222222222,NA
"seaTurtles","8444441ffffffff",6,1,0,1,NA
"seaTurtles","8444449ffffffff",21,2,0.314492201281411,0.827664399092971,NA
"seaTurtles","844444bffffffff",1,1,0,1,NA
"seaTurtles","844444dffffffff",3,1,0,1,NA
"seaTurtles","8444451ffffffff",1,1,0,1,NA
"seaTurtles","8444505ffffffff",11,3,0.859967281035505,0.487603305785124,NA
"seaTurtles","8444509ffffffff",16,3,0.777462131910929,0.5390625,NA
"seaTurtles","844450dffffffff",2,1,0,1,NA
"seaTurtles","8444541ffffffff",48,2,0.661563238157982,0.53125,NA
"seaTurtles","8444543ffffffff",4,1,0,1,NA
"seaTurtles","8444545ffffffff",26,3,0.901226250897327,0.464497041420118,NA
"seaTurtles","8444547ffffffff",20,2,0.562335144618808,0.625,NA
"seaTurtles","8444549ffffffff",6,1,0,1,NA
"seaTurtles","844454bffffffff",9,2,0.348832095843032,0.802469135802469,NA
"seaTurtles","844454dffffffff",1,1,0,1,NA
"seaTurtles","8444551ffffffff",11,3,0.600166073159646,0.68595041322314,NA
"seaTurtles","844455dffffffff",2,2,0.693147180559945,0.5,NA
"seaTurtles","8444561ffffffff",16,3,0.46341355882643,0.7734375,NA
"seaTurtles","8444563ffffffff",20,3,0.845113256842953,0.465,NA
"seaTurtles","8444565ffffffff",20,3,1.09606732844686,0.335,NA
"seaTurtles","8444567ffffffff",19,4,1.11377126334891,0.373961218836565,NA
"seaTurtles","8444569ffffffff",10,3,0.943348392329039,0.42,NA
"seaTurtles","844456bffffffff",17,2,0.677494404448707,0.515570934256055,NA
"seaTurtles","844456dffffffff",29,3,0.697074523187393,0.609988109393579,NA
"seaTurtles","8444603ffffffff",6,2,0.636514168294813,0.555555555555556,NA
"seaTurtles","8444605ffffffff",2,2,0.693147180559945,0.5,NA
"seaTurtles","8444607ffffffff",21,1,0,1,NA
"seaTurtles","844460dffffffff",1,1,0,1,NA
"seaTurtles","8444611ffffffff",5,3,0.950270539233235,0.44,NA
"seaTurtles","8444613ffffffff",69,1,0,1,1
"seaTurtles","8444615ffffffff",30,2,0.244930026794635,0.875555555555556,NA
"seaTurtles","8444617ffffffff",51,2,0.0965089607359473,0.96155324875048,1.98039215686275
"seaTurtles","8444619ffffffff",7,2,0.598269588585257,0.591836734693878,NA
"seaTurtles","844461bffffffff",22,3,0.708832947994361,0.582644628099174,NA
"seaTurtles","844461dffffffff",1,1,0,1,NA
"seaTurtles","8444621ffffffff",33,1,0,1,NA
"seaTurtles","8444623ffffffff",54,3,0.419555892320233,0.796982167352538,2.99580396583726
"seaTurtles","8444625ffffffff",29,2,0.149994923610415,0.933412604042806,NA
"seaTurtles","8444627ffffffff",193,1,0,1,1
"seaTurtles","844462bffffffff",19,2,0.206192050633232,0.900277008310249,NA
"seaTurtles","844462dffffffff",1,1,0,1,NA
"seaTurtles","8444631ffffffff",36,3,0.60893385532005,0.671296296296296,NA
"seaTurtles","8444633ffffffff",36,4,0.378387007111836,0.842592592592592,NA
"seaTurtles","8444635ffffffff",36,2,0.126930545341402,0.945987654320988,NA
"seaTurtles","8444637ffffffff",18,1,0,1,NA
"seaTurtles","8444639ffffffff",31,3,0.614523739088228,0.671175858480749,NA
"seaTurtles","844463bffffffff",34,2,0.223718076065834,0.889273356401384,NA
"seaTurtles","844463dffffffff",25,4,0.498758465912883,0.7792,NA
"seaTurtles","8444641ffffffff",12,1,0,1,NA
"seaTurtles","8444645ffffffff",6,1,0,1,NA
"seaTurtles","8444647ffffffff",1,1,0,1,NA
"seaTurtles","8444649ffffffff",17,3,0.578325286660127,0.695501730103806,NA
"seaTurtles","844464bffffffff",1,1,0,1,NA
"seaTurtles","844464dffffffff",3,2,0.636514168294813,0.555555555555556,NA
"seaTurtles","8444651ffffffff",1,1,0,1,NA
"seaTurtles","8444657ffffffff",1,1,0,1,NA
"seaTurtles","844465dffffffff",1,1,0,1,NA
"seaTurtles","8444661ffffffff",1,1,0,1,NA
"seaTurtles","8444665ffffffff",8,2,0.661563238157982,0.53125,NA
"seaTurtles","8444667ffffffff",1,1,0,1,NA
"seaTurtles","8444669ffffffff",5,1,0,1,NA
"seaTurtles","844466bffffffff",1,1,0,1,NA
"seaTurtles","844466dffffffff",15,4,0.857174043642079,0.564444444444444,NA
"seaTurtles","84446c1ffffffff",6,1,0,1,NA
"seaTurtles","84446c5ffffffff",45,2,0.10656595882802,0.956543209876543,NA
"seaTurtles","84446c9ffffffff",2,1,0,1,NA
"seaTurtles","84446cbffffffff",3,2,0.636514168294813,0.555555555555556,NA
"seaTurtles","84446cdffffffff",233,2,0.0276776371425936,0.991453148888357,1.21459227467819
"seaTurtles","84446e5ffffffff",28,1,0,1,NA
"seaTurtles","84446e9ffffffff",145,1,0,1,1
"seaTurtles","84446edffffffff",58,1,0,1,1
"seaTurtles","8444701ffffffff",16,4,1.04083983742324,0.4453125,NA
"seaTurtles","8444703ffffffff",2,1,0,1,NA
"seaTurtles","8444705ffffffff",5,2,0.500402423538188,0.68,NA
"seaTurtles","8444707ffffffff",24,3,0.836565172088026,0.461805555555556,NA
"seaTurtles","8444709ffffffff",4,1,0,1,NA
"seaTurtles","844470bffffffff",5,3,0.950270539233235,0.44,NA
"seaTurtles","844470dffffffff",8,3,0.735621939758795,0.59375,NA
"seaTurtles","8444711ffffffff",27,2,0.158410570131791,0.928669410150891,NA
"seaTurtles","8444715ffffffff",5,2,0.673011667009257,0.52,NA
"seaTurtles","8444717ffffffff",9,1,0,1,NA
"seaTurtles","8444719ffffffff",72,2,0.0731901291558692,0.972608024691358,1.69444444444444
"seaTurtles","844471bffffffff",110,2,0.0517811006744465,0.98198347107438,1.45454545454541
"seaTurtles","844471dffffffff",91,2,0.180319025556099,0.915952179688444,1.96210905199669
"seaTurtles","8444721ffffffff",16,3,0.830523691482846,0.4921875,NA
"seaTurtles","8444723ffffffff",2,2,0.693147180559945,0.5,NA
"seaTurtles","8444725ffffffff",1,1,0,1,NA
"seaTurtles","8444729ffffffff",7,1,0,1,NA
"seaTurtles","844472bffffffff",4,2,0.562335144618808,0.625,NA
"seaTurtles","844472dffffffff",4,2,0.562335144618808,0.625,NA
"seaTurtles","8444731ffffffff",3,1,0,1,NA
"seaTurtles","8444735ffffffff",1,1,0,1,NA
"seaTurtles","8444737ffffffff",14,3,0.655975732336547,0.642857142857143,NA
"seaTurtles","8444739ffffffff",7,2,0.682908104700472,0.510204081632653,NA
"seaTurtles","844473dffffffff",1,1,0,1,NA
"seaTurtles","8444741ffffffff",11,2,0.304636097349238,0.834710743801653,NA
"seaTurtles","8444743ffffffff",7,1,0,1,NA
"seaTurtles","8444745ffffffff",8,1,0,1,NA
"seaTurtles","8444747ffffffff",6,2,0.450561208866305,0.722222222222222,NA
"seaTurtles","8444749ffffffff",13,2,0.271189373041844,0.857988165680474,NA
"seaTurtles","844474bffffffff",7,1,0,1,NA
"seaTurtles","844474dffffffff",14,2,0.257318640543832,0.86734693877551,NA
"seaTurtles","8444751ffffffff",2,1,0,1,NA
"seaTurtles","8444753ffffffff",1,1,0,1,NA
"seaTurtles","8444755ffffffff",4,1,0,1,NA
"seaTurtles","8444757ffffffff",7,3,0.955699891112534,0.428571428571429,NA
"seaTurtles","8444759ffffffff",5,2,0.500402423538188,0.68,NA
"seaTurtles","844475bffffffff",2,2,0.693147180559945,0.5,NA
"seaTurtles","844475dffffffff",4,2,0.562335144618808,0.625,NA
"seaTurtles","8444761ffffffff",10,1,0,1,NA
"seaTurtles","8444763ffffffff",3,1,0,1,NA
"seaTurtles","8444765ffffffff",16,2,0.233791658706459,0.8828125,NA
"seaTurtles","8444767ffffffff",12,2,0.450561208866305,0.722222222222222,NA
"seaTurtles","8444769ffffffff",5,1,0,1,NA
"seaTurtles","844476bffffffff",13,2,0.540204142388861,0.644970414201184,NA
"seaTurtles","844476dffffffff",9,2,0.348832095843032,0.802469135802469,NA
"seaTurtles","8444805ffffffff",2,1,0,1,NA
"seaTurtles","8444811ffffffff",2,2,0.693147180559945,0.5,NA
"seaTurtles","8444813ffffffff",20,2,0.610864302054894,0.58,NA
"seaTurtles","8444815ffffffff",2,2,0.693147180559945,0.5,NA
"seaTurtles","8444817ffffffff",19,2,0.658109987543114,0.534626038781163,NA
"seaTurtles","844481bffffffff",4,1,0,1,NA
"seaTurtles","8444825ffffffff",1,1,0,1,NA
"seaTurtles","844482dffffffff",2,1,0,1,NA
"seaTurtles","8444831ffffffff",13,2,0.666278442414676,0.526627218934911,NA
"seaTurtles","8444833ffffffff",2,1,0,1,NA
"seaTurtles","8444835ffffffff",6,2,0.636514168294813,0.555555555555556,NA
"seaTurtles","8444837ffffffff",2,1,0,1,NA
"seaTurtles","844483bffffffff",12,2,0.679193265991526,0.513888888888889,NA
"seaTurtles","844484bffffffff",7,1,0,1,NA
"seaTurtles","8444857ffffffff",3,1,0,1,NA
"seaTurtles","8444859ffffffff",1,1,0,1,NA
"seaTurtles","8444861ffffffff",12,3,1.0775563270668,0.347222222222222,NA
"seaTurtles","8444863ffffffff",1,1,0,1,NA
"seaTurtles","8444865ffffffff",3,1,0,1,NA
"seaTurtles","844486bffffffff",3,1,0,1,NA
"seaTurtles","844486dffffffff",11,3,1.03619878481928,0.371900826446281,NA
"seaTurtles","8444891ffffffff",11,1,0,1,NA
"seaTurtles","8444895ffffffff",1,1,0,1,NA
"seaTurtles","8444899ffffffff",39,2,0.382960430767595,0.77646285338593,NA
"seaTurtles","844489bffffffff",42,2,0.314492201281411,0.827664399092971,NA
"seaTurtles","844489dffffffff",9,1,0,1,NA
"seaTurtles","84448a1ffffffff",1,1,0,1,NA
"seaTurtles","84448a7ffffffff",2,1,0,1,NA
"seaTurtles","84448b1ffffffff",1,1,0,1,NA
"seaTurtles","84448bbffffffff",3,2,0.636514168294813,0.555555555555556,NA
"seaTurtles","84448bdffffffff",4,1,0,1,NA
"seaTurtles","84448c3ffffffff",5,1,0,1,NA
"seaTurtles","84448c5ffffffff",7,2,0.598269588585257,0.591836734693878,NA
"seaTurtles","84448c9ffffffff",7,1,0,1,NA
"seaTurtles","84448cdffffffff",8,2,0.562335144618808,0.625,NA
"seaTurtles","84448d1ffffffff",13,1,0,1,NA
"seaTurtles","84448d3ffffffff",264,2,0.31327226779277,0.828541092745638,1.99605276409805
"seaTurtles","84448d7ffffffff",12,1,0,1,NA
"seaTurtles","84448d9ffffffff",28,3,0.58940100326468,0.691326530612245,NA
"seaTurtles","84448dbffffffff",170,3,0.424560036497269,0.779723183391003,2.6496303848897
"seaTurtles","84448ddffffffff",1,1,0,1,NA
"seaTurtles","84448e1ffffffff",3,2,0.636514168294813,0.555555555555556,NA
"seaTurtles","84448e3ffffffff",4,1,0,1,NA
"seaTurtles","84448e9ffffffff",1,1,0,1,NA
"seaTurtles","84448ebffffffff",3,2,0.636514168294813,0.555555555555556,NA
"seaTurtles","84448edffffffff",4,1,0,1,NA
"seaTurtles","844491dffffffff",1,1,0,1,NA
"seaTurtles","8444927ffffffff",2,2,0.693147180559945,0.5,NA
"seaTurtles","8444937ffffffff",3,1,0,1,NA
"seaTurtles","844493bffffffff",2,2,0.693147180559945,0.5,NA
"seaTurtles","8444943ffffffff",1,1,0,1,NA
"seaTurtles","8444987ffffffff",3,1,0,1,NA
"seaTurtles","844498bffffffff",2,2,0.693147180559945,0.5,NA
"seaTurtles","8444995ffffffff",3,1,0,1,NA
"seaTurtles","844499dffffffff",1,1,0,1,NA
"seaTurtles","84449a9ffffffff",2,1,0,1,NA
"seaTurtles","84449b5ffffffff",2,1,0,1,NA
"seaTurtles","84449c1ffffffff",1,1,0,1,NA
"seaTurtles","84449c3ffffffff",2,1,0,1,NA
"seaTurtles","84449c9ffffffff",3,2,0.636514168294813,0.555555555555556,NA
"seaTurtles","84449cbffffffff",3,2,0.636514168294813,0.555555555555556,NA
"seaTurtles","84449dbffffffff",3,1,0,1,NA
"seaTurtles","84449e9ffffffff",2,1,0,1,NA
"seaTurtles","8444a03ffffffff",11,2,0.304636097349238,0.834710743801653,NA
"seaTurtles","8444a09ffffffff",1,1,0,1,NA
"seaTurtles","8444a11ffffffff",96,3,0.802818782037964,0.545138888888889,2.99993621283379
"seaTurtles","8444a13ffffffff",20,3,0.997271523182384,0.405,NA
"seaTurtles","8444a17ffffffff",34,3,1.01391688104133,0.392733564013841,NA
"seaTurtles","8444a19ffffffff",120,2,0.343016518328513,0.806805555555556,1.99945807111342
"seaTurtles","8444a1dffffffff",10,4,1.16828245017656,0.36,NA
"seaTurtles","8444a21ffffffff",7,1,0,1,NA
"seaTurtles","8444a37ffffffff",1,1,0,1,NA
"seaTurtles","8444a47ffffffff",6,1,0,1,NA
"seaTurtles","8444a51ffffffff",22,4,0.979478265590375,0.433884297520661,NA
"seaTurtles","8444a53ffffffff",19,3,0.708018976056273,0.590027700831025,NA
"seaTurtles","8444a57ffffffff",21,3,0.832407574347485,0.473922902494331,NA
"seaTurtles","8444a59ffffffff",11,2,0.474139313057837,0.702479338842975,NA
"seaTurtles","8444a5bffffffff",14,3,0.75893677276206,0.561224489795918,NA
"seaTurtles","8444a61ffffffff",7,1,0,1,NA
"seaTurtles","8444a81ffffffff",30,3,0.562729820034514,0.708888888888889,NA
"seaTurtles","8444a83ffffffff",43,4,1.16648478952606,0.34559221200649,NA
"seaTurtles","8444a85ffffffff",176,3,0.252829558807597,0.891464359504132,2.54378594572412
"seaTurtles","8444a87ffffffff",451,4,0.26425040970942,0.897414466988855,2.79710299410794
"seaTurtles","8444a8dffffffff",51,4,0.828165149127355,0.560938100730488,3.98039215686275
"seaTurtles","8444a91ffffffff",7,2,0.410116318288409,0.755102040816326,NA
"seaTurtles","8444a97ffffffff",1,1,0,1,NA
"seaTurtles","8444aa1ffffffff",6,1,0,1,NA
"seaTurtles","8444aa7ffffffff",2,1,0,1,NA
"seaTurtles","8444aa9ffffffff",11,3,0.934769897858279,0.421487603305785,NA
"seaTurtles","8444aabffffffff",394,4,0.106193985419444,0.964917931407663,1.78508375388392
"seaTurtles","8444aadffffffff",11,2,0.304636097349238,0.834710743801653,NA
"seaTurtles","8444ab1ffffffff",123,5,0.415601598947802,0.819023068279463,3.44969602235109
"seaTurtles","8444ab3ffffffff",131,4,0.352137507717151,0.843132684575491,2.98258036037374
"seaTurtles","8444ab5ffffffff",16,3,0.70291893077351,0.6015625,NA
"seaTurtles","8444ab7ffffffff",10,1,0,1,NA
"seaTurtles","8444ab9ffffffff",249,4,0.801717915851837,0.58339381622877,3.85636839712433
"seaTurtles","8444abbffffffff",177,4,0.951392286986385,0.46337259408216,3.87411889987223
"seaTurtles","8444abdffffffff",554,4,0.116695329869615,0.957480222601624,1.7953238575635
"seaTurtles","8444ac5ffffffff",11,2,0.474139313057837,0.702479338842975,NA
"seaTurtles","8444ad1ffffffff",1,1,0,1,NA
"seaTurtles","8444ae1ffffffff",14,3,0.75893677276206,0.561224489795918,NA
"seaTurtles","8444ae3ffffffff",66,4,0.71853147470278,0.62396694214876,3.7550504670944
"seaTurtles","8444ae7ffffffff",2,2,0.693147180559945,0.5,NA
"seaTurtles","8444ae9ffffffff",79,4,1.16543347067781,0.354911071943599,3.99824240452644
"seaTurtles","8444aebffffffff",62,3,0.828223464064614,0.528095733610822,2.99999998854155
"seaTurtles","8444aedffffffff",14,1,0,1,NA
"seaTurtles","8444b01ffffffff",1,1,0,1,NA
"seaTurtles","8444b09ffffffff",1,1,0,1,NA
"seaTurtles","8444b0dffffffff",5,1,0,1,NA
"seaTurtles","8444b13ffffffff",20,3,0.997271523182384,0.405,NA
"seaTurtles","8444b17ffffffff",4,2,0.562335144618808,0.625,NA
"seaTurtles","8444b19ffffffff",7,1,0,1,NA
"seaTurtles","8444b33ffffffff",1,1,0,1,NA
"seaTurtles","8444b39ffffffff",7,2,0.410116318288409,0.755102040816326,NA
"seaTurtles","8444b51ffffffff",5,1,0,1,NA
"seaTurtles","8444b57ffffffff",6,3,1.09861228866811,0.333333333333333,NA
"seaTurtles","8444d49ffffffff",1,1,0,1,NA
"seaTurtles","8444d4dffffffff",1,1,0,1,NA
"seaTurtles","8444e05ffffffff",3,1,0,1,NA
"seaTurtles","8444e0bffffffff",5,1,0,1,NA
"seaTurtles","8444e2dffffffff",3,1,0,1,NA
"seaTurtles","8444e41ffffffff",28,4,0.813395762882327,0.586734693877551,NA
"seaTurtles","8444e43ffffffff",30,3,0.38873439022093,0.815555555555556,NA
"seaTurtles","8444e45ffffffff",18,3,0.900908873225472,0.462962962962963,NA
"seaTurtles","8444e47ffffffff",1,1,0,1,NA
"seaTurtles","8444e49ffffffff",34,4,0.963139502182683,0.441176470588235,NA
"seaTurtles","8444e4bffffffff",22,2,0.535959889216217,0.648760330578512,NA
"seaTurtles","8444e4dffffffff",15,3,0.62770525719715,0.662222222222222,NA
"seaTurtles","8444e51ffffffff",90,4,0.919064605372319,0.475555555555556,3.79907850864266
"seaTurtles","8444e53ffffffff",9,3,0.936888307539016,0.432098765432099,NA
"seaTurtles","8444e55ffffffff",54,3,0.774311244498752,0.550068587105624,2.99999683795466
"seaTurtles","8444e59ffffffff",57,2,0.436162325385344,0.734072022160665,2
"seaTurtles","8444e5bffffffff",37,5,1.17837771132204,0.390796201607012,NA
"seaTurtles","8444e5dffffffff",266,4,0.739790533346054,0.593080445474589,3.30913136295852
"seaTurtles","8444e61ffffffff",6,1,0,1,NA
"seaTurtles","8444e65ffffffff",2,1,0,1,NA
"seaTurtles","8444e69ffffffff",14,3,0.89820533970415,0.438775510204082,NA
"seaTurtles","8444e6dffffffff",6,1,0,1,NA
"seaTurtles","8444f05ffffffff",412,4,0.470310283073514,0.766365821472335,2.9677472106952
"seaTurtles","8444f07ffffffff",80,4,0.764236636892483,0.6078125,3.93325518114874
"seaTurtles","8444f1dffffffff",3,3,1.09861228866811,0.333333333333333,NA
"seaTurtles","8444f21ffffffff",512,4,0.415672540547094,0.771049499511719,2.28273179972532
"seaTurtles","8444f23ffffffff",167,4,0.686900712754555,0.627738534906235,3.26244664117312
"seaTurtles","8444f25ffffffff",760,4,0.278074558533481,0.867288781163435,2.22113167027882
"seaTurtles","8444f27ffffffff",58,4,0.437222241695412,0.807966706302021,3.84331518451301
"seaTurtles","8444f29ffffffff",203,4,0.89843345798661,0.459438472178408,3.58105185981046
"seaTurtles","8444f2bffffffff",371,4,0.573356072282277,0.685573339339296,2.95807007746782
"seaTurtles","8444f2dffffffff",1360,4,0.263631241271391,0.873383434256055,2.14161686593491
"seaTurtles","8444f3dffffffff",335,3,0.535542278041964,0.70582312319002,2.77080535585605
"seaTurtles","8444f43ffffffff",2,1,0,1,NA
"seaTurtles","8444f61ffffffff",209,4,0.979742196614857,0.4203887273643,3.65407801697204
"seaTurtles","8444f63ffffffff",289,4,0.9501563072527,0.447803546413477,3.66424411954199
"seaTurtles","8444f65ffffffff",140,4,0.466733153716794,0.789795918367347,3.49605984085863
"seaTurtles","8444f67ffffffff",171,4,0.765663447451487,0.589343729694607,3.69437002361252
"seaTurtles","8444f69ffffffff",2,1,0,1,NA
"seaTurtles","8444f6bffffffff",15,3,0.927617334327182,0.448888888888889,NA
"seaTurtles","8444f6dffffffff",249,4,0.980977579540993,0.428460831276915,3.7718134145587
"seaTurtles","8445011ffffffff",144,4,1.09706084189449,0.353298611111111,3.34722221541906
"seaTurtles","8445015ffffffff",7,4,1.27703425946614,0.306122448979592,NA
"seaTurtles","8445017ffffffff",150,4,1.06217531196132,0.371288888888889,3.33332589585617
"seaTurtles","8445019ffffffff",11,3,0.859967281035505,0.487603305785124,NA
"seaTurtles","8445027ffffffff",3,1,0,1,NA
"seaTurtles","8445037ffffffff",2,1,0,1,NA
"seaTurtles","844503dffffffff",2,1,0,1,NA
"seaTurtles","8445045ffffffff",1,1,0,1,NA
"seaTurtles","8445049ffffffff",9,3,0.964962923007428,0.407407407407407,NA
"seaTurtles","844504bffffffff",1,1,0,1,NA
"seaTurtles","844504dffffffff",4,1,0,1,NA
"seaTurtles","8445051ffffffff",1,1,0,1,NA
"seaTurtles","8445053ffffffff",6,4,1.32966134885476,0.277777777777778,NA
"seaTurtles","8445055ffffffff",6,4,1.242453324894,0.333333333333333,NA
"seaTurtles","8445057ffffffff",3,1,0,1,NA
"seaTurtles","844505bffffffff",8,3,0.974314752869349,0.40625,NA
"seaTurtles","844505dffffffff",11,3,1.03619878481928,0.371900826446281,NA
"seaTurtles","8445063ffffffff",4,2,0.693147180559945,0.5,NA
"seaTurtles","8445065ffffffff",2,1,0,1,NA
"seaTurtles","8445069ffffffff",9,1,0,1,NA
"seaTurtles","844506dffffffff",2,1,0,1,NA
"seaTurtles","8445081ffffffff",1,1,0,1,NA
"seaTurtles","8445093ffffffff",16,3,0.947057152282508,0.4296875,NA
"seaTurtles","84450a1ffffffff",1,1,0,1,NA
"seaTurtles","84450a5ffffffff",2,2,0.693147180559945,0.5,NA
"seaTurtles","84450a7ffffffff",3,1,0,1,NA
"seaTurtles","84450a9ffffffff",15,4,1.21055784417747,0.333333333333333,NA
"seaTurtles","84450adffffffff",53,4,1.10630003747114,0.386970452118192,3.9978229317852
"seaTurtles","84450b1ffffffff",5,5,1.6094379124341,0.2,NA
"seaTurtles","84450b5ffffffff",9,3,0.936888307539016,0.432098765432099,NA
"seaTurtles","84450bbffffffff",8,3,0.900256051268537,0.46875,NA
"seaTurtles","84450e1ffffffff",6,3,0.867563228481461,0.5,NA
"seaTurtles","84450e7ffffffff",555,3,1.08067490149896,0.344715526337148,2.99999967905341
"seaTurtles","8445115ffffffff",4,2,0.562335144618808,0.625,NA
"seaTurtles","8445121ffffffff",3,1,0,1,NA
"seaTurtles","8445129ffffffff",3,1,0,1,NA
"seaTurtles","8445137ffffffff",4,2,0.562335144618808,0.625,NA
"seaTurtles","844513dffffffff",5,3,0.950270539233235,0.44,NA
"seaTurtles","8445143ffffffff",4,1,0,1,NA
"seaTurtles","8445147ffffffff",3,1,0,1,NA
"seaTurtles","8445149ffffffff",5,2,0.673011667009257,0.52,NA
"seaTurtles","8445155ffffffff",4,3,1.03972077083992,0.375,NA
"seaTurtles","8445159ffffffff",1,1,0,1,NA
"seaTurtles","844515bffffffff",4,2,0.693147180559945,0.5,NA
"seaTurtles","844515dffffffff",3,1,0,1,NA
"seaTurtles","8445163ffffffff",7,3,1.07899220787758,0.346938775510204,NA
"seaTurtles","844516bffffffff",1,1,0,1,NA
"seaTurtles","8445181ffffffff",3,3,1.09861228866811,0.333333333333333,NA
"seaTurtles","8445193ffffffff",10,4,1.27985422583367,0.3,NA
"seaTurtles","8445195ffffffff",1,1,0,1,NA
"seaTurtles","844519bffffffff",5,3,1.05492016798614,0.36,NA
"seaTurtles","84451b1ffffffff",1,1,0,1,NA
"seaTurtles","84451b3ffffffff",1,1,0,1,NA
"seaTurtles","84451b5ffffffff",6,3,0.867563228481461,0.5,NA
"seaTurtles","84451bbffffffff",9,3,0.936888307539016,0.432098765432099,NA
"seaTurtles","84451c7ffffffff",3,2,0.636514168294813,0.555555555555556,NA
"seaTurtles","84451d3ffffffff",8,4,1.32088834314932,0.28125,NA
"seaTurtles","84451edffffffff",2,1,0,1,NA
"seaTurtles","8445201ffffffff",3,2,0.636514168294813,0.555555555555556,NA
"seaTurtles","8445229ffffffff",2,1,0,1,NA
"seaTurtles","8445235ffffffff",2,2,0.693147180559945,0.5,NA
"seaTurtles","844523bffffffff",9,3,0.936888307539016,0.432098765432099,NA
"seaTurtles","8445247ffffffff",1,1,0,1,NA
"seaTurtles","844528dffffffff",1,1,0,1,NA
"seaTurtles","8445293ffffffff",81,2,0.607693423870957,0.582990397805213,1.99999999999999
"seaTurtles","844529bffffffff",1,1,0,1,NA
"seaTurtles","84452a7ffffffff",1,1,0,1,NA
"seaTurtles","84452dbffffffff",1,1,0,1,NA
"seaTurtles","8445301ffffffff",3,1,0,1,NA
"seaTurtles","8445313ffffffff",18,4,1.01390466093457,0.425925925925926,NA
"seaTurtles","844531bffffffff",3,2,0.636514168294813,0.555555555555556,NA
"seaTurtles","844532dffffffff",3,2,0.636514168294813,0.555555555555556,NA
"seaTurtles","8445331ffffffff",6,2,0.450561208866305,0.722222222222222,NA
"seaTurtles","8445357ffffffff",2,2,0.693147180559945,0.5,NA
"seaTurtles","8445425ffffffff",1,1,0,1,NA
"seaTurtles","844543dffffffff",1,1,0,1,NA
"seaTurtles","8445451ffffffff",3,2,0.636514168294813,0.555555555555556,NA
"seaTurtles","8445463ffffffff",3,2,0.636514168294813,0.555555555555556,NA
"seaTurtles","8445493ffffffff",3,2,0.636514168294813,0.555555555555556,NA
"seaTurtles","8445497ffffffff",2,2,0.693147180559945,0.5,NA
"seaTurtles","84454a3ffffffff",4,1,0,1,NA
"seaTurtles","84454a5ffffffff",4,1,0,1,NA
"seaTurtles","84454a7ffffffff",4,1,0,1,NA
"seaTurtles","84454abffffffff",1,1,0,1,NA
"seaTurtles","84454b1ffffffff",3,1,0,1,NA
"seaTurtles","84454b3ffffffff",2,2,0.693147180559945,0.5,NA
"seaTurtles","84454b5ffffffff",17,1,0,1,NA
"seaTurtles","84454b7ffffffff",3,1,0,1,NA
"seaTurtles","84454bbffffffff",1,1,0,1,NA
"seaTurtles","84454bdffffffff",2,1,0,1,NA
"seaTurtles","8445507ffffffff",2,1,0,1,NA
"seaTurtles","844550dffffffff",7,2,0.598269588585257,0.591836734693878,NA
"seaTurtles","8445513ffffffff",1,1,0,1,NA
"seaTurtles","844551dffffffff",3,1,0,1,NA
"seaTurtles","8445527ffffffff",4,2,0.562335144618808,0.625,NA
"seaTurtles","8445537ffffffff",3,1,0,1,NA
"seaTurtles","8445545ffffffff",1,1,0,1,NA
"seaTurtles","8445549ffffffff",2,1,0,1,NA
"seaTurtles","844554dffffffff",8,1,0,1,NA
"seaTurtles","8445555ffffffff",4,1,0,1,NA
"seaTurtles","844555bffffffff",2,2,0.693147180559945,0.5,NA
"seaTurtles","8445565ffffffff",5,5,1.6094379124341,0.2,NA
"seaTurtles","8445581ffffffff",4,2,0.562335144618808,0.625,NA
"seaTurtles","8445583ffffffff",17,1,0,1,NA
"seaTurtles","8445585ffffffff",4,1,0,1,NA
"seaTurtles","8445587ffffffff",18,1,0,1,NA
"seaTurtles","844558bffffffff",13,2,0.271189373041844,0.857988165680474,NA
"seaTurtles","844558dffffffff",2,1,0,1,NA
"seaTurtles","8445591ffffffff",10,2,0.325082973391448,0.82,NA
"seaTurtles","8445593ffffffff",11,2,0.585952618303551,0.603305785123967,NA
"seaTurtles","8445595ffffffff",21,1,0,1,NA
"seaTurtles","8445597ffffffff",19,2,0.336495757583516,0.811634349030471,NA
"seaTurtles","8445599ffffffff",1,1,0,1,NA
"seaTurtles","844559bffffffff",17,3,0.443757284260148,0.785467128027682,NA
"seaTurtles","844559dffffffff",12,1,0,1,NA
"seaTurtles","84455a1ffffffff",2,1,0,1,NA
"seaTurtles","84455a3ffffffff",19,2,0.336495757583516,0.811634349030471,NA
"seaTurtles","84455a5ffffffff",2,1,0,1,NA
"seaTurtles","84455a7ffffffff",7,1,0,1,NA
"seaTurtles","84455a9ffffffff",2,1,0,1,NA
"seaTurtles","84455abffffffff",10,2,0.325082973391448,0.82,NA
"seaTurtles","84455b1ffffffff",14,3,0.509137344082687,0.744897959183673,NA
"seaTurtles","84455b3ffffffff",10,1,0,1,NA
"seaTurtles","84455b5ffffffff",5,1,0,1,NA
"seaTurtles","84455b7ffffffff",15,4,0.857174043642079,0.564444444444444,NA
"seaTurtles","84455b9ffffffff",39,2,0.330680630831979,0.815910585141354,NA
"seaTurtles","84455bbffffffff",36,3,0.472441694469468,0.75462962962963,NA
"seaTurtles","84455bdffffffff",18,2,0.348832095843032,0.802469135802469,NA
"seaTurtles","84455c1ffffffff",2,2,0.693147180559945,0.5,NA
"seaTurtles","84455d1ffffffff",2,1,0,1,NA
"seaTurtles","84455d3ffffffff",1,1,0,1,NA
"seaTurtles","84455d5ffffffff",1,1,0,1,NA
"seaTurtles","84455d7ffffffff",8,1,0,1,NA
"seaTurtles","84455ddffffffff",1,1,0,1,NA
"seaTurtles","84455e9ffffffff",1,1,0,1,NA
"seaTurtles","844560bffffffff",1,1,0,1,NA
"seaTurtles","8445647ffffffff",1,1,0,1,NA
"seaTurtles","844564dffffffff",1,1,0,1,NA
"seaTurtles","8445659ffffffff",1,1,0,1,NA
"seaTurtles","844565dffffffff",1,1,0,1,NA
"seaTurtles","8445661ffffffff",1,1,0,1,NA
"seaTurtles","84456dbffffffff",10,5,1.6094379124341,0.2,NA
"seaTurtles","84456e3ffffffff",1,1,0,1,NA
"seaTurtles","84456e9ffffffff",1,1,0,1,NA
"seaTurtles","8445701ffffffff",3,2,0.636514168294813,0.555555555555556,NA
"seaTurtles","8445713ffffffff",3,2,0.636514168294813,0.555555555555556,NA
"seaTurtles","8445719ffffffff",1,1,0,1,NA
"seaTurtles","8445721ffffffff",3,2,0.636514168294813,0.555555555555556,NA
"seaTurtles","8445727ffffffff",4,2,0.562335144618808,0.625,NA
"seaTurtles","8445729ffffffff",8,3,1.03972077083992,0.375,NA
"seaTurtles","8445735ffffffff",8,3,0.900256051268537,0.46875,NA
"seaTurtles","844573bffffffff",5,2,0.673011667009257,0.52,NA
"seaTurtles","8445745ffffffff",386,4,0.674446024262257,0.586149963757416,2.75395153369734
"seaTurtles","8445747ffffffff",6,2,0.636514168294813,0.555555555555556,NA
"seaTurtles","8445749ffffffff",24,5,1.4181618907689,0.270833333333333,NA
"seaTurtles","844574dffffffff",305,4,1.01731417829143,0.419123891427036,3.76215907526487
"seaTurtles","8445757ffffffff",1,1,0,1,NA
"seaTurtles","8445761ffffffff",27,4,1.13647458313392,0.385459533607682,NA
"seaTurtles","8445769ffffffff",52,3,0.364664589257344,0.823224852071006,2.96153846153846
"seaTurtles","8445807ffffffff",1,1,0,1,NA
"seaTurtles","8445813ffffffff",1,1,0,1,NA
"seaTurtles","8445825ffffffff",1,1,0,1,NA
"seaTurtles","8445843ffffffff",2,1,0,1,NA
"seaTurtles","8445847ffffffff",2,1,0,1,NA
"seaTurtles","844584bffffffff",1,1,0,1,NA
"seaTurtles","8445857ffffffff",1,1,0,1,NA
"seaTurtles","844585dffffffff",6,2,0.693147180559945,0.5,NA
"seaTurtles","844586bffffffff",2,2,0.693147180559945,0.5,NA
"seaTurtles","8445895ffffffff",5,1,0,1,NA
"seaTurtles","844589bffffffff",3,2,0.636514168294813,0.555555555555556,NA
"seaTurtles","84458b3ffffffff",1,1,0,1,NA
"seaTurtles","84458bdffffffff",4,1,0,1,NA
"seaTurtles","84458c9ffffffff",3,2,0.636514168294813,0.555555555555556,NA
"seaTurtles","84458d5ffffffff",1,1,0,1,NA
"seaTurtles","84458e3ffffffff",1,1,0,1,NA
"seaTurtles","8445903ffffffff",1,1,0,1,NA
"seaTurtles","8445937ffffffff",1,1,0,1,NA
"seaTurtles","8445943ffffffff",1,1,0,1,NA
"seaTurtles","8445961ffffffff",1,1,0,1,NA
"seaTurtles","844598bffffffff",3,1,0,1,NA
"seaTurtles","8445995ffffffff",8,1,0,1,NA
"seaTurtles","844599bffffffff",3,1,0,1,NA
"seaTurtles","84459a9ffffffff",6,2,0.450561208866305,0.722222222222222,NA
"seaTurtles","84459b5ffffffff",7,2,0.410116318288409,0.755102040816326,NA
"seaTurtles","84459c1ffffffff",1,1,0,1,NA
"seaTurtles","84459dbffffffff",2,2,0.693147180559945,0.5,NA
"seaTurtles","84459edffffffff",1,1,0,1,NA
"seaTurtles","8445a09ffffffff",4,2,0.562335144618808,0.625,NA
"seaTurtles","8445a15ffffffff",6,3,1.01140426470735,0.388888888888889,NA
"seaTurtles","8445a1bffffffff",6,3,1.01140426470735,0.388888888888889,NA
"seaTurtles","8445a23ffffffff",7,3,1.00424247305408,0.387755102040816,NA
"seaTurtles","8445a31ffffffff",3,1,0,1,NA
"seaTurtles","8445a33ffffffff",20,2,0.688138813713588,0.505,NA
"seaTurtles","8445a35ffffffff",1,1,0,1,NA
"seaTurtles","8445a3bffffffff",1,1,0,1,NA
"seaTurtles","8445a3dffffffff",1,1,0,1,NA
"seaTurtles","8445a41ffffffff",2,1,0,1,NA
"seaTurtles","8445a49ffffffff",1,1,0,1,NA
"seaTurtles","8445a4bffffffff",5,1,0,1,NA
"seaTurtles","8445a4dffffffff",10,3,0.639031859650177,0.66,NA
"seaTurtles","8445a51ffffffff",3,2,0.636514168294813,0.555555555555556,NA
"seaTurtles","8445a67ffffffff",2,2,0.693147180559945,0.5,NA
"seaTurtles","8445a81ffffffff",2,2,0.693147180559945,0.5,NA
"seaTurtles","8445a93ffffffff",3,2,0.636514168294813,0.555555555555556,NA
"seaTurtles","8445aa1ffffffff",3,2,0.636514168294813,0.555555555555556,NA
"seaTurtles","8445abbffffffff",3,2,0.636514168294813,0.555555555555556,NA
"seaTurtles","8445ac5ffffffff",5,2,0.500402423538188,0.68,NA
"seaTurtles","8445ad7ffffffff",1,1,0,1,NA
"seaTurtles","8445aedffffffff",18,3,1.01140426470735,0.388888888888889,NA
"seaTurtles","8445b05ffffffff",4,1,0,1,NA
"seaTurtles","8445b07ffffffff",1,1,0,1,NA
"seaTurtles","8445b0dffffffff",3,2,0.636514168294813,0.555555555555556,NA
"seaTurtles","8445b11ffffffff",8,3,0.735621939758795,0.59375,NA
"seaTurtles","8445b15ffffffff",2,1,0,1,NA
"seaTurtles","8445b1bffffffff",1,1,0,1,NA
"seaTurtles","8445b27ffffffff",1,1,0,1,NA
"seaTurtles","8445b2bffffffff",7,1,0,1,NA
"seaTurtles","8445b39ffffffff",3,2,0.636514168294813,0.555555555555556,NA
"seaTurtles","8445b3dffffffff",3,1,0,1,NA
"seaTurtles","8445b51ffffffff",2,1,0,1,NA
"seaTurtles","8445b61ffffffff",2,1,0,1,NA
"seaTurtles","8445b63ffffffff",5,1,0,1,NA
"seaTurtles","8445b67ffffffff",3,2,0.636514168294813,0.555555555555556,NA
"seaTurtles","8445b69ffffffff",2,1,0,1,NA
"seaTurtles","8445b6bffffffff",2,1,0,1,NA
"seaTurtles","8445b6dffffffff",3,1,0,1,NA
"seaTurtles","8448901ffffffff",3,2,0.636514168294813,0.555555555555556,NA
"seaTurtles","8448903ffffffff",7,1,0,1,NA
"seaTurtles","8448905ffffffff",8,1,0,1,NA
"seaTurtles","8448907ffffffff",49,2,0.099623389466162,0.960016659725115,NA
"seaTurtles","8448909ffffffff",3,2,0.636514168294813,0.555555555555556,NA
"seaTurtles","844890bffffffff",1,1,0,1,NA
"seaTurtles","8448919ffffffff",1,1,0,1,NA
"seaTurtles","8448921ffffffff",11,2,0.304636097349238,0.834710743801653,NA
"seaTurtles","8448923ffffffff",13,1,0,1,NA
"seaTurtles","8448925ffffffff",1,1,0,1,NA
"seaTurtles","8448927ffffffff",58,2,0.203560906170726,0.901902497027348,1.99818511796733
"seaTurtles","8448929ffffffff",1,1,0,1,NA
"seaTurtles","844892bffffffff",9,1,0,1,NA
"seaTurtles","8448939ffffffff",1,1,0,1,NA
"seaTurtles","8448941ffffffff",1,1,0,1,NA
"seaTurtles","8448943ffffffff",4,4,1.38629436111989,0.25,NA
"seaTurtles","8448945ffffffff",1,1,0,1,NA
"seaTurtles","8448947ffffffff",3,1,0,1,NA
"seaTurtles","8448949ffffffff",1,1,0,1,NA
"seaTurtles","844894bffffffff",3,2,0.636514168294813,0.555555555555556,NA
"seaTurtles","844894dffffffff",2,1,0,1,NA
"seaTurtles","8448951ffffffff",3,1,0,1,NA
"seaTurtles","8448955ffffffff",2,1,0,1,NA
"seaTurtles","844895dffffffff",5,4,1.33217904021012,0.28,NA
"seaTurtles","8448963ffffffff",2,1,0,1,NA
"seaTurtles","844896dffffffff",1,1,0,1,NA
"seaTurtles","8448b05ffffffff",2,1,0,1,NA
"seaTurtles","8448b23ffffffff",1,1,0,1,NA
"seaTurtles","8448b27ffffffff",1,1,0,1,NA
"seaTurtles","8448b2dffffffff",2,1,0,1,NA
"seaTurtles","8448b35ffffffff",7,1,0,1,NA
"seaTurtles","8448b37ffffffff",1,1,0,1,NA
"seaTurtles","8448b6bffffffff",1,1,0,1,NA
"seaTurtles","8449907ffffffff",1,1,0,1,NA
"seaTurtles","8449921ffffffff",1,1,0,1,NA
"seaTurtles","8449937ffffffff",2,2,0.693147180559945,0.5,NA
"seaTurtles","8449965ffffffff",2,1,0,1,NA
"seaTurtles","8449b6dffffffff",14,1,0,1,NA
"seaTurtles","844c117ffffffff",1,1,0,1,NA
"seaTurtles","844c149ffffffff",2,2,0.693147180559945,0.5,NA
"seaTurtles","844c1e5ffffffff",1,1,0,1,NA
"seaTurtles","844c225ffffffff",4,1,0,1,NA
"seaTurtles","844c227ffffffff",1,1,0,1,NA
"seaTurtles","844c22dffffffff",3,2,0.636514168294813,0.555555555555556,NA
"seaTurtles","844c295ffffffff",1,1,0,1,NA
"seaTurtles","844c29dffffffff",1,1,0,1,NA
"seaTurtles","844c301ffffffff",2,2,0.693147180559945,0.5,NA
"seaTurtles","844c303ffffffff",1,1,0,1,NA
"seaTurtles","844c329ffffffff",1,1,0,1,NA
"seaTurtles","844c331ffffffff",4,1,0,1,NA
"seaTurtles","844c33dffffffff",1,1,0,1,NA
"seaTurtles","844c34dffffffff",1,1,0,1,NA
"seaTurtles","844c351ffffffff",4,2,0.562335144618808,0.625,NA
"seaTurtles","844c359ffffffff",1,1,0,1,NA
"seaTurtles","844c35dffffffff",2,1,0,1,NA
"seaTurtles","844c367ffffffff",2,1,0,1,NA
"seaTurtles","844c811ffffffff",3,2,0.636514168294813,0.555555555555556,NA
"seaTurtles","844c819ffffffff",1,1,0,1,NA
"seaTurtles","844c83dffffffff",3,2,0.636514168294813,0.555555555555556,NA
"seaTurtles","844c849ffffffff",1,1,0,1,NA
"seaTurtles","844c855ffffffff",1,1,0,1,NA
"seaTurtles","844c863ffffffff",3,2,0.636514168294813,0.555555555555556,NA
"seaTurtles","844c8a3ffffffff",1,1,0,1,NA
"seaTurtles","844c8adffffffff",2,2,0.693147180559945,0.5,NA
"seaTurtles","844c8c3ffffffff",2,1,0,1,NA
"seaTurtles","844c8e7ffffffff",1,1,0,1,NA
"seaTurtles","844c901ffffffff",1,1,0,1,NA
"seaTurtles","844c929ffffffff",5,2,0.500402423538188,0.68,NA
"seaTurtles","844c93bffffffff",2,2,0.693147180559945,0.5,NA
"seaTurtles","844c945ffffffff",1,1,0,1,NA
"seaTurtles","844c953ffffffff",2,1,0,1,NA
"seaTurtles","844c96dffffffff",5,2,0.500402423538188,0.68,NA
"seaTurtles","844c989ffffffff",1,1,0,1,NA
"seaTurtles","844c999ffffffff",1,1,0,1,NA
"seaTurtles","844c99bffffffff",1,1,0,1,NA
"seaTurtles","844c9a3ffffffff",1,1,0,1,NA
"seaTurtles","844c9b9ffffffff",1,1,0,1,NA
"seaTurtles","844c9cbffffffff",1,1,0,1,NA
"seaTurtles","844c9cdffffffff",1,1,0,1,NA
"seaTurtles","844c9d1ffffffff",86,5,1.05152729222918,0.423472147106544,4.65112388651286
"seaTurtles","844c9d3ffffffff",2,2,0.693147180559945,0.5,NA
"seaTurtles","844c9d5ffffffff",7,3,0.796311640173813,0.551020408163265,NA
"seaTurtles","844c9d7ffffffff",5,3,0.950270539233235,0.44,NA
"seaTurtles","844c9d9ffffffff",5,2,0.500402423538188,0.68,NA
"seaTurtles","844c9dbffffffff",3,2,0.636514168294813,0.555555555555556,NA
"seaTurtles","844c9ddffffffff",10,2,0.673011667009257,0.52,NA
"seaTurtles","844c9e7ffffffff",1,1,0,1,NA
"seaTurtles","844ca95ffffffff",1,1,0,1,NA
"seaTurtles","844caa3ffffffff",2,1,0,1,NA
"seaTurtles","844cb09ffffffff",1,1,0,1,NA
"seaTurtles","844cb13ffffffff",2,2,0.693147180559945,0.5,NA
"seaTurtles","844cb37ffffffff",1,1,0,1,NA
"seaTurtles","844cb3dffffffff",3,1,0,1,NA
"seaTurtles","844cb4bffffffff",1,1,0,1,NA
"seaTurtles","844cb4dffffffff",1,1,0,1,NA
"seaTurtles","844cb57ffffffff",1,1,0,1,NA
"seaTurtles","844cb69ffffffff",1,1,0,1,NA
"seaTurtles","844cc03ffffffff",1,1,0,1,NA
"seaTurtles","844cc05ffffffff",3,2,0.636514168294813,0.555555555555556,NA
"seaTurtles","844cc09ffffffff",2,1,0,1,NA
"seaTurtles","844cc0bffffffff",2,2,0.693147180559945,0.5,NA
"seaTurtles","844cc15ffffffff",2,2,0.693147180559945,0.5,NA
"seaTurtles","844cc19ffffffff",2,1,0,1,NA
"seaTurtles","844cc1bffffffff",4,3,1.03972077083992,0.375,NA
"seaTurtles","844cc1dffffffff",6,2,0.450561208866305,0.722222222222222,NA
"seaTurtles","844cc23ffffffff",2,1,0,1,NA
"seaTurtles","844cc25ffffffff",6,1,0,1,NA
"seaTurtles","844cc27ffffffff",4,2,0.562335144618808,0.625,NA
"seaTurtles","844cc29ffffffff",2,1,0,1,NA
"seaTurtles","844cc2bffffffff",2,2,0.693147180559945,0.5,NA
"seaTurtles","844cc2dffffffff",1,1,0,1,NA
"seaTurtles","844cc33ffffffff",3,1,0,1,NA
"seaTurtles","844cc37ffffffff",1,1,0,1,NA
"seaTurtles","844cc39ffffffff",6,2,0.693147180559945,0.5,NA
"seaTurtles","844cc3bffffffff",5,1,0,1,NA
"seaTurtles","844cc3dffffffff",4,1,0,1,NA
"seaTurtles","844cc43ffffffff",7,2,0.598269588585257,0.591836734693878,NA
"seaTurtles","844cc47ffffffff",3,3,1.09861228866811,0.333333333333333,NA
"seaTurtles","844cc49ffffffff",1,1,0,1,NA
"seaTurtles","844cc53ffffffff",8,2,0.562335144618808,0.625,NA
"seaTurtles","844cc57ffffffff",2,2,0.693147180559945,0.5,NA
"seaTurtles","844cc59ffffffff",7,3,0.955699891112534,0.428571428571429,NA
"seaTurtles","844cc61ffffffff",5,3,0.950270539233235,0.44,NA
"seaTurtles","844cc63ffffffff",1,1,0,1,NA
"seaTurtles","844cc6dffffffff",2,1,0,1,NA
"seaTurtles","844cc81ffffffff",1,1,0,1,NA
"seaTurtles","844cc95ffffffff",1,1,0,1,NA
"seaTurtles","844cca1ffffffff",1,1,0,1,NA
"seaTurtles","844cca3ffffffff",1,1,0,1,NA
"seaTurtles","844cca5ffffffff",2,1,0,1,NA
"seaTurtles","844cca9ffffffff",2,2,0.693147180559945,0.5,NA
"seaTurtles","844ccabffffffff",1,1,0,1,NA
"seaTurtles","844cccdffffffff",1,1,0,1,NA
"seaTurtles","844ccd1ffffffff",8,2,0.562335144618808,0.625,NA
"seaTurtles","844ccd5ffffffff",3,2,0.636514168294813,0.555555555555556,NA
"seaTurtles","844ccd7ffffffff",1,1,0,1,NA
"seaTurtles","844ccebffffffff",1,1,0,1,NA
"seaTurtles","844cd03ffffffff",1,1,0,1,NA
"seaTurtles","844cd05ffffffff",1,1,0,1,NA
"seaTurtles","844cd07ffffffff",2,1,0,1,NA
"seaTurtles","844cd0dffffffff",4,2,0.562335144618808,0.625,NA
"seaTurtles","844cd11ffffffff",5,3,0.950270539233235,0.44,NA
"seaTurtles","844cd13ffffffff",1,1,0,1,NA
"seaTurtles","844cd15ffffffff",4,1,0,1,NA
"seaTurtles","844cd17ffffffff",3,1,0,1,NA
"seaTurtles","844cd1bffffffff",1,1,0,1,NA
"seaTurtles","844cd21ffffffff",4,1,0,1,NA
"seaTurtles","844cd23ffffffff",5,1,0,1,NA
"seaTurtles","844cd27ffffffff",6,3,0.867563228481461,0.5,NA
"seaTurtles","844cd29ffffffff",5,1,0,1,NA
"seaTurtles","844cd2bffffffff",10,1,0,1,NA
"seaTurtles","844cd31ffffffff",1,1,0,1,NA
"seaTurtles","844cd33ffffffff",9,1,0,1,NA
"seaTurtles","844cd35ffffffff",8,1,0,1,NA
"seaTurtles","844cd37ffffffff",5,1,0,1,NA
"seaTurtles","844cd39ffffffff",9,1,0,1,NA
"seaTurtles","844cd3bffffffff",7,1,0,1,NA
"seaTurtles","844cd3dffffffff",7,1,0,1,NA
"seaTurtles","844cd51ffffffff",4,1,0,1,NA
"seaTurtles","844cd55ffffffff",4,1,0,1,NA
"seaTurtles","844cd5bffffffff",1,1,0,1,NA
"seaTurtles","844cd5dffffffff",3,1,0,1,NA
"seaTurtles","844cd63ffffffff",2,1,0,1,NA
"seaTurtles","844cd65ffffffff",3,2,0.636514168294813,0.555555555555556,NA
"seaTurtles","844cd85ffffffff",1,1,0,1,NA
"seaTurtles","844cd8dffffffff",1,1,0,1,NA
"seaTurtles","844cd91ffffffff",1,1,0,1,NA
"seaTurtles","844cd93ffffffff",2,1,0,1,NA
"seaTurtles","844cd97ffffffff",5,1,0,1,NA
"seaTurtles","844cd99ffffffff",5,1,0,1,NA
"seaTurtles","844cd9bffffffff",5,1,0,1,NA
"seaTurtles","844cda1ffffffff",2,1,0,1,NA
"seaTurtles","844cda5ffffffff",5,1,0,1,NA
"seaTurtles","844cda7ffffffff",4,1,0,1,NA
"seaTurtles","844cda9ffffffff",5,1,0,1,NA
"seaTurtles","844cdabffffffff",23,1,0,1,NA
"seaTurtles","844cdadffffffff",2,1,0,1,NA
"seaTurtles","844cdb1ffffffff",2,2,0.693147180559945,0.5,NA
"seaTurtles","844cdb3ffffffff",4,3,1.03972077083992,0.375,NA
"seaTurtles","844cdb5ffffffff",6,2,0.450561208866305,0.722222222222222,NA
"seaTurtles","844cdb9ffffffff",2,2,0.693147180559945,0.5,NA
"seaTurtles","844cdbdffffffff",11,2,0.474139313057837,0.702479338842975,NA
"seaTurtles","844cdc3ffffffff",2,2,0.693147180559945,0.5,NA
"seaTurtles","844cdc5ffffffff",2,1,0,1,NA
"seaTurtles","844cdc7ffffffff",2,1,0,1,NA
"seaTurtles","844cdc9ffffffff",2,1,0,1,NA
"seaTurtles","844cdcdffffffff",2,2,0.693147180559945,0.5,NA
"seaTurtles","844cdd3ffffffff",5,1,0,1,NA
"seaTurtles","844cdd9ffffffff",7,2,0.410116318288409,0.755102040816326,NA
"seaTurtles","844cddbffffffff",2,2,0.693147180559945,0.5,NA
"seaTurtles","844cdddffffffff",2,2,0.693147180559945,0.5,NA
"seaTurtles","844cde1ffffffff",8,3,0.735621939758795,0.59375,NA
"seaTurtles","844cde3ffffffff",2,1,0,1,NA
"seaTurtles","844cde7ffffffff",3,1,0,1,NA
"seaTurtles","844cdebffffffff",1,1,0,1,NA
"seaTurtles","844cdedffffffff",2,1,0,1,NA
"seaTurtles","844ce01ffffffff",1,1,0,1,NA
"seaTurtles","844ce07ffffffff",1,1,0,1,NA
"seaTurtles","844ce09ffffffff",5,2,0.673011667009257,0.52,NA
"seaTurtles","844ce0bffffffff",1,1,0,1,NA
"seaTurtles","844ce13ffffffff",1,1,0,1,NA
"seaTurtles","844ce1bffffffff",2,2,0.693147180559945,0.5,NA
"seaTurtles","844ce21ffffffff",1,1,0,1,NA
"seaTurtles","844ce23ffffffff",6,2,0.636514168294813,0.555555555555556,NA
"seaTurtles","844ce27ffffffff",2,2,0.693147180559945,0.5,NA
"seaTurtles","844ce2bffffffff",1,1,0,1,NA
"seaTurtles","844ce35ffffffff",1,1,0,1,NA
"seaTurtles","844ce39ffffffff",2,2,0.693147180559945,0.5,NA
"seaTurtles","844ce3bffffffff",1,1,0,1,NA
"seaTurtles","844ce59ffffffff",4,2,0.693147180559945,0.5,NA
"seaTurtles","844ce61ffffffff",1,1,0,1,NA
"seaTurtles","844ce81ffffffff",5,1,0,1,NA
"seaTurtles","844ce85ffffffff",158,4,1.00937956310033,0.418763018746996,3.90540944889582
"seaTurtles","844ce87ffffffff",1,1,0,1,NA
"seaTurtles","844ce89ffffffff",1,1,0,1,NA
"seaTurtles","844ce8bffffffff",15,2,0.500402423538188,0.68,NA
"seaTurtles","844ce97ffffffff",3,3,1.09861228866811,0.333333333333333,NA
"seaTurtles","844ce99ffffffff",1,1,0,1,NA
"seaTurtles","844ce9dffffffff",1,1,0,1,NA
"seaTurtles","844cea3ffffffff",5,3,1.05492016798614,0.36,NA
"seaTurtles","844cea5ffffffff",1,1,0,1,NA
"seaTurtles","844cea9ffffffff",168,4,0.62456505303414,0.675382653061224,3.25955239723397
"seaTurtles","844ceabffffffff",7,3,1.00424247305408,0.387755102040816,NA
"seaTurtles","844ceb1ffffffff",4,1,0,1,NA
"seaTurtles","844ceb3ffffffff",1,1,0,1,NA
"seaTurtles","844ceb7ffffffff",1,1,0,1,NA
"seaTurtles","844ceb9ffffffff",7,1,0,1,NA
"seaTurtles","844cecdffffffff",1,1,0,1,NA
"seaTurtles","844ced1ffffffff",1,1,0,1,NA
"seaTurtles","844ced3ffffffff",24,1,0,1,NA
"seaTurtles","844ced5ffffffff",1,1,0,1,NA
"seaTurtles","844ced7ffffffff",105,1,0,1,1
"seaTurtles","844cedbffffffff",2,1,0,1,NA
"seaTurtles","844cee3ffffffff",5,3,1.05492016798614,0.36,NA
"seaTurtles","844cf01ffffffff",2,1,0,1,NA
"seaTurtles","844cf03ffffffff",3,1,0,1,NA
"seaTurtles","844cf09ffffffff",4,1,0,1,NA
"seaTurtles","844cf0bffffffff",23,1,0,1,NA
"seaTurtles","844cf0dffffffff",1,1,0,1,NA
"seaTurtles","844cf11ffffffff",3,2,0.636514168294813,0.555555555555556,NA
"seaTurtles","844cf15ffffffff",1,1,0,1,NA
"seaTurtles","844cf1dffffffff",3,1,0,1,NA
"seaTurtles","844cf39ffffffff",1,1,0,1,NA
"seaTurtles","844cf3bffffffff",4,1,0,1,NA
"seaTurtles","844cf3dffffffff",2,1,0,1,NA
"seaTurtles","844cf57ffffffff",1,1,0,1,NA
"seaTurtles","844cf5dffffffff",1,1,0,1,NA
"seaTurtles","844cf65ffffffff",2,1,0,1,NA
"seaTurtles","844cf6bffffffff",2,1,0,1,NA
"seaTurtles","844d01dffffffff",1,1,0,1,NA
"seaTurtles","844d031ffffffff",1,1,0,1,NA
"seaTurtles","844d05bffffffff",1,1,0,1,NA
"seaTurtles","844d10dffffffff",1,1,0,1,NA
"seaTurtles","844d133ffffffff",1,1,0,1,NA
"seaTurtles","844d185ffffffff",1,1,0,1,NA
"seaTurtles","844d18bffffffff",1,1,0,1,NA
"seaTurtles","844d19dffffffff",2,1,0,1,NA
"seaTurtles","844d1a1ffffffff",7,3,0.796311640173813,0.551020408163265,NA
"seaTurtles","844d1a3ffffffff",4,2,0.562335144618808,0.625,NA
"seaTurtles","844d1a5ffffffff",1,1,0,1,NA
"seaTurtles","844d1adffffffff",4,2,0.693147180559945,0.5,NA
"seaTurtles","844d1b7ffffffff",4,2,0.562335144618808,0.625,NA
"seaTurtles","844d1b9ffffffff",1,1,0,1,NA
"seaTurtles","844d1c3ffffffff",1,1,0,1,NA
"seaTurtles","844d1c9ffffffff",1,1,0,1,NA
"seaTurtles","844d1e1ffffffff",5,1,0,1,NA
"seaTurtles","844d1e3ffffffff",2,2,0.693147180559945,0.5,NA
"seaTurtles","844d1ebffffffff",2,1,0,1,NA
"seaTurtles","844d215ffffffff",2,2,0.693147180559945,0.5,NA
"seaTurtles","844d217ffffffff",1,1,0,1,NA
"seaTurtles","844d281ffffffff",1,1,0,1,NA
"seaTurtles","844d28bffffffff",1,1,0,1,NA
"seaTurtles","844d2e9ffffffff",2,2,0.693147180559945,0.5,NA
"seaTurtles","844d30bffffffff",2,1,0,1,NA
"seaTurtles","844d327ffffffff",1,1,0,1,NA
"seaTurtles","844d32bffffffff",2,1,0,1,NA
"seaTurtles","844d353ffffffff",1,1,0,1,NA
"seaTurtles","844d405ffffffff",1,1,0,1,NA
"seaTurtles","844d411ffffffff",2,1,0,1,NA
"seaTurtles","844d413ffffffff",1,1,0,1,NA
"seaTurtles","844d415ffffffff",1,1,0,1,NA
"seaTurtles","844d417ffffffff",1,1,0,1,NA
"seaTurtles","844d449ffffffff",1,1,0,1,NA
"seaTurtles","844d497ffffffff",1,1,0,1,NA
"seaTurtles","844d49dffffffff",2,2,0.693147180559945,0.5,NA
"seaTurtles","844d4b5ffffffff",1,1,0,1,NA
"seaTurtles","844d4b7ffffffff",4,2,0.693147180559945,0.5,NA
"seaTurtles","844d4bbffffffff",21,2,0.191444081957717,0.909297052154195,NA
"seaTurtles","844d4e3ffffffff",1,1,0,1,NA
"seaTurtles","844d55dffffffff",1,1,0,1,NA
"seaTurtles","844d597ffffffff",1,1,0,1,NA
"seaTurtles","844d5e7ffffffff",1,1,0,1,NA
"seaTurtles","844d6a5ffffffff",1,1,0,1,NA
"seaTurtles","844d6adffffffff",1,1,0,1,NA
"seaTurtles","844d6bdffffffff",1,1,0,1,NA
"seaTurtles","844d769ffffffff",1,1,0,1,NA
"seaTurtles","844d801ffffffff",1,1,0,1,NA
"seaTurtles","844d823ffffffff",1,1,0,1,NA
"seaTurtles","844d82bffffffff",2,1,0,1,NA
"seaTurtles","844d83dffffffff",1,1,0,1,NA
"seaTurtles","844d851ffffffff",1,1,0,1,NA
"seaTurtles","844d865ffffffff",1,1,0,1,NA
"seaTurtles","844d895ffffffff",1,1,0,1,NA
"seaTurtles","844d8ddffffffff",1,1,0,1,NA
"seaTurtles","844d90dffffffff",3,2,0.636514168294813,0.555555555555556,NA
"seaTurtles","844d91bffffffff",1,1,0,1,NA
"seaTurtles","844d92dffffffff",1,1,0,1,NA
"seaTurtles","844d935ffffffff",1,1,0,1,NA
"seaTurtles","844d939ffffffff",2,1,0,1,NA
"seaTurtles","844d95dffffffff",2,1,0,1,NA
"seaTurtles","844d9a1ffffffff",1,1,0,1,NA
"seaTurtles","844d9e5ffffffff",2,2,0.693147180559945,0.5,NA
"seaTurtles","844d9ebffffffff",1,1,0,1,NA
"seaTurtles","844d9edffffffff",2,1,0,1,NA
"seaTurtles","844da43ffffffff",1,1,0,1,NA
"seaTurtles","844da63ffffffff",2,2,0.693147180559945,0.5,NA
"seaTurtles","844da83ffffffff",1,1,0,1,NA
"seaTurtles","844da8bffffffff",1,1,0,1,NA
"seaTurtles","844da93ffffffff",3,1,0,1,NA
"seaTurtles","844da9dffffffff",1,1,0,1,NA
"seaTurtles","844dab1ffffffff",2,2,0.693147180559945,0.5,NA
"seaTurtles","844dabbffffffff",2,1,0,1,NA
"seaTurtles","844dabdffffffff",1,1,0,1,NA
"seaTurtles","844dac7ffffffff",1,1,0,1,NA
"seaTurtles","844dad1ffffffff",1,1,0,1,NA
"seaTurtles","844dad3ffffffff",7,2,0.682908104700472,0.510204081632653,NA
"seaTurtles","844dadbffffffff",1,1,0,1,NA
"seaTurtles","844daddffffffff",1,1,0,1,NA
"seaTurtles","844dae7ffffffff",1,1,0,1,NA
"seaTurtles","844db07ffffffff",1,1,0,1,NA
"seaTurtles","844db1bffffffff",1,1,0,1,NA
"seaTurtles","844db27ffffffff",1,1,0,1,NA
"seaTurtles","845e40dffffffff",2,2,0.693147180559945,0.5,NA
"seaTurtles","845e411ffffffff",2,2,0.693147180559945,0.5,NA
"seaTurtles","845e413ffffffff",2,2,0.693147180559945,0.5,NA
"seaTurtles","845e417ffffffff",4,2,0.562335144618808,0.625,NA
"seaTurtles","845e419ffffffff",1,1,0,1,NA
"seaTurtles","845e41bffffffff",1,1,0,1,NA
"seaTurtles","845e425ffffffff",4,2,0.562335144618808,0.625,NA
"seaTurtles","845e42bffffffff",1,1,0,1,NA
"seaTurtles","845e431ffffffff",1,1,0,1,NA
"seaTurtles","845e435ffffffff",3,2,0.636514168294813,0.555555555555556,NA
"seaTurtles","845e43bffffffff",1,1,0,1,NA
"seaTurtles","845e43dffffffff",6,3,1.01140426470735,0.388888888888889,NA
"seaTurtles","845e451ffffffff",1,1,0,1,NA
"seaTurtles","845e457ffffffff",5,3,0.950270539233235,0.44,NA
"seaTurtles","845e45dffffffff",1,1,0,1,NA
"seaTurtles","845e461ffffffff",1,1,0,1,NA
"seaTurtles","845e463ffffffff",1,1,0,1,NA
"seaTurtles","845e465ffffffff",2,1,0,1,NA
"seaTurtles","845e481ffffffff",2,2,0.693147180559945,0.5,NA
"seaTurtles","845e499ffffffff",2,1,0,1,NA
"seaTurtles","845e49bffffffff",3,1,0,1,NA
"seaTurtles","845e4a7ffffffff",5,3,0.950270539233235,0.44,NA
"seaTurtles","845e4b1ffffffff",6,3,1.01140426470735,0.388888888888889,NA
"seaTurtles","845e4b7ffffffff",1,1,0,1,NA
"seaTurtles","845e4c1ffffffff",2,2,0.693147180559945,0.5,NA
"seaTurtles","845e4c5ffffffff",1,1,0,1,NA
"seaTurtles","845e4c7ffffffff",1,1,0,1,NA
"seaTurtles","845e4d3ffffffff",2,1,0,1,NA
"seaTurtles","845e4d7ffffffff",3,2,0.636514168294813,0.555555555555556,NA
"seaTurtles","845e4e3ffffffff",1,1,0,1,NA
"seaTurtles","845e4e7ffffffff",4,3,1.03972077083992,0.375,NA
"seaTurtles","845e4ebffffffff",1,1,0,1,NA
"seaTurtles","845e553ffffffff",1,1,0,1,NA
"seaTurtles","845e585ffffffff",1,1,0,1,NA
"seaTurtles","845e59dffffffff",4,3,1.03972077083992,0.375,NA
"seaTurtles","845e5c5ffffffff",5,3,0.950270539233235,0.44,NA
"seaTurtles","845e5d3ffffffff",1,1,0,1,NA
"seaTurtles","845e5ddffffffff",6,3,1.09861228866811,0.333333333333333,NA
"seaTurtles","845e61dffffffff",1,1,0,1,NA
"seaTurtles","845e625ffffffff",1,1,0,1,NA
"seaTurtles","845e637ffffffff",2,2,0.693147180559945,0.5,NA
"seaTurtles","845e659ffffffff",4,1,0,1,NA
"seaTurtles","845e65bffffffff",2,1,0,1,NA
"seaTurtles","845e65dffffffff",2,1,0,1,NA
"seaTurtles","845e683ffffffff",1,1,0,1,NA
"seaTurtles","845e699ffffffff",1,1,0,1,NA
"seaTurtles","845e69bffffffff",4,2,0.562335144618808,0.625,NA
"seaTurtles","845e6a1ffffffff",1,1,0,1,NA
"seaTurtles","845e6b3ffffffff",1,1,0,1,NA
"seaTurtles","845e6c3ffffffff",1,1,0,1,NA
"seaTurtles","845e6d5ffffffff",7,1,0,1,NA
"seaTurtles","845e6d7ffffffff",8,1,0,1,NA
"seaTurtles","845e6dbffffffff",15,1,0,1,NA
"seaTurtles","845e6ddffffffff",3,1,0,1,NA
"seaTurtles","845e6edffffffff",1,1,0,1,NA
"seaTurtles","845e715ffffffff",1,1,0,1,NA
"seaTurtles","845e753ffffffff",1,1,0,1,NA
"seaTurtles","845f497ffffffff",2,1,0,1,NA
"seaTurtles","845f4b1ffffffff",3,1,0,1,NA
"seaTurtles","845f4b3ffffffff",42,1,0,1,NA
"seaTurtles","845f4b5ffffffff",2,1,0,1,NA
"seaTurtles","845f4b7ffffffff",38,2,0.121692402678062,0.948753462603878,NA
"seaTurtles","845f4bdffffffff",1,1,0,1,NA
"seaTurtles","845f585ffffffff",1,1,0,1,NA
"seaTurtles","845f5a1ffffffff",1,1,0,1,NA
"seaTurtles","845f5a3ffffffff",3,1,0,1,NA
"seaTurtles","845f5abffffffff",1,1,0,1,NA
"seaTurtles","845f5b9ffffffff",2,1,0,1,NA
"seaTurtles","8466049ffffffff",1,1,0,1,NA
"seaTurtles","8466063ffffffff",1,1,0,1,NA
"seaTurtles","8466103ffffffff",2,2,0.693147180559945,0.5,NA
"seaTurtles","8466125ffffffff",1,1,0,1,NA
"seaTurtles","8466127ffffffff",1,1,0,1,NA
"seaTurtles","846612bffffffff",3,3,1.09861228866811,0.333333333333333,NA
"seaTurtles","8466143ffffffff",1,1,0,1,NA
"seaTurtles","8466159ffffffff",1,1,0,1,NA
"seaTurtles","8466161ffffffff",1,1,0,1,NA
"seaTurtles","8466169ffffffff",1,1,0,1,NA
"seaTurtles","8466201ffffffff",5,2,0.500402423538188,0.68,NA
"seaTurtles","8466205ffffffff",2779,4,0.165162619708014,0.933030862606132,1.98939084795522
"seaTurtles","8466207ffffffff",2449,2,0.138315100895072,0.939859954004943,1.79658006857692
"seaTurtles","846620bffffffff",5,1,0,1,NA
"seaTurtles","8466213ffffffff",1,1,0,1,NA
"seaTurtles","8466221ffffffff",142,1,0,1,1
"seaTurtles","8466229ffffffff",9,2,0.348832095843032,0.802469135802469,NA
"seaTurtles","846622bffffffff",270,4,0.680276287189637,0.62164609053498,3.27071537631648
"seaTurtles","846622dffffffff",2,1,0,1,NA
"seaTurtles","8466241ffffffff",1,1,0,1,NA
"seaTurtles","8466251ffffffff",3,1,0,1,NA
"seaTurtles","8466253ffffffff",3,2,0.636514168294813,0.555555555555556,NA
"seaTurtles","8466255ffffffff",9,1,0,1,NA
"seaTurtles","8466257ffffffff",2,1,0,1,NA
"seaTurtles","8466259ffffffff",5,1,0,1,NA
"seaTurtles","846625bffffffff",23,1,0,1,NA
"seaTurtles","8466269ffffffff",1,1,0,1,NA
"seaTurtles","84662e3ffffffff",1,1,0,1,NA
"seaTurtles","8466301ffffffff",1,1,0,1,NA
"seaTurtles","8466311ffffffff",3,1,0,1,NA
"seaTurtles","846631dffffffff",3,1,0,1,NA
"seaTurtles","8466323ffffffff",1,1,0,1,NA
"seaTurtles","8466339ffffffff",1,1,0,1,NA
"seaTurtles","8466345ffffffff",6,1,0,1,NA
"seaTurtles","8466349ffffffff",4,1,0,1,NA
"seaTurtles","846634dffffffff",3,1,0,1,NA
"seaTurtles","8466351ffffffff",1,1,0,1,NA
"seaTurtles","8466365ffffffff",2,1,0,1,NA
"seaTurtles","8466367ffffffff",1,1,0,1,NA
"seaTurtles","8466369ffffffff",3,1,0,1,NA
"seaTurtles","846636dffffffff",5,1,0,1,NA
"seaTurtles","8466a03ffffffff",1,1,0,1,NA
"seaTurtles","8466a05ffffffff",1,1,0,1,NA
"seaTurtles","8466a19ffffffff",5,3,0.950270539233235,0.44,NA
"seaTurtles","8466a1bffffffff",5,1,0,1,NA
"seaTurtles","8466a29ffffffff",2,2,0.693147180559945,0.5,NA
"seaTurtles","8466a43ffffffff",1,1,0,1,NA
"seaTurtles","8466a53ffffffff",1,1,0,1,NA
"seaTurtles","8466a63ffffffff",19,1,0,1,NA
"seaTurtles","8466a65ffffffff",1,1,0,1,NA
"seaTurtles","8466a69ffffffff",1,1,0,1,NA
"seaTurtles","8466b01ffffffff",7,3,0.796311640173813,0.551020408163265,NA
"seaTurtles","8466b03ffffffff",2,1,0,1,NA
"seaTurtles","8466b05ffffffff",2,1,0,1,NA
"seaTurtles","8466b09ffffffff",18,3,0.425848449238581,0.796296296296296,NA
"seaTurtles","8466b0bffffffff",35,3,0.576969410014659,0.701224489795918,NA
"seaTurtles","8466b0dffffffff",4,1,0,1,NA
"seaTurtles","8466b1dffffffff",8,1,0,1,NA
"seaTurtles","8466b29ffffffff",1,1,0,1,NA
"seaTurtles","8466b2dffffffff",2,1,0,1,NA
"seaTurtles","8466b41ffffffff",1,1,0,1,NA
"seaTurtles","8466b53ffffffff",3,3,1.09861228866811,0.333333333333333,NA
"seaTurtles","8466b61ffffffff",12,1,0,1,NA
"seaTurtles","8466b63ffffffff",5,1,0,1,NA
"seaTurtles","8466b65ffffffff",1,1,0,1,NA
"seaTurtles","8466b67ffffffff",1,1,0,1,NA
"seaTurtles","8466b69ffffffff",10,4,0.940447988655326,0.52,NA
"seaTurtles","8466b6bffffffff",1,1,0,1,NA
"seaTurtles","8466b6dffffffff",9,1,0,1,NA
"seaTurtles","8467007ffffffff",6,2,0.636514168294813,0.555555555555556,NA
"seaTurtles","8467009ffffffff",9,1,0,1,NA
"seaTurtles","846700bffffffff",6,1,0,1,NA
"seaTurtles","8467013ffffffff",1,1,0,1,NA
"seaTurtles","8467017ffffffff",5,2,0.500402423538188,0.68,NA
"seaTurtles","8467019ffffffff",4,1,0,1,NA
"seaTurtles","846701dffffffff",7,1,0,1,NA
"seaTurtles","8467021ffffffff",4,1,0,1,NA
"seaTurtles","8467025ffffffff",9,2,0.686961576597323,0.506172839506173,NA
"seaTurtles","846702bffffffff",3,1,0,1,NA
"seaTurtles","8467031ffffffff",1,1,0,1,NA
"seaTurtles","8467033ffffffff",5,1,0,1,NA
"seaTurtles","8467037ffffffff",7,2,0.410116318288409,0.755102040816326,NA
"seaTurtles","8467039ffffffff",4,1,0,1,NA
"seaTurtles","846703bffffffff",6,2,0.450561208866305,0.722222222222222,NA
"seaTurtles","846703dffffffff",3,1,0,1,NA
"seaTurtles","8467041ffffffff",8,1,0,1,NA
"seaTurtles","8467047ffffffff",1,1,0,1,NA
"seaTurtles","8467049ffffffff",2,1,0,1,NA
"seaTurtles","846704dffffffff",1,1,0,1,NA
"seaTurtles","846705dffffffff",3,1,0,1,NA
"seaTurtles","8467065ffffffff",1,1,0,1,NA
"seaTurtles","846706bffffffff",2,1,0,1,NA
"seaTurtles","8467081ffffffff",8,2,0.661563238157982,0.53125,NA
"seaTurtles","8467083ffffffff",9,2,0.636514168294813,0.555555555555556,NA
"seaTurtles","8467085ffffffff",9,3,1.06085694715802,0.358024691358025,NA
"seaTurtles","8467087ffffffff",6,3,0.867563228481461,0.5,NA
"seaTurtles","8467089ffffffff",5,2,0.673011667009257,0.52,NA
"seaTurtles","846708bffffffff",1,1,0,1,NA
"seaTurtles","8467091ffffffff",6,1,0,1,NA
"seaTurtles","8467099ffffffff",12,3,1.09861228866811,0.333333333333333,NA
"seaTurtles","846709bffffffff",3,1,0,1,NA
"seaTurtles","846709dffffffff",7,2,0.410116318288409,0.755102040816326,NA
"seaTurtles","84670a1ffffffff",4,3,1.03972077083992,0.375,NA
"seaTurtles","84670a9ffffffff",11,2,0.474139313057837,0.702479338842975,NA
"seaTurtles","84670abffffffff",2,1,0,1,NA
"seaTurtles","84670adffffffff",15,2,0.392674467227552,0.768888888888889,NA
"seaTurtles","84670b3ffffffff",10,2,0.325082973391448,0.82,NA
"seaTurtles","84670b9ffffffff",2,1,0,1,NA
"seaTurtles","84670c1ffffffff",3,1,0,1,NA
"seaTurtles","84670c3ffffffff",6,1,0,1,NA
"seaTurtles","84670c5ffffffff",4,2,0.562335144618808,0.625,NA
"seaTurtles","84670c7ffffffff",4,2,0.562335144618808,0.625,NA
"seaTurtles","84670cbffffffff",1,1,0,1,NA
"seaTurtles","84670d1ffffffff",6,2,0.450561208866305,0.722222222222222,NA
"seaTurtles","84670d3ffffffff",2,2,0.693147180559945,0.5,NA
"seaTurtles","84670d5ffffffff",6,1,0,1,NA
"seaTurtles","84670d7ffffffff",2,1,0,1,NA
"seaTurtles","84670d9ffffffff",3,1,0,1,NA
"seaTurtles","84670dbffffffff",2,1,0,1,NA
"seaTurtles","84670ddffffffff",2,1,0,1,NA
"seaTurtles","84670e1ffffffff",4,1,0,1,NA
"seaTurtles","84670e3ffffffff",5,1,0,1,NA
"seaTurtles","84670e7ffffffff",1,1,0,1,NA
"seaTurtles","84670e9ffffffff",4,1,0,1,NA
"seaTurtles","84670edffffffff",1,1,0,1,NA
"seaTurtles","8467101ffffffff",3,1,0,1,NA
"seaTurtles","8467103ffffffff",6,2,0.636514168294813,0.555555555555556,NA
"seaTurtles","8467105ffffffff",1,1,0,1,NA
"seaTurtles","8467107ffffffff",1,1,0,1,NA
"seaTurtles","846710bffffffff",1,1,0,1,NA
"seaTurtles","846710dffffffff",4,1,0,1,NA
"seaTurtles","8467113ffffffff",2,1,0,1,NA
"seaTurtles","8467117ffffffff",2,1,0,1,NA
"seaTurtles","8467119ffffffff",6,2,0.693147180559945,0.5,NA
"seaTurtles","846711bffffffff",1,1,0,1,NA
"seaTurtles","846711dffffffff",9,2,0.686961576597323,0.506172839506173,NA
"seaTurtles","8467123ffffffff",2,1,0,1,NA
"seaTurtles","8467125ffffffff",2,1,0,1,NA
"seaTurtles","8467127ffffffff",4,1,0,1,NA
"seaTurtles","846712bffffffff",4,2,0.562335144618808,0.625,NA
"seaTurtles","8467131ffffffff",5,1,0,1,NA
"seaTurtles","8467133ffffffff",4,1,0,1,NA
"seaTurtles","8467135ffffffff",10,1,0,1,NA
"seaTurtles","8467137ffffffff",8,2,0.562335144618808,0.625,NA
"seaTurtles","846713bffffffff",1,1,0,1,NA
"seaTurtles","846713dffffffff",1,1,0,1,NA
"seaTurtles","8467141ffffffff",1,1,0,1,NA
"seaTurtles","8467143ffffffff",2,1,0,1,NA
"seaTurtles","8467145ffffffff",2,1,0,1,NA
"seaTurtles","8467163ffffffff",1,1,0,1,NA
"seaTurtles","8467165ffffffff",4,2,0.562335144618808,0.625,NA
"seaTurtles","8467169ffffffff",3,1,0,1,NA
"seaTurtles","846716bffffffff",13,3,0.687092027379972,0.621301775147929,NA
"seaTurtles","8467181ffffffff",8,2,0.562335144618808,0.625,NA
"seaTurtles","8467185ffffffff",2,1,0,1,NA
"seaTurtles","8467187ffffffff",4,2,0.693147180559945,0.5,NA
"seaTurtles","8467189ffffffff",2,1,0,1,NA
"seaTurtles","846718bffffffff",9,2,0.686961576597323,0.506172839506173,NA
"seaTurtles","8467199ffffffff",1,1,0,1,NA
"seaTurtles","84671a3ffffffff",4,1,0,1,NA
"seaTurtles","84671abffffffff",5,1,0,1,NA
"seaTurtles","84671adffffffff",3,2,0.636514168294813,0.555555555555556,NA
"seaTurtles","84671b1ffffffff",2,2,0.693147180559945,0.5,NA
"seaTurtles","84671c5ffffffff",4,1,0,1,NA
"seaTurtles","84671c7ffffffff",7,1,0,1,NA
"seaTurtles","84671c9ffffffff",2,1,0,1,NA
"seaTurtles","84671cbffffffff",3,1,0,1,NA
"seaTurtles","84671cdffffffff",6,1,0,1,NA
"seaTurtles","84671d1ffffffff",3,2,0.636514168294813,0.555555555555556,NA
"seaTurtles","84671d3ffffffff",8,2,0.562335144618808,0.625,NA
"seaTurtles","84671d5ffffffff",2,2,0.693147180559945,0.5,NA
"seaTurtles","84671d7ffffffff",12,3,1.02818385933293,0.375,NA
"seaTurtles","84671dbffffffff",3,2,0.636514168294813,0.555555555555556,NA
"seaTurtles","84671ddffffffff",4,1,0,1,NA
"seaTurtles","84671e1ffffffff",3,1,0,1,NA
"seaTurtles","84671e5ffffffff",4,2,0.562335144618808,0.625,NA
"seaTurtles","84671ebffffffff",5,1,0,1,NA
"seaTurtles","84671edffffffff",8,2,0.376770161256437,0.78125,NA
"seaTurtles","8467215ffffffff",3,1,0,1,NA
"seaTurtles","846721bffffffff",1,1,0,1,NA
"seaTurtles","8467221ffffffff",3,1,0,1,NA
"seaTurtles","8467223ffffffff",5,1,0,1,NA
"seaTurtles","8467227ffffffff",2,1,0,1,NA
"seaTurtles","8467229ffffffff",3,1,0,1,NA
"seaTurtles","846722bffffffff",2,1,0,1,NA
"seaTurtles","846723dffffffff",4,2,0.562335144618808,0.625,NA
"seaTurtles","8467255ffffffff",2,2,0.693147180559945,0.5,NA
"seaTurtles","846726bffffffff",3,2,0.636514168294813,0.555555555555556,NA
"seaTurtles","8467287ffffffff",10,1,0,1,NA
"seaTurtles","8467291ffffffff",1,1,0,1,NA
"seaTurtles","84672a1ffffffff",5,1,0,1,NA
"seaTurtles","84672a5ffffffff",6,1,0,1,NA
"seaTurtles","84672abffffffff",9,1,0,1,NA
"seaTurtles","84672b3ffffffff",9,1,0,1,NA
"seaTurtles","84672b9ffffffff",12,1,0,1,NA
"seaTurtles","84672bbffffffff",1,1,0,1,NA
"seaTurtles","84672c5ffffffff",1,1,0,1,NA
"seaTurtles","84672c7ffffffff",3,1,0,1,NA
"seaTurtles","84672cbffffffff",2,1,0,1,NA
"seaTurtles","84672d1ffffffff",4,1,0,1,NA
"seaTurtles","84672d3ffffffff",4,1,0,1,NA
"seaTurtles","84672d5ffffffff",1,1,0,1,NA
"seaTurtles","84672d9ffffffff",2,1,0,1,NA
"seaTurtles","84672ddffffffff",13,1,0,1,NA
"seaTurtles","84672e5ffffffff",2,1,0,1,NA
"seaTurtles","84672e9ffffffff",1,1,0,1,NA
"seaTurtles","8467301ffffffff",5,1,0,1,NA
"seaTurtles","8467303ffffffff",428,1,0,1,1
"seaTurtles","8467305ffffffff",1,1,0,1,NA
"seaTurtles","8467307ffffffff",35,1,0,1,NA
"seaTurtles","846730bffffffff",18,1,0,1,NA
"seaTurtles","846730dffffffff",2,1,0,1,NA
"seaTurtles","8467311ffffffff",1,1,0,1,NA
"seaTurtles","8467313ffffffff",1,1,0,1,NA
"seaTurtles","8467315ffffffff",5,1,0,1,NA
"seaTurtles","846731bffffffff",1,1,0,1,NA
"seaTurtles","846731dffffffff",7,1,0,1,NA
"seaTurtles","8467323ffffffff",4,2,0.562335144618808,0.625,NA
"seaTurtles","846732bffffffff",2,1,0,1,NA
"seaTurtles","8467339ffffffff",8,1,0,1,NA
"seaTurtles","846733dffffffff",2,1,0,1,NA
"seaTurtles","8467343ffffffff",1,1,0,1,NA
"seaTurtles","8467351ffffffff",3,1,0,1,NA
"seaTurtles","8467355ffffffff",6,1,0,1,NA
"seaTurtles","8467357ffffffff",8,1,0,1,NA
"seaTurtles","8467359ffffffff",3,2,0.636514168294813,0.555555555555556,NA
"seaTurtles","846735bffffffff",6,1,0,1,NA
"seaTurtles","8467361ffffffff",1,1,0,1,NA
"seaTurtles","8467365ffffffff",2,1,0,1,NA
"seaTurtles","846736bffffffff",1,1,0,1,NA
"seaTurtles","8467401ffffffff",9,2,0.348832095843032,0.802469135802469,NA
"seaTurtles","8467403ffffffff",8,2,0.693147180559945,0.5,NA
"seaTurtles","8467405ffffffff",14,3,0.830471712436292,0.5,NA
"seaTurtles","8467407ffffffff",4,1,0,1,NA
"seaTurtles","8467409ffffffff",5,2,0.500402423538188,0.68,NA
"seaTurtles","846740bffffffff",6,3,1.01140426470735,0.388888888888889,NA
"seaTurtles","846740dffffffff",164,3,0.341825966885215,0.831870910172516,2.51102359609459
"seaTurtles","8467411ffffffff",8,2,0.661563238157982,0.53125,NA
"seaTurtles","8467415ffffffff",10,2,0.610864302054894,0.58,NA
"seaTurtles","8467417ffffffff",1,1,0,1,NA
"seaTurtles","8467419ffffffff",3,1,0,1,NA
"seaTurtles","846741bffffffff",3,1,0,1,NA
"seaTurtles","846741dffffffff",8,2,0.693147180559945,0.5,NA
"seaTurtles","8467429ffffffff",12,1,0,1,NA
"seaTurtles","846742bffffffff",1,1,0,1,NA
"seaTurtles","846742dffffffff",4,1,0,1,NA
"seaTurtles","8467435ffffffff",1,1,0,1,NA
"seaTurtles","8467441ffffffff",4,3,1.03972077083992,0.375,NA
"seaTurtles","8467443ffffffff",10,2,0.500402423538188,0.68,NA
"seaTurtles","8467445ffffffff",43,3,1.04429660814646,0.366143861546782,NA
"seaTurtles","8467447ffffffff",476,3,0.780914535743591,0.556784478497281,2.99637628115108
"seaTurtles","846744bffffffff",7,3,1.07899220787758,0.346938775510204,NA
"seaTurtles","846744dffffffff",4,1,0,1,NA
"seaTurtles","8467451ffffffff",15,2,0.244930026794635,0.875555555555556,NA
"seaTurtles","8467453ffffffff",3,1,0,1,NA
"seaTurtles","8467455ffffffff",9,1,0,1,NA
"seaTurtles","8467457ffffffff",5,2,0.500402423538188,0.68,NA
"seaTurtles","846745bffffffff",386,2,0.477312362988127,0.699790598405326,1.99998252705737
"seaTurtles","846745dffffffff",2,1,0,1,NA
"seaTurtles","8467461ffffffff",58,3,0.873117180114259,0.459571938168847,2.9998350107243
"seaTurtles","8467463ffffffff",19,2,0.336495757583516,0.811634349030471,NA
"seaTurtles","8467465ffffffff",4,2,0.562335144618808,0.625,NA
"seaTurtles","8467467ffffffff",8,2,0.376770161256437,0.78125,NA
"seaTurtles","8467469ffffffff",23,3,0.837897227781477,0.463137996219282,NA
"seaTurtles","846746bffffffff",153,3,0.955114106418351,0.436199752232047,2.99999747699881
"seaTurtles","846746dffffffff",29,3,1.08352226698921,0.343638525564804,NA
"seaTurtles","84674cdffffffff",1,1,0,1,NA
"seaTurtles","84674e7ffffffff",1,1,0,1,NA
"seaTurtles","8467509ffffffff",2,1,0,1,NA
"seaTurtles","846750bffffffff",2,1,0,1,NA
"seaTurtles","846752bffffffff",1,1,0,1,NA
"seaTurtles","8467541ffffffff",1,1,0,1,NA
"seaTurtles","8467543ffffffff",10,1,0,1,NA
"seaTurtles","8467545ffffffff",5,1,0,1,NA
"seaTurtles","8467549ffffffff",9,1,0,1,NA
"seaTurtles","846754bffffffff",9,2,0.348832095843032,0.802469135802469,NA
"seaTurtles","846754dffffffff",9,1,0,1,NA
"seaTurtles","8467555ffffffff",36,1,0,1,NA
"seaTurtles","8467559ffffffff",7,1,0,1,NA
"seaTurtles","846755bffffffff",1,1,0,1,NA
"seaTurtles","846755dffffffff",2,1,0,1,NA
"seaTurtles","8467565ffffffff",5,1,0,1,NA
"seaTurtles","8467569ffffffff",4,2,0.562335144618808,0.625,NA
"seaTurtles","846756bffffffff",2,1,0,1,NA
"seaTurtles","846756dffffffff",2,1,0,1,NA
"seaTurtles","846758dffffffff",1,1,0,1,NA
"seaTurtles","8467601ffffffff",7,1,0,1,NA
"seaTurtles","8467605ffffffff",1,1,0,1,NA
"seaTurtles","8467609ffffffff",4,1,0,1,NA
"seaTurtles","846760bffffffff",2,1,0,1,NA
"seaTurtles","846760dffffffff",1,1,0,1,NA
"seaTurtles","8467619ffffffff",8,1,0,1,NA
"seaTurtles","846761bffffffff",5,1,0,1,NA
"seaTurtles","846761dffffffff",3,2,0.636514168294813,0.555555555555556,NA
"seaTurtles","8467621ffffffff",1,1,0,1,NA
"seaTurtles","8467623ffffffff",1,1,0,1,NA
"seaTurtles","8467625ffffffff",5,2,0.500402423538188,0.68,NA
"seaTurtles","8467627ffffffff",3,2,0.636514168294813,0.555555555555556,NA
"seaTurtles","8467629ffffffff",1,1,0,1,NA
"seaTurtles","846762bffffffff",6,2,0.450561208866305,0.722222222222222,NA
"seaTurtles","846762dffffffff",6,1,0,1,NA
"seaTurtles","8467633ffffffff",3,1,0,1,NA
"seaTurtles","8467637ffffffff",3,1,0,1,NA
"seaTurtles","846764bffffffff",1,1,0,1,NA
"seaTurtles","8467651ffffffff",8,1,0,1,NA
"seaTurtles","8467653ffffffff",15,1,0,1,NA
"seaTurtles","8467655ffffffff",3,1,0,1,NA
"seaTurtles","8467657ffffffff",2,1,0,1,NA
"seaTurtles","8467659ffffffff",7,1,0,1,NA
"seaTurtles","846765bffffffff",1,1,0,1,NA
"seaTurtles","846765dffffffff",2,2,0.693147180559945,0.5,NA
"seaTurtles","8467661ffffffff",3,1,0,1,NA
"seaTurtles","8467667ffffffff",5,1,0,1,NA
"seaTurtles","846766bffffffff",2,1,0,1,NA
"seaTurtles","846766dffffffff",3,1,0,1,NA
"seaTurtles","8467681ffffffff",2,2,0.693147180559945,0.5,NA
"seaTurtles","8467685ffffffff",1,1,0,1,NA
"seaTurtles","8467687ffffffff",5,1,0,1,NA
"seaTurtles","8467689ffffffff",4,2,0.562335144618808,0.625,NA
"seaTurtles","846768bffffffff",1,1,0,1,NA
"seaTurtles","846768dffffffff",5,2,0.673011667009257,0.52,NA
"seaTurtles","8467699ffffffff",2,1,0,1,NA
"seaTurtles","846769bffffffff",2,1,0,1,NA
"seaTurtles","84676a3ffffffff",3,1,0,1,NA
"seaTurtles","84676a5ffffffff",1,1,0,1,NA
"seaTurtles","84676a7ffffffff",5,1,0,1,NA
"seaTurtles","84676a9ffffffff",2,2,0.693147180559945,0.5,NA
"seaTurtles","84676abffffffff",1,1,0,1,NA
"seaTurtles","84676adffffffff",5,3,0.950270539233235,0.44,NA
"seaTurtles","84676b1ffffffff",1,1,0,1,NA
"seaTurtles","84676bdffffffff",1,1,0,1,NA
"seaTurtles","84676c3ffffffff",1,1,0,1,NA
"seaTurtles","84676c5ffffffff",3,3,1.09861228866811,0.333333333333333,NA
"seaTurtles","84676c7ffffffff",1,1,0,1,NA
"seaTurtles","84676cdffffffff",1,1,0,1,NA
"seaTurtles","84676d3ffffffff",1,1,0,1,NA
"seaTurtles","84676d5ffffffff",4,2,0.562335144618808,0.625,NA
"seaTurtles","84676d7ffffffff",1,1,0,1,NA
"seaTurtles","84676d9ffffffff",2,2,0.693147180559945,0.5,NA
"seaTurtles","84676e1ffffffff",1,1,0,1,NA
"seaTurtles","84676e3ffffffff",1,1,0,1,NA
"seaTurtles","84676e5ffffffff",5,2,0.500402423538188,0.68,NA
"seaTurtles","84676e7ffffffff",3,2,0.636514168294813,0.555555555555556,NA
"seaTurtles","84676ebffffffff",1,1,0,1,NA
"seaTurtles","84676edffffffff",3,3,1.09861228866811,0.333333333333333,NA
"seaTurtles","8467703ffffffff",14,3,0.655975732336547,0.642857142857143,NA
"seaTurtles","8467707ffffffff",2,1,0,1,NA
"seaTurtles","8467711ffffffff",9,2,0.348832095843032,0.802469135802469,NA
"seaTurtles","8467713ffffffff",11,2,0.655481773901393,0.537190082644628,NA
"seaTurtles","8467715ffffffff",18,2,0.668248477664539,0.524691358024691,NA
"seaTurtles","8467717ffffffff",12,2,0.679193265991526,0.513888888888889,NA
"seaTurtles","8467719ffffffff",15,2,0.392674467227552,0.768888888888889,NA
"seaTurtles","846771bffffffff",2,2,0.693147180559945,0.5,NA
"seaTurtles","846771dffffffff",1,1,0,1,NA
"seaTurtles","8467721ffffffff",20,3,0.746032664714785,0.555,NA
"seaTurtles","8467723ffffffff",12,3,1.01140426470735,0.388888888888889,NA
"seaTurtles","8467725ffffffff",9,2,0.529706199057654,0.654320987654321,NA
"seaTurtles","8467727ffffffff",2,1,0,1,NA
"seaTurtles","8467729ffffffff",4,1,0,1,NA
"seaTurtles","846772bffffffff",15,3,0.891867395317251,0.44,NA
"seaTurtles","846772dffffffff",5,2,0.500402423538188,0.68,NA
"seaTurtles","8467731ffffffff",19,3,1.0459781656994,0.368421052631579,NA
"seaTurtles","8467733ffffffff",23,3,0.985984617175194,0.41398865784499,NA
"seaTurtles","8467735ffffffff",6,3,0.867563228481461,0.5,NA
"seaTurtles","8467737ffffffff",16,2,0.233791658706459,0.8828125,NA
"seaTurtles","8467739ffffffff",11,2,0.474139313057837,0.702479338842975,NA
"seaTurtles","846773bffffffff",4,2,0.693147180559945,0.5,NA
"seaTurtles","846773dffffffff",13,2,0.617241769730342,0.57396449704142,NA
"seaTurtles","8467741ffffffff",3,1,0,1,NA
"seaTurtles","8467743ffffffff",1,1,0,1,NA
"seaTurtles","8467749ffffffff",3,1,0,1,NA
"seaTurtles","846774bffffffff",4,1,0,1,NA
"seaTurtles","8467751ffffffff",1,1,0,1,NA
"seaTurtles","8467755ffffffff",3,1,0,1,NA
"seaTurtles","8467757ffffffff",10,1,0,1,NA
"seaTurtles","846775dffffffff",8,2,0.661563238157982,0.53125,NA
"seaTurtles","8467761ffffffff",5,1,0,1,NA
"seaTurtles","8467765ffffffff",2,1,0,1,NA
"seaTurtles","8467767ffffffff",3,1,0,1,NA
"seaTurtles","8467769ffffffff",2,1,0,1,NA
"seaTurtles","846776dffffffff",5,1,0,1,NA
"seaTurtles","8467805ffffffff",4,2,0.562335144618808,0.625,NA
"seaTurtles","8467811ffffffff",1,1,0,1,NA
"seaTurtles","8467815ffffffff",1,1,0,1,NA
"seaTurtles","8467817ffffffff",2,2,0.693147180559945,0.5,NA
"seaTurtles","8467823ffffffff",6,1,0,1,NA
"seaTurtles","8467825ffffffff",1,1,0,1,NA
"seaTurtles","8467827ffffffff",6,2,0.450561208866305,0.722222222222222,NA
"seaTurtles","8467831ffffffff",3,1,0,1,NA
"seaTurtles","8467833ffffffff",5,1,0,1,NA
"seaTurtles","8467835ffffffff",3,1,0,1,NA
"seaTurtles","8467837ffffffff",3,1,0,1,NA
"seaTurtles","8467839ffffffff",1,1,0,1,NA
"seaTurtles","846783dffffffff",8,3,0.900256051268537,0.46875,NA
"seaTurtles","8467845ffffffff",6,3,1.09861228866811,0.333333333333333,NA
"seaTurtles","846784dffffffff",1,1,0,1,NA
"seaTurtles","8467861ffffffff",2,1,0,1,NA
"seaTurtles","8467865ffffffff",63,1,0,1,1
"seaTurtles","8467869ffffffff",1,1,0,1,NA
"seaTurtles","846786dffffffff",1,1,0,1,NA
"seaTurtles","846788dffffffff",2,2,0.693147180559945,0.5,NA
"seaTurtles","84678a7ffffffff",1,1,0,1,NA
"seaTurtles","84678c3ffffffff",1,1,0,1,NA
"seaTurtles","84678c7ffffffff",6,1,0,1,NA
"seaTurtles","84678d1ffffffff",2,2,0.693147180559945,0.5,NA
"seaTurtles","84678d9ffffffff",3,1,0,1,NA
"seaTurtles","84678ddffffffff",2,1,0,1,NA
"seaTurtles","84678e1ffffffff",4,1,0,1,NA
"seaTurtles","84678e5ffffffff",5,1,0,1,NA
"seaTurtles","84678e7ffffffff",2,2,0.693147180559945,0.5,NA
"seaTurtles","84678ebffffffff",4,1,0,1,NA
"seaTurtles","846790dffffffff",1,1,0,1,NA
"seaTurtles","8467915ffffffff",3,3,1.09861228866811,0.333333333333333,NA
"seaTurtles","8467919ffffffff",3,1,0,1,NA
"seaTurtles","846791bffffffff",2,1,0,1,NA
"seaTurtles","8467951ffffffff",1,1,0,1,NA
"seaTurtles","8467955ffffffff",5,3,1.05492016798614,0.36,NA
"seaTurtles","8467957ffffffff",2,1,0,1,NA
"seaTurtles","8467959ffffffff",3,1,0,1,NA
"seaTurtles","846795bffffffff",7,3,1.07899220787758,0.346938775510204,NA
"seaTurtles","846795dffffffff",1,1,0,1,NA
"seaTurtles","8467981ffffffff",1,1,0,1,NA
"seaTurtles","8467987ffffffff",1,1,0,1,NA
"seaTurtles","8467991ffffffff",1,1,0,1,NA
"seaTurtles","84679a1ffffffff",1,1,0,1,NA
"seaTurtles","84679b3ffffffff",3,2,0.636514168294813,0.555555555555556,NA
"seaTurtles","84679b7ffffffff",1,1,0,1,NA
"seaTurtles","84679c7ffffffff",2,1,0,1,NA
"seaTurtles","84679cbffffffff",6,3,0.867563228481461,0.5,NA
"seaTurtles","84679cdffffffff",6,3,1.01140426470735,0.388888888888889,NA
"seaTurtles","84679d1ffffffff",2,2,0.693147180559945,0.5,NA
"seaTurtles","84679e1ffffffff",2,1,0,1,NA
"seaTurtles","84679edffffffff",1,1,0,1,NA
"seaTurtles","8467a01ffffffff",4,2,0.693147180559945,0.5,NA
"seaTurtles","8467a03ffffffff",11,2,0.585952618303551,0.603305785123967,NA
"seaTurtles","8467a05ffffffff",6,2,0.693147180559945,0.5,NA
"seaTurtles","8467a07ffffffff",2,1,0,1,NA
"seaTurtles","8467a09ffffffff",27,2,0.158410570131791,0.928669410150891,NA
"seaTurtles","8467a0bffffffff",2,1,0,1,NA
"seaTurtles","8467a0dffffffff",42,2,0.112515934119639,0.953514739229025,NA
"seaTurtles","8467a11ffffffff",10,2,0.500402423538188,0.68,NA
"seaTurtles","8467a13ffffffff",1,1,0,1,NA
"seaTurtles","8467a17ffffffff",1,1,0,1,NA
"seaTurtles","8467a19ffffffff",1,1,0,1,NA
"seaTurtles","8467a1bffffffff",5,1,0,1,NA
"seaTurtles","8467a1dffffffff",3,1,0,1,NA
"seaTurtles","8467a21ffffffff",34,1,0,1,NA
"seaTurtles","8467a25ffffffff",1,1,0,1,NA
"seaTurtles","8467a29ffffffff",4,1,0,1,NA
"seaTurtles","8467a2bffffffff",6,2,0.450561208866305,0.722222222222222,NA
"seaTurtles","8467a2dffffffff",9,1,0,1,NA
"seaTurtles","8467a31ffffffff",3,1,0,1,NA
"seaTurtles","8467a33ffffffff",2,1,0,1,NA
"seaTurtles","8467a35ffffffff",3,1,0,1,NA
"seaTurtles","8467a37ffffffff",1,1,0,1,NA
"seaTurtles","8467a3bffffffff",2,1,0,1,NA
"seaTurtles","8467a3dffffffff",2,1,0,1,NA
"seaTurtles","8467a43ffffffff",6,1,0,1,NA
"seaTurtles","8467a45ffffffff",4,1,0,1,NA
"seaTurtles","8467a47ffffffff",8,1,0,1,NA
"seaTurtles","8467a55ffffffff",5,1,0,1,NA
"seaTurtles","8467a57ffffffff",2,1,0,1,NA
"seaTurtles","8467a61ffffffff",7,2,0.682908104700472,0.510204081632653,NA
"seaTurtles","8467a63ffffffff",66,2,0.0785157640989041,0.970156106519743,1.75757575757575
"seaTurtles","8467a65ffffffff",4,1,0,1,NA
"seaTurtles","8467a67ffffffff",20,1,0,1,NA
"seaTurtles","8467a69ffffffff",4,2,0.562335144618808,0.625,NA
"seaTurtles","8467a6bffffffff",20,1,0,1,NA
"seaTurtles","8467a6dffffffff",2,1,0,1,NA
"seaTurtles","8467a85ffffffff",1,1,0,1,NA
"seaTurtles","8467a95ffffffff",1,1,0,1,NA
"seaTurtles","8467a97ffffffff",3,3,1.09861228866811,0.333333333333333,NA
"seaTurtles","8467a9bffffffff",2,1,0,1,NA
"seaTurtles","8467aa1ffffffff",1,1,0,1,NA
"seaTurtles","8467aa3ffffffff",1,1,0,1,NA
"seaTurtles","8467aa5ffffffff",2,1,0,1,NA
"seaTurtles","8467aadffffffff",2,2,0.693147180559945,0.5,NA
"seaTurtles","8467ab1ffffffff",3,3,1.09861228866811,0.333333333333333,NA
"seaTurtles","8467ac3ffffffff",2,1,0,1,NA
"seaTurtles","8467ac5ffffffff",5,2,0.673011667009257,0.52,NA
"seaTurtles","8467ac9ffffffff",18,1,0,1,NA
"seaTurtles","8467acdffffffff",11,2,0.304636097349238,0.834710743801653,NA
"seaTurtles","8467ad7ffffffff",2,2,0.693147180559945,0.5,NA
"seaTurtles","8467ad9ffffffff",2,1,0,1,NA
"seaTurtles","8467adbffffffff",1,1,0,1,NA
"seaTurtles","8467addffffffff",3,1,0,1,NA
"seaTurtles","8467ae5ffffffff",1,1,0,1,NA
"seaTurtles","8467ae9ffffffff",1,1,0,1,NA
"seaTurtles","8467aedffffffff",7,2,0.410116318288409,0.755102040816326,NA
"seaTurtles","8467b01ffffffff",1,1,0,1,NA
"seaTurtles","8467b0bffffffff",13,3,0.983961446001026,0.408284023668639,NA
"seaTurtles","8467b29ffffffff",6,2,0.636514168294813,0.555555555555556,NA
"seaTurtles","8467b2dffffffff",1,1,0,1,NA
"seaTurtles","8467b33ffffffff",8,1,0,1,NA
"seaTurtles","8467b35ffffffff",4,2,0.693147180559945,0.5,NA
"seaTurtles","8467b37ffffffff",2,1,0,1,NA
"seaTurtles","8467b3bffffffff",8,3,1.03972077083992,0.375,NA
"seaTurtles","8467b41ffffffff",6,3,1.01140426470735,0.388888888888889,NA
"seaTurtles","8467b43ffffffff",1,1,0,1,NA
"seaTurtles","8467b47ffffffff",1,1,0,1,NA
"seaTurtles","8467b4bffffffff",2,1,0,1,NA
"seaTurtles","8467b51ffffffff",19,1,0,1,NA
"seaTurtles","8467b53ffffffff",7,2,0.682908104700472,0.510204081632653,NA
"seaTurtles","8467b55ffffffff",10,1,0,1,NA
"seaTurtles","8467b57ffffffff",148,1,0,1,1
"seaTurtles","8467b59ffffffff",3,1,0,1,NA
"seaTurtles","8467b5bffffffff",4,2,0.562335144618808,0.625,NA
"seaTurtles","8467b5dffffffff",1,1,0,1,NA
"seaTurtles","8467b63ffffffff",1,1,0,1,NA
"seaTurtles","8467b69ffffffff",6,2,0.636514168294813,0.555555555555556,NA
"seaTurtles","846c041ffffffff",1,1,0,1,NA
"seaTurtles","846c045ffffffff",1,1,0,1,NA
"seaTurtles","846c047ffffffff",1,1,0,1,NA
"seaTurtles","846c04dffffffff",2,1,0,1,NA
"seaTurtles","846c06bffffffff",2,1,0,1,NA
"seaTurtles","846c06dffffffff",1,1,0,1,NA
"seaTurtles","846c20dffffffff",6,2,0.450561208866305,0.722222222222222,NA
"seaTurtles","846c211ffffffff",1,1,0,1,NA
"seaTurtles","846c213ffffffff",2,1,0,1,NA
"seaTurtles","846c215ffffffff",5,1,0,1,NA
"seaTurtles","846c219ffffffff",1,1,0,1,NA
"seaTurtles","846c21bffffffff",6,1,0,1,NA
"seaTurtles","846c21dffffffff",1,1,0,1,NA
"seaTurtles","846c229ffffffff",2,1,0,1,NA
"seaTurtles","846c237ffffffff",2,2,0.693147180559945,0.5,NA
"seaTurtles","846c247ffffffff",28,1,0,1,NA
"seaTurtles","846c249ffffffff",1,1,0,1,NA
"seaTurtles","846c251ffffffff",1,1,0,1,NA
"seaTurtles","846c253ffffffff",1,1,0,1,NA
"seaTurtles","846c255ffffffff",1,1,0,1,NA
"seaTurtles","846c257ffffffff",2,1,0,1,NA
"seaTurtles","846c25bffffffff",9,1,0,1,NA
"seaTurtles","846c261ffffffff",1,1,0,1,NA
"seaTurtles","846c265ffffffff",2,2,0.693147180559945,0.5,NA
"seaTurtles","846c267ffffffff",1,1,0,1,NA
"seaTurtles","846c2c3ffffffff",1,1,0,1,NA
"seaTurtles","846c2c7ffffffff",2,1,0,1,NA
"seaTurtles","846c2d9ffffffff",1,1,0,1,NA
"seaTurtles","846c2ddffffffff",1,1,0,1,NA
"seaTurtles","846c2e1ffffffff",2,1,0,1,NA
"seaTurtles","846c2e5ffffffff",3,1,0,1,NA
"seaTurtles","846c313ffffffff",3,1,0,1,NA
"seaTurtles","846c317ffffffff",1,1,0,1,NA
"seaTurtles","846c319ffffffff",1,1,0,1,NA
"seaTurtles","846c31bffffffff",1,1,0,1,NA
"seaTurtles","846c329ffffffff",1,1,0,1,NA
"seaTurtles","846c331ffffffff",2,1,0,1,NA
"seaTurtles","846c337ffffffff",1,1,0,1,NA
"seaTurtles","846c33bffffffff",1,1,0,1,NA
"seaTurtles","846d001ffffffff",14,2,0.682908104700472,0.510204081632653,NA
"seaTurtles","846d005ffffffff",2,1,0,1,NA
"seaTurtles","846d007ffffffff",7,2,0.598269588585257,0.591836734693878,NA
"seaTurtles","846d009ffffffff",50,2,0.680292000192154,0.5128,2
"seaTurtles","846d00bffffffff",21,2,0.682908104700472,0.510204081632653,NA
"seaTurtles","846d00dffffffff",19,2,0.206192050633232,0.900277008310249,NA
"seaTurtles","846d011ffffffff",4,1,0,1,NA
"seaTurtles","846d013ffffffff",3,1,0,1,NA
"seaTurtles","846d019ffffffff",18,1,0,1,NA
"seaTurtles","846d01bffffffff",28,2,0.562335144618808,0.625,NA
"seaTurtles","846d01dffffffff",1,1,0,1,NA
"seaTurtles","846d025ffffffff",1,1,0,1,NA
"seaTurtles","846d027ffffffff",1,1,0,1,NA
"seaTurtles","846d029ffffffff",1,1,0,1,NA
"seaTurtles","846d02bffffffff",3,1,0,1,NA
"seaTurtles","846d02dffffffff",1,1,0,1,NA
"seaTurtles","846d033ffffffff",3,1,0,1,NA
"seaTurtles","846d037ffffffff",1,1,0,1,NA
"seaTurtles","846d03bffffffff",12,1,0,1,NA
"seaTurtles","846d03dffffffff",2,1,0,1,NA
"seaTurtles","846d043ffffffff",3,2,0.636514168294813,0.555555555555556,NA
"seaTurtles","846d045ffffffff",2,2,0.693147180559945,0.5,NA
"seaTurtles","846d047ffffffff",5,1,0,1,NA
"seaTurtles","846d049ffffffff",1,1,0,1,NA
"seaTurtles","846d04bffffffff",1,1,0,1,NA
"seaTurtles","846d04dffffffff",1,1,0,1,NA
"seaTurtles","846d051ffffffff",3,1,0,1,NA
"seaTurtles","846d053ffffffff",10,2,0.673011667009257,0.52,NA
"seaTurtles","846d055ffffffff",9,2,0.348832095843032,0.802469135802469,NA
"seaTurtles","846d057ffffffff",19,2,0.57633412775675,0.61218836565097,NA
"seaTurtles","846d05dffffffff",3,1,0,1,NA
"seaTurtles","846d061ffffffff",17,2,0.605797499372304,0.58477508650519,NA
"seaTurtles","846d063ffffffff",16,1,0,1,NA
"seaTurtles","846d065ffffffff",8,2,0.693147180559945,0.5,NA
"seaTurtles","846d067ffffffff",3,1,0,1,NA
"seaTurtles","846d069ffffffff",10,2,0.500402423538188,0.68,NA
"seaTurtles","846d06bffffffff",23,2,0.614503320310728,0.5765595463138,NA
"seaTurtles","846d087ffffffff",2,1,0,1,NA
"seaTurtles","846d089ffffffff",2,1,0,1,NA
"seaTurtles","846d08bffffffff",1,1,0,1,NA
"seaTurtles","846d08dffffffff",5,1,0,1,NA
"seaTurtles","846d093ffffffff",5,1,0,1,NA
"seaTurtles","846d099ffffffff",5,1,0,1,NA
"seaTurtles","846d09bffffffff",5,1,0,1,NA
"seaTurtles","846d0a9ffffffff",4,3,1.03972077083992,0.375,NA
"seaTurtles","846d0abffffffff",2,1,0,1,NA
"seaTurtles","846d0b5ffffffff",3,2,0.636514168294813,0.555555555555556,NA
"seaTurtles","846d0bbffffffff",3,1,0,1,NA
"seaTurtles","846d0c1ffffffff",6,2,0.450561208866305,0.722222222222222,NA
"seaTurtles","846d0c3ffffffff",5,1,0,1,NA
"seaTurtles","846d0c5ffffffff",16,2,0.482577565177012,0.6953125,NA
"seaTurtles","846d0c9ffffffff",7,1,0,1,NA
"seaTurtles","846d0cbffffffff",9,2,0.686961576597323,0.506172839506173,NA
"seaTurtles","846d0cdffffffff",9,2,0.686961576597323,0.506172839506173,NA
"seaTurtles","846d0d3ffffffff",2,2,0.693147180559945,0.5,NA
"seaTurtles","846d0d9ffffffff",23,2,0.387212375186361,0.773156899810964,NA
"seaTurtles","846d0ddffffffff",3,1,0,1,NA
"seaTurtles","846d0e5ffffffff",7,1,0,1,NA
"seaTurtles","846d0e9ffffffff",2,1,0,1,NA
"seaTurtles","846d0ebffffffff",1,1,0,1,NA
"seaTurtles","846d0edffffffff",6,1,0,1,NA
"seaTurtles","846d101ffffffff",17,1,0,1,NA
"seaTurtles","846d103ffffffff",3,1,0,1,NA
"seaTurtles","846d105ffffffff",10,1,0,1,NA
"seaTurtles","846d107ffffffff",6,1,0,1,NA
"seaTurtles","846d109ffffffff",18,1,0,1,NA
"seaTurtles","846d115ffffffff",2,1,0,1,NA
"seaTurtles","846d119ffffffff",1,1,0,1,NA
"seaTurtles","846d11dffffffff",4,2,0.562335144618808,0.625,NA
"seaTurtles","846d12bffffffff",4,1,0,1,NA
"seaTurtles","846d139ffffffff",1,1,0,1,NA
"seaTurtles","846d13dffffffff",1,1,0,1,NA
"seaTurtles","846d141ffffffff",11,2,0.585952618303551,0.603305785123967,NA
"seaTurtles","846d143ffffffff",21,3,0.773219607724283,0.528344671201814,NA
"seaTurtles","846d145ffffffff",18,2,0.693147180559945,0.5,NA
"seaTurtles","846d147ffffffff",9,2,0.348832095843032,0.802469135802469,NA
"seaTurtles","846d14dffffffff",1,1,0,1,NA
"seaTurtles","846d151ffffffff",1,1,0,1,NA
"seaTurtles","846d153ffffffff",1,1,0,1,NA
"seaTurtles","846d155ffffffff",19,1,0,1,NA
"seaTurtles","846d157ffffffff",5,1,0,1,NA
"seaTurtles","846d159ffffffff",6,2,0.450561208866305,0.722222222222222,NA
"seaTurtles","846d15bffffffff",1,1,0,1,NA
"seaTurtles","846d15dffffffff",22,2,0.585952618303551,0.603305785123967,NA
"seaTurtles","846d169ffffffff",3,1,0,1,NA
"seaTurtles","846d183ffffffff",1,1,0,1,NA
"seaTurtles","846d193ffffffff",1,1,0,1,NA
"seaTurtles","846d197ffffffff",1,1,0,1,NA
"seaTurtles","846d1a3ffffffff",1,1,0,1,NA
"seaTurtles","846d1a7ffffffff",1,1,0,1,NA
"seaTurtles","846d1a9ffffffff",2,2,0.693147180559945,0.5,NA
"seaTurtles","846d1bbffffffff",1,1,0,1,NA
"seaTurtles","846d1c7ffffffff",1,1,0,1,NA
"seaTurtles","846d1d3ffffffff",1,1,0,1,NA
"seaTurtles","846d1d9ffffffff",1,1,0,1,NA
"seaTurtles","846d1dbffffffff",2,1,0,1,NA
"seaTurtles","846d1e3ffffffff",2,1,0,1,NA
"seaTurtles","846d1ebffffffff",4,1,0,1,NA
"seaTurtles","846d243ffffffff",1,1,0,1,NA
"seaTurtles","846d24bffffffff",1,1,0,1,NA
"seaTurtles","846d259ffffffff",22,5,1.47465571456315,0.252066115702479,NA
"seaTurtles","846d25dffffffff",6,4,1.242453324894,0.333333333333333,NA
"seaTurtles","846d265ffffffff",10,5,1.6094379124341,0.2,NA
"seaTurtles","846d26bffffffff",1,1,0,1,NA
"seaTurtles","846d295ffffffff",1,1,0,1,NA
"seaTurtles","846d297ffffffff",1,1,0,1,NA
"seaTurtles","846d2a1ffffffff",1,1,0,1,NA
"seaTurtles","846d2a3ffffffff",6,2,0.450561208866305,0.722222222222222,NA
"seaTurtles","846d2a5ffffffff",6,1,0,1,NA
"seaTurtles","846d2a7ffffffff",12,2,0.286835983056161,0.847222222222222,NA
"seaTurtles","846d2adffffffff",1,1,0,1,NA
"seaTurtles","846d2b1ffffffff",1,1,0,1,NA
"seaTurtles","846d2b3ffffffff",19,1,0,1,NA
"seaTurtles","846d2b5ffffffff",21,2,0.191444081957717,0.909297052154195,NA
"seaTurtles","846d2b7ffffffff",34,2,0.66520426463993,0.527681660899654,NA
"seaTurtles","846d2b9ffffffff",1,1,0,1,NA
"seaTurtles","846d2edffffffff",1,1,0,1,NA
"seaTurtles","846d331ffffffff",1,1,0,1,NA
"seaTurtles","846d333ffffffff",1,1,0,1,NA
"seaTurtles","846d343ffffffff",1,1,0,1,NA
"seaTurtles","846d357ffffffff",1,1,0,1,NA
"seaTurtles","846d369ffffffff",1,1,0,1,NA
"seaTurtles","846d401ffffffff",5,2,0.500402423538188,0.68,NA
"seaTurtles","846d409ffffffff",2,1,0,1,NA
"seaTurtles","846d40bffffffff",3,1,0,1,NA
"seaTurtles","846d40dffffffff",1,1,0,1,NA
"seaTurtles","846d411ffffffff",1,1,0,1,NA
"seaTurtles","846d413ffffffff",4,1,0,1,NA
"seaTurtles","846d417ffffffff",3,2,0.636514168294813,0.555555555555556,NA
"seaTurtles","846d423ffffffff",4,1,0,1,NA
"seaTurtles","846d429ffffffff",1,1,0,1,NA
"seaTurtles","846d42bffffffff",3,1,0,1,NA
"seaTurtles","846d42dffffffff",8,2,0.376770161256437,0.78125,NA
"seaTurtles","846d431ffffffff",3,2,0.636514168294813,0.555555555555556,NA
"seaTurtles","846d433ffffffff",3,1,0,1,NA
"seaTurtles","846d43dffffffff",1,1,0,1,NA
"seaTurtles","846d443ffffffff",4,1,0,1,NA
"seaTurtles","846d445ffffffff",9,2,0.348832095843032,0.802469135802469,NA
"seaTurtles","846d447ffffffff",3,1,0,1,NA
"seaTurtles","846d449ffffffff",5,1,0,1,NA
"seaTurtles","846d453ffffffff",10,1,0,1,NA
"seaTurtles","846d455ffffffff",1,1,0,1,NA
"seaTurtles","846d457ffffffff",2,2,0.693147180559945,0.5,NA
"seaTurtles","846d45dffffffff",1,1,0,1,NA
"seaTurtles","846d461ffffffff",6,1,0,1,NA
"seaTurtles","846d467ffffffff",2,1,0,1,NA
"seaTurtles","846d46bffffffff",16,1,0,1,NA
"seaTurtles","846d46dffffffff",4,2,0.562335144618808,0.625,NA
"seaTurtles","846d481ffffffff",1,1,0,1,NA
"seaTurtles","846d489ffffffff",8,3,0.735621939758795,0.59375,NA
"seaTurtles","846d48bffffffff",1,1,0,1,NA
"seaTurtles","846d48dffffffff",1,1,0,1,NA
"seaTurtles","846d4adffffffff",1,1,0,1,NA
"seaTurtles","846d4c1ffffffff",5,3,0.950270539233235,0.44,NA
"seaTurtles","846d4c5ffffffff",2,1,0,1,NA
"seaTurtles","846d4c9ffffffff",2,1,0,1,NA
"seaTurtles","846d4cbffffffff",3,1,0,1,NA
"seaTurtles","846d4d1ffffffff",9,1,0,1,NA
"seaTurtles","846d4d3ffffffff",2,2,0.693147180559945,0.5,NA
"seaTurtles","846d4d5ffffffff",3,1,0,1,NA
"seaTurtles","846d4d7ffffffff",1,1,0,1,NA
"seaTurtles","846d4d9ffffffff",2,1,0,1,NA
"seaTurtles","846d4ddffffffff",2,1,0,1,NA
"seaTurtles","846d4e3ffffffff",2,2,0.693147180559945,0.5,NA
"seaTurtles","846d4e5ffffffff",16,1,0,1,NA
"seaTurtles","846d4e9ffffffff",1,1,0,1,NA
"seaTurtles","846d4ebffffffff",1,1,0,1,NA
"seaTurtles","846d501ffffffff",2,1,0,1,NA
"seaTurtles","846d503ffffffff",2,1,0,1,NA
"seaTurtles","846d50bffffffff",1,1,0,1,NA
"seaTurtles","846d50dffffffff",1,1,0,1,NA
"seaTurtles","846d511ffffffff",30,2,0.146144746008564,0.935555555555555,NA
"seaTurtles","846d517ffffffff",4,1,0,1,NA
"seaTurtles","846d51bffffffff",1,1,0,1,NA
"seaTurtles","846d51dffffffff",8,1,0,1,NA
"seaTurtles","846d527ffffffff",2,2,0.693147180559945,0.5,NA
"seaTurtles","846d53dffffffff",2,2,0.693147180559945,0.5,NA
"seaTurtles","846d543ffffffff",1,1,0,1,NA
"seaTurtles","846d545ffffffff",2,1,0,1,NA
"seaTurtles","846d549ffffffff",1,1,0,1,NA
"seaTurtles","846d54dffffffff",1,1,0,1,NA
"seaTurtles","846d553ffffffff",2,1,0,1,NA
"seaTurtles","846d557ffffffff",2,2,0.693147180559945,0.5,NA
"seaTurtles","846d559ffffffff",1,1,0,1,NA
"seaTurtles","846d55bffffffff",1,1,0,1,NA
"seaTurtles","846d567ffffffff",2,2,0.693147180559945,0.5,NA
"seaTurtles","846d56dffffffff",2,1,0,1,NA
"seaTurtles","846d589ffffffff",1,1,0,1,NA
"seaTurtles","846d5c5ffffffff",1,1,0,1,NA
"seaTurtles","846d5c9ffffffff",7,2,0.410116318288409,0.755102040816326,NA
"seaTurtles","846d5cbffffffff",2,1,0,1,NA
"seaTurtles","846d5cdffffffff",1,1,0,1,NA
"seaTurtles","846d5d1ffffffff",3,2,0.636514168294813,0.555555555555556,NA
"seaTurtles","846d5d9ffffffff",1,1,0,1,NA
"seaTurtles","846d5e1ffffffff",1,1,0,1,NA
"seaTurtles","846d5edffffffff",11,1,0,1,NA
"seaTurtles","846d605ffffffff",1,1,0,1,NA
"seaTurtles","846d607ffffffff",2,1,0,1,NA
"seaTurtles","846d615ffffffff",3,2,0.636514168294813,0.555555555555556,NA
"seaTurtles","846d621ffffffff",5,1,0,1,NA
"seaTurtles","846d623ffffffff",3,2,0.636514168294813,0.555555555555556,NA
"seaTurtles","846d625ffffffff",32,4,0.506735257611427,0.771484375,NA
"seaTurtles","846d629ffffffff",1,1,0,1,NA
"seaTurtles","846d62bffffffff",22,3,0.576382066624893,0.690082644628099,NA
"seaTurtles","846d62dffffffff",15,1,0,1,NA
"seaTurtles","846d631ffffffff",6,1,0,1,NA
"seaTurtles","846d633ffffffff",24,1,0,1,NA
"seaTurtles","846d635ffffffff",30,1,0,1,NA
"seaTurtles","846d637ffffffff",11,3,0.600166073159646,0.685950413223141,NA
"seaTurtles","846d639ffffffff",3,1,0,1,NA
"seaTurtles","846d63bffffffff",2,1,0,1,NA
"seaTurtles","846d63dffffffff",27,1,0,1,NA
"seaTurtles","846d655ffffffff",1,1,0,1,NA
"seaTurtles","846d667ffffffff",4,1,0,1,NA
"seaTurtles","846d66bffffffff",2,2,0.693147180559945,0.5,NA
"seaTurtles","846d685ffffffff",3,1,0,1,NA
"seaTurtles","846d687ffffffff",5,4,1.33217904021012,0.28,NA
"seaTurtles","846d697ffffffff",7,1,0,1,NA
"seaTurtles","846d699ffffffff",1,1,0,1,NA
"seaTurtles","846d6a1ffffffff",1,1,0,1,NA
"seaTurtles","846d6a5ffffffff",1,1,0,1,NA
"seaTurtles","846d6a9ffffffff",2,2,0.693147180559945,0.5,NA
"seaTurtles","846d6abffffffff",5,1,0,1,NA
"seaTurtles","846d6adffffffff",12,3,0.721463686692511,0.597222222222222,NA
"seaTurtles","846d6b1ffffffff",15,1,0,1,NA
"seaTurtles","846d6b3ffffffff",11,4,1.03356205420682,0.454545454545455,NA
"seaTurtles","846d6b5ffffffff",6,1,0,1,NA
"seaTurtles","846d6b7ffffffff",9,1,0,1,NA
"seaTurtles","846d6bbffffffff",1,1,0,1,NA
"seaTurtles","846d6bdffffffff",8,1,0,1,NA
"seaTurtles","846d6c7ffffffff",4,3,1.03972077083992,0.375,NA
"seaTurtles","846d6e1ffffffff",1,1,0,1,NA
"seaTurtles","846d6e3ffffffff",4,2,0.562335144618808,0.625,NA
"seaTurtles","846d6e5ffffffff",1,1,0,1,NA
"seaTurtles","846d6e7ffffffff",1,1,0,1,NA
"seaTurtles","846d6ebffffffff",2,1,0,1,NA
"seaTurtles","846d6edffffffff",10,4,1.27985422583367,0.3,NA
"seaTurtles","846d701ffffffff",20,1,0,1,NA
"seaTurtles","846d703ffffffff",2,2,0.693147180559945,0.5,NA
"seaTurtles","846d705ffffffff",3,1,0,1,NA
"seaTurtles","846d707ffffffff",25,1,0,1,NA
"seaTurtles","846d709ffffffff",17,2,0.362210557135449,0.792387543252595,NA
"seaTurtles","846d70bffffffff",9,1,0,1,NA
"seaTurtles","846d70dffffffff",23,1,0,1,NA
"seaTurtles","846d711ffffffff",4,1,0,1,NA
"seaTurtles","846d719ffffffff",14,1,0,1,NA
"seaTurtles","846d71dffffffff",1,1,0,1,NA
"seaTurtles","846d723ffffffff",1,1,0,1,NA
"seaTurtles","846d72bffffffff",1,1,0,1,NA
"seaTurtles","846d733ffffffff",3,1,0,1,NA
"seaTurtles","846d735ffffffff",3,1,0,1,NA
"seaTurtles","846d739ffffffff",6,1,0,1,NA
"seaTurtles","846d73dffffffff",1,1,0,1,NA
"seaTurtles","846d743ffffffff",4,3,1.03972077083992,0.375,NA
"seaTurtles","846d745ffffffff",62,2,0.467457687146339,0.708116545265349,1.99999999997639
"seaTurtles","846d747ffffffff",1,1,0,1,NA
"seaTurtles","846d753ffffffff",13,2,0.271189373041844,0.857988165680474,NA
"seaTurtles","846d757ffffffff",9,1,0,1,NA
"seaTurtles","846d759ffffffff",2,2,0.693147180559945,0.5,NA
"seaTurtles","846d761ffffffff",19,2,0.436162325385344,0.734072022160665,NA
"seaTurtles","846d763ffffffff",4,1,0,1,NA
"seaTurtles","846d765ffffffff",10,2,0.500402423538188,0.68,NA
"seaTurtles","846d769ffffffff",25,4,0.690456531384835,0.6576,NA
"seaTurtles","846d76bffffffff",3,1,0,1,NA
"seaTurtles","846d76dffffffff",21,2,0.486912709464602,0.691609977324263,NA
"seaTurtles","846da91ffffffff",1,1,0,1,NA
"seaTurtles","846da93ffffffff",1,1,0,1,NA
"seaTurtles","846da9bffffffff",5,2,0.500402423538188,0.68,NA
"seaTurtles","846dad1ffffffff",1,1,0,1,NA
