"cell","spue","effort","target"
"854895c3fffffff",0,24,0
"8549922ffffffff",0,2,0
"854c8037fffffff",0,1,0
"85450b0bfffffff",0,13,0
"85451a93fffffff",0,1,0
"8545498bfffffff",0,3,0
"8545594bfffffff",0,1,0
"85455a47fffffff",0,3,0
"85455b4bfffffff",0,1,0
"85455bd3fffffff",0,2,0
"854566c7fffffff",0.0416666666666667,24,1
"8544094ffffffff",0,12,0
"85440957fffffff",0,16,0
"8544096ffffffff",0,4,0
"85440c0bfffffff",0,1,0
"85440d23fffffff",0,6,0
"85440d83fffffff",0,5,0
"85440e33fffffff",0,3,0
"85440e67fffffff",0,2,0
"85440e93fffffff",0,4,0
"8544629bfffffff",0,24,0
"85446453fffffff",0,15,0
"85446587fffffff",0,52,0
"854465d7fffffff",0,4,0
"8544667bfffffff",0.027027027027027,37,1
"854466abfffffff",0,17,0
"854466cbfffffff",0,3,0
"8544700bfffffff",0,408,0
"854470cffffffff",0,28,0
"85447287fffffff",0,84,0
"8544742bfffffff",0,6,0
"85447607fffffff",0,5,0
"8544762bfffffff",0,3,0
"8544762ffffffff",0,10,0
"85663373fffffff",0,3,0
"8566a18ffffffff",0,5,0
"8566b003fffffff",0.444444444444444,18,8
"8566b0affffffff",0.111111111111111,9,1
"8566b0b7fffffff",0.304347826086957,23,7
"8566b0cbfffffff",0,3,0
"8566b0dbfffffff",0.111111111111111,9,1
"856c06b7fffffff",0,2,0
"856c236ffffffff",0,3,0
"856c2483fffffff",0,2,0
"856c25abfffffff",0,2,0
"856c265bfffffff",0,3,0
"856c2d0bfffffff",0,6,0
"856c358bfffffff",0,1,0
"856d016bfffffff",0,3,0
"856d0193fffffff",0,4,0
"856d01d3fffffff",0,2,0
"856d0563fffffff",0,3,0
"856d0ba3fffffff",0,3,0
"856d0d8bfffffff",0,4,0
"856d0d8ffffffff",0,3,0
"856d0e0bfffffff",0,2,0
"856d0e4bfffffff",0,2,0
"856d1083fffffff",0,3,0
"856d108bfffffff",0,3,0
"856d108ffffffff",0,3,0
"856d1097fffffff",0,4,0
"856d11a3fffffff",0,2,0
"856d1337fffffff",0,3,0
"856d139bfffffff",0,2,0
"856d143bfffffff",0,6,0
"856d144ffffffff",0,7,0
"856d1963fffffff",0,2,0
"856d1ab3fffffff",0,2,0
"856d1adbfffffff",0,3,0
"856d1bc3fffffff",0,2,0
"856d1e2ffffffff",0,2,0
"856d2b2bfffffff",0,4,0
"856d51d3fffffff",0,2,0
"856d545bfffffff",0,4,0
"856d560ffffffff",0,4,0
"856d5d9bfffffff",0,2,0
"856d6223fffffff",0,1,0
"856d625bfffffff",0,19,0
"856d6a8bfffffff",0,3,0
"856d7263fffffff",0,4,0
"856d730ffffffff",0,3,0
"856d7343fffffff",0,2,0
"856d7637fffffff",0,3,0
"856d7647fffffff",0,5,0
"856da907fffffff",0,2,0
"856dad73fffffff",0,6,0
"8544854ffffffff",0,2,0
"85448617fffffff",0,71,0
"854488cffffffff",0,1,0
"85440047fffffff",0,2,0
"85440113fffffff",0,1,0
"8544030ffffffff",0.04,25,1
"8544044bfffffff",0,1,0
"8544062ffffffff",0,3,0
"854408b3fffffff",0,3,0
"85440903fffffff",0,7,0
"8544090ffffffff",0,4,0
"854d4a1bfffffff",0.6,5,3
"855e432bfffffff",0,65,0
"855e432ffffffff",0.0975609756097561,41,4
"855e460ffffffff",0.15,20,3
"85661243fffffff",0,1,0
"8566127bfffffff",0,2,0
"8544282ffffffff",0,1,0
"85442867fffffff",0,3,0
"85442b0ffffffff",0,1,0
"85443333fffffff",0,4,0
"8548940ffffffff",0,23,0
"85489437fffffff",0,25,0
"854c9e57fffffff",0,1,0
"8566b037fffffff",0,1,0
"8566b077fffffff",0,2,0
"856c2537fffffff",0,1,0
"856d401bfffffff",0,3,0
"856d41affffffff",0,2,0
"856d4d57fffffff",0,3,0
"856d4e0bfffffff",0,2,0
"856d4e57fffffff",0,2,0
"856d5887fffffff",0,3,0
"856d6b53fffffff",0,1,0
"85448477fffffff",0,2,0
"854486abfffffff",0.0666666666666667,15,1
"85661563fffffff",0,2,0
"85443257fffffff",0.166666666666667,6,1
"854c8577fffffff",0,1,0
"854cc1c3fffffff",0,1,0
"854cc1d7fffffff",0,1,0
"85441e0ffffffff",0,385,0
"85454aaffffffff",0,7,0
"85446517fffffff",0,3,0
"8544708ffffffff",0,30,0
"85447237fffffff",0,6,0
"85676927fffffff",0,2,0
"856d06a3fffffff",0,1,0
"856d0a97fffffff",0,1,0
"856d0bd3fffffff",0,1,0
"856d432ffffffff",0,4,0
"856d5013fffffff",0,2,0
"856d5633fffffff",0,2,0
"85448673fffffff",0,6,0
"855f590ffffffff",0,2,0
"85454923fffffff",0,8,0
"85458983fffffff",0.5,2,1
"85459813fffffff",0,4,0
"854598b7fffffff",0,6,0
"85489093fffffff",0,4,0
"8544092ffffffff",0,8,0
"8544156ffffffff",0,3,0
"85446403fffffff",0,19,0
"8544724ffffffff",0,2,0
"856c0593fffffff",0,2,0
"856c2e37fffffff",0,2,0
"856d01a3fffffff",0,5,0
"856d09a3fffffff",0,2,0
"856d0d6ffffffff",0,2,0
"856d444ffffffff",0,1,0
"856d4883fffffff",0,4,0
"856d4e73fffffff",0,4,0
"856d5033fffffff",0,8,0
"856d5643fffffff",0,1,0
"856d5ec3fffffff",0,4,0
"856d72affffffff",0,3,0
"856d7643fffffff",0,3,0
"8544768ffffffff",0,3,0
"854486c3fffffff",0,11,0
"85448daffffffff",0,14,0
"8544038bfffffff",0,4,0
"854403b7fffffff",0,1,0
"85440557fffffff",0,1,0
"85440643fffffff",0,4,0
"85440803fffffff",0,1,0
"855e4837fffffff",0,1,0
"855f5aaffffffff",0,2,0
"8544f2d3fffffff",0,48,0
"854890cffffffff",0,1,0
"85489213fffffff",0,1,0
"854892bbfffffff",0,1,0
"85489483fffffff",0,1,0
"8549930bfffffff",0,10,0
"854c949bfffffff",0,1,0
"854554cffffffff",0,5,0
"8545726ffffffff",0,1,0
"85489017fffffff",0,1,0
"85489053fffffff",0,3,0
"8548909bfffffff",0,1,0
"85440ab7fffffff",0,2,0
"85440b2ffffffff",0,4,0
"85440b47fffffff",0,1,0
"85441037fffffff",0,3,0
"85441073fffffff",0,1,0
"8544109bfffffff",0,1,0
"854410b7fffffff",0,2,0
"85441127fffffff",0,1,0
"8544129bfffffff",0.5,2,1
"854413a7fffffff",0,2,0
"854413d7fffffff",0,2,0
"85441583fffffff",0,4,0
"85441637fffffff",0,2,0
"854450d7fffffff",0,2,0
"85445407fffffff",0,2,0
"85445473fffffff",0,1,0
"854454c7fffffff",0,2,0
"85445543fffffff",0,5,0
"85445547fffffff",0,1,0
"8544554bfffffff",0,3,0
"854455c7fffffff",0,4,0
"85445683fffffff",0,1,0
"85445697fffffff",0,3,0
"85446077fffffff",0,1,0
"8544608ffffffff",0,2,0
"85446117fffffff",0,1,0
"8544616ffffffff",0,2,0
"8544626ffffffff",0,1,0
"8544632ffffffff",0,2,0
"85446373fffffff",0,1,0
"854463abfffffff",0,2,0
"85446537fffffff",0,1,0
"85446c57fffffff",0,1,0
"85446c9bfffffff",0,334,0
"85446e13fffffff",0,24,0
"85447007fffffff",0,5,0
"85447037fffffff",0,2,0
"8544706ffffffff",0,2,0
"8544710bfffffff",0,1,0
"85447153fffffff",0,1,0
"85447157fffffff",0,2,0
"854471c3fffffff",0,2,0
"85447227fffffff",0,2,0
"854473c7fffffff",0,3,0
"8544756ffffffff",0,1,0
"8566b08ffffffff",0,1,0
"8566b6abfffffff",0,1,0
"856c2073fffffff",0,1,0
"856d0097fffffff",0,2,0
"856d032bfffffff",0,1,0
"856d044ffffffff",0,1,0
"856d092ffffffff",0,1,0
"856d0973fffffff",0,1,0
"856d0c3bfffffff",0,1,0
"856d1c93fffffff",0,1,0
"856d2b43fffffff",0,1,0
"856d2b47fffffff",0.666666666666667,6,4
"856d452bfffffff",0,2,0
"856d4997fffffff",0,1,0
"856d5607fffffff",0,1,0
"856d6363fffffff",0,2,0
"856d6a0bfffffff",0,1,0
"856d6a33fffffff",0,1,0
"856d6b03fffffff",0,2,0
"856d70a3fffffff",0,1,0
"856d713bfffffff",0,1,0
"856d71dbfffffff",0,1,0
"856d757bfffffff",0,1,0
"856d761bfffffff",0,1,0
"856d76cffffffff",0.2,5,1
"8544840ffffffff",0,1,0
"8544845bfffffff",0,5,0
"8544846ffffffff",0,2,0
"85448587fffffff",0,1,0
"854485c7fffffff",0,1,0
"854486d7fffffff",0,7,0
"85448887fffffff",0,2,0
"8544a113fffffff",0,674,0
"8544a1c7fffffff",0,10,0
"8544a56bfffffff",0,2,0
"8544a5abfffffff",0,39,0
"8544a5bbfffffff",0,8,0
"8544a82bfffffff",0,3,0
"8544a84ffffffff",0,10,0
"8544a8cbfffffff",0,10,0
"8544a993fffffff",0,1,0
"854402cffffffff",0,3,0
"854ced47fffffff",0.916666666666667,12,11
"855f594bfffffff",0,3,0
"85662583fffffff",0,1,0
"8544ab4ffffffff",0,1,0
"8544ae0bfffffff",0,2,0
"8544ae83fffffff",0,1,0
"8544b397fffffff",0,10,0
"8544e42ffffffff",0,74,0
"8544e473fffffff",0,82,0
"8544e477fffffff",0,23,0
"8544e507fffffff",0,3,0
"8544e5b3fffffff",0,8,0
"8544e5c3fffffff",0,11,0
"8544e68bfffffff",0,1,0
"8544f20bfffffff",0,48,0
"8544f607fffffff",0.0666666666666667,15,1
"8544f613fffffff",0,12,0
"8544f663fffffff",0,19,0
"8544f673fffffff",0,4,0
"8544f6c3fffffff",0,14,0
"8544164ffffffff",0,3,0
"85441867fffffff",0,1,0
"85441917fffffff",0,1,0
"8544193bfffffff",0,7,0
"85441953fffffff",0,1,0
"85441bc3fffffff",0,1,0
"85441cd3fffffff",0,2,0
"85441d63fffffff",0,2,0
"85441e53fffffff",0,48,0
"8544332ffffffff",0,9,0
"8544337bfffffff",0,2,0
"854894dbfffffff",0,2,0
"854896c7fffffff",0,29,0
"8548b257fffffff",0,1,0
"8548b673fffffff",0,1,0
"854c990bfffffff",0,1,0
"854cd317fffffff",0,1,0
"8545480ffffffff",0,2,0
"8545490bfffffff",0,2,0
"85454913fffffff",0,3,0
"8545492ffffffff",0,34,0
"85454b07fffffff",0,1,0
"85454b4bfffffff",0,1,0
"85454d03fffffff",0,1,0
"85455147fffffff",0,1,0
"8545642ffffffff",0,1,0
"854409abfffffff",0,4,0
"854409bbfffffff",0,7,0
"85440c63fffffff",0,1,0
"85440d2bfffffff",0,1,0
"85440e7bfffffff",0,1,0
"85440ec3fffffff",0,3,0
"85446413fffffff",0,1,0
"8544644ffffffff",0,9,0
"85446457fffffff",0,1,0
"8544645bfffffff",0,2,0
"854465dbfffffff",0,18,0
"85446637fffffff",0,2,0
"85447217fffffff",0,23,0
"854474affffffff",0,1,0
"854475a3fffffff",0,3,0
"854475c7fffffff",0,12,0
"85672197fffffff",0,1,0
"85672297fffffff",0,1,0
"85672d5bfffffff",0,1,0
"85678edbfffffff",0,1,0
"856798c7fffffff",0,1,0
"85679943fffffff",0,1,0
"856d6aa7fffffff",0.666666666666667,3,2
"85447677fffffff",0,2,0
"85448157fffffff",0,1,0
"85448573fffffff",0,1,0
"85448667fffffff",0,2,0
"8544999bfffffff",0,1,0
"85449b67fffffff",0,1,0
"85449b9bfffffff",0,1,0
"8544a147fffffff",0,1,0
"8544aa33fffffff",0,1,0
"8544aa8ffffffff",0,1,0
"852ac913fffffff",0,1,0
"852ac9abfffffff",0,1,0
"852acb23fffffff",0,1,0
"853b926bfffffff",0,1,0
"85440443fffffff",0,1,0
"854404abfffffff",0,1,0
"85440603fffffff",0,1,0
"854ce95bfffffff",0,2,0
"854cf097fffffff",0,1,0
"854cf0c3fffffff",0,1,0
"854d2313fffffff",0,1,0
"854d3353fffffff",0,1,0
"854d350bfffffff",0,1,0
"854d761bfffffff",0,1,0
"854d82d3fffffff",0,1,0
"854d83cbfffffff",0,1,0
"854d8607fffffff",0,1,0
"854d8eb3fffffff",0,1,0
"854d90c3fffffff",0,1,0
"854d90cffffffff",0,1,0
"854d92d3fffffff",0,1,0
"854d934bfffffff",0,1,0
"854d95c7fffffff",0,1,0
"854d96a7fffffff",0,1,0
"854da253fffffff",0,1,0
"854da273fffffff",0,1,0
"854da283fffffff",0,1,0
"854da2c3fffffff",0,1,0
"854da62ffffffff",0,1,0
"854db0b7fffffff",0,1,0
"854db23bfffffff",0,2,0
"854db347fffffff",0,2,0
"854db57bfffffff",0,1,0
"855e400bfffffff",0,1,0
"855e46cffffffff",0,1,0
"855e4b67fffffff",0,1,0
"855e4bbbfffffff",0.5,2,1
"855e5dbbfffffff",0.333333333333333,3,1
"8566120ffffffff",0,2,0
"8544b0d3fffffff",0,1,0
"8544b167fffffff",0,1,0
"8544b6d7fffffff",0,1,0
"854429d7fffffff",0,1,0
"85442a13fffffff",0,1,0
"85442a17fffffff",0,1,0
"85442ab3fffffff",0,1,0
"85442b83fffffff",0,1,0
"85442bc3fffffff",0,1,0
"85442d53fffffff",0,2,0
"85442d83fffffff",0,1,0
"854430b3fffffff",0,2,0
"856c0447fffffff",0,2,0
"856c04cbfffffff",0,1,0
"856c0617fffffff",0,1,0
"856c2123fffffff",0,4,0
"856c21affffffff",0,5,0
"856c21cffffffff",0,4,0
"856c2257fffffff",0,2,0
"856c250bfffffff",0,1,0
"856c2c07fffffff",0,1,0
"856c316bfffffff",0,1,0
"856c317bfffffff",0,6,0
"856c31c3fffffff",0,2,0
"856c3233fffffff",0,1,0
"856d40b3fffffff",0,1,0
"856d41b3fffffff",0,1,0
"856d426ffffffff",0,1,0
"856d42bbfffffff",0,1,0
"856d46a7fffffff",0,3,0
"856d51abfffffff",0,3,0
"856d528ffffffff",0,1,0
"856d5433fffffff",0,1,0
"856d58bbfffffff",0,2,0
"856d5c43fffffff",0,5,0
"856d5cd7fffffff",0,4,0
"856d5e2bfffffff",0,1,0
"856d739bfffffff",0,2,0
"85440877fffffff",0,1,0
"854c206bfffffff",1,1,1
"854c8197fffffff",1,2,2
"854cab23fffffff",1,1,1
"854cc4bbfffffff",1,1,1
"85458ba7fffffff",1,1,1
"85459c87fffffff",1,1,1
"8566a18bfffffff",0.5,2,1
"8566a197fffffff",0,1,0
"8566b0d7fffffff",1,1,1
"8566b1b3fffffff",1,7,7
"8566b44bfffffff",1,5,5
"8566b5cbfffffff",1,3,3
"856d0613fffffff",0,1,0
"856d1407fffffff",0.970588235294118,34,33
"856d1433fffffff",1,27,27
"856d6207fffffff",0,1,0
"856d621bfffffff",0,3,0
"856d6287fffffff",1,5,5
"856d62b7fffffff",1,15,15
"856d684bfffffff",0.6,5,3
"856d685bfffffff",1,19,19
"856d68dbfffffff",1,2,2
"856d6e2ffffffff",1,3,3
"856d6ecbfffffff",0,1,0
"856d7683fffffff",1,7,7
"856d769bfffffff",1,1,1
"854ce843fffffff",1,1,1
"854ce94bfffffff",1,4,4
"854cee47fffffff",1,16,16
"854cf0a7fffffff",1,1,1
"854cf2b3fffffff",1,1,1
"854cf307fffffff",1,90,90
"854cf62bfffffff",1,5,5
"854cf637fffffff",1,1,1
"854cf63bfffffff",1,1,1
"854cf6d7fffffff",1,1,1
"854d11b3fffffff",1,1,1
"855e44bbfffffff",1,1,1
"855e5c33fffffff",1,1,1
"855e5c67fffffff",1,1,1
"855e660bfffffff",1,1,1
"855e7027fffffff",1,1,1
"855e7187fffffff",1,1,1
"855e71dbfffffff",1,1,1
"855e750bfffffff",1,1,1
"855f493bfffffff",0,2,0
"855f5a27fffffff",1,1,1
"855f5aa7fffffff",1,1,1
"8544ae73fffffff",1,1,1
"8544aedbfffffff",1,1,1
"8544321bfffffff",1,1,1
"85443477fffffff",0,1,0
"8544b4bbfffffff",0,1,0
"8544b533fffffff",0,1,0
"8544b567fffffff",0,2,0
"8544b5d3fffffff",0,1,0
"854c96dbfffffff",0,1,0
"854589a3fffffff",0,1,0
"85459d33fffffff",0,1,0
"856c241bfffffff",0,1,0
"856d0123fffffff",0,1,0
"856d1e9bfffffff",0,1,0
"85448433fffffff",0,1,0
"854484affffffff",0,2,0
"85449963fffffff",0,1,0
"854d9347fffffff",0,1,0
"855e4b23fffffff",0,1,0
"855e5527fffffff",0,1,0
"856c332bfffffff",0,2,0
"856d1937fffffff",0,1,0
"8544b65bfffffff",0,2,0
"854554d7fffffff",0,2,0
"8545590ffffffff",0,1,0
"85458093fffffff",0,1,0
"8545a377fffffff",0,1,0
"85440ca3fffffff",0,2,0
"854411cffffffff",0,1,0
"8567413bfffffff",0,8,0
"856741bbfffffff",0,2,0
"856743c7fffffff",0,2,0
"85674607fffffff",0,1,0
"8567695bfffffff",0,1,0
"85676b4bfffffff",0,1,0
"85676baffffffff",0,1,0
"85676d63fffffff",0,1,0
"85677347fffffff",0,1,0
"856c0553fffffff",0,1,0
"856c22a7fffffff",0,1,0
"856c2523fffffff",0,1,0
"856d0303fffffff",0,1,0
"856d0b8bfffffff",0,1,0
"856d0bb3fffffff",0,1,0
"856d1a97fffffff",0,1,0
"856d4167fffffff",0,1,0
"856d4187fffffff",0,1,0
"856d4343fffffff",0,1,0
"856d4463fffffff",0,1,0
"856d499bfffffff",0,1,0
"856d4e83fffffff",0,1,0
"856d5667fffffff",0,2,0
"856d5ea3fffffff",0,1,0
"856d73c7fffffff",0,1,0
"85448827fffffff",0,1,0
"854488d7fffffff",0,2,0
"854489a3fffffff",0,2,0
"85440247fffffff",0,2,0
"85440273fffffff",0,1,0
"854402c7fffffff",0,2,0
"854cea73fffffff",0,1,0
"854cea8ffffffff",0,1,0
"854cee1bfffffff",0,1,0
"854cf223fffffff",0,1,0
"855e44dbfffffff",0,1,0
"855e5d3bfffffff",0,1,0
"855e6b47fffffff",0,1,0
"855e7133fffffff",0,1,0
"855e71a7fffffff",0,3,0
"855e71b3fffffff",0,5,0
"8544f293fffffff",0,2,0
"8544181bfffffff",0,1,0
"85441cb3fffffff",0,1,0
"85441d2ffffffff",0,1,0
"85441d57fffffff",0,1,0
"8544a12bfffffff",0,1,0
"85489643fffffff",0,10,0
"8548968ffffffff",0,31,0
"85451967fffffff",0,1,0
"85451ba7fffffff",0,1,0
"85454a0bfffffff",0,1,0
"8545586ffffffff",0,3,0
"854558cffffffff",0.111111111111111,9,1
"85455a63fffffff",0,2,0
"85455a6ffffffff",0,2,0
"85455b63fffffff",0,2,0
"8545ae2ffffffff",0,2,0
"85440917fffffff",0,3,0
"85440963fffffff",0,64,0
"85440973fffffff",0,10,0
"85440ba7fffffff",0,2,0
"85440c33fffffff",0,2,0
"85440d37fffffff",0,28,0
"85440da3fffffff",0.0454545454545455,22,1
"85440dbbfffffff",0,2,0
"85440e17fffffff",0,2,0
"85440eabfffffff",0,3,0
"85441467fffffff",0,13,0
"85445647fffffff",0,25,0
"85446323fffffff",0,26,0
"8544644bfffffff",0,11,0
"8544664bfffffff",0,1,0
"85446657fffffff",0,7,0
"85447003fffffff",0,112,0
"85447203fffffff",0,5,0
"8544720bfffffff",0,5,0
"8544720ffffffff",0,78,0
"8544722bfffffff",0,26,0
"85447233fffffff",0,254,0
"85447283fffffff",0,16,0
"85447293fffffff",0,6,0
"854472b3fffffff",0,112,0
"854472c3fffffff",0,5,0
"85447427fffffff",0,15,0
"85447477fffffff",0,6,0
"8566b0a3fffffff",0.35,40,14
"8566b6d3fffffff",0,2,0
"856c040ffffffff",0,2,0
"856c06a3fffffff",0,4,0
"856c238bfffffff",0,1,0
"856c3543fffffff",0,1,0
"856c3597fffffff",0,2,0
"856c35c7fffffff",0,3,0
"856d0323fffffff",0,1,0
"856d0373fffffff",0,1,0
"856d06b3fffffff",0,14,0
"856d0977fffffff",0,2,0
"856d0a83fffffff",0,3,0
"856d0ab7fffffff",0,7,0
"856d0ad7fffffff",0,2,0
"856d0c07fffffff",0,4,0
"856d0d77fffffff",0,2,0
"856d0d97fffffff",0,5,0
"856d1563fffffff",0,4,0
"856d15c3fffffff",0.857142857142857,301,258
"856d1a93fffffff",0,3,0
"856d1c6bfffffff",0,3,0
"856d1d77fffffff",0,2,0
"856d529bfffffff",0,6,0
"856d5347fffffff",0,2,0
"856d544bfffffff",0,2,0
"856d556ffffffff",0,4,0
"856d5663fffffff",0,2,0
"856d56abfffffff",0,4,0
"856d76bbfffffff",0,1,0
"856dad67fffffff",0,3,0
"854483cbfffffff",0,2,0
"854484bbfffffff",0,10,0
"854484d7fffffff",0,1,0
"85440043fffffff",0,1,0
"8544010ffffffff",0,4,0
"85440177fffffff",0,2,0
"85440373fffffff",0.04,25,1
"8544052bfffffff",0,5,0
"8544053bfffffff",0,1,0
"85440573fffffff",0,7,0
"85440687fffffff",0,2,0
"854406c3fffffff",0,1,0
"8544083bfffffff",0,12,0
"854d4a07fffffff",0.5,2,1
"854d56b3fffffff",0,1,0
"855e433bfffffff",0.125,8,1
"855e4607fffffff",0,5,0
"855e5ca7fffffff",0.0769230769230769,13,1
"855e6677fffffff",0.2,10,2
"8566125bfffffff",0,3,0
"8544e5affffffff",0,26,0
"85450a53fffffff",0,3,0
"85441d97fffffff",0,7,0
"85441ea7fffffff",0,27,0
"8544282bfffffff",0,4,0
"85442963fffffff",0,4,0
"854429c7fffffff",0,3,0
"854429cffffffff",0,1,0
"85442d2ffffffff",0.125,8,1
"85443243fffffff",0,13,0
"85456517fffffff",0,1,0
"85447507fffffff",0,4,0
"8566b293fffffff",0,4,0
"856c3107fffffff",0,2,0
"856c3297fffffff",0,1,0
"856d425bfffffff",0,4,0
"856d438ffffffff",0,2,0
"856d4c03fffffff",0,4,0
"856d4ccbfffffff",0,1,0
"856d4d07fffffff",0,3,0
"856d4d8bfffffff",0,3,0
"856d4dd3fffffff",0,2,0
"856d4e43fffffff",0,3,0
"856d5187fffffff",0,4,0
"856d6a1bfffffff",0,1,0
"856d6bcbfffffff",0,9,0
"856d6bcffffffff",0,3,0
"85448d33fffffff",0,18,0
"855e4b43fffffff",0,1,0
"8544b58bfffffff",0,2,0
"8548946ffffffff",0,2,0
"85489627fffffff",0,1,0
"8548962bfffffff",0,1,0
"854ce247fffffff",0,1,0
"854ce32ffffffff",0,1,0
"85451a53fffffff",0,1,0
"85454bcbfffffff",0,2,0
"8566b68ffffffff",0,2,0
"85675637fffffff",0,1,0
"856c2463fffffff",0,2,0
"856d0833fffffff",0,1,0
"856d1163fffffff",0,1,0
"856d5003fffffff",0,7,0
"856d634bfffffff",0,5,0
"856d634ffffffff",0,6,0
"85448a37fffffff",0,2,0
"855f4973fffffff",0,3,0
"855f4bb7fffffff",0,4,0
"8544b017fffffff",0,2,0
"85489637fffffff",0,1,0
"85454a37fffffff",0,3,0
"85454ba7fffffff",0,7,0
"85459667fffffff",0,2,0
"85459d3bfffffff",0,2,0
"85459d6bfffffff",0,3,0
"85440aa3fffffff",0,2,0
"85440b83fffffff",0,1,0
"85440b93fffffff",0,3,0
"85440bd3fffffff",0,10,0
"85445493fffffff",0,5,0
"854454cbfffffff",0,9,0
"854465bbfffffff",0,2,0
"856c05cbfffffff",0,1,0
"856c2517fffffff",0,3,0
"856c3317fffffff",0,4,0
"856d012bfffffff",0,1,0
"856d026ffffffff",0,1,0
"856d0b53fffffff",0,2,0
"856d101bfffffff",0,2,0
"856d1423fffffff",0,2,0
"856d1b07fffffff",0,1,0
"856d1c0bfffffff",0,2,0
"856d1e2bfffffff",0,2,0
"856d442bfffffff",0,1,0
"856d44a7fffffff",0,1,0
"856d4e5bfffffff",0,5,0
"856d537bfffffff",0,2,0
"856d5603fffffff",0,4,0
"854488affffffff",0,2,0
"8544012bfffffff",0,2,0
"854403d3fffffff",0,4,0
"854403d7fffffff",0,2,0
"85440633fffffff",0,6,0
"854ce847fffffff",0,2,0
"855e40dbfffffff",0.333333333333333,3,1
"8566110bfffffff",0,2,0
"8544b383fffffff",0,1,0
"854890a3fffffff",0,3,0
"8548920ffffffff",0,3,0
"8548923bfffffff",0,2,0
"8548926bfffffff",0,2,0
"85489277fffffff",0,1,0
"8548927bfffffff",0,1,0
"85489283fffffff",0,2,0
"8548928bfffffff",0,1,0
"854892d7fffffff",0,2,0
"8548948ffffffff",0,1,0
"8548b22bfffffff",0,3,0
"8548b22ffffffff",0,1,0
"8548b27bfffffff",0,2,0
"8549928ffffffff",0,3,0
"854cc54bfffffff",0.8,5,4
"8545722ffffffff",0,1,0
"85458827fffffff",0,3,0
"85489043fffffff",0,2,0
"8548904bfffffff",0,2,0
"85489073fffffff",0,4,0
"8548908ffffffff",0,2,0
"8544092bfffffff",0,76,0
"85440a27fffffff",0,1,0
"85440a2ffffffff",0,1,0
"85440a73fffffff",0,1,0
"85440bc7fffffff",0,2,0
"85441003fffffff",0,1,0
"85441007fffffff",0,2,0
"85441017fffffff",0,2,0
"8544103bfffffff",0,1,0
"85441043fffffff",0,1,0
"8544110bfffffff",0,3,0
"85441157fffffff",0,2,0
"854411b3fffffff",0,5,0
"85441213fffffff",0,1,0
"85441293fffffff",0,1,0
"854413bbfffffff",0,1,0
"85441573fffffff",0,1,0
"854415c3fffffff",0,2,0
"85441617fffffff",0,1,0
"8544509bfffffff",0,10,0
"8544540bfffffff",0,2,0
"85445437fffffff",0,1,0
"85445457fffffff",0,3,0
"85445467fffffff",0,5,0
"8544547bfffffff",0,2,0
"85445483fffffff",0,2,0
"854454d7fffffff",0,2,0
"854455cffffffff",0,1,0
"8544564bfffffff",0,1,0
"8544565bfffffff",0,1,0
"854456a3fffffff",0,1,0
"854456cffffffff",0,2,0
"854456dbfffffff",0,3,0
"8544600ffffffff",0,1,0
"85446037fffffff",0,1,0
"8544603bfffffff",0,1,0
"85446043fffffff",0,1,0
"854460a3fffffff",0,1,0
"85446187fffffff",0,1,0
"854461a3fffffff",0,3,0
"85446393fffffff",0,1,0
"854463c7fffffff",0,1,0
"8544650ffffffff",0,2,0
"85446667fffffff",0,2,0
"85446ccbfffffff",0,456,0
"85446e03fffffff",0,2,0
"85446e9bfffffff",0,3,0
"8544717bfffffff",0,1,0
"854471dbfffffff",0,1,0
"8544722ffffffff",0,1,0
"8544737bfffffff",0,3,0
"8544738bfffffff",0,2,0
"85447563fffffff",0,1,0
"856756affffffff",0,1,0
"856d0003fffffff",0,2,0
"856d006bfffffff",0,1,0
"856d0197fffffff",0,2,0
"856d0e67fffffff",0,1,0
"856d1477fffffff",0,1,0
"856d2a2ffffffff",0.333333333333333,3,1
"856d2a5bfffffff",0,4,0
"856d2b3bfffffff",0,1,0
"856d2b63fffffff",0,3,0
"856d465bfffffff",0,1,0
"856d4897fffffff",0,3,0
"856d4e4ffffffff",0,3,0
"856d51cffffffff",0,6,0
"856d6233fffffff",0,1,0
"856d6257fffffff",0,3,0
"856d6a37fffffff",0,2,0
"856d6aabfffffff",0,2,0
"856d7063fffffff",0,3,0
"856d70d7fffffff",0,5,0
"856d7183fffffff",0,1,0
"856d71b3fffffff",0,1,0
"856d73affffffff",0,1,0
"856d7547fffffff",0,2,0
"856d7663fffffff",0,1,0
"85448583fffffff",0,1,0
"85448a43fffffff",0,2,0
"85448db3fffffff",0,4,0
"8544a163fffffff",0,1,0
"8544a193fffffff",0,12,0
"8544a853fffffff",0,8,0
"8544a86ffffffff",0,11,0
"85440343fffffff",0,2,0
"8544065bfffffff",0,1,0
"8544066bfffffff",0,4,0
"855f5957fffffff",0,1,0
"855f5e63fffffff",0,1,0
"8566122bfffffff",0.166666666666667,6,1
"856612c3fffffff",0,2,0
"8544ab17fffffff",0,5,0
"8544ab2ffffffff",0,5,0
"8544aba7fffffff",0,6,0
"8544ababfffffff",0,2,0
"8544e40ffffffff",0,13,0
"8544e413fffffff",0,2,0
"8544e417fffffff",0,2,0
"8544e4affffffff",0,3,0
"8544e50bfffffff",0,2,0
"8544e51bfffffff",0,7,0
"8544e557fffffff",0,39,0
"8544e5c7fffffff",0,18,0
"8544e5dbfffffff",0,4,0
"8544e603fffffff",0,1,0
"8544e6a3fffffff",0,9,0
"8544e6affffffff",0,79,0
"8544f20ffffffff",0,5,0
"8544f27bfffffff",0,7,0
"8544f2a3fffffff",0.230769230769231,13,3
"8544f2affffffff",0.125,8,1
"8544f3cbfffffff",0.333333333333333,6,2
"8544f60ffffffff",0,6,0
"8544f64bfffffff",0,9,0
"8544f657fffffff",0,8,0
"85450163fffffff",0,16,0
"854416b3fffffff",0,1,0
"85441803fffffff",0,1,0
"85441823fffffff",0,2,0
"8544182ffffffff",0,1,0
"85441873fffffff",0,3,0
"85441893fffffff",0,3,0
"854418bbfffffff",0,1,0
"8544191bfffffff",0,4,0
"8544196ffffffff",0,2,0
"85441977fffffff",0,6,0
"85441b37fffffff",0,2,0
"85441bd3fffffff",0,1,0
"85441bd7fffffff",0,1,0
"85441c43fffffff",0,1,0
"85441c77fffffff",0,1,0
"85441d17fffffff",0,2,0
"85441d1bfffffff",0,2,0
"85441dcffffffff",0,1,0
"85441e1bfffffff",0,11,0
"85441eaffffffff",0,3,0
"8544336bfffffff",0,3,0
"8544448ffffffff",0,2,0
"8548960bfffffff",0,8,0
"8548961bfffffff",0,29,0
"8548964bfffffff",0,2,0
"85489683fffffff",0,15,0
"854896d7fffffff",0,65,0
"854c214ffffffff",0,1,0
"854c8563fffffff",0,1,0
"854c922ffffffff",0,2,0
"854cc6c7fffffff",0,1,0
"854cd147fffffff",0,1,0
"854cd153fffffff",0,1,0
"854cd577fffffff",0,1,0
"85454607fffffff",0,1,0
"854548affffffff",0,1,0
"8545492bfffffff",0,20,0
"85454953fffffff",0,4,0
"8545496bfffffff",0,6,0
"85454973fffffff",0,2,0
"85454983fffffff",0,6,0
"8545498ffffffff",0,2,0
"854549affffffff",0,8,0
"85454b6bfffffff",0,5,0
"85454b83fffffff",0,1,0
"85454baffffffff",0,8,0
"85454d17fffffff",0,1,0
"85454d27fffffff",0,6,0
"85454d2bfffffff",0,3,0
"85454d3bfffffff",0,1,0
"8545514ffffffff",0,1,0
"8545592ffffffff",0,9,0
"8545596ffffffff",0,7,0
"85455aa7fffffff",0,1,0
"854569cffffffff",0,1,0
"854573b7fffffff",0,1,0
"8545750ffffffff",0,1,0
"85458bb7fffffff",0,1,0
"8544098bfffffff",0,2,0
"85440db7fffffff",0,3,0
"85440e03fffffff",0,3,0
"854410d7fffffff",0,1,0
"854412d7fffffff",0,1,0
"8544604bfffffff",0,1,0
"854460affffffff",0,1,0
"854460cbfffffff",0,2,0
"854460d3fffffff",0,8,0
"8544640bfffffff",0,5,0
"85446417fffffff",0,2,0
"85446437fffffff",0,13,0
"85446443fffffff",0,7,0
"854464affffffff",0,16,0
"85446597fffffff",0,3,0
"85446607fffffff",0,12,0
"85446683fffffff",0,2,0
"85446687fffffff",0,2,0
"8544701bfffffff",0,252,0
"85447087fffffff",0,16,0
"854470c3fffffff",0,2,0
"8544729bfffffff",0,4,0
"854472cffffffff",0,4,0
"85447423fffffff",0,6,0
"85447463fffffff",0,7,0
"854474a3fffffff",0,2,0
"85447623fffffff",0,3,0
"8566b283fffffff",0,1,0
"8567217bfffffff",0,1,0
"856722c3fffffff",0,1,0
"85672e13fffffff",0,1,0
"85676a1bfffffff",0,1,0
"8567810ffffffff",0,1,0
"85678813fffffff",0,1,0
"85678d4bfffffff",0,1,0
"85678d73fffffff",0,1,0
"85679d87fffffff",0,1,0
"856d02a7fffffff",0,1,0
"856d5d5bfffffff",0,1,0
"8544764ffffffff",0,2,0
"854476b7fffffff",0,1,0
"85448163fffffff",0,1,0
"854481cffffffff",0,1,0
"854482dbfffffff",0,1,0
"854484a3fffffff",0,2,0
"854484cbfffffff",0,2,0
"8544860ffffffff",0,3,0
"85448ecffffffff",0,1,0
"8544966bfffffff",0,1,0
"8544980ffffffff",0,1,0
"854499c7fffffff",0,1,0
"85449a2bfffffff",0,1,0
"85449b3bfffffff",0,1,0
"85449c37fffffff",0,1,0
"85449e0bfffffff",0,1,0
"8544a243fffffff",0,4,0
"8544aa4bfffffff",0,1,0
"8544aa5bfffffff",0,1,0
"85440117fffffff",0,1,0
"85440133fffffff",0,2,0
"8544016ffffffff",0,1,0
"854403affffffff",0,1,0
"854404dbfffffff",0,1,0
"8544081bfffffff",0,2,0
"854cebb7fffffff",0,1,0
"854ced6ffffffff",0,1,0
"854cf23bfffffff",0,1,0
"854d01a3fffffff",0,1,0
"854d02d3fffffff",0,1,0
"854d065bfffffff",0,1,0
"854d06d7fffffff",0,1,0
"854d10c3fffffff",0,1,0
"854d2823fffffff",0,1,0
"854d2bd3fffffff",0,1,0
"854d493bfffffff",0,1,0
"854d81dbfffffff",0,1,0
"854d8413fffffff",0,1,0
"854d8417fffffff",0,1,0
"854d8433fffffff",0,1,0
"854d851bfffffff",0,1,0
"854d8697fffffff",0,1,0
"854d91b7fffffff",0,1,0
"854d959bfffffff",0,1,0
"854d966ffffffff",0,1,0
"854da2d3fffffff",0,1,0
"854da2d7fffffff",0,2,0
"854da457fffffff",0,1,0
"854da68ffffffff",0,1,0
"854dae97fffffff",0,1,0
"854db0affffffff",0,1,0
"854db163fffffff",0,1,0
"854db173fffffff",0,1,0
"854db263fffffff",0,1,0
"854db5affffffff",0,1,0
"855e42b7fffffff",0.125,24,3
"855e43dbfffffff",0,1,0
"855e4bb7fffffff",0,6,0
"855e4e8bfffffff",0,1,0
"855e5c0bfffffff",0,1,0
"855e5cbbfffffff",0,2,0
"855e5d03fffffff",0,2,0
"855e5d97fffffff",0,9,0
"855e6667fffffff",0.111111111111111,9,1
"85661697fffffff",0,1,0
"8544aecbfffffff",0,1,0
"8544b027fffffff",0,1,0
"8544b1d7fffffff",0,1,0
"8544b1dbfffffff",0,2,0
"85442263fffffff",0,1,0
"854423cbfffffff",0,1,0
"85442a07fffffff",0,1,0
"85442b43fffffff",0,1,0
"85442b47fffffff",0,1,0
"85442b63fffffff",0,2,0
"85442bc7fffffff",0,2,0
"85443067fffffff",0,1,0
"85443557fffffff",0,3,0
"85443043fffffff",0,1,0
"85455953fffffff",0,1,0
"856c06cbfffffff",0,1,0
"856c2003fffffff",0,1,0
"856c212bfffffff",0,1,0
"856c21d7fffffff",0,3,0
"856c223bfffffff",0,1,0
"856c228bfffffff",0,1,0
"856c23d7fffffff",0,1,0
"856c2417fffffff",0,1,0
"856c2627fffffff",0,2,0
"856c267bfffffff",0,1,0
"856c3047fffffff",0,2,0
"856c3127fffffff",0,1,0
"856c3323fffffff",0,1,0
"856c3577fffffff",0,1,0
"856d087bfffffff",0,1,0
"856d0bdbfffffff",0,1,0
"856d19abfffffff",0,1,0
"856d40c7fffffff",0,2,0
"856d4203fffffff",0,1,0
"856d4447fffffff",0,1,0
"856d46cbfffffff",0,2,0
"856d4adbfffffff",0,2,0
"856d5117fffffff",0,1,0
"856d5147fffffff",0,1,0
"856d5157fffffff",0,3,0
"856d532ffffffff",0,1,0
"856d542bfffffff",0,2,0
"856d5527fffffff",0,1,0
"854c8a8ffffffff",1,1,1
"854c8d23fffffff",1,1,1
"854cabcbfffffff",1,3,3
"854cc42ffffffff",1,6,6
"8566a24ffffffff",1,2,2
"8566a527fffffff",0.666666666666667,3,2
"8566b013fffffff",1,82,82
"8566b08bfffffff",1,33,33
"8566b0abfffffff",1,1,1
"8566b47bfffffff",1,4,4
"8566b557fffffff",1,1,1
"8566b57bfffffff",1,2,2
"856d0523fffffff",0,1,0
"856d0c97fffffff",0,1,0
"856d1513fffffff",1,6,6
"856d15c7fffffff",1,1,1
"856d2b77fffffff",0,2,0
"856d2b8bfffffff",1,1,1
"856d5543fffffff",1,1,1
"856d606bfffffff",1,9,9
"856d606ffffffff",1,5,5
"856d6317fffffff",0,1,0
"856d6373fffffff",0,1,0
"856d639bfffffff",1,1,1
"856d63cbfffffff",0,2,0
"856d63dbfffffff",0,1,0
"856d666ffffffff",1,2,2
"856d696ffffffff",0,4,0
"856d6b13fffffff",1,5,5
"856d6baffffffff",1,1,1
"856d6e17fffffff",1,6,6
"856d6e23fffffff",0.4,5,2
"856d6eaffffffff",1,60,60
"856d7197fffffff",0,1,0
"856d7467fffffff",1,52,52
"856d7557fffffff",0,1,0
"8544865bfffffff",1,1,1
"8544a027fffffff",1,1,1
"8544aaa3fffffff",1,1,1
"854ced0bfffffff",1,17,17
"854ced63fffffff",1,5,5
"854ced7bfffffff",1,4,4
"854cf05bfffffff",1,1,1
"854cf0bbfffffff",1,10,10
"854cf2a7fffffff",1,1,1
"854cf30bfffffff",1,3,3
"854cf30ffffffff",1,64,64
"854cf317fffffff",1,82,82
"854cf633fffffff",1,6,6
"854cf6abfffffff",1,4,4
"854d326bfffffff",1,1,1
"854d4907fffffff",1,1,1
"854d4b87fffffff",1,3,3
"855e4093fffffff",1,1,1
"855e4347fffffff",1,2,2
"855e434ffffffff",1,1,1
"855e446bfffffff",1,1,1
"855e450bfffffff",1,1,1
"855e4a67fffffff",1,1,1
"855e5db7fffffff",1,1,1
"855e5dc3fffffff",1,1,1
"855e6267fffffff",1,1,1
"855e6527fffffff",1,1,1
"8566121bfffffff",1,2,2
"85661273fffffff",1,2,2
"8544b393fffffff",0,1,0
"854432bbfffffff",1,1,1
"8544b5c7fffffff",0,8561,0
"8544b5dbfffffff",0,2,0
"8544335bfffffff",0,1,0
"854c9abbfffffff",0,1,0
"8545933bfffffff",0,1,0
"85459e73fffffff",0,1,0
"85440987fffffff",0,1,0
"856d0c0ffffffff",0,1,0
"856d6367fffffff",0,1,0
"855e62dbfffffff",0,1,0
"856c233bfffffff",0,2,0
"856c2c27fffffff",0,2,0
"856c2c47fffffff",0,1,0
"856d5263fffffff",0,1,0
"856d5573fffffff",0,1,0
"856da9a3fffffff",0,1,0
"854cea8bfffffff",0,1,0
"856626abfffffff",0,1,0
"85455e4ffffffff",0,1,0
"85459037fffffff",0,1,0
"8545b223fffffff",0,1,0
"85440a4bfffffff",0,2,0
"854411c3fffffff",0,1,0
"85441613fffffff",0,1,0
"85447537fffffff",0,1,0
"8567414bfffffff",0,1,0
"856743b3fffffff",0,1,0
"85674463fffffff",0,1,0
"8567564bfffffff",0,3,0
"85676e6ffffffff",0,2,0
"8567736ffffffff",0,2,0
"85678b6bfffffff",0,1,0
"856c204ffffffff",0,1,0
"856c2147fffffff",0,1,0
"856c2213fffffff",0,1,0
"856c221bfffffff",0,1,0
"856c2373fffffff",0,1,0
"856c25a7fffffff",0,2,0
"856c2ca7fffffff",0,1,0
"856c2dcffffffff",0,1,0
"856c2e57fffffff",0,2,0
"856d0377fffffff",0,1,0
"856d0d2ffffffff",0,1,0
"856d142ffffffff",0,1,0
"856d4047fffffff",0,3,0
"856d40c3fffffff",0,1,0
"856d41a3fffffff",0,1,0
"856d481bfffffff",0,1,0
"856d4e6ffffffff",0,1,0
"856d560bfffffff",0,1,0
"856d5cb3fffffff",0,1,0
"856d5dc3fffffff",0,2,0
"856d734bfffffff",0,1,0
"854480d7fffffff",0,1,0
"85440277fffffff",0,1,0
"8544035bfffffff",0,1,0
"854408abfffffff",0,1,0
"855e6657fffffff",0,1,0
"855e7137fffffff",0,1,0
"855f4923fffffff",0,3,0
"855f5b4bfffffff",0,1,0
"856625d7fffffff",0,3,0
"8544f22bfffffff",0,1,0
"85489613fffffff",0,20,0
"8548967bfffffff",0,2,0
"854896cbfffffff",0,58,0
"854c95d7fffffff",0,1,0
"85451b07fffffff",0,1,0
"85454907fffffff",0,14,0
"85454987fffffff",0,12,0
"85454b6ffffffff",0,8,0
"8545533bfffffff",0.2,5,1
"854553cbfffffff",0.0714285714285714,14,1
"8545564bfffffff",0,14,0
"85455b67fffffff",0,1,0
"85455b7bfffffff",0,1,0
"85459913fffffff",0,1,0
"8544093bfffffff",0,7,0
"85440953fffffff",0,7,0
"85440977fffffff",0,9,0
"854409a3fffffff",0,7,0
"854409b7fffffff",0,13,0
"85440a13fffffff",0,3,0
"85440dabfffffff",0,2,0
"85440e2bfffffff",0,1,0
"85440e4bfffffff",0,6,0
"85440e4ffffffff",0,4,0
"85440e6bfffffff",0,1,0
"85440e8ffffffff",0,3,0
"85440eaffffffff",0,2,0
"8544647bfffffff",0,11,0
"8544651bfffffff",0,5,0
"85447017fffffff",0,16,0
"8544705bfffffff",0,16,0
"85447077fffffff",0,32,0
"854470c7fffffff",0,21,0
"8544723bfffffff",0,309,0
"8544725bfffffff",0,7,0
"85447297fffffff",0,21,0
"854474c7fffffff",0,4,0
"85447597fffffff",0,5,0
"8566a183fffffff",0,3,0
"8566b01bfffffff",0.68421052631579,19,13
"85673197fffffff",0,2,0
"856c2227fffffff",0,1,0
"856c2343fffffff",0,1,0
"856c2487fffffff",0,3,0
"856c332ffffffff",0,2,0
"856c3593fffffff",0,1,0
"856c35d3fffffff",0,2,0
"856d00a7fffffff",0,1,0
"856d027bfffffff",0,2,0
"856d042bfffffff",0,1,0
"856d0a53fffffff",0,2,0
"856d0ab3fffffff",0,2,0
"856d0e47fffffff",0,3,0
"856d103bfffffff",0,2,0
"856d10cffffffff",0,2,0
"856d11affffffff",0,2,0
"856d147bfffffff",0,3,0
"856d1a13fffffff",0,2,0
"856d1ac7fffffff",0,2,0
"856d1cd3fffffff",0,2,0
"856d4233fffffff",0,4,0
"856d5037fffffff",0,1,0
"856d548bfffffff",0,5,0
"856d548ffffffff",0,3,0
"856d630bfffffff",0,1,0
"856d6a9bfffffff",0,2,0
"856d70cffffffff",0,4,0
"856d726bfffffff",0,8,0
"856d727bfffffff",0,4,0
"856d7357fffffff",0,1,0
"856d766ffffffff",0,4,0
"856da993fffffff",0,1,0
"856dad0ffffffff",0,2,0
"8544769bfffffff",0,3,0
"8544861bfffffff",0.0234741784037559,213,5
"854488a7fffffff",0,2,0
"8544899bfffffff",0.0769230769230769,13,1
"85448c1bfffffff",0,2,0
"85448c93fffffff",0,2,0
"85448dc7fffffff",0,3,0
"8544007bfffffff",0,2,0
"854400dbfffffff",0,1,0
"854402b7fffffff",0,2,0
"8544033bfffffff",0,8,0
"8544039bfffffff",0,1,0
"8544047bfffffff",0,1,0
"85440637fffffff",0,1,0
"85440667fffffff",0,1,0
"854406d7fffffff",0,3,0
"854406dbfffffff",0,1,0
"85440887fffffff",0,4,0
"854408affffffff",0,9,0
"854408bbfffffff",0,5,0
"854ced3bfffffff",0.4,5,2
"854d4a13fffffff",0.5,4,2
"854d4a2ffffffff",0.333333333333333,3,1
"855e436bfffffff",0,7,0
"855e5d9bfffffff",0,1,0
"855f5943fffffff",0,2,0
"8566124ffffffff",0,5,0
"8544b51bfffffff",0,16131,0
"8544b557fffffff",0,10,0
"8544e5b7fffffff",0,28,0
"85441daffffffff",0,2,0
"8544286ffffffff",0,10,0
"85442953fffffff",0,1,0
"85442a67fffffff",0,4,0
"85458893fffffff",0,4,0
"854465b3fffffff",0,3,0
"8566b00ffffffff",0,4,0
"8566b023fffffff",0,2,0
"8566b653fffffff",0,1,0
"856c2e47fffffff",0,6,0
"856d424bfffffff",0,2,0
"856d4267fffffff",0,2,0
"856d431bfffffff",0,1,0
"856d4813fffffff",0,2,0
"856d49d7fffffff",0,2,0
"854484b7fffffff",0,1,0
"85448d73fffffff",0,5,0
"855e5c8ffffffff",0,2,0
"8544b513fffffff",0,5,0
"85443367fffffff",0,5,0
"854892dbfffffff",0,2,0
"854894d7fffffff",0,3,0
"85489667fffffff",0,1,0
"854896cffffffff",0,29,0
"854ce803fffffff",0,3,0
"85455957fffffff",0,6,0
"85455b77fffffff",0,1,0
"85440b3bfffffff",0,7,0
"8544561bfffffff",0,1,0
"856c21a3fffffff",0,4,0
"856d00a3fffffff",0,1,0
"856d0d13fffffff",0,3,0
"856d4cabfffffff",0,3,0
"856d5093fffffff",0,4,0
"856d7623fffffff",0,6,0
"855e46a3fffffff",0,1,0
"855f4babfffffff",0,1,0
"8544b14bfffffff",0,1,0
"85442a77fffffff",0,2,0
"85454aa7fffffff",0,1,0
"85454b67fffffff",0,6,0
"85455a4bfffffff",0,1,0
"85455b13fffffff",0,1,0
"854589dbfffffff",0,5,0
"8545980bfffffff",0,6,0
"85459d23fffffff",0,2,0
"85440a0ffffffff",0,4,0
"854414b7fffffff",0,3,0
"8544702bfffffff",0,2,0
"85447043fffffff",0,47,0
"85447243fffffff",0,4,0
"856c247bfffffff",0,1,0
"856c369bfffffff",0,3,0
"856d0017fffffff",0,2,0
"856d0163fffffff",0,2,0
"856d026bfffffff",0,1,0
"856d0657fffffff",0,2,0
"856d0daffffffff",0,2,0
"856d0e93fffffff",0,1,0
"856d1013fffffff",0,1,0
"856d10abfffffff",0,2,0
"856d1b57fffffff",0,1,0
"856d1c73fffffff",0,1,0
"856d488bfffffff",0,2,0
"856d48c3fffffff",0,1,0
"856d4dbbfffffff",0,2,0
"856d5597fffffff",0,1,0
"856d636bfffffff",0,2,0
"85448987fffffff",0,14,0
"8544021bfffffff",0,5,0
"85440223fffffff",0,1,0
"8544086ffffffff",0,2,0
"8544b147fffffff",0,8,0
"8544f24bfffffff",0,19,0
"8544f25bfffffff",0,42,0
"8548928ffffffff",0,2,0
"854894affffffff",0,2,0
"8548954bfffffff",0,3,0
"854896a3fffffff",0,1,0
"854993c7fffffff",0,1,0
"854993cffffffff",0,19,0
"854993d3fffffff",0,1,0
"85458823fffffff",0,70,0
"854589cbfffffff",0,1,0
"85458a87fffffff",0,14,0
"85458ab3fffffff",0,1,0
"85459897fffffff",0,2,0
"8548900ffffffff",0,3,0
"8548904ffffffff",0,2,0
"85440937fffffff",0,30,0
"85440a6ffffffff",0,1,0
"8544114ffffffff",0,5,0
"85441163fffffff",0,2,0
"85441397fffffff",0,1,0
"8544146ffffffff",0,2,0
"85441527fffffff",0,1,0
"85441577fffffff",0,2,0
"85445097fffffff",0,6,0
"85445453fffffff",0,3,0
"8544548ffffffff",0,1,0
"854454b7fffffff",0,3,0
"854454cffffffff",0,1,0
"8544551bfffffff",0,5,0
"85445557fffffff",0,13,0
"85445603fffffff",0,4,0
"85445653fffffff",0,2,0
"8544568bfffffff",0,1,0
"8544610ffffffff",0,4,0
"85446167fffffff",0,3,0
"854461c3fffffff",0,1,0
"8544622bfffffff",0,2,0
"85446253fffffff",0,1,0
"85446267fffffff",0,1,0
"85446273fffffff",0,1,0
"85446347fffffff",0,10,0
"854463d7fffffff",0,1,0
"8544652ffffffff",0,1,0
"8544656ffffffff",0,1,0
"85446573fffffff",0,1,0
"8544663bfffffff",0,5,0
"85446c0bfffffff",0,7,0
"85446cc3fffffff",0,576,0
"85446e0bfffffff",0,1,0
"8544714bfffffff",0,3,0
"854471bbfffffff",0,2,0
"854472a7fffffff",0,4,0
"85447307fffffff",0,6,0
"8544734bfffffff",0,3,0
"85447397fffffff",0,1,0
"854473affffffff",0,1,0
"854473cbfffffff",0,2,0
"8544752bfffffff",0,2,0
"85447573fffffff",0,6,0
"8566a52ffffffff",0,4,0
"8566b613fffffff",0,1,0
"8566b6a3fffffff",0,1,0
"8567696ffffffff",0,1,0
"85676e4ffffffff",0,1,0
"8567a013fffffff",0,1,0
"856c26affffffff",0,1,0
"856d0473fffffff",0,2,0
"856d1e67fffffff",0,1,0
"856d2b6ffffffff",0,2,0
"856d48d7fffffff",0,2,0
"856d4dc3fffffff",0,2,0
"856d5693fffffff",0,1,0
"856d5c53fffffff",0,1,0
"856d5dbbfffffff",0,1,0
"856d5dd3fffffff",0,1,0
"856d6a17fffffff",0,3,0
"856d6aa3fffffff",0,3,0
"856d718bfffffff",0,2,0
"856d7193fffffff",0,1,0
"856d76a3fffffff",0,1,0
"856d76c3fffffff",0.4,15,6
"85448093fffffff",0,1,0
"854480d3fffffff",0,4,0
"8544842ffffffff",0,4,0
"8544844bfffffff",0,1,0
"85448467fffffff",0,1,0
"854489cffffffff",0,1,0
"854489dbfffffff",0,2,0
"85448d8ffffffff",0,10,0
"85448da7fffffff",0,26,0
"85448db7fffffff",0,10,0
"8544a103fffffff",0,292,0
"8544a117fffffff",0,59,0
"8544a18ffffffff",0,35,0
"8544a1d7fffffff",0,2,0
"8544a24bfffffff",0.333333333333333,3,1
"8544a50ffffffff",0,2,0
"8544a537fffffff",0,22,0
"8544a5b7fffffff",0,1,0
"8544a847fffffff",0,11,0
"8544a867fffffff",0,5,0
"8544a8cffffffff",0,3,0
"85440253fffffff",0,1,0
"85440293fffffff",0,1,0
"85440347fffffff",0,1,0
"85440867fffffff",0,1,0
"854ce8abfffffff",0,1,0
"854ce9a7fffffff",0,2,0
"855e5dd7fffffff",0,3,0
"855f5a37fffffff",0,1,0
"8544ab03fffffff",0,4,0
"8544ab27fffffff",0,5,0
"8544ab73fffffff",0,2,0
"8544ab8ffffffff",0,7,0
"8544aba3fffffff",0,7,0
"8544abbbfffffff",0,7,0
"8544ae8bfffffff",0,1,0
"8544b387fffffff",0,1,0
"8544b5abfffffff",0,3,0
"8544b667fffffff",0,1,0
"8544e40bfffffff",0,2,0
"8544e58ffffffff",0,2,0
"8544e657fffffff",0,1,0
"8544f04ffffffff",0.142857142857143,14,2
"8544f05bfffffff",0.272727272727273,11,3
"8544f213fffffff",0,5,0
"8544f21bfffffff",0,41,0
"8544f273fffffff",0,16,0
"8544f277fffffff",0,7,0
"8544f29bfffffff",0,11,0
"8544f2b7fffffff",0.1,20,2
"8544f3c7fffffff",0,16,0
"8544f66ffffffff",0,6,0
"8544f6cffffffff",0,3,0
"85450513fffffff",0,23,0
"854505cffffffff",0,5,0
"8544180ffffffff",0,2,0
"85441847fffffff",0,1,0
"8544187bfffffff",0,1,0
"8544188bfffffff",0,5,0
"854418b7fffffff",0,3,0
"854418c7fffffff",0,2,0
"854418d7fffffff",0,1,0
"85441907fffffff",0,1,0
"85441957fffffff",0,2,0
"854419b3fffffff",0,3,0
"854419c3fffffff",0,2,0
"85441a37fffffff",0,3,0
"85441b33fffffff",0,1,0
"85441c0bfffffff",0,2,0
"85441c0ffffffff",0,2,0
"85441d5bfffffff",0,1,0
"85441e17fffffff",0,6,0
"85441e2bfffffff",0,1052,0
"85441e33fffffff",0,4,0
"85441e3bfffffff",0,73,0
"85441e73fffffff",0,1623,0
"854894cbfffffff",0,1,0
"8548964ffffffff",0,7,0
"85489673fffffff",0,2,0
"85489687fffffff",0,6,0
"854896bbfffffff",0,6,0
"8548b24ffffffff",0,1,0
"8548b29bfffffff",0,1,0
"8548b2cffffffff",0,1,0
"854cc28bfffffff",0,1,0
"854cd1b7fffffff",0,1,0
"854cd52bfffffff",0,1,0
"85454677fffffff",0,1,0
"8545486bfffffff",0,2,0
"85454873fffffff",0,1,0
"8545495bfffffff",0,1,0
"8545499bfffffff",0,1,0
"85454a5bfffffff",0,1,0
"85454b23fffffff",0,1,0
"85454b77fffffff",0,2,0
"85454bb7fffffff",0,2,0
"85454d07fffffff",0,1,0
"85454d33fffffff",0,3,0
"85454dabfffffff",0,2,0
"85455347fffffff",0,1,0
"85455927fffffff",0,3,0
"85455b27fffffff",0,2,0
"85456407fffffff",0,1,0
"85456b37fffffff",0,1,0
"85458c97fffffff",0,1,0
"8545908bfffffff",0,1,0
"8545985bfffffff",0,1,0
"8545b4cffffffff",0,1,0
"85440933fffffff",0,19,0
"854409affffffff",0,13,0
"854409cbfffffff",0,1,0
"854409dbfffffff",0,1,0
"85440d07fffffff",0,2,0
"85440daffffffff",0,1,0
"85441497fffffff",0,1,0
"85446477fffffff",0,11,0
"854464a3fffffff",0,4,0
"854464a7fffffff",0,5,0
"854464abfffffff",0,7,0
"85446553fffffff",0,1,0
"8544659bfffffff",0,6,0
"8544660ffffffff",0,8,0
"85446633fffffff",0,6,0
"85446647fffffff",0,8,0
"854466b7fffffff",0,15,0
"85447213fffffff",0,16,0
"8544721bfffffff",0,3,0
"85447247fffffff",0,1,0
"8544728bfffffff",0,60,0
"854472cbfffffff",0,3,0
"8544746bfffffff",0,8,0
"8544746ffffffff",0,54,0
"85447627fffffff",0,2,0
"8566b677fffffff",0,1,0
"856721cffffffff",0,1,0
"8567233bfffffff",0,1,0
"85672573fffffff",0,1,0
"85672dc3fffffff",0,1,0
"8567350bfffffff",0,1,0
"85676c6bfffffff",0,1,0
"85679ddbfffffff",0,1,0
"85679e37fffffff",0,1,0
"856c34d7fffffff",0,1,0
"856d1ca7fffffff",0,1,0
"8544766bfffffff",0,27,0
"85448293fffffff",0,1,0
"85448387fffffff",0,1,0
"85448453fffffff",0,1,0
"85448833fffffff",0,1,0
"85448913fffffff",0,1,0
"85448a6bfffffff",0,1,0
"85448c47fffffff",0,1,0
"85448cdbfffffff",0,1,0
"85449ba3fffffff",0,1,0
"8544a153fffffff",0,1,0
"852ac94ffffffff",0,1,0
"852ac957fffffff",0,1,0
"852acb77fffffff",0,1,0
"852acb7bfffffff",0,1,0
"852acbb7fffffff",0,1,0
"8544063bfffffff",0,3,0
"8544089bfffffff",0,1,0
"854ce92bfffffff",0,1,0
"854ce977fffffff",0,3,0
"854cf59bfffffff",0,1,0
"854d058ffffffff",0,1,0
"854d198bfffffff",0,1,0
"854d20affffffff",0,1,0
"854d2a77fffffff",0,1,0
"854d2a8bfffffff",0,1,0
"854d32c7fffffff",0,1,0
"854d4b37fffffff",0,1,0
"854d76a7fffffff",0,1,0
"854d8083fffffff",0,1,0
"854d838bfffffff",0,1,0
"854d845bfffffff",0,1,0
"854d847bfffffff",0,1,0
"854d8c67fffffff",0,1,0
"854d9027fffffff",0,1,0
"854d904ffffffff",0,1,0
"854d906bfffffff",0,1,0
"854d94c3fffffff",0,1,0
"854d94cffffffff",0,1,0
"854d960ffffffff",0,1,0
"854d96affffffff",0,1,0
"854d96d3fffffff",0,1,0
"854d9cc3fffffff",0,1,0
"854d9e37fffffff",0,1,0
"854da2b7fffffff",0,1,0
"854da36bfffffff",0,1,0
"854da39bfffffff",0,1,0
"854da60bfffffff",0,2,0
"854da6bbfffffff",0,1,0
"854dae8bfffffff",0,1,0
"854db007fffffff",0,1,0
"854db133fffffff",0,1,0
"854db1c7fffffff",0,1,0
"854db35bfffffff",0,1,0
"855e440bfffffff",0,1,0
"855e491bfffffff",0,1,0
"855e4a77fffffff",0,1,0
"855e4b97fffffff",0,3,0
"855e4bd7fffffff",0,7,0
"855e5ea7fffffff",0,1,0
"855e62d3fffffff",0,3,0
"855e708ffffffff",0.5,2,1
"85661413fffffff",0,1,0
"85661457fffffff",0,1,0
"85661593fffffff",0,1,0
"8544b10bfffffff",0,1,0
"85441dbbfffffff",0,2,0
"85442987fffffff",0,3,0
"85442b27fffffff",0,1,0
"85443007fffffff",0,1,0
"85443587fffffff",0,1,0
"854432cffffffff",0,2,0
"854466cffffffff",0,2,0
"85455987fffffff",0,1,0
"856c0473fffffff",0,1,0
"856c246bfffffff",0,1,0
"856c25cbfffffff",0,2,0
"856c2d13fffffff",0,1,0
"856c3223fffffff",0,4,0
"856c3303fffffff",0,2,0
"856c33abfffffff",0,2,0
"856c3517fffffff",0,1,0
"856d0a4ffffffff",0,1,0
"856d0bcffffffff",0,1,0
"856d4353fffffff",0,1,0
"856d467bfffffff",0,1,0
"856d4ec7fffffff",0,1,0
"856d5163fffffff",0,1,0
"856d526bfffffff",0,2,0
"856d5657fffffff",0,2,0
"856d5893fffffff",0,3,0
"856d5ecffffffff",0,2,0
"856d734ffffffff",0,1,0
"856da9abfffffff",0,1,0
"854c2ecbfffffff",1,1,1
"854c842ffffffff",1,1,1
"854c9693fffffff",1,1,1
"854cab2ffffffff",1,1,1
"854cc087fffffff",1,4,4
"854cc60bfffffff",1,1,1
"854ce1c7fffffff",0,1,0
"854ce277fffffff",1,1,1
"85458e13fffffff",1,1,1
"85447343fffffff",1,1,1
"8566a273fffffff",1,8,8
"856d047bfffffff",0,1,0
"856d0557fffffff",1,1,1
"856d0c93fffffff",0,2,0
"856d1583fffffff",1,114,114
"856d6303fffffff",0,2,0
"856d6857fffffff",1,1,1
"856d6963fffffff",1,1,1
"856d6aaffffffff",0,1,0
"856d6e0bfffffff",0,1,0
"856d6e33fffffff",1,2,2
"856d7463fffffff",1,113,113
"854cf0b3fffffff",1,24,24
"854cf0cffffffff",1,2,2
"854cf1abfffffff",1,1,1
"854cf28ffffffff",1,1,1
"854cf38bfffffff",1,1,1
"854cf38ffffffff",1,2,2
"854cf563fffffff",1,1,1
"854cf617fffffff",1,4,4
"854cf683fffffff",1,5,5
"854cf6a7fffffff",1,1,1
"854d496bfffffff",1,1,1
"855e4583fffffff",1,1,1
"855e48a7fffffff",1,1,1
"855e4a17fffffff",1,1,1
"855e5c77fffffff",1,1,1
"855e61d7fffffff",1,1,1
"855e7533fffffff",1,1,1
"855f584ffffffff",1,3,3
"855f5bc7fffffff",1,2,2
"8544b0b3fffffff",1,1,1
"8544b19bfffffff",0,1,0
"8544b483fffffff",0,1,0
"85499353fffffff",0,1,0
"8545899bfffffff",0,2,0
"8545a96bfffffff",0,1,0
"856d4c57fffffff",0,1,0
"855e438bfffffff",0,1,0
"855f5eaffffffff",0,1,0
"8544b6b7fffffff",0,1,0
"854c825bfffffff",0,1,0
"854c83b7fffffff",0,1,0
"8545842bfffffff",0,1,0
"85459083fffffff",0,1,0
"856c06d7fffffff",0,1,0
"856c20dbfffffff",0,1,0
"856c2137fffffff",0,2,0
"856c2397fffffff",0,1,0
"856c352bfffffff",0,2,0
"856c36b7fffffff",0,1,0
"856d133bfffffff",0,1,0
"856d18bbfffffff",0,1,0
"856d512ffffffff",0,2,0
"856d5e07fffffff",0,1,0
"856d5ec7fffffff",0,1,0
"8544b56bfffffff",0,1,0
"85441d23fffffff",0,2,0
"8545548ffffffff",0,1,0
"85440b7bfffffff",0,1,0
"85440ca7fffffff",0,1,0
"85441193fffffff",0,2,0
"85445687fffffff",0,3,0
"854456bbfffffff",0,1,0
"85446013fffffff",0,1,0
"85447617fffffff",0,1,0
"856635c3fffffff",0,1,0
"85674633fffffff",0,1,0
"856746affffffff",0,1,0
"85675203fffffff",0,1,0
"85679b77fffffff",0,2,0
"856c2307fffffff",0,2,0
"856c3147fffffff",0,1,0
"856d4673fffffff",0,1,0
"856d46d3fffffff",0,1,0
"856d4c2bfffffff",0,1,0
"856d5897fffffff",0,1,0
"856d7347fffffff",0,1,0
"8544026bfffffff",0,1,0
"854d1a8ffffffff",0,1,0
"854d496ffffffff",0,1,0
"855e7123fffffff",0,1,0
"855f492ffffffff",0,1,0
"855f5827fffffff",0,1,0
"855f59cffffffff",0,1,0
"8544ae23fffffff",0,1,0
"8544e44ffffffff",0,1,0
"8544e4a7fffffff",0,1,0
"8544e59bfffffff",0,1,0
"8544e6d3fffffff",0,1,0
"854418a7fffffff",0,1,0
"85441947fffffff",0,1,0
"85441c07fffffff",0,1,0
"85441c8bfffffff",0,2,0
"85441ccbfffffff",0,1,0
"85451b2bfffffff",0,1,0
"854543bbfffffff",0.111111111111111,9,1
"85455947fffffff",0,2,0
"85456dabfffffff",0,23,0
"85459d07fffffff",0,3,0
"85440923fffffff",0,62,0
"8544096bfffffff",0,36,0
"854409a7fffffff",0,94,0
"85440c13fffffff",0,1,0
"85440d27fffffff",0,6,0
"85440d6ffffffff",0,4,0
"85440e43fffffff",0,1,0
"85440e6ffffffff",0,2,0
"85440e77fffffff",0,5,0
"85440e83fffffff",0,2,0
"854454dbfffffff",0,29,0
"854464c3fffffff",0,4,0
"854464dbfffffff",0,2,0
"85446613fffffff",0,4,0
"85446673fffffff",0,8,0
"8544700ffffffff",0,215,0
"8544704ffffffff",0,158,0
"85447053fffffff",0,12,0
"85447093fffffff",0,34,0
"854470dbfffffff",0,4,0
"8544724bfffffff",0,10,0
"85447557fffffff",0,21,0
"854475d7fffffff",0,3,0
"8566b0c7fffffff",0.980392156862745,204,200
"8567225bfffffff",0,2,0
"856c20c3fffffff",0,6,0
"856c2413fffffff",0,2,0
"856c248ffffffff",0,6,0
"856c33a3fffffff",0,4,0
"856d01affffffff",0,2,0
"856d03b3fffffff",0,1,0
"856d0867fffffff",0,1,0
"856d0a8ffffffff",0,1,0
"856d0b5bfffffff",0,3,0
"856d0bcbfffffff",0,2,0
"856d10b3fffffff",0,4,0
"856d10bbfffffff",0,1,0
"856d10d7fffffff",0,1,0
"856d1157fffffff",0,2,0
"856d1523fffffff",0,2,0
"856d1553fffffff",0,4,0
"856d1687fffffff",0,6,0
"856d19c7fffffff",0,2,0
"856d19dbfffffff",0,2,0
"856d1d0ffffffff",0,3,0
"856d1d1bfffffff",0,3,0
"856d1e63fffffff",0,1,0
"856d1e83fffffff",0,2,0
"856d26c7fffffff",0,23,0
"856d2b2ffffffff",0,2,0
"856d42abfffffff",0,4,0
"856d4c43fffffff",0,2,0
"856d5133fffffff",0,1,0
"856d7093fffffff",0,6,0
"856d709bfffffff",0,2,0
"856d71d3fffffff",0,1,0
"856da92bfffffff",0,2,0
"856da933fffffff",0,1,0
"856da967fffffff",0,5,0
"8544763bfffffff",0,7,0
"85447647fffffff",0.25,4,1
"85448983fffffff",0,19,0
"85448993fffffff",0.0588235294117647,17,1
"85448d2bfffffff",0,28,0
"85448d67fffffff",0,16,0
"85448dc3fffffff",0,1,0
"85440323fffffff",0,2,0
"8544034bfffffff",0,4,0
"85440447fffffff",0,2,0
"85440473fffffff",0,2,0
"85440607fffffff",0,7,0
"85440657fffffff",0,10,0
"8544084ffffffff",0,9,0
"85440873fffffff",0,7,0
"85440897fffffff",0,6,0
"854408d3fffffff",0,1,0
"855e434bfffffff",0,3,0
"855e43c7fffffff",0.166666666666667,6,1
"855e4637fffffff",0,3,0
"855e5cc7fffffff",0,1,0
"855f5ab7fffffff",0,4,0
"8544b127fffffff",0.00485436893203883,206,1
"8544b15bfffffff",0,5,0
"8544294ffffffff",0,1,0
"85442a33fffffff",0,2,0
"85442aabfffffff",0.125,8,1
"85442b03fffffff",0,2,0
"854433a3fffffff",0,1,0
"85489443fffffff",0.0384615384615385,26,1
"854c94c7fffffff",0,1,0
"854c9a53fffffff",0,1,0
"854c9e4bfffffff",0,3,0
"854cc097fffffff",0.948275862068966,58,55
"854460d7fffffff",0,7,0
"8566b64ffffffff",0,2,0
"856c06cffffffff",0,1,0
"856c20d3fffffff",0,4,0
"856c2c2bfffffff",0,4,0
"856d096ffffffff",0,3,0
"856d4383fffffff",0,1,0
"856d4893fffffff",0,2,0
"856d4c27fffffff",0,2,0
"856d58b3fffffff",0,3,0
"856d622ffffffff",0,4,0
"85448657fffffff",0,9,0
"854489d7fffffff",0,4,0
"85448d63fffffff",0,8,0
"85448d7bfffffff",0,1,0
"854d4ba7fffffff",0.285714285714286,7,2
"855e4683fffffff",0.166666666666667,6,1
"855e5c4ffffffff",0,1,0
"855e5cabfffffff",0.2,5,1
"8544b037fffffff",0,1,0
"8544b09bfffffff",0,2,0
"8544b53bfffffff",0,2,0
"85443253fffffff",0,4,0
"85489693fffffff",0,37,0
"854896affffffff",0,5,0
"8545313bfffffff",0,2,0
"854531b7fffffff",0,4,0
"8545445bfffffff",0,1,0
"854c9a1bfffffff",0,1,0
"85440b23fffffff",0,10,0
"854465a7fffffff",0,3,0
"85447267fffffff",0,60,0
"8567692bfffffff",0,1,0
"856d0d7bfffffff",0,3,0
"856d15cbfffffff",0,1,0
"856d4683fffffff",0,1,0
"856d4c13fffffff",0,1,0
"856d4c1bfffffff",0,2,0
"856d506bfffffff",0,1,0
"856d507bfffffff",0,1,0
"856d5103fffffff",0,8,0
"856d5e3bfffffff",0,3,0
"855e4363fffffff",0.375,8,3
"855e496bfffffff",0,1,0
"855f4b33fffffff",0,4,0
"855f4b77fffffff",0,1,0
"855f593bfffffff",0,1,0
"8544b12bfffffff",0,82,0
"854cc563fffffff",0,1,0
"85458bb3fffffff",0,1,0
"85459817fffffff",0,9,0
"85459d6ffffffff",0,2,0
"8548901bfffffff",0,8,0
"85440a2bfffffff",0,4,0
"85440b13fffffff",0,3,0
"85440b8ffffffff",0,6,0
"85440bb7fffffff",0,11,0
"854464d3fffffff",0,4,0
"8544658ffffffff",0,75,0
"8544706bfffffff",0,7,0
"854470bbfffffff",0,6,0
"856c21b3fffffff",0,1,0
"856c2607fffffff",0,3,0
"856c2d8bfffffff",0,3,0
"856d060bfffffff",0,3,0
"856d0abbfffffff",0,1,0
"856d0ccbfffffff",0,5,0
"856d1a8ffffffff",0,1,0
"856d42dbfffffff",0,5,0
"856d5173fffffff",0,1,0
"856d564ffffffff",0,4,0
"856d6337fffffff",0,1,0
"856d637bfffffff",0,2,0
"856d726ffffffff",0,5,0
"856d7387fffffff",0,2,0
"854486affffffff",0,3,0
"85448957fffffff",0,4,0
"85448cd7fffffff",0,4,0
"8544082bfffffff",0,2,0
"8566110ffffffff",0,6,0
"85661117fffffff",0,1,0
"8544ab47fffffff",0,1,0
"8544f243fffffff",0,62,0
"8544f2dbfffffff",0,81,0
"854890abfffffff",0,2,0
"85489217fffffff",0,4,0
"8548925bfffffff",0,1,0
"85489273fffffff",0,2,0
"85489287fffffff",0,2,0
"85489293fffffff",0,1,0
"854892abfffffff",0,2,0
"854892c7fffffff",0,1,0
"8548944ffffffff",0,3,0
"854894d3fffffff",0,2,0
"8548954ffffffff",0,1,0
"8548b263fffffff",0,2,0
"85499373fffffff",0,4,0
"854cc537fffffff",0,1,0
"85450b37fffffff",0,1,0
"854549b7fffffff",0,2,0
"85455453fffffff",0,2,0
"85459883fffffff",0,1,0
"85459887fffffff",0,1,0
"8545b06bfffffff",0,3,0
"85489063fffffff",0,2,0
"8548907bfffffff",0,1,0
"85440967fffffff",0,82,0
"85440a1bfffffff",0,1,0
"85440aabfffffff",0,3,0
"85440b03fffffff",0,1,0
"85440bcbfffffff",0,1,0
"85441103fffffff",0,6,0
"8544112ffffffff",0,2,0
"8544115bfffffff",0,1,0
"854411b7fffffff",0,2,0
"85441287fffffff",0,1,0
"854413b7fffffff",0,2,0
"854415cbfffffff",0,2,0
"8544160bfffffff",0,3,0
"854450dbfffffff",0,2,0
"8544540ffffffff",0,1,0
"8544542bfffffff",0,6,0
"854454a3fffffff",0,1,0
"85445513fffffff",0,9,0
"8544558bfffffff",0,5,0
"8544560ffffffff",0,4,0
"85445617fffffff",0,1,0
"8544563bfffffff",0,3,0
"85445657fffffff",0,2,0
"85445693fffffff",0,2,0
"85446127fffffff",0,5,0
"8544613bfffffff",0,2,0
"85446153fffffff",0,1,0
"85446163fffffff",0,1,0
"854461affffffff",0,1,0
"8544622ffffffff",0,2,0
"85446263fffffff",0,1,0
"8544630bfffffff",0,1,0
"85446313fffffff",0,1,0
"8544632bfffffff",0,1,0
"8544635bfffffff",0,2,0
"8544654ffffffff",0,1,0
"8544669bfffffff",0,45,0
"85446cd7fffffff",0,32,0
"85446ed7fffffff",0,235,0
"85447033fffffff",0,4,0
"8544703bfffffff",0,6,0
"8544711bfffffff",0,2,0
"8544715bfffffff",0,7,0
"854471b7fffffff",0,1,0
"8544734ffffffff",0,4,0
"8544735bfffffff",0,2,0
"854473a3fffffff",0,7,0
"8566a117fffffff",0,4,0
"8566a187fffffff",0,3,0
"8566b057fffffff",0,1,0
"8566b087fffffff",0.666666666666667,15,10
"856743a7fffffff",0,15,0
"85679cb3fffffff",0,1,0
"856c331bfffffff",0,1,0
"856d0187fffffff",0,4,0
"856d0327fffffff",0,1,0
"856d0c8ffffffff",0,1,0
"856d0d83fffffff",0.333333333333333,3,1
"856d0d87fffffff",0,2,0
"856d0e27fffffff",0,3,0
"856d193bfffffff",0,2,0
"856d43c3fffffff",0,2,0
"856d49d3fffffff",0,1,0
"856d4e37fffffff",0,2,0
"856d516bfffffff",0,5,0
"856d5ebbfffffff",0,3,0
"856d6247fffffff",0,1,0
"856d6ad3fffffff",0,9,0
"856d6b77fffffff",0,2,0
"856d763bfffffff",0,3,0
"856d76d3fffffff",0,1,0
"85448403fffffff",0.25,4,1
"85448697fffffff",0,1,0
"8544890ffffffff",0,2,0
"854489a7fffffff",0,4,0
"854489b3fffffff",0,2,0
"854489c7fffffff",0,4,0
"8544a393fffffff",0,1,0
"8544a84bfffffff",0,2,0
"8544a863fffffff",0,2,0
"8544aa6ffffffff",0,1,0
"854402d3fffffff",0,2,0
"854ceacbfffffff",0,1,0
"855e404bfffffff",0,4,0
"855e406ffffffff",0,4,0
"855e4343fffffff",0,2,0
"855e713bfffffff",0,1,0
"855f4ba3fffffff",0,1,0
"855f5b57fffffff",0,1,0
"8544ab0ffffffff",0,4,0
"8544ab33fffffff",0,4,0
"8544abaffffffff",0,5,0
"8544aed7fffffff",0,1,0
"8544b08ffffffff",0,3,0
"8544e423fffffff",0,212,0
"8544e427fffffff",0,92,0
"8544e433fffffff",0,22,0
"8544e457fffffff",0,2,0
"8544e48ffffffff",0,2,0
"8544e4abfffffff",0,3,0
"8544e4d3fffffff",0,1,0
"8544f043fffffff",0.210526315789474,19,4
"8544f227fffffff",0,8,0
"8544f23bfffffff",0,4,0
"8544f247fffffff",0,35,0
"8544f267fffffff",0,10,0
"8544f3d7fffffff",0,19,0
"8544f60bfffffff",0,5,0
"8544f61bfffffff",0,15,0
"8544f62bfffffff",0.111111111111111,9,1
"85441863fffffff",0,1,0
"854419d7fffffff",0,2,0
"85441aaffffffff",0,1,0
"85441bb7fffffff",0,2,0
"85441c2bfffffff",0,3,0
"85441c83fffffff",0,1,0
"85441cc3fffffff",0,1,0
"85441d87fffffff",0,2,0
"85441d8bfffffff",0,1,0
"85441e13fffffff",0,2,0
"85441e23fffffff",0,15,0
"85441e57fffffff",0,285,0
"85441e83fffffff",0,2,0
"85441eabfffffff",0,3,0
"85441ecffffffff",0,49,0
"85443363fffffff",0,1,0
"85443373fffffff",0,1,0
"85444483fffffff",0,2,0
"85444487fffffff",0,2,0
"85489453fffffff",0,1,0
"8548b64ffffffff",0,1,0
"854c8a7bfffffff",0,1,0
"854cd287fffffff",0,1,0
"854cde5bfffffff",0,1,0
"854ce6dbfffffff",0,1,0
"8545490ffffffff",0,9,0
"8545493bfffffff",0,175,0
"85454b2bfffffff",0,5,0
"85454bdbfffffff",0,1,0
"85454d0bfffffff",0,1,0
"85454d37fffffff",0,2,0
"85454d47fffffff",0,1,0
"85454d67fffffff",0,1,0
"85454d8ffffffff",0,1,0
"8545531bfffffff",0,1,0
"8545534ffffffff",0,1,0
"85455867fffffff",0,1,0
"8545586bfffffff",0,1,0
"85455913fffffff",0,2,0
"85455b73fffffff",0,4,0
"854562d7fffffff",0,1,0
"8545830ffffffff",0,1,0
"8545893bfffffff",0,2,0
"85459627fffffff",0,1,0
"85459b77fffffff",0,1,0
"8544094bfffffff",0,1,0
"8544098ffffffff",0,1,0
"85440c37fffffff",0,2,0
"85440d43fffffff",0,2,0
"8544640ffffffff",0,18,0
"85446427fffffff",0,1,0
"85446497fffffff",0,4,0
"854464b3fffffff",0,1,0
"85446513fffffff",0,3,0
"854466affffffff",0,9,0
"854466bbfffffff",0,8,0
"854466d7fffffff",0,2,0
"85447057fffffff",0,74,0
"854470b7fffffff",0,1,0
"85447253fffffff",0,4,0
"854474a7fffffff",0,5,0
"8544750bfffffff",0,6,0
"85447513fffffff",0,10,0
"85447613fffffff",0,2,0
"856632a3fffffff",0,1,0
"8567224ffffffff",0,1,0
"8567238ffffffff",0,1,0
"85672627fffffff",0,1,0
"856735a7fffffff",0,1,0
"856735c7fffffff",0,1,0
"85678377fffffff",0,1,0
"85679883fffffff",0,1,0
"85679c6ffffffff",0,1,0
"856d4313fffffff",0,1,0
"8544882bfffffff",0,1,0
"85448a63fffffff",0,1,0
"85448c87fffffff",0,1,0
"85448d53fffffff",0,1,0
"85448e67fffffff",0,1,0
"85449847fffffff",0,1,0
"854498cffffffff",0,1,0
"85449a4ffffffff",0,1,0
"85449a97fffffff",0,1,0
"85449b7bfffffff",0,1,0
"85449bb3fffffff",0,1,0
"85449c67fffffff",0,1,0
"85449d4bfffffff",0,1,0
"85449ec7fffffff",0,1,0
"8544051bfffffff",0,1,0
"8544054bfffffff",0,1,0
"85440863fffffff",0,1,0
"854ceab3fffffff",0,2,0
"854cf003fffffff",0,1,0
"854cf2bbfffffff",0,1,0
"854d056bfffffff",0,1,0
"854d1203fffffff",0,1,0
"854d151bfffffff",0,1,0
"854d202bfffffff",0,1,0
"854d298bfffffff",0,1,0
"854d2b2bfffffff",0,1,0
"854d4923fffffff",0,1,0
"854d8093fffffff",0,1,0
"854d80cbfffffff",0,1,0
"854d8217fffffff",0,1,0
"854d8297fffffff",0,1,0
"854d86a3fffffff",0,1,0
"854d9083fffffff",0,2,0
"854d90bbfffffff",0,1,0
"854d910ffffffff",0,1,0
"854d918bfffffff",0,1,0
"854d927bfffffff",0,1,0
"854d92affffffff",0,1,0
"854d93b7fffffff",0,1,0
"854d9437fffffff",0,1,0
"854da227fffffff",0,1,0
"854da5a7fffffff",0,1,0
"854da6b7fffffff",0,1,0
"854db22bfffffff",0,1,0
"854db28ffffffff",0,1,0
"854db2c7fffffff",0,1,0
"854db50bfffffff",0,1,0
"855e4303fffffff",0,1,0
"855e4603fffffff",0,1,0
"855e58d3fffffff",0,1,0
"855e5c1bfffffff",0,2,0
"855e5c3bfffffff",0,1,0
"855e75b7fffffff",0,1,0
"8544b057fffffff",0,2,0
"8544b137fffffff",0,4,0
"854416d3fffffff",0,1,0
"8544214bfffffff",0,1,0
"8544298bfffffff",0,2,0
"854429a3fffffff",0,1,0
"85442b6ffffffff",0,1,0
"85442babfffffff",0,2,0
"8544300bfffffff",0,2,0
"8544353bfffffff",0,1,0
"85440babfffffff",0,3,0
"854474d7fffffff",0,2,0
"856c05d3fffffff",0,1,0
"856c2163fffffff",0,2,0
"856c2567fffffff",0,1,0
"856c25affffffff",0,2,0
"856c263bfffffff",0,1,0
"856c2887fffffff",0,1,0
"856c2d1bfffffff",0,2,0
"856c2d93fffffff",0,11,0
"856c312bfffffff",0,2,0
"856c3163fffffff",0,2,0
"856c322ffffffff",0,2,0
"856c3237fffffff",0,2,0
"856c3353fffffff",0,1,0
"856d0bd7fffffff",0,2,0
"856d422bfffffff",0,2,0
"856d460bfffffff",0,2,0
"856d52a7fffffff",0,2,0
"856d534bfffffff",0,1,0
"856d54a3fffffff",0,1,0
"856d550bfffffff",0,2,0
"856d5c8bfffffff",0,4,0
"854c9c6ffffffff",1,1,1
"854cc40bfffffff",1,1,1
"854cc423fffffff",1,1,1
"854cc55bfffffff",1,4,4
"854ce267fffffff",1,1,1
"856d055bfffffff",0,1,0
"856d1403fffffff",1,8,8
"856d2a77fffffff",0.5,2,1
"856d2b5bfffffff",0,1,0
"856d6843fffffff",1,1,1
"856d6853fffffff",1,1,1
"856d6ab3fffffff",0,1,0
"856d7087fffffff",0,1,0
"856d70d3fffffff",0,1,0
"856d7477fffffff",1,4,4
"8544a327fffffff",1,1,1
"8544a533fffffff",1,1,1
"854ce887fffffff",1,1,1
"854cf313fffffff",1,1,1
"854cf5abfffffff",1,1,1
"854cf64bfffffff",1,1,1
"854cf6b3fffffff",1,6,6
"854d00abfffffff",1,1,1
"854d046bfffffff",1,1,1
"854d3327fffffff",1,1,1
"854d4977fffffff",1,1,1
"854d4bbbfffffff",1,1,1
"855e400ffffffff",1,1,1
"855e45dbfffffff",1,1,1
"855e5c03fffffff",1,1,1
"855e5ca3fffffff",1,1,1
"855e5d1bfffffff",1,1,1
"855e625bfffffff",1,1,1
"855e63c3fffffff",1,1,1
"855e7097fffffff",1,1,1
"855e7337fffffff",1,1,1
"8544b437fffffff",0,1,0
"8544290ffffffff",0,2,0
"85442b13fffffff",0,1,0
"854c9883fffffff",0,2,0
"854cb3c3fffffff",0,1,0
"8545897bfffffff",0,1,0
"85458c67fffffff",0,1,0
"854414d7fffffff",0,1,0
"856d0e4ffffffff",0,1,0
"856d4e97fffffff",0,2,0
"856d70dbfffffff",0,1,0
"854484a7fffffff",0,3,0
"85440683fffffff",0,1,0
"855e5c5bfffffff",0,1,0
"855e666bfffffff",0,1,0
"8544b153fffffff",0,1,0
"856c2153fffffff",0,1,0
"856c3117fffffff",0,1,0
"85440a0bfffffff",0,1,0
"8544150ffffffff",0,1,0
"8544159bfffffff",0,1,0
"85445613fffffff",0,1,0
"8566b033fffffff",0,1,0
"85674177fffffff",0,4,0
"8567692ffffffff",0,1,0
"85676a4bfffffff",0,1,0
"856c2053fffffff",0,1,0
"856c28cbfffffff",0,1,0
"856d032ffffffff",0,1,0
"856d08a3fffffff",0,1,0
"856d0997fffffff",0,3,0
"856d1437fffffff",0,1,0
"856d1447fffffff",0,3,0
"856d1957fffffff",0,1,0
"856d4057fffffff",0,1,0
"856d4e47fffffff",0,2,0
"856d4e93fffffff",0,1,0
"856d562bfffffff",0,1,0
"854489c3fffffff",0,4,0
"8544a177fffffff",0,1,0
"8544028ffffffff",0,1,0
"854402d7fffffff",0,1,0
"854ceab7fffffff",0,1,0
"855e469bfffffff",0,1,0
"855e586ffffffff",0,1,0
"855e624ffffffff",0,1,0
"855e66bbfffffff",0,1,0
"8544ab0bfffffff",0,1,0
"85441c3bfffffff",0,2,0
"85443513fffffff",0,1,0
"85489697fffffff",0,15,0
"854cd26bfffffff",0,1,0
"85454aabfffffff",0,1,0
"85454b43fffffff",0,2,0
"85454b53fffffff",0,5,0
"85455b6ffffffff",0,3,0
"85456d0ffffffff",0.0416666666666667,24,1
"854409b3fffffff",0,9,0
"85440c17fffffff",0,2,0
"85440c23fffffff",0,6,0
"85440d17fffffff",0,2,0
"85440d63fffffff",0,5,0
"85440d93fffffff",0,1,0
"85440e53fffffff",0,3,0
"85440e63fffffff",0,2,0
"8544549bfffffff",0,7,0
"854463cffffffff",0,27,0
"8544660bfffffff",0,10,0
"8544664ffffffff",0,14,0
"854466c7fffffff",0,5,0
"8544707bfffffff",0,72,0
"8544744ffffffff",0,1,0
"85447543fffffff",0,38,0
"8544759bfffffff",0,5,0
"854475cbfffffff",0,12,0
"8566a523fffffff",0,4,0
"85672257fffffff",0,1,0
"856c068ffffffff",0,1,0
"856c23cffffffff",0,2,0
"856c2403fffffff",0,2,0
"856c2473fffffff",0,3,0
"856c2497fffffff",0,4,0
"856c2533fffffff",0,9,0
"856c31b3fffffff",0,3,0
"856c3337fffffff",0,1,0
"856c33a7fffffff",0,2,0
"856c35bbfffffff",0,5,0
"856d00b7fffffff",0,2,0
"856d019bfffffff",0,3,0
"856d03a7fffffff",0,2,0
"856d052bfffffff",0,6,0
"856d08affffffff",0,2,0
"856d08bbfffffff",0,3,0
"856d08d3fffffff",0,2,0
"856d0917fffffff",0,3,0
"856d0d93fffffff",0,3,0
"856d0db7fffffff",0,2,0
"856d0ecffffffff",0,2,0
"856d1087fffffff",0,6,0
"856d1827fffffff",0,2,0
"856d1a47fffffff",0,3,0
"856d1b6ffffffff",0,2,0
"856d1d57fffffff",0,3,0
"856d1da7fffffff",0,2,0
"856d2b27fffffff",0,2,0
"856d2b67fffffff",0,4,0
"856d2b7bfffffff",0,5,0
"856d556bfffffff",0,2,0
"856d5647fffffff",0,3,0
"856d6a57fffffff",0,3,0
"856d7013fffffff",0,1,0
"856d72abfffffff",0,2,0
"856d732bfffffff",0,3,0
"854476abfffffff",0,2,0
"854476cbfffffff",0,1,0
"8544013bfffffff",0,4,0
"854401cffffffff",0,1,0
"85440307fffffff",0,3,0
"85440317fffffff",0,1,0
"854403abfffffff",0,1,0
"8544044ffffffff",0,2,0
"8544046bfffffff",0,4,0
"85440617fffffff",0,8,0
"854406c7fffffff",0,2,0
"85440827fffffff",0,10,0
"85440907fffffff",0,4,0
"8544090bfffffff",0,4,0
"854cecabfffffff",0.5,2,1
"854ced23fffffff",0.333333333333333,3,1
"854d4a63fffffff",0.5,2,1
"855e406bfffffff",0.0555555555555556,36,2
"855e4377fffffff",0,6,0
"855e4697fffffff",0,3,0
"855f5b5bfffffff",0,4,0
"85661557fffffff",0,2,0
"85662043fffffff",0,3,0
"8544b123fffffff",0,118,0
"8544b1b3fffffff",0,3,0
"85442aa7fffffff",0,4,0
"8544356bfffffff",0,1,0
"854c80cbfffffff",0,1,0
"8566b0cffffffff",0.555555555555556,18,10
"856c05cffffffff",0,4,0
"856c336ffffffff",0,2,0
"856d4c2ffffffff",0,2,0
"856d552ffffffff",0,1,0
"856d58dbfffffff",0,2,0
"856d5d23fffffff",0,2,0
"856d5eabfffffff",0,2,0
"8544898bfffffff",0,9,0
"85448d3bfffffff",0,23,0
"85448d77fffffff",0,24,0
"855e4083fffffff",0,5,0
"8544b053fffffff",0,4,0
"8544b14ffffffff",0,1,0
"8544b16ffffffff",0,2,0
"8544b3b7fffffff",0,2,0
"8544b503fffffff",0,4211,0
"854890dbfffffff",0,3,0
"8548940bfffffff",0,3,0
"85489447fffffff",0,4,0
"854cb3a3fffffff",0,1,0
"854cc09bfffffff",0,1,0
"854ce80ffffffff",0,2,0
"85454927fffffff",0,12,0
"85440b53fffffff",0,2,0
"8566b617fffffff",0,2,0
"85676923fffffff",0,3,0
"856c246ffffffff",0,1,0
"856c306bfffffff",0,2,0
"856d083bfffffff",0,1,0
"856d08b3fffffff",0,1,0
"856d1977fffffff",0,2,0
"856d5e23fffffff",0,1,0
"855f496bfffffff",0,2,0
"855f497bfffffff",0,4,0
"85442973fffffff",0,3,0
"854559b7fffffff",0,2,0
"85458c23fffffff",0,3,0
"8545982ffffffff",0,1,0
"854598a3fffffff",0,4,0
"854598affffffff",0,6,0
"85459d63fffffff",0,7,0
"85440bb3fffffff",0,3,0
"854470b3fffffff",0,6,0
"856d0127fffffff",0,2,0
"856d0caffffffff",0,1,0
"856d0e6ffffffff",0,1,0
"856d1043fffffff",0,2,0
"856d118ffffffff",0,1,0
"856d155bfffffff",0,2,0
"856d1953fffffff",0,1,0
"856d457bfffffff",0,1,0
"856d4d6bfffffff",0,3,0
"856d6ac3fffffff",0,3,0
"856d6b73fffffff",0,3,0
"856d724ffffffff",0,5,0
"8544854bfffffff",0,1,0
"8544891bfffffff",0,1,0
"85448d17fffffff",0,5,0
"8544aa2bfffffff",0,2,0
"854403c3fffffff",0,2,0
"855f584bfffffff",0.5,8,4
"8544b08bfffffff",0,6,0
"8548920bfffffff",0,3,0
"85489263fffffff",0,5,0
"854892cffffffff",0,1,0
"8548946bfffffff",0,1,0
"854896b3fffffff",0,2,0
"8548b34ffffffff",0,1,0
"854992a3fffffff",0,3,0
"854992a7fffffff",0,3,0
"85499343fffffff",0,1,0
"854993c3fffffff",0,6,0
"854993cbfffffff",0,1,0
"8549966bfffffff",0,1,0
"854c944bfffffff",0,1,0
"85458833fffffff",0,5,0
"8545b68ffffffff",0,1,0
"85489013fffffff",0,1,0
"85489083fffffff",0,3,0
"8548908bfffffff",0,2,0
"85489097fffffff",0,1,0
"85440b33fffffff",0,2,0
"85440b57fffffff",0,9,0
"85440b67fffffff",0,3,0
"85440bcffffffff",0,1,0
"8544104bfffffff",0,2,0
"854410a3fffffff",0,1,0
"85441153fffffff",0,1,0
"85441337fffffff",0,128,0
"8544139bfffffff",0,2,0
"85441403fffffff",0,2,0
"85445413fffffff",0,3,0
"8544546ffffffff",0,2,0
"8544548bfffffff",0,3,0
"8544555bfffffff",0,17,0
"854455cbfffffff",0,1,0
"85445623fffffff",0,1,0
"8544569bfffffff",0,2,0
"85446023fffffff",0,1,0
"854460cffffffff",0,3,0
"85446107fffffff",0,1,0
"8544614ffffffff",0,2,0
"8544615bfffffff",0,1,0
"85446173fffffff",0,1,0
"85446183fffffff",0,2,0
"8544618ffffffff",0,2,0
"85446243fffffff",0,2,0
"85446277fffffff",0,4,0
"85446297fffffff",0,1,0
"85446307fffffff",0,6,0
"8544630ffffffff",0,3,0
"85446317fffffff",0,1,0
"85446357fffffff",0,4,0
"85446383fffffff",0,1,0
"854463bbfffffff",0,1,0
"8544655bfffffff",0,2,0
"8544662bfffffff",0,1,0
"85446c53fffffff",0,2,0
"85446e83fffffff",0,21,0
"85446ec7fffffff",0,118,0
"85447067fffffff",0,4,0
"854470a3fffffff",0,2,0
"854471b3fffffff",0,3,0
"854471c7fffffff",0,3,0
"85447313fffffff",0,1,0
"85447353fffffff",0,1,0
"85447577fffffff",0,3,0
"8544757bfffffff",0,4,0
"8566a1bbfffffff",0,3,0
"8566b68bfffffff",0.571428571428571,7,4
"85670b2bfffffff",0,1,0
"856743abfffffff",0,3,0
"856743affffffff",0,2,0
"85676b13fffffff",0,1,0
"856c255bfffffff",0,2,0
"856d0467fffffff",0,2,0
"856d10b7fffffff",0,1,0
"856d418ffffffff",0,2,0
"856d4217fffffff",0,1,0
"856d56b3fffffff",0,3,0
"856d5853fffffff",0,1,0
"856d5c2ffffffff",0,2,0
"856d6253fffffff",0,2,0
"856d6ac7fffffff",0,2,0
"856d6b23fffffff",0,1,0
"856d706ffffffff",0,3,0
"856d708ffffffff",0,2,0
"856d7613fffffff",0,8,0
"856d7617fffffff",0.25,4,1
"856d762bfffffff",0,1,0
"85448613fffffff",0,203,0
"8544893bfffffff",0,4,0
"854489affffffff",0,2,0
"85448d07fffffff",0,4,0
"85448d97fffffff",0,12,0
"8544a183fffffff",0,33,0
"8544a52bfffffff",0.00934579439252336,107,1
"8544aab7fffffff",0,5,0
"85440283fffffff",0,1,0
"855e426bfffffff",0,1,0
"855e4e53fffffff",0,3,0
"855e5c17fffffff",0,3,0
"856620b3fffffff",0,3,0
"8544ab13fffffff",0,9,0
"8544ab67fffffff",0,3,0
"8544ab77fffffff",0,4,0
"8544ab93fffffff",0,6,0
"8544ae37fffffff",0,5,0
"8544b597fffffff",0,1,0
"8544e447fffffff",0,3,0
"8544e4c7fffffff",0,1,0
"8544e5bbfffffff",0,3,0
"8544e5cbfffffff",0,9,0
"8544f207fffffff",0.1,10,1
"8544f237fffffff",0.2,5,1
"8544f26bfffffff",0,3,0
"8544f28bfffffff",0,7,0
"8544f3d3fffffff",0.25,8,2
"8544f3dbfffffff",0.222222222222222,9,2
"8544f603fffffff",0,24,0
"8544f617fffffff",0.5,2,1
"8544f627fffffff",0.125,8,1
"8544f66bfffffff",0,12,0
"8545010ffffffff",0,4,0
"85450167fffffff",0,46,0
"85450557fffffff",0,1,0
"8545058bfffffff",0,8,0
"854505c7fffffff",0,147,0
"8544164bfffffff",0,1,0
"854416bbfffffff",0,2,0
"8544184ffffffff",0,1,0
"85441883fffffff",0,2,0
"8544197bfffffff",0,1,0
"85441a93fffffff",0,85,0
"85441ab7fffffff",0,1,0
"85441b17fffffff",0,3,0
"85441b43fffffff",0,2,0
"85441b93fffffff",0,1,0
"85441baffffffff",0,2,0
"85441cabfffffff",0,3,0
"85441d13fffffff",0,7,0
"85441da3fffffff",0,2,0
"85441dc3fffffff",0,1,0
"85441e8ffffffff",0,1,0
"85441eb7fffffff",0,2,0
"85441ecbfffffff",0,79,0
"85441edbfffffff",0,1,0
"85489603fffffff",0,14,0
"85489607fffffff",0,10,0
"85489617fffffff",0,9,0
"85489657fffffff",0,24,0
"8548965bfffffff",0,8,0
"8548968bfffffff",0,32,0
"8548b64bfffffff",0,1,0
"854c1b77fffffff",0,1,0
"854cd857fffffff",0,1,0
"85454833fffffff",0,1,0
"85454903fffffff",0,7,0
"85454933fffffff",0,17,0
"8545494ffffffff",0,2,0
"85454967fffffff",0,13,0
"85454993fffffff",0,17,0
"85454a2bfffffff",0,2,0
"85454b03fffffff",0,1,0
"85454b2ffffffff",0,12,0
"85454b47fffffff",0,3,0
"85454b5bfffffff",0,3,0
"85454d23fffffff",0,3,0
"85454da3fffffff",0,3,0
"85454db3fffffff",0,1,0
"85455823fffffff",0,3,0
"85455aabfffffff",0,1,0
"854560a3fffffff",0,1,0
"85456277fffffff",0,1,0
"8545664ffffffff",0,1,0
"85457577fffffff",0,1,0
"85440c2bfffffff",0,1,0
"85440d67fffffff",0,2,0
"85440d6bfffffff",0,1,0
"8544620bfffffff",0,1,0
"8544641bfffffff",0,36,0
"85446487fffffff",0,2,0
"854466a7fffffff",0,8,0
"8544709bfffffff",0,5,0
"85447207fffffff",0,91,0
"8544727bfffffff",0,3,0
"8544728ffffffff",0,44,0
"854472dbfffffff",0,3,0
"854473dbfffffff",0,2,0
"854475bbfffffff",0,6,0
"854475dbfffffff",0,2,0
"85672293fffffff",0,1,0
"85672803fffffff",0,1,0
"85673157fffffff",0,1,0
"85673527fffffff",0,1,0
"85676e2bfffffff",0,1,0
"85676e57fffffff",0,1,0
"85678c63fffffff",0,1,0
"856c1593fffffff",0,1,0
"856c2507fffffff",0,2,0
"85448643fffffff",0,11,0
"85449a27fffffff",0,1,0
"85449d23fffffff",0,1,0
"852ac9a7fffffff",0,1,0
"852acb53fffffff",0,1,0
"854400c7fffffff",0,1,0
"854401b3fffffff",0,1,0
"85440517fffffff",0,1,0
"854406bbfffffff",0,1,0
"8544080ffffffff",0,20,0
"854408cbfffffff",0,1,0
"854ce83bfffffff",0,1,0
"854cf4b7fffffff",0,1,0
"854d14b7fffffff",0,1,0
"854d216bfffffff",0,1,0
"854d268bfffffff",0,1,0
"854d33b3fffffff",0,1,0
"854d900bfffffff",0,1,0
"854d903bfffffff",0,1,0
"854d9217fffffff",0,1,0
"854d92cffffffff",0,1,0
"854d93abfffffff",0,1,0
"854d9417fffffff",0,1,0
"854d948ffffffff",0,1,0
"854d9547fffffff",0,1,0
"854d9577fffffff",0,1,0
"854d95dbfffffff",0,1,0
"854d96b3fffffff",0,1,0
"854d9807fffffff",0,1,0
"854da00bfffffff",0,1,0
"854da2a7fffffff",0,1,0
"854da3b7fffffff",0,1,0
"854da627fffffff",0,1,0
"854da637fffffff",0,1,0
"854db02ffffffff",0,1,0
"854db06bfffffff",0,1,0
"854db287fffffff",0,1,0
"854db3dbfffffff",0,1,0
"854db52bfffffff",0,1,0
"854db53bfffffff",0,1,0
"855e40cbfffffff",0,1,0
"855e4a03fffffff",0,1,0
"855e5123fffffff",0,1,0
"855e5917fffffff",0,1,0
"855e5d83fffffff",0,3,0
"855e7037fffffff",0,1,0
"855e7567fffffff",0,2,0
"8544abcbfffffff",0,1,0
"8544b50ffffffff",0,1,0
"8544b6d3fffffff",0,1,0
"85450567fffffff",0,1,0
"854420cbfffffff",0,1,0
"85442977fffffff",0,1,0
"85442a03fffffff",0,2,0
"8544304ffffffff",0,2,0
"85443347fffffff",0,1,0
"85443213fffffff",0,3,0
"85454b4ffffffff",0,1,0
"85446653fffffff",0,1,0
"8544099bfffffff",0,1,0
"85440e57fffffff",0,1,0
"856c047bfffffff",0,3,0
"856c05c3fffffff",0,2,0
"856c200bfffffff",0,1,0
"856c213bfffffff",0,1,0
"856c2177fffffff",0,2,0
"856c23d3fffffff",0,3,0
"856c31bbfffffff",0,1,0
"856d0ad3fffffff",0,1,0
"856d40cffffffff",0,2,0
"856d4223fffffff",0,1,0
"856d43d3fffffff",0,3,0
"856d4c5bfffffff",0,1,0
"856d51dbfffffff",0,2,0
"856d5203fffffff",0,1,0
"856d535bfffffff",0,1,0
"856d53dbfffffff",0,1,0
"856d5593fffffff",0,1,0
"856d5c67fffffff",0,1,0
"8544291bfffffff",0,1,0
"854c8183fffffff",1,1,1
"854caa5bfffffff",1,1,1
"854cabcffffffff",1,15,15
"854cc0a3fffffff",1,2,2
"8566a11bfffffff",0,2,0
"8566a1c7fffffff",1,1,1
"8566a27bfffffff",1,20,20
"8566b46ffffffff",1,6,6
"856d1457fffffff",1,1,1
"856d684ffffffff",0.916666666666667,12,11
"856d6b8ffffffff",1,1,1
"856d744bfffffff",1,7,7
"856d744ffffffff",1,1,1
"856d746bfffffff",1,2,2
"856d75affffffff",1,4,4
"8544a17bfffffff",1,1,1
"854ced4ffffffff",1,2,2
"854ced73fffffff",1,2,2
"854cedd3fffffff",1,1,1
"854cf303fffffff",1,417,417
"854cf427fffffff",1,1,1
"854cf47bfffffff",1,1,1
"854cf54bfffffff",1,1,1
"854cf627fffffff",1,1,1
"854cf653fffffff",1,1,1
"854cf663fffffff",1,1,1
"854cf67bfffffff",1,1,1
"854cf687fffffff",0.999692307692308,3250,3249
"854cf68ffffffff",1,105,105
"854cf6bbfffffff",1,688,688
"854d40cbfffffff",1,1,1
"854d4ba3fffffff",1,1,1
"854d4bb7fffffff",1,2,2
"855e4003fffffff",1,1,1
"855e4477fffffff",1,1,1
"855e4b0bfffffff",1,1,1
"855e5da7fffffff",1,1,1
"855e65cbfffffff",1,1,1
"855e660ffffffff",1,2,2
"855e7527fffffff",1,1,1
"855f4b6bfffffff",1,1,1
"855f5bd3fffffff",1,1,1
"8566124bfffffff",1,2,2
"85661257fffffff",1,1,1
"85661277fffffff",1,2,2
"8544ae03fffffff",1,1,1
"854cb34bfffffff",0,2,0
"85448647fffffff",0,3,0
"855e662bfffffff",0,1,0
"8544b143fffffff",0,1,0
"8544b4cffffffff",0,2,0
"8544b52ffffffff",0,1,0
"8544b627fffffff",0,3,0
"8544b6bbfffffff",0,2,0
"8544332bfffffff",0,1,0
"85443343fffffff",0,1,0
"85459cb3fffffff",0,1,0
"856c313bfffffff",0,3,0
"856d1077fffffff",0,1,0
"856d48bbfffffff",0,1,0
"856d4d4ffffffff",0,2,0
"8544996bfffffff",0,1,0
"85442823fffffff",0,1,0
"8544351bfffffff",0,1,0
"856c2e13fffffff",0,1,0
"856c35a7fffffff",0,1,0
"856d090ffffffff",0,1,0
"856d0a2bfffffff",0,1,0
"856d5287fffffff",0,1,0
"856d532bfffffff",0,1,0
"856d5673fffffff",0,1,0
"856d56cffffffff",0,1,0
"856d5d17fffffff",0,1,0
"85455407fffffff",0,1,0
"85458467fffffff",0,1,0
"8545a33bfffffff",0,1,0
"85440a43fffffff",0,1,0
"85441523fffffff",0,1,0
"854415abfffffff",0,1,0
"8544160ffffffff",0,1,0
"85445447fffffff",0,1,0
"854456b3fffffff",0,1,0
"8544654bfffffff",0,1,0
"85447523fffffff",0,1,0
"8566b03bfffffff",0,1,0
"85675207fffffff",0,1,0
"85676bb3fffffff",0,1,0
"8567737bfffffff",0,4,0
"856c06d3fffffff",0,1,0
"856c2657fffffff",0,1,0
"856d0d03fffffff",0,1,0
"856d420bfffffff",0,1,0
"856d42a7fffffff",0,1,0
"856d4e63fffffff",0,1,0
"856d5107fffffff",0,1,0
"856d700bfffffff",0,1,0
"856d7103fffffff",0,1,0
"856d738bfffffff",0,1,0
"85448873fffffff",0,2,0
"85448d93fffffff",0,2,0
"8544020ffffffff",0,1,0
"854ce823fffffff",0,1,0
"854ce853fffffff",0,1,0
"854ce8a7fffffff",0,1,0
"854cee2bfffffff",0,2,0
"854d4933fffffff",0,2,0
"855e4327fffffff",0,3,0
"855e4cbbfffffff",0,1,0
"855e5c6bfffffff",0,3,0
"855e5d6bfffffff",0,1,0
"855e71b7fffffff",0,3,0
"8544abdbfffffff",0,2,0
"8544e583fffffff",0,1,0
"854419a3fffffff",0,2,0
"85441d47fffffff",0,1,0
"85441d4ffffffff",0,2,0
"85442b2ffffffff",0,1,0
"8544ae8ffffffff",0,1,0
"854cc19bfffffff",0,1,0
"85451e67fffffff",0,1,0
"85454827fffffff",0,2,0
"85454a0ffffffff",0,1,0
"85454a27fffffff",0,2,0
"85455237fffffff",0.0714285714285714,14,1
"854552bbfffffff",0,13,0
"8545593bfffffff",0,1,0
"85455a8ffffffff",0.111111111111111,9,1
"85456817fffffff",0.0476190476190476,21,1
"85440943fffffff",0,8,0
"8544097bfffffff",0,9,0
"85440bbbfffffff",0,6,0
"85440bd7fffffff",0,7,0
"85440c0ffffffff",0,1,0
"85440c4bfffffff",0,1,0
"85440c8ffffffff",0,2,0
"85440d33fffffff",0,6,0
"85440d87fffffff",0,5,0
"85440e73fffffff",0,3,0
"854456d7fffffff",0.04,25,1
"8544646bfffffff",0,17,0
"854465d3fffffff",0,10,0
"8544661bfffffff",0,4,0
"854466d3fffffff",0,2,0
"8544704bfffffff",0,105,0
"854470cbfffffff",0,8,0
"85447273fffffff",0,8,0
"85447277fffffff",0,141,0
"8544740ffffffff",0,5,0
"8544747bfffffff",0,3,0
"85447503fffffff",0,10,0
"8544758bfffffff",0,8,0
"8544760ffffffff",0,2,0
"8566b0b3fffffff",0.7,40,28
"8566b65bfffffff",0,3,0
"8566b6affffffff",0,7,0
"856c235bfffffff",0,4,0
"856c2663fffffff",0,2,0
"856c2897fffffff",0,1,0
"856c2e0bfffffff",0,5,0
"856c330ffffffff",0,1,0
"856d092bfffffff",0,3,0
"856d0a8bfffffff",0,3,0
"856d0b87fffffff",0,4,0
"856d0e53fffffff",0,2,0
"856d114ffffffff",0,4,0
"856d13affffffff",0,2,0
"856d1597fffffff",0.9,10,9
"856d15cffffffff",0,3,0
"856d15d7fffffff",0.908045977011494,87,79
"856d1e6bfffffff",0,4,0
"856d1ea7fffffff",0,4,0
"856d5393fffffff",0,1,0
"856d5d83fffffff",0,4,0
"856d630ffffffff",0,4,0
"856d6b3bfffffff",0,5,0
"856d76c7fffffff",0,7,0
"856dada7fffffff",0,2,0
"856dadaffffffff",0,2,0
"85448c53fffffff",0,2,0
"85448d23fffffff",0,34,0
"8544030bfffffff",0,2,0
"8544032ffffffff",0,9,0
"8544055bfffffff",0,1,0
"85440623fffffff",0,3,0
"854406d3fffffff",0,1,0
"85440823fffffff",0,5,0
"85440837fffffff",0,9,0
"85440843fffffff",0,6,0
"8544084bfffffff",0,6,0
"854408a3fffffff",0,4,0
"855e414bfffffff",0,2,0
"855e4283fffffff",0,2,0
"855e42a7fffffff",0,21,0
"855e4633fffffff",0.0909090909090909,11,1
"855e4677fffffff",0,10,0
"855e5d8ffffffff",0,3,0
"855f596ffffffff",0,1,0
"8566123bfffffff",0,4,0
"8566151bfffffff",0,2,0
"8544b0cbfffffff",0,1,0
"8544b163fffffff",0,2,0
"85442bd7fffffff",0,1,0
"8544328ffffffff",0.0238095238095238,42,1
"854c945bfffffff",0.333333333333333,3,1
"8566b62ffffffff",0,6,0
"85679e27fffffff",0,4,0
"856c234ffffffff",0,2,0
"856c33b7fffffff",0,1,0
"856d5c23fffffff",0,4,0
"856d5d0ffffffff",0,2,0
"85448473fffffff",0,3,0
"85448653fffffff",0,2,0
"854489d3fffffff",0,2,0
"8544a20bfffffff",0,1,0
"854d4967fffffff",0.2,5,1
"8544b003fffffff",0,2,0
"8544b177fffffff",0,186,0
"8544b5c3fffffff",0,6243,0
"8544325bfffffff",0,2,0
"854892d3fffffff",0,10,0
"8548b26ffffffff",0,2,0
"854cb3cffffffff",0,2,0
"854cc003fffffff",0,1,0
"85455b2bfffffff",0,1,0
"85440a03fffffff",0,4,0
"85440a07fffffff",0,9,0
"85440b0bfffffff",0,4,0
"85440c03fffffff",0,1,0
"854465a3fffffff",0,1,0
"854470d3fffffff",0,14,0
"8566b1c3fffffff",0,2,0
"8566b1cbfffffff",0,1,0
"8566b6cffffffff",0,1,0
"856d4333fffffff",0,1,0
"856d48b3fffffff",0,3,0
"856d4c0bfffffff",0,2,0
"856d4c33fffffff",0,2,0
"856d4d17fffffff",0,4,0
"856d4d1bfffffff",0,2,0
"856d510ffffffff",0,5,0
"855f4963fffffff",0,12,0
"855f4b07fffffff",0,3,0
"855f4b23fffffff",0,5,0
"8548963bfffffff",0,3,0
"854549a3fffffff",0,10,0
"8545980ffffffff",0,2,0
"85440b8bfffffff",0,2,0
"854456cbfffffff",0,1,0
"854456d3fffffff",0,3,0
"854460dbfffffff",0,9,0
"854465b7fffffff",0,3,0
"8544665bfffffff",0,1,0
"8544668bfffffff",0,2,0
"85447063fffffff",0,35,0
"8544726ffffffff",0,71,0
"8544754ffffffff",0,8,0
"856c304ffffffff",0,1,0
"856c31d7fffffff",0,2,0
"856d0c03fffffff",0,3,0
"856d0c17fffffff",0,2,0
"856d0c47fffffff",0,2,0
"856d0c57fffffff",0,1,0
"856d1047fffffff",0,1,0
"856d116ffffffff",0,2,0
"856d142bfffffff",0,1,0
"856d1443fffffff",0,1,0
"856d1697fffffff",0,2,0
"856d4127fffffff",0,2,0
"856d4537fffffff",0,5,0
"856d4887fffffff",0,2,0
"856d4d03fffffff",0.5,2,1
"856d4d2ffffffff",0,1,0
"856d515bfffffff",0,2,0
"856d5193fffffff",0,2,0
"856d5407fffffff",0,1,0
"856d6acffffffff",0,4,0
"85448953fffffff",0,3,0
"85448997fffffff",0,19,0
"85448ccffffffff",0,2,0
"854403dbfffffff",0,2,0
"854406cffffffff",0,5,0
"855f5aabfffffff",0.5,4,2
"855f5abbfffffff",0.5,2,1
"8544f2cffffffff",0,71,0
"854433a7fffffff",0,3,0
"85489267fffffff",0,49,0
"854892b7fffffff",0,5,0
"85489403fffffff",0,1,0
"8548941bfffffff",0,2,0
"85489493fffffff",0,1,0
"85489553fffffff",0,1,0
"8548b207fffffff",0,1,0
"85499357fffffff",0,1,0
"854cc427fffffff",0.875,8,7
"8545882bfffffff",0,20,0
"85458aa3fffffff",0,5,0
"85458abbfffffff",0,17,0
"8545b06ffffffff",0,1,0
"8548900bfffffff",0,3,0
"85489047fffffff",0,1,0
"85489057fffffff",0,2,0
"8548906bfffffff",0,1,0
"85440a4ffffffff",0,5,0
"85440a57fffffff",0,2,0
"85440acbfffffff",0,1,0
"85440b73fffffff",0,1,0
"85440b77fffffff",0,1,0
"8544101bfffffff",0,2,0
"85441053fffffff",0,2,0
"854410abfffffff",0,1,0
"85441117fffffff",0,4,0
"85441143fffffff",0,4,0
"85441177fffffff",0,1,0
"85441333fffffff",0,122,0
"85441457fffffff",0,3,0
"85441567fffffff",0,1,0
"8544545bfffffff",0,2,0
"854455dbfffffff",0,1,0
"85445643fffffff",0,3,0
"8544566ffffffff",0,1,0
"85445677fffffff",0,1,0
"854456c3fffffff",0,2,0
"85446133fffffff",0,1,0
"8544616bfffffff",0,1,0
"854461cbfffffff",0,1,0
"8544626bfffffff",0,5,0
"8544631bfffffff",0,3,0
"85446337fffffff",0,1,0
"85446353fffffff",0,1,0
"85446387fffffff",0,1,0
"85446577fffffff",0,1,0
"854465cffffffff",0,5,0
"85446cd3fffffff",0,1,0
"85446ed3fffffff",0,1,0
"85447143fffffff",0,3,0
"8544718bfffffff",0,1,0
"85447383fffffff",0,3,0
"8544738ffffffff",0,1,0
"85447393fffffff",0,4,0
"854473b7fffffff",0,3,0
"854473bbfffffff",0,2,0
"85447547fffffff",0,23,0
"8544756bfffffff",0,2,0
"8566a1b3fffffff",0,1,0
"8566b637fffffff",0.5,6,3
"8566b6d7fffffff",0.666666666666667,3,2
"8567460ffffffff",0,2,0
"856d09abfffffff",0,1,0
"856d0cc7fffffff",0,1,0
"856d0ecbfffffff",0,1,0
"856d2a2bfffffff",0.666666666666667,3,2
"856d2b37fffffff",0,2,0
"856d466ffffffff",0,1,0
"856d4e1bfffffff",0,1,0
"856d5027fffffff",0,1,0
"856d5073fffffff",0,2,0
"856d5153fffffff",0,3,0
"856d528bfffffff",0,1,0
"856d58cbfffffff",0,1,0
"856d5c47fffffff",0,2,0
"856d6243fffffff",0,2,0
"856d708bfffffff",0,3,0
"856d70bbfffffff",0,2,0
"856d7117fffffff",0,1,0
"856d7607fffffff",0,4,0
"856d760ffffffff",0,2,0
"856d7673fffffff",0,5,0
"854480dbfffffff",0,2,0
"8544844ffffffff",0,1,0
"8544859bfffffff",0,1,0
"854485a3fffffff",0,8,0
"85448637fffffff",0,1,0
"854486bbfffffff",0,3,0
"854489b7fffffff",0,4,0
"85448d0ffffffff",0,5,0
"85448d37fffffff",0,31,0
"85448d83fffffff",0,2,0
"85448d9bfffffff",0,8,0
"85448dbbfffffff",0,2,0
"85449827fffffff",0,2,0
"8544a10ffffffff",0,1,0
"8544a18bfffffff",0,610,0
"8544a383fffffff",0,2,0
"8544a503fffffff",0,1,0
"8544a523fffffff",0,31,0
"8544a80bfffffff",0,4,0
"8544a843fffffff",0,4,0
"8544a873fffffff",0,5,0
"8544a877fffffff",0,7,0
"8544006bfffffff",0,1,0
"85440243fffffff",0,1,0
"85440287fffffff",0,1,0
"8544034ffffffff",0,1,0
"85440367fffffff",0,2,0
"8544036bfffffff",0,2,0
"855e5dc7fffffff",0,1,0
"85661233fffffff",0,1,0
"85661263fffffff",0,2,0
"8544ab3bfffffff",0,8,0
"8544ab8bfffffff",0,4,0
"8544ab97fffffff",0,1,0
"8544ab9bfffffff",0,5,0
"8544abd3fffffff",0,6,0
"8544abd7fffffff",0,2,0
"8544ae27fffffff",0,21,0
"8544ae33fffffff",0,4,0
"8544aed3fffffff",0.333333333333333,3,1
"8544e403fffffff",0,3,0
"8544e41bfffffff",0,2,0
"8544e42bfffffff",0,20,0
"8544e437fffffff",0,7,0
"8544e503fffffff",0,5,0
"8544e517fffffff",0,6,0
"8544e587fffffff",0,1,0
"8544e5a3fffffff",0,11,0
"8544e5cffffffff",0,25,0
"8544e6a7fffffff",0,89,0
"8544e6abfffffff",0,9,0
"8544f203fffffff",0,16,0
"8544f223fffffff",0.153846153846154,13,2
"8544f24ffffffff",0,25,0
"8544f287fffffff",0.0666666666666667,15,1
"8544f2a7fffffff",0.6,5,3
"8544f2abfffffff",0.2,5,1
"8544f2c7fffffff",0,36,0
"8544f38bfffffff",0,3,0
"8544f647fffffff",0,2,0
"8544f667fffffff",0,10,0
"8544f677fffffff",0,11,0
"8545051bfffffff",0,35,0
"85441807fffffff",0,2,0
"854418a3fffffff",0,2,0
"854418abfffffff",0,2,0
"8544196bfffffff",0,2,0
"85441a27fffffff",0,1,0
"85441b0bfffffff",0,1,0
"85441b13fffffff",0,1,0
"85441b1bfffffff",0,3,0
"85441c87fffffff",0,1,0
"85441d6ffffffff",0,2,0
"85441d8ffffffff",0,5,0
"85441e03fffffff",0,4,0
"85441e0bfffffff",0,285,0
"85444497fffffff",0,3,0
"85489647fffffff",0,6,0
"854896c3fffffff",0,48,0
"854896d3fffffff",0,15,0
"8548b20bfffffff",0,1,0
"8548b25bfffffff",0,6,0
"8548b2dbfffffff",0,1,0
"854cc523fffffff",0,1,0
"854cd527fffffff",0,1,0
"854540d7fffffff",0,1,0
"8545491bfffffff",0,1,0
"85454937fffffff",0,8,0
"8545496ffffffff",0,11,0
"85454977fffffff",0,14,0
"8545497bfffffff",0,3,0
"854549a7fffffff",0,2,0
"854549dbfffffff",0,1,0
"85454b0ffffffff",0,2,0
"85454b73fffffff",0,1,0
"85454ba3fffffff",0,2,0
"85454babfffffff",0,2,0
"85454d77fffffff",0,3,0
"8545516ffffffff",0,1,0
"85455577fffffff",0,1,0
"854559dbfffffff",0,1,0
"85455b2ffffffff",0,3,0
"85455baffffffff",0,1,0
"85455bbbfffffff",0,1,0
"85455bc3fffffff",0,1,0
"85440983fffffff",0,3,0
"854409c7fffffff",0,1,0
"85440a93fffffff",0,1,0
"85440c93fffffff",0,1,0
"85440ec7fffffff",0,1,0
"8544642ffffffff",0,2,0
"85446433fffffff",0,11,0
"8544643bfffffff",0,5,0
"85446473fffffff",0,6,0
"85446593fffffff",0,2,0
"854465c3fffffff",0,16,0
"854465c7fffffff",0,2,0
"854465cbfffffff",0,13,0
"85446663fffffff",0,6,0
"854466a3fffffff",0,19,0
"85447097fffffff",0,52,0
"8544726bfffffff",0,103,0
"854472b7fffffff",0,12,0
"8544754bfffffff",0,13,0
"85447553fffffff",0,14,0
"8544760bfffffff",0,3,0
"8566328bfffffff",0,1,0
"856720abfffffff",0,1,0
"856783abfffffff",0,1,0
"856799c7fffffff",0,1,0
"856d13b3fffffff",0,1,0
"856d4c6ffffffff",0,1,0
"854476b3fffffff",0,1,0
"8544813bfffffff",0,1,0
"854481a7fffffff",0,1,0
"8544988ffffffff",0,1,0
"85449aa3fffffff",0,1,0
"85449b53fffffff",0,1,0
"85449b57fffffff",0,1,0
"852ac90ffffffff",0,1,0
"852ac997fffffff",0,1,0
"854408cffffffff",0,1,0
"854cf013fffffff",0,1,0
"854cf043fffffff",0,1,0
"854cf4c7fffffff",0,1,0
"854d124ffffffff",0,1,0
"854d125bfffffff",0,1,0
"854d12b7fffffff",0,1,0
"854d211bfffffff",0,1,0
"854d28d7fffffff",0,1,0
"854d297bfffffff",0,1,0
"854d321bfffffff",0,1,0
"854d84d3fffffff",0,1,0
"854d84dbfffffff",0,1,0
"854d860bfffffff",0,1,0
"854d86dbfffffff",0,1,0
"854d91d3fffffff",0,1,0
"854d93d7fffffff",0,2,0
"854d9403fffffff",0,2,0
"854d94b7fffffff",0,1,0
"854d9523fffffff",0,1,0
"854d9543fffffff",0,1,0
"854d95bbfffffff",0,1,0
"854da083fffffff",0,1,0
"854da18ffffffff",0,1,0
"854da3d7fffffff",0,1,0
"854da523fffffff",0,1,0
"854db013fffffff",0,1,0
"854db073fffffff",0,1,0
"854db3c7fffffff",0,2,0
"854db587fffffff",0,3,0
"855e4057fffffff",0,1,0
"855e422ffffffff",0,10,0
"855e4323fffffff",0,10,0
"855e4353fffffff",0,1,0
"855e4b6ffffffff",0,1,0
"856614b7fffffff",0,1,0
"856615c3fffffff",0,1,0
"8544b1cbfffffff",0,1,0
"8544b5cffffffff",0,16188,0
"8544b683fffffff",0,1,0
"85442647fffffff",0,1,0
"85442d7bfffffff",0,1,0
"854432b3fffffff",0,2,0
"8544316ffffffff",0,1,0
"856c069bfffffff",0,1,0
"856c06bbfffffff",0,2,0
"856c222bfffffff",0,1,0
"856c224ffffffff",0,2,0
"856c2293fffffff",0,4,0
"856c266bfffffff",0,1,0
"856c2e73fffffff",0,1,0
"856c3097fffffff",0,1,0
"856d0927fffffff",0,1,0
"856d1967fffffff",0,1,0
"856d407bfffffff",0,2,0
"856d4213fffffff",0,1,0
"856d42a3fffffff",0,1,0
"856d4567fffffff",0,2,0
"856d4657fffffff",0,1,0
"856d4c8ffffffff",0,1,0
"856d500ffffffff",0,2,0
"856d50affffffff",0,1,0
"856d52dbfffffff",0,1,0
"856d53b7fffffff",0,2,0
"856d5477fffffff",0,1,0
"856d566ffffffff",0,1,0
"856d567bfffffff",0,1,0
"856d56a7fffffff",0,1,0
"856d5817fffffff",0,1,0
"856d5c57fffffff",0,1,0
"856d737bfffffff",0,2,0
"854cabc7fffffff",1,1,1
"854cc083fffffff",1,8,8
"854ce2b3fffffff",1,1,1
"854ce3cbfffffff",1,1,1
"854ce60bfffffff",1,1,1
"854589d3fffffff",0.5,2,1
"8566a247fffffff",1,7,7
"8566b463fffffff",1,54,54
"8566b543fffffff",1,1,1
"8566b553fffffff",1,4,4
"856d044bfffffff",0,1,0
"856d159bfffffff",1,12,12
"856d4d47fffffff",0.5,2,1
"856d63cffffffff",0,1,0
"856d6bdbfffffff",0,2,0
"856d6eabfffffff",1,11,11
"856d6ecffffffff",0,2,0
"856d746ffffffff",0,1,0
"856d7687fffffff",1,7,7
"8544a0a7fffffff",1,1,1
"8544a303fffffff",1,1,1
"8544a32bfffffff",1,1,1
"854ce87bfffffff",1,1,1
"854ced4bfffffff",1,3,3
"854ced77fffffff",1,2,2
"854cf0a3fffffff",1,71,71
"854cf293fffffff",1,1,1
"854cf3a3fffffff",1,1,1
"854cf3c3fffffff",1,1,1
"854cf62ffffffff",1,2,2
"854cf64ffffffff",1,5,5
"854d1c3bfffffff",1,1,1
"854d4973fffffff",1,1,1
"855e444bfffffff",1,1,1
"855e4babfffffff",1,1,1
"855e6213fffffff",1,1,1
"855e6323fffffff",1,1,1
"855e711bfffffff",1,1,1
"855e718bfffffff",1,15,15
"8544ae6bfffffff",1,1,1
"8544b193fffffff",1,1,1
"8544324bfffffff",0,2,0
"85443323fffffff",0,4,0
"854cc0abfffffff",0,1,0
"8545323bfffffff",0,1,0
"85446483fffffff",0,1,0
"856c251bfffffff",0,1,0
"856d4ac3fffffff",0,1,0
"856d5417fffffff",0,1,0
"856d5ccffffffff",0,1,0
"854495a7fffffff",0,1,0
"85449937fffffff",0,1,0
"855e5c47fffffff",0,3,0
"856c2247fffffff",0,1,0
"856c2d83fffffff",0,2,0
"856c307bfffffff",0,1,0
"856c353bfffffff",0,3,0
"856c35cbfffffff",0,1,0
"856d4303fffffff",0,1,0
"856d5063fffffff",0,1,0
"856d50cffffffff",0,1,0
"856d51cbfffffff",0,1,0
"856d5e0ffffffff",0,1,0
"856da90ffffffff",0,1,0
"8545a303fffffff",0,1,0
"85440b27fffffff",0,1,0
"85441167fffffff",0,1,0
"85441513fffffff",0,2,0
"8544158bfffffff",0,1,0
"8544657bfffffff",0,1,0
"8544666ffffffff",0,1,0
"8566b2b3fffffff",0,7,0
"856722abfffffff",0,1,0
"85673507fffffff",0,1,0
"8567410ffffffff",0,4,0
"85674137fffffff",0,2,0
"8567446bfffffff",0,1,0
"856750dbfffffff",0,1,0
"8567693bfffffff",0,1,0
"85676d67fffffff",0,1,0
"85677373fffffff",0,1,0
"856c0453fffffff",0,1,0
"856c2883fffffff",0,2,0
"856c2c33fffffff",0,1,0
"856c2ca3fffffff",0,2,0
"856d0643fffffff",0,1,0
"856d08abfffffff",0,1,0
"856d0c4ffffffff",0,1,0
"856d4067fffffff",0,2,0
"856d412bfffffff",0,1,0
"856d445bfffffff",0,1,0
"856d5177fffffff",0,1,0
"856d51d7fffffff",0,1,0
"856d524bfffffff",0,2,0
"856d580bfffffff",0,1,0
"856d5caffffffff",0,1,0
"856d5e1bfffffff",0,1,0
"856d73a7fffffff",0,1,0
"85448947fffffff",0,2,0
"85448dabfffffff",0,3,0
"854ce827fffffff",0,2,0
"854ce9cffffffff",0,1,0
"855e468bfffffff",0,1,0
"855e71affffffff",0,2,0
"855e7537fffffff",0,1,0
"8566204bfffffff",0,1,0
"8544f643fffffff",0,2,0
"85450583fffffff",0,1,0
"85441c4ffffffff",0,2,0
"85441c8ffffffff",0,1,0
"8544aeaffffffff",0,2,0
"8544aebbfffffff",0,1,0
"854c053bfffffff",0,1,0
"85454b3bfffffff",0,3,0
"8545590bfffffff",0,1,0
"8545596bfffffff",0,6,0
"85455b0bfffffff",0,6,0
"85455b43fffffff",0,6,0
"85455b4ffffffff",0,1,0
"85455b6bfffffff",0,1,0
"85455bcbfffffff",0,3,0
"85456d07fffffff",0,23,0
"85456da3fffffff",0,23,0
"85440b17fffffff",0,2,0
"85440bc3fffffff",0,2,0
"85440d2ffffffff",0,6,0
"85440d73fffffff",0,1,0
"85440d8ffffffff",0,2,0
"85440ebbfffffff",0,2,0
"85446423fffffff",0,17,0
"8544648ffffffff",0,2,0
"85446603fffffff",0,11,0
"85446697fffffff",0,1,0
"85447013fffffff",0,174,0
"85447047fffffff",0,159,0
"85447083fffffff",0,28,0
"854472abfffffff",0,342,0
"854472bbfffffff",0,98,0
"854472c7fffffff",0,33,0
"85447403fffffff",0,4,0
"8544748bfffffff",0,2,0
"8544751bfffffff",0,19,0
"8566b00bfffffff",0.272727272727273,11,3
"8566b0a7fffffff",0.6,15,9
"8566b6a7fffffff",0.333333333333333,3,1
"856c0433fffffff",0,3,0
"856c0497fffffff",0,1,0
"856c04abfffffff",0,1,0
"856c20cbfffffff",0,2,0
"856c211bfffffff",0,3,0
"856c2283fffffff",0,5,0
"856c236bfffffff",0,3,0
"856c240bfffffff",0,2,0
"856c25bbfffffff",0,1,0
"856c2613fffffff",0,2,0
"856c2e43fffffff",0,5,0
"856c3283fffffff",0,2,0
"856d08b7fffffff",0,2,0
"856d0bc3fffffff",0,3,0
"856d0e97fffffff",0,3,0
"856d0edbfffffff",0,1,0
"856d10a3fffffff",0,2,0
"856d140ffffffff",0,1,0
"856d1427fffffff",0,2,0
"856d1473fffffff",0,3,0
"856d1567fffffff",0,2,0
"856d189bfffffff",0,2,0
"856d1a1bfffffff",0,4,0
"856d1bb3fffffff",0,4,0
"856d1c03fffffff",0,4,0
"856d2647fffffff",0,23,0
"856d4243fffffff",0,3,0
"856d428ffffffff",0,2,0
"856d4e4bfffffff",0,2,0
"856d52bbfffffff",0,3,0
"856d5583fffffff",0,2,0
"856d566bfffffff",0,5,0
"856d5c9bfffffff",0,4,0
"856d6a93fffffff",0,1,0
"856d6b07fffffff",0,3,0
"856d6e47fffffff",0,3,0
"856d701bfffffff",0,4,0
"856d70c7fffffff",0,5,0
"856d7187fffffff",0,1,0
"856d719bfffffff",0,2,0
"856d724bfffffff",0,5,0
"856d754bfffffff",0,1,0
"8544767bfffffff",0,2,0
"854476affffffff",0,1,0
"8544890bfffffff",0,3,0
"85448d2ffffffff",0,12,0
"85448d6bfffffff",0,1,0
"8544004bfffffff",0,3,0
"85440053fffffff",0,1,0
"8544005bfffffff",0,4,0
"85440093fffffff",0,1,0
"854400d3fffffff",0,3,0
"854402a7fffffff",0,2,0
"8544038ffffffff",0,3,0
"854403c7fffffff",0,3,0
"8544068bfffffff",0,3,0
"85440817fffffff",0,2,0
"85440833fffffff",0,7,0
"8544085bfffffff",0,4,0
"854cee77fffffff",0,1,0
"854d4a03fffffff",0.5,2,1
"854d4a23fffffff",0.666666666666667,3,2
"855e4373fffffff",0,5,0
"855e43c3fffffff",0.0909090909090909,22,2
"855e43d7fffffff",0,10,0
"855e4623fffffff",0.19047619047619,21,4
"855e4e5bfffffff",0,1,0
"855e5caffffffff",0,1,0
"855e5d93fffffff",0.363636363636364,33,12
"855e6663fffffff",0,12,0
"8544b10ffffffff",0,81,0
"8544b13bfffffff",0,895,0
"8544b173fffffff",0,31,0
"85442303fffffff",0.0769230769230769,13,1
"85442967fffffff",0,3,0
"85442a3bfffffff",0,1,0
"85442dc3fffffff",0.166666666666667,6,1
"8544330ffffffff",0,1,0
"85443327fffffff",0,2,0
"854cb27bfffffff",0,1,0
"85446463fffffff",0,20,0
"85663377fffffff",0,1,0
"856c216bfffffff",0,3,0
"856c2363fffffff",0,4,0
"856c2d47fffffff",0,9,0
"856d4acbfffffff",0,3,0
"856d4caffffffff",0,3,0
"856d5a93fffffff",0,5,0
"856d5d13fffffff",0,3,0
"85448593fffffff",0,1,0
"85448d6ffffffff",0,3,0
"8544b50bfffffff",0,41,0
"854cc0b3fffffff",0,1,0
"854cc0cffffffff",0,1,0
"854cc193fffffff",0,1,0
"854ce807fffffff",0,1,0
"85450e77fffffff",0,90,0
"854523d3fffffff",0,1,0
"854549bbfffffff",0,14,0
"854c9a13fffffff",0,2,0
"85440aa7fffffff",0,2,0
"85446677fffffff",0,5,0
"856743a3fffffff",0,68,0
"856d0083fffffff",0,2,0
"856d4ddbfffffff",0,3,0
"85448603fffffff",0,130,0
"854499a7fffffff",0,1,0
"85440647fffffff",0,8,0
"855e436ffffffff",0,2,0
"855f4977fffffff",0,15,0
"855f4b37fffffff",0,8,0
"855f4b3bfffffff",0,10,0
"85454a7bfffffff",0,1,0
"85459803fffffff",0,1,0
"85459837fffffff",0,1,0
"854598b3fffffff",0,3,0
"854598bbfffffff",0.333333333333333,9,3
"85446053fffffff",0,4,0
"8544649bfffffff",0,2,0
"85447223fffffff",0,20,0
"8566b21bfffffff",0,2,0
"8566b25bfffffff",0,1,0
"856c23abfffffff",0,2,0
"856c2d57fffffff",0,1,0
"856d00bbfffffff",0,4,0
"856d094bfffffff",0,2,0
"856d0c2bfffffff",0,2,0
"856d0ccffffffff",0,4,0
"856d1053fffffff",0,3,0
"856d48dbfffffff",0,4,0
"856d502bfffffff",0,7,0
"856d6adbfffffff",0,2,0
"856d704ffffffff",0,2,0
"856d7057fffffff",0,3,0
"856d7367fffffff",0,2,0
"854489bbfffffff",0,2,0
"85440057fffffff",0,1,0
"85440333fffffff",0,1,0
"85440807fffffff",0,2,0
"855f5847fffffff",0.5,2,1
"8544ab53fffffff",0,3,0
"8544b56ffffffff",0,4,0
"8544f2cbfffffff",0.0151515151515152,66,1
"85489233fffffff",0,1,0
"8548924bfffffff",0,1,0
"85489253fffffff",0,1,0
"854892a3fffffff",0,2,0
"8548942ffffffff",0,5,0
"85489487fffffff",0,1,0
"854992bbfffffff",0,3,0
"8549931bfffffff",0,14,0
"85499347fffffff",0,2,0
"854993dbfffffff",0,7,0
"854c9433fffffff",0,1,0
"854c9483fffffff",0,2,0
"854c9ab3fffffff",0,4,0
"8545882ffffffff",0,6,0
"85458aabfffffff",0,1,0
"85458b93fffffff",0,1,0
"85489087fffffff",0,1,0
"85440a8ffffffff",0,1,0
"85440b07fffffff",0,1,0
"85440b43fffffff",0,3,0
"85440b63fffffff",0,3,0
"85440ba3fffffff",0,1,0
"85441023fffffff",0,2,0
"85441097fffffff",0,1,0
"8544111bfffffff",0,1,0
"8544112bfffffff",0,1,0
"854411bbfffffff",0,4,0
"854412bbfffffff",0,1,0
"85441443fffffff",0,3,0
"85441593fffffff",0,3,0
"85441623fffffff",0,2,0
"8544543bfffffff",0,4,0
"854454a7fffffff",0,1,0
"854454affffffff",0,3,0
"8544550bfffffff",0,1,0
"85445607fffffff",0,1,0
"8544560bfffffff",0,4,0
"85445637fffffff",0,2,0
"85446067fffffff",0,2,0
"8544606ffffffff",0,1,0
"85446143fffffff",0,1,0
"85446177fffffff",0,1,0
"854461abfffffff",0,4,0
"854461d3fffffff",0,1,0
"85446207fffffff",0,1,0
"85446227fffffff",0,3,0
"85446287fffffff",0,1,0
"854462a3fffffff",0,7,0
"854462b3fffffff",0,4,0
"85446303fffffff",0,2,0
"854463affffffff",0,2,0
"854463b3fffffff",0,2,0
"854463dbfffffff",0,2,0
"85446523fffffff",0,1,0
"8544653bfffffff",0,1,0
"85446557fffffff",0,2,0
"8544662ffffffff",0,1,0
"85446cc7fffffff",0,38,0
"85446ccffffffff",0,946,0
"85446e8bfffffff",0,195,0
"85446ec3fffffff",0,1,0
"85447023fffffff",0,1,0
"85447113fffffff",0,1,0
"85447183fffffff",0,1,0
"8544718ffffffff",0,1,0
"8544719bfffffff",0,1,0
"854471d7fffffff",0,1,0
"85447303fffffff",0,5,0
"85447387fffffff",0,3,0
"854473d7fffffff",0,3,0
"8544750ffffffff",0,7,0
"85663163fffffff",0,1,0
"85670b23fffffff",0,3,0
"856c2697fffffff",0,1,0
"856c31abfffffff",0,1,0
"856d000bfffffff",0,1,0
"856d008ffffffff",0,5,0
"856d0c83fffffff",0,1,0
"856d0dd3fffffff",0,1,0
"856d2b23fffffff",0,4,0
"856d46dbfffffff",0,1,0
"856d4d3bfffffff",0,2,0
"856d5d97fffffff",0,2,0
"856d6e1bfffffff",0,3,0
"856d70cbfffffff",0,1,0
"856d725bfffffff",0,2,0
"856d7603fffffff",0,2,0
"856d76abfffffff",0,1,0
"856da917fffffff",0,1,0
"8544846bfffffff",0,1,0
"8544855bfffffff",0,2,0
"854485abfffffff",0,1,0
"854486b7fffffff",0,2,0
"85448903fffffff",0,6,0
"85449607fffffff",0,1,0
"8544a19bfffffff",0,271,0
"8544a26ffffffff",0,1,0
"8544a3b3fffffff",0,1,0
"8544a3c7fffffff",0,1,0
"8544a85bfffffff",0,7,0
"854402b3fffffff",0,1,0
"854402c3fffffff",0,1,0
"854402dbfffffff",0,2,0
"8544066ffffffff",0,2,0
"854cea83fffffff",0,1,0
"855e5ccbfffffff",0,2,0
"855e5d4bfffffff",0,1,0
"855e62cbfffffff",0,3,0
"855e71a3fffffff",0,5,0
"855f4b2bfffffff",0,1,0
"856612c7fffffff",0,2,0
"8544ab07fffffff",0,8,0
"8544ab1bfffffff",0,6,0
"8544ab6ffffffff",0,4,0
"8544b0bbfffffff",0,1,0
"8544d4d3fffffff",0,3,0
"8544e46bfffffff",0,14,0
"8544e513fffffff",0,4,0
"8544e543fffffff",0,4,0
"8544e58bfffffff",0,8,0
"8544e5abfffffff",0,2,0
"8544f04bfffffff",0,8,0
"8544f06bfffffff",0.333333333333333,9,3
"8544f06ffffffff",0,66,0
"8544f2bbfffffff",0,6,0
"8544f2c3fffffff",0,71,0
"8544f3c3fffffff",0.5,6,3
"8544f653fffffff",0.2,5,1
"8544f65bfffffff",0,5,0
"8544f6cbfffffff",0,5,0
"8544f6dbfffffff",0,11,0
"85450103fffffff",0,3,0
"8545050bfffffff",0,5,0
"85450517fffffff",0,191,0
"8544180bfffffff",0,8,0
"85441897fffffff",0,4,0
"854418c3fffffff",0,1,0
"85441963fffffff",0,3,0
"8544198ffffffff",0,5,0
"854419abfffffff",0,7,0
"854419c7fffffff",0,2,0
"85441a97fffffff",0,3,0
"85441b4ffffffff",0,1,0
"85441b53fffffff",0,1,0
"85441b8ffffffff",0,1,0
"85441ba3fffffff",0,4,0
"85441c03fffffff",0,2,0
"85441c33fffffff",0,2,0
"85441d43fffffff",0,1,0
"85441e07fffffff",0,14,0
"85441eb3fffffff",0,5,0
"854444bbfffffff",0,2,0
"854444d3fffffff",0,2,0
"85489457fffffff",0,1,0
"854894c3fffffff",0,1,0
"854896dbfffffff",0,35,0
"854cd18bfffffff",0,1,0
"854cd82bfffffff",0,1,0
"8545400bfffffff",0,1,0
"85454917fffffff",0,8,0
"85454943fffffff",0,2,0
"85454997fffffff",0,11,0
"854549abfffffff",0,15,0
"854549c3fffffff",0,1,0
"854549d3fffffff",0,1,0
"85454a23fffffff",0,1,0
"85454b1bfffffff",0,3,0
"85454b63fffffff",0,5,0
"85454d2ffffffff",0,9,0
"85454d83fffffff",0,1,0
"85454d87fffffff",0,2,0
"85454da7fffffff",0,1,0
"85455a6bfffffff",0,2,0
"85455a7bfffffff",0,1,0
"85455b47fffffff",0,1,0
"85455ec7fffffff",0,1,0
"85456053fffffff",0,1,0
"85456423fffffff",0,1,0
"854589c3fffffff",0.5,2,1
"854409c3fffffff",0,2,0
"85440c5bfffffff",0,1,0
"85440ccffffffff",0,1,0
"85440da7fffffff",0,45,0
"854414cffffffff",0,1,0
"854454c3fffffff",0,1,0
"85446407fffffff",0,6,0
"85446467fffffff",0,3,0
"854464b7fffffff",0,5,0
"854466b3fffffff",0,7,0
"854472d3fffffff",0,5,0
"8544744bfffffff",0,1,0
"8544755bfffffff",0,19,0
"854475b3fffffff",0,10,0
"854475c3fffffff",0,11,0
"854475cffffffff",0,14,0
"8566b183fffffff",0,1,0
"85672103fffffff",0,1,0
"8567896ffffffff",0,1,0
"856c2553fffffff",0,1,0
"856d118bfffffff",0,1,0
"856d56c3fffffff",0,4,0
"85447633fffffff",0,1,0
"854476bbfffffff",0,1,0
"85448003fffffff",0,1,0
"8544807bfffffff",0,1,0
"854483bbfffffff",0,1,0
"85448457fffffff",0,1,0
"85448e73fffffff",0,1,0
"85449263fffffff",0,1,0
"8544983bfffffff",0,1,0
"85449907fffffff",0,1,0
"85449943fffffff",0,1,0
"85449a57fffffff",0,1,0
"85449c0bfffffff",0,1,0
"85449e67fffffff",0,1,0
"85449eb3fffffff",0,1,0
"8544a253fffffff",0,1,0
"852ac923fffffff",0,1,0
"85440597fffffff",0,1,0
"854ce953fffffff",0,1,0
"854ce967fffffff",0,1,0
"854cf11bfffffff",0.5,2,1
"854cf257fffffff",0,1,0
"854cf697fffffff",0,1,0
"854d49b7fffffff",0,2,0
"854d7693fffffff",0,1,0
"854d8373fffffff",0,1,0
"854d8477fffffff",0,1,0
"854d8543fffffff",0,1,0
"854d862ffffffff",0,1,0
"854d868bfffffff",0,2,0
"854d91bbfffffff",0,1,0
"854d964bfffffff",0,1,0
"854d9683fffffff",0,1,0
"854d96d7fffffff",0,1,0
"854d9c83fffffff",0,1,0
"854da183fffffff",0,1,0
"854da217fffffff",0,1,0
"854da257fffffff",0,1,0
"854db01bfffffff",0,1,0
"854db113fffffff",0,1,0
"854db197fffffff",0,1,0
"854db1cbfffffff",0,1,0
"854db257fffffff",0,1,0
"854db323fffffff",0,1,0
"854db3bbfffffff",0,1,0
"854db547fffffff",0,1,0
"855e4053fffffff",0,5,0
"855e4293fffffff",0,4,0
"855e429bfffffff",0.5,2,1
"855e4307fffffff",0,1,0
"855e468ffffffff",0,3,0
"855e4b2ffffffff",0,1,0
"855e59a7fffffff",0,1,0
"855e5cc3fffffff",0,1,0
"855e666ffffffff",0,3,0
"855e712ffffffff",0,2,0
"8566157bfffffff",0,1,0
"8544abcffffffff",0,1,0
"8544b277fffffff",0,1,0
"8544298ffffffff",0,1,0
"85442b37fffffff",0,1,0
"85443033fffffff",0,2,0
"8544322ffffffff",0,1,0
"854ce0bbfffffff",0,1,0
"8545582ffffffff",0,1,0
"85455b1bfffffff",0,1,0
"856c0443fffffff",0,1,0
"856c04d3fffffff",0,1,0
"856c059bfffffff",0,1,0
"856c21a7fffffff",0,6,0
"856c262bfffffff",0,1,0
"856c264ffffffff",0,2,0
"856c2677fffffff",0,1,0
"856c312ffffffff",0,1,0
"856c3167fffffff",0,2,0
"856c3173fffffff",0,1,0
"856c3343fffffff",0,1,0
"856c33affffffff",0,4,0
"856d0a6ffffffff",0,1,0
"856d400bfffffff",0,1,0
"856d402bfffffff",0,1,0
"856d404ffffffff",0,1,0
"856d412ffffffff",0,2,0
"856d4993fffffff",0,2,0
"856d5083fffffff",0,2,0
"856d51c7fffffff",0,1,0
"856d527bfffffff",0,1,0
"856d52b3fffffff",0,1,0
"856d54b3fffffff",0,1,0
"856d54d3fffffff",0,1,0
"856d5567fffffff",0,1,0
"856d562ffffffff",0,1,0
"856d5c93fffffff",0,3,0
"856dad07fffffff",0,2,0
"854c0293fffffff",1,1,1
"854c222bfffffff",1,1,1
"854c2a0ffffffff",1,1,1
"854c8373fffffff",1,1,1
"854cab43fffffff",1,1,1
"854cab53fffffff",1,18,18
"8566a24bfffffff",1,1,1
"8566b0c3fffffff",0.6,5,3
"8566b467fffffff",1,19,19
"856d042ffffffff",0,1,0
"856d146bfffffff",1,1,1
"856d1593fffffff",1,33,33
"856d62b3fffffff",1,4,4
"856d62d3fffffff",1,1,1
"856d62dbfffffff",1,2,2
"856d63c7fffffff",0,1,0
"856d6847fffffff",1,10,10
"856d687bfffffff",1,1,1
"856d68cbfffffff",1,54,54
"856d696bfffffff",1,2,2
"856d6babfffffff",0,2,0
"856d742bfffffff",1,7,7
"856d7573fffffff",0,3,0
"854ced13fffffff",1,1,1
"854cf0abfffffff",1,9,9
"854cf3abfffffff",1,3,3
"854cf607fffffff",0.5,2,1
"854cf68bfffffff",1,1,1
"854cf6a3fffffff",1,48,48
"854d0c63fffffff",1,1,1
"855e51affffffff",1,1,1
"855e62a7fffffff",1,1,1
"855e6503fffffff",1,1,1
"855e6583fffffff",1,1,1
"855e65b7fffffff",1,1,1
"8544b187fffffff",1,1,1
"85448607fffffff",0,1,0
"85442aa3fffffff",0,1,0
"854c8637fffffff",0,2,0
"85451b73fffffff",0,1,0
"85459e07fffffff",0,2,0
"85440ac3fffffff",0,1,0
"856c2447fffffff",0,1,0
"856d0167fffffff",0,1,0
"856d1a73fffffff",0,1,0
"856d5273fffffff",0,1,0
"854484abfffffff",0,3,0
"8544869bfffffff",0,1,0
"8544b453fffffff",0,2,0
"854435bbfffffff",0,1,0
"856c040bfffffff",0,1,0
"856c2557fffffff",0,2,0
"856c26c7fffffff",0,1,0
"856c2c77fffffff",0,2,0
"856c2ddbfffffff",0,1,0
"856d1923fffffff",0,1,0
"856d1a27fffffff",0,1,0
"856d2b53fffffff",0,1,0
"856d447bfffffff",0,1,0
"856d5c5bfffffff",0,2,0
"854554c7fffffff",0,2,0
"85441113fffffff",0,1,0
"854411d3fffffff",0,1,0
"85445673fffffff",0,7,0
"8544624bfffffff",0,1,0
"854470affffffff",0,1,0
"854471d3fffffff",0,1,0
"8566336ffffffff",0,1,0
"85670b77fffffff",0,1,0
"856746abfffffff",0,1,0
"85677367fffffff",0,1,0
"8567a6c7fffffff",0,1,0
"856c22d7fffffff",0,1,0
"856c238ffffffff",0,1,0
"856d0177fffffff",0,1,0
"856d09bbfffffff",0,1,0
"856d0d0bfffffff",0,1,0
"856d0e8bfffffff",0,1,0
"856d1537fffffff",0,1,0
"856d4e6bfffffff",0,1,0
"856d512bfffffff",0,1,0
"856d5c17fffffff",0,2,0
"856d5ccbfffffff",0,2,0
"8544841bfffffff",0,1,0
"85449da3fffffff",0,1,0
"854ce88bfffffff",0,2,0
"854cee0bfffffff",0,1,0
"854cee57fffffff",0,1,0
"854d4b17fffffff",0,1,0
"854d8427fffffff",0,1,0
"855e44d3fffffff",0,1,0
"8544e593fffffff",0,1,0
"85450923fffffff",0,1,0
"85454b17fffffff",0.0476190476190476,21,1
"8545510ffffffff",0.111111111111111,9,1
"8545597bfffffff",0,5,0
"854559a7fffffff",0,2,0
"854559cffffffff",0,1,0
"85455b3bfffffff",0.0434782608695652,23,1
"85455b57fffffff",0,3,0
"85457527fffffff",0.0476190476190476,21,1
"85440947fffffff",0,6,0
"8544095bfffffff",0,2,0
"85440993fffffff",0,5,0
"85440997fffffff",0,3,0
"85440bdbfffffff",0,4,0
"85440c2ffffffff",0,4,0
"85440e0bfffffff",0,2,0
"85440e23fffffff",0,3,0
"85440e27fffffff",0,3,0
"85440e5bfffffff",0,3,0
"85446447fffffff",0,7,0
"8544646ffffffff",0,9,0
"854464cffffffff",0,26,0
"85447073fffffff",0,157,0
"8544708bfffffff",0,19,0
"85447257fffffff",0,3,0
"85447263fffffff",0,34,0
"854472a3fffffff",0,129,0
"854472affffffff",0,70,0
"8544740bfffffff",0,1,0
"85447413fffffff",0,6,0
"85447443fffffff",0,4,0
"85447467fffffff",0,6,0
"85447583fffffff",0,5,0
"85447587fffffff",0,7,0
"85447593fffffff",0,1,0
"854475b7fffffff",0,2,0
"8566a193fffffff",0.25,4,1
"8566a1abfffffff",0,3,0
"8566b0bbfffffff",0.571428571428571,7,4
"8566b6c7fffffff",0,1,0
"856c245bfffffff",0,1,0
"856c260bfffffff",0,2,0
"856c2c3bfffffff",0,2,0
"856c2cabfffffff",0,5,0
"856c354bfffffff",0,1,0
"856c3587fffffff",0,4,0
"856d03abfffffff",0,2,0
"856d086ffffffff",0,4,0
"856d0a87fffffff",0,2,0
"856d0cb7fffffff",0,3,0
"856d0d47fffffff",0,5,0
"856d1003fffffff",0,2,0
"856d10c7fffffff",0,1,0
"856d113bfffffff",0,3,0
"856d11c7fffffff",0,2,0
"856d144bfffffff",0,7,0
"856d1c4bfffffff",0,2,0
"856d1d53fffffff",0,2,0
"856d1d6ffffffff",0,2,0
"856d2657fffffff",0,23,0
"856d4257fffffff",0,5,0
"856d42affffffff",0,3,0
"856d50a7fffffff",0,2,0
"856d519bfffffff",0,3,0
"856d5423fffffff",0,3,0
"856d5483fffffff",0,3,0
"856d56bbfffffff",0,4,0
"856d5ca3fffffff",0,5,0
"856d6357fffffff",0,2,0
"856d635bfffffff",0,6,0
"856d6b6ffffffff",0,2,0
"856d765bfffffff",0,5,0
"856d76cbfffffff",0,1,0
"856d76d7fffffff",0.5,16,8
"856dad33fffffff",0,4,0
"8544768bfffffff",0,9,0
"854486c7fffffff",0,279,0
"8544898ffffffff",0,21,0
"85448caffffffff",0,4,0
"8544006ffffffff",0,4,0
"8544009bfffffff",0,2,0
"85440137fffffff",0,1,0
"85440163fffffff",0,1,0
"8544018bfffffff",0,1,0
"8544019bfffffff",0,1,0
"85440303fffffff",0,2,0
"8544032bfffffff",0,7,0
"85440547fffffff",0,2,0
"85440577fffffff",0,3,0
"85440653fffffff",0,9,0
"8544068ffffffff",0,4,0
"854ced2bfffffff",0.5,2,1
"854d4a6bfffffff",0,1,0
"855e405bfffffff",0,7,0
"855e43d3fffffff",0.075,40,3
"855e4627fffffff",0,12,0
"855e462bfffffff",0,32,0
"85661203fffffff",0.333333333333333,3,1
"85441caffffffff",0,26,0
"85441e77fffffff",0,2134,0
"85442b2bfffffff",0,1,0
"854896abfffffff",0,3,0
"8566b007fffffff",0,5,0
"8566b643fffffff",0,3,0
"8566b64bfffffff",0,2,0
"856c159bfffffff",0,4,0
"856c217bfffffff",0,2,0
"856c252bfffffff",0,1,0
"856c2e4bfffffff",0,1,0
"856c316ffffffff",0,2,0
"856d4eabfffffff",0,2,0
"856d51affffffff",0,3,0
"856d51bbfffffff",0,3,0
"856d5c27fffffff",0,1,0
"856d6a43fffffff",0,2,0
"854486cffffffff",0,28,0
"854489cbfffffff",0,2,0
"8544a247fffffff",0,3,0
"8544a25bfffffff",0,2,0
"854cee4ffffffff",0,2,0
"855e4233fffffff",0,2,0
"8544b507fffffff",0,12,0
"8544b5d7fffffff",0,3,0
"854505d7fffffff",0,19,0
"854892c3fffffff",0,3,0
"85489467fffffff",0,6,0
"85489497fffffff",0,5,0
"854894c7fffffff",0,2,0
"854caac7fffffff",0,1,0
"854cc56bfffffff",0,2,0
"854ce80bfffffff",0,1,0
"8545227bfffffff",0,1,0
"854454d3fffffff",0,73,0
"8544758ffffffff",0,8,0
"85676937fffffff",0,7,0
"856d432bfffffff",0,4,0
"856d4dc7fffffff",0,7,0
"856d5623fffffff",0,2,0
"856d5d07fffffff",0,2,0
"856d760bfffffff",0,4,0
"856d7657fffffff",0,3,0
"8544860bfffffff",0,19,0
"85440563fffffff",0,3,0
"854cee7bfffffff",0,1,0
"855f492bfffffff",0,5,0
"855f4967fffffff",0,3,0
"8544b0d7fffffff",0,3,0
"8544b1d3fffffff",0.25,4,1
"8544286bfffffff",0,1,0
"8548945bfffffff",0,40,0
"8545981bfffffff",0,1,0
"85440d0bfffffff",0,2,0
"8566b61bfffffff",0,1,0
"856c23b3fffffff",0,4,0
"856d016ffffffff",0,1,0
"856d064bfffffff",0,3,0
"856d08d7fffffff",0,1,0
"856d0943fffffff",0,1,0
"856d0c8bfffffff",0,2,0
"856d0db3fffffff",0,1,0
"856d105bfffffff",0,3,0
"856d511bfffffff",0,4,0
"856d549bfffffff",0,3,0
"856d7363fffffff",0,2,0
"85448d27fffffff",0,37,0
"85448dd3fffffff",0,3,0
"8544031bfffffff",0,4,0
"85440553fffffff",0,2,0
"8544060bfffffff",0,7,0
"8544060ffffffff",0,4,0
"85440613fffffff",0,1,0
"855e4a2ffffffff",0,2,0
"85661103fffffff",0,5,0
"8544f257fffffff",0,65,0
"8544f2d7fffffff",0,27,0
"85489237fffffff",0,2,0
"85489243fffffff",0,4,0
"8548926ffffffff",0,52,0
"854892a7fffffff",0,7,0
"854892b3fffffff",0,2,0
"854893dbfffffff",0,1,0
"85489407fffffff",0,1,0
"85489427fffffff",0,4,0
"854894a3fffffff",0,1,0
"8548b267fffffff",0,1,0
"85499227fffffff",0,2,0
"854992b7fffffff",0,1,0
"85499363fffffff",0,1,0
"854cabc3fffffff",0.857142857142857,7,6
"85450b23fffffff",0,1,0
"8545544bfffffff",0,1,0
"854565bbfffffff",0,1,0
"85458837fffffff",0,31,0
"8545b297fffffff",0,1,0
"85489003fffffff",0,2,0
"85440927fffffff",0,3,0
"85440a23fffffff",0,2,0
"85440a33fffffff",0,1,0
"85440a37fffffff",0,1,0
"85440a3bfffffff",0,4,0
"85440b0ffffffff",0,4,0
"85440b1bfffffff",0,2,0
"8544100bfffffff",0,1,0
"85441013fffffff",0,1,0
"85441077fffffff",0,1,0
"8544107bfffffff",0,2,0
"854410cbfffffff",0,1,0
"8544110ffffffff",0,1,0
"854411abfffffff",0,1,0
"854411dbfffffff",0,1,0
"8544138ffffffff",0,1,0
"854413a3fffffff",0,2,0
"854413affffffff",0,16,0
"8544154ffffffff",0,1,0
"85441563fffffff",0,2,0
"85441643fffffff",0,2,0
"85445083fffffff",0,8,0
"8544508bfffffff",0,2,0
"85445093fffffff",0,7,0
"85445417fffffff",0,4,0
"85445553fffffff",0,4,0
"8544558ffffffff",0,3,0
"854455d7fffffff",0,1,0
"8544564ffffffff",0,2,0
"854456a7fffffff",0,5,0
"854456abfffffff",0,1,0
"854456affffffff",0,1,0
"8544601bfffffff",0,1,0
"8544608bfffffff",0,1,0
"85446093fffffff",0,1,0
"854460bbfffffff",0,3,0
"8544611bfffffff",0,1,0
"8544614bfffffff",0,3,0
"854461bbfffffff",0,2,0
"85446237fffffff",0,1,0
"854462affffffff",0,1,0
"85446327fffffff",0,1,0
"8544633bfffffff",0,1,0
"8544638bfffffff",0,4,0
"854463cbfffffff",0,2,0
"85446533fffffff",0,9,0
"85446c1bfffffff",0,185,0
"85447027fffffff",0,2,0
"8544702ffffffff",0,2,0
"854471a7fffffff",0,1,0
"854471abfffffff",0,5,0
"85447317fffffff",0,2,0
"854473abfffffff",0,1,0
"8566b053fffffff",0,3,0
"8566b6dbfffffff",0,1,0
"856d0013fffffff",0,2,0
"856d0443fffffff",0,4,0
"856d0463fffffff",0,1,0
"856d0963fffffff",0,4,0
"856d0c33fffffff",0,1,0
"856d0c87fffffff",0,1,0
"856d0d4ffffffff",0,1,0
"856d0ec7fffffff",0,2,0
"856d42b7fffffff",0,3,0
"856d4493fffffff",0,1,0
"856d4663fffffff",0,2,0
"856d4dcbfffffff",0,1,0
"856d5023fffffff",0,5,0
"856d5487fffffff",0,2,0
"856d62c7fffffff",0,1,0
"856d6323fffffff",0,1,0
"856d6b1bfffffff",0,4,0
"856d6e6bfffffff",0,1,0
"856d70affffffff",0,1,0
"856d71c3fffffff",0,3,0
"856d73cffffffff",0,1,0
"85448447fffffff",0,5,0
"854486a7fffffff",0,3,0
"85448c3bfffffff",0,2,0
"85448ca7fffffff",0,1,0
"85448d13fffffff",0,2,0
"85448d87fffffff",0,4,0
"85448d8bfffffff",0,4,0
"85448da3fffffff",0,24,0
"85448dd7fffffff",0,2,0
"8544a567fffffff",0,342,0
"8544a5b3fffffff",0,2,0
"8544a857fffffff",0,12,0
"8544a87bfffffff",0,2,0
"8544aab3fffffff",0,2,0
"8544027bfffffff",0,5,0
"854ce8a3fffffff",0,1,0
"855e435bfffffff",0,1,0
"855e46affffffff",0,3,0
"855e4e93fffffff",0,1,0
"855e51bbfffffff",0,2,0
"855f5953fffffff",0,1,0
"855f5bcffffffff",0,2,0
"8544ab2bfffffff",0,8,0
"8544ab37fffffff",0,7,0
"8544ab83fffffff",0,7,0
"8544ae2ffffffff",0,1,0
"8544aeabfffffff",0,1,0
"8544e43bfffffff",0,52,0
"8544e44bfffffff",0,1,0
"8544e453fffffff",0,1,0
"8544e463fffffff",0,20,0
"8544e47bfffffff",0,38,0
"8544e4cffffffff",0,1,0
"8544e553fffffff",0,49,0
"8544e55bfffffff",0,35,0
"8544e5a7fffffff",0,1,0
"8544e5d3fffffff",0,1,0
"8544e5d7fffffff",0,5,0
"8544e633fffffff",0,5,0
"8544e6b7fffffff",0,45,0
"8544f217fffffff",0,8,0
"8544f253fffffff",0,65,0
"8544f283fffffff",0.2,10,2
"8544f28ffffffff",0.0666666666666667,15,1
"8544f297fffffff",0,7,0
"8544f2b3fffffff",0.166666666666667,12,2
"8544f623fffffff",0.0384615384615385,26,1
"8544f62ffffffff",0.2,10,2
"8544f633fffffff",0.0204081632653061,49,1
"8544f63bfffffff",0.0666666666666667,15,1
"8544f64ffffffff",0,1,0
"8544f67bfffffff",0,3,0
"8544f6c7fffffff",0,32,0
"8544f6d3fffffff",0,9,0
"85450187fffffff",0,2,0
"85450193fffffff",0,1,0
"85450507fffffff",0,11,0
"8544186ffffffff",0,1,0
"85441987fffffff",0,1,0
"85441a87fffffff",0,1,0
"85441aa3fffffff",0,1,0
"85441aa7fffffff",0,2,0
"85441b03fffffff",0,3,0
"85441b83fffffff",0,2,0
"85441cd7fffffff",0,1,0
"85441d03fffffff",0,1,0
"85441d27fffffff",0,2,0
"85441d9bfffffff",0,1,0
"85441e2ffffffff",0,12,0
"85441e97fffffff",0,6,0
"85441ea3fffffff",0,1,0
"85441ebbfffffff",0,3,0
"85444493fffffff",0,2,0
"8548960ffffffff",0,2,0
"85489653fffffff",0.0217391304347826,46,1
"8548969bfffffff",0,49,0
"8548b2c3fffffff",0,1,0
"854c9337fffffff",0,1,0
"854c9363fffffff",0.5,2,1
"854c9453fffffff",0,1,0
"854c9acffffffff",0,6,0
"854cc66bfffffff",0,1,0
"854cc66ffffffff",0,1,0
"854cd0b7fffffff",0,1,0
"85454463fffffff",0,1,0
"854546b3fffffff",0,1,0
"85454957fffffff",0,4,0
"85454963fffffff",0,9,0
"854549b3fffffff",0,3,0
"854549c7fffffff",0,2,0
"85454a6ffffffff",0,2,0
"85454b27fffffff",0,6,0
"85454b37fffffff",0,7,0
"85454d6ffffffff",0,2,0
"85458997fffffff",0,4,0
"8544091bfffffff",0,5,0
"854409d3fffffff",0,1,0
"854409d7fffffff",0,1,0
"85440c27fffffff",0,2,0
"85440d9bfffffff",0,1,0
"85440e13fffffff",0,1,0
"8544148bfffffff",0,1,0
"854414a3fffffff",0,2,0
"854460c7fffffff",0,3,0
"854462cbfffffff",0,1,0
"8544642bfffffff",0,5,0
"85446583fffffff",0,11,0
"8544658bfffffff",0,4,0
"85446617fffffff",0,7,0
"85446627fffffff",0,1,0
"85446643fffffff",0,5,0
"85446693fffffff",0,64,0
"854470abfffffff",0,1,0
"854470d7fffffff",0,5,0
"85447187fffffff",0,1,0
"854472d7fffffff",0,1,0
"8544742ffffffff",0,12,0
"8544745bfffffff",0,1,0
"854474b3fffffff",0,2,0
"854474dbfffffff",0,1,0
"85447517fffffff",0,3,0
"8567816ffffffff",0,1,0
"856d11dbfffffff",0,1,0
"856d480bfffffff",0,1,0
"856d58a3fffffff",0,1,0
"85447667fffffff",0,3,0
"8544766ffffffff",0,1,0
"8544802bfffffff",0,1,0
"8544810ffffffff",0,1,0
"8544828bfffffff",0,1,0
"854485bbfffffff",0,1,0
"85448a23fffffff",0,1,0
"85448e83fffffff",0,1,0
"854498dbfffffff",0,1,0
"85449a77fffffff",0,1,0
"85449aaffffffff",0,1,0
"85449b13fffffff",0,1,0
"85449e77fffffff",0,1,0
"85449e7bfffffff",0,1,0
"852ac963fffffff",0,1,0
"852acb8bfffffff",0,2,0
"85440067fffffff",0,1,0
"8544041bfffffff",0,1,0
"85440427fffffff",0,1,0
"85440847fffffff",0,1,0
"854408a7fffffff",0,1,0
"854cea43fffffff",0,1,0
"854ced67fffffff",0.333333333333333,3,1
"854cf51bfffffff",0,1,0
"854cf58bfffffff",0,1,0
"854d041bfffffff",0,1,0
"854d120ffffffff",0,1,0
"854d2887fffffff",0,1,0
"854d2c23fffffff",0,1,0
"854d35c3fffffff",0,1,0
"854d498ffffffff",0,2,0
"854d7457fffffff",0,1,0
"854d8073fffffff",0,1,0
"854d80d3fffffff",0,1,0
"854d8247fffffff",0,1,0
"854d82d7fffffff",0,1,0
"854d864ffffffff",0,1,0
"854d86abfffffff",0,1,0
"854d90a7fffffff",0,1,0
"854d915bfffffff",0,1,0
"854d9303fffffff",0,1,0
"854d9443fffffff",0,1,0
"854d9603fffffff",0,1,0
"854d962bfffffff",0,2,0
"854d965bfffffff",0,1,0
"854da003fffffff",0,1,0
"854da177fffffff",0,1,0
"854da24bfffffff",0,1,0
"854da43bfffffff",0,1,0
"854db097fffffff",0,1,0
"854db397fffffff",0,1,0
"854db507fffffff",0,1,0
"855e4047fffffff",0,3,0
"855e4287fffffff",0.5,2,1
"855e430bfffffff",0.5,4,2
"855e463bfffffff",0,2,0
"855e46abfffffff",0.5,2,1
"855e5507fffffff",0,1,0
"855e5517fffffff",0,1,0
"855e5d57fffffff",0,1,0
"8544aadbfffffff",0,1,0
"8544b013fffffff",0,1,0
"8544b01bfffffff",0,6,0
"8544b593fffffff",0,1,0
"8544b5cbfffffff",0,13,0
"85441677fffffff",0,1,0
"85442237fffffff",0,1,0
"854428a3fffffff",0,2,0
"85442aaffffffff",0,1,0
"85442b57fffffff",0,1,0
"85443003fffffff",0,2,0
"8544304bfffffff",0,2,0
"8544333bfffffff",0,2,0
"8544336ffffffff",0,1,0
"854559cbfffffff",0,3,0
"854466c3fffffff",0,1,0
"85455933fffffff",0,1,0
"85455bcffffffff",0,1,0
"8566b2c7fffffff",0,1,0
"856c05b3fffffff",0,1,0
"856c201bfffffff",0,2,0
"856c20c7fffffff",0,1,0
"856c234bfffffff",0,1,0
"856c2367fffffff",0,2,0
"856c249bfffffff",0,2,0
"856c2623fffffff",0,1,0
"856c269bfffffff",0,1,0
"856c2893fffffff",0,1,0
"856c2c6bfffffff",0,1,0
"856c2d53fffffff",0,2,0
"856c3177fffffff",0,1,0
"856c34a7fffffff",0,1,0
"856c3513fffffff",0,1,0
"856d40b7fffffff",0,1,0
"856d46b7fffffff",0,1,0
"856d487bfffffff",0,1,0
"856d4c4bfffffff",0,1,0
"856d4d4bfffffff",0,1,0
"856d5113fffffff",0,2,0
"856d514ffffffff",0,2,0
"856d517bfffffff",0,1,0
"856d5217fffffff",0,2,0
"856d5323fffffff",0,1,0
"856d5cc3fffffff",0,2,0
"856d5ed3fffffff",0,1,0
"856d730bfffffff",0,1,0
"856d7327fffffff",0,1,0
"856d732ffffffff",0,1,0
"856d7373fffffff",0,1,0
"854c2b33fffffff",1,1,1
"854c81c3fffffff",1,1,1
"854cc45bfffffff",1,1,1
"854cc487fffffff",1,1,1
"854cc637fffffff",1,1,1
"854ce35bfffffff",1,2,2
"854ce377fffffff",1,1,1
"854ce3d3fffffff",1,1,1
"85458aa7fffffff",1,1,1
"8566b09bfffffff",1,6,6
"8566b46bfffffff",1,1,1
"8566b547fffffff",1,8,8
"8566b54ffffffff",1,12,12
"8566b603fffffff",1,1,1
"856d00d3fffffff",1,1,1
"856d0527fffffff",0,1,0
"856d14affffffff",1,1,1
"856d6297fffffff",1,5,5
"856d629bfffffff",1,2,2
"856d62cbfffffff",0,1,0
"856d6833fffffff",1,3,3
"856d6ab7fffffff",1,3,3
"856d6b33fffffff",0,1,0
"856d6ba7fffffff",1,4,4
"856d6e07fffffff",1,2,2
"856d6e27fffffff",0.894736842105263,19,17
"856d6e37fffffff",1,25,25
"856d6e57fffffff",0,2,0
"856d7523fffffff",0,1,0
"856d7577fffffff",0,2,0
"8544a063fffffff",1,1,1
"854ce833fffffff",0.5,2,1
"854cee2ffffffff",1,1,1
"854cf00ffffffff",1,1,1
"854cf167fffffff",1,1,1
"854cf44bfffffff",1,2,2
"854cf66bfffffff",1,2,2
"854d1a87fffffff",1,1,1
"855e46d7fffffff",1,1,1
"855e5cb3fffffff",1,4,4
"855e5cb7fffffff",1,1,1
"855e6253fffffff",1,1,1
"855e635bfffffff",1,1,1
"856612cffffffff",1,68,68
"856613c3fffffff",1,1,1
"8544f233fffffff",0.333333333333333,3,1
"854cb283fffffff",0,1,0
"85455bd7fffffff",0,2,0
"8545a32bfffffff",0,3,0
"855e55bbfffffff",0,1,0
"85441c47fffffff",0,1,0
"854c9a5bfffffff",0,1,0
"85458963fffffff",0,1,0
"85440abbfffffff",0,1,0
"85679e6ffffffff",0,2,0
"856d4c17fffffff",0,1,0
"855e4547fffffff",0,1,0
"855e4617fffffff",0,1,0
"855e4693fffffff",0,1,0
"8544b49bfffffff",0,2,0
"856c22cbfffffff",0,2,0
"856c23a3fffffff",0,1,0
"856c23bbfffffff",0,1,0
"856c2c23fffffff",0,1,0
"856c3113fffffff",0,1,0
"856c3373fffffff",0,1,0
"856d0b4bfffffff",0,1,0
"856d53c7fffffff",0,2,0
"8544b41bfffffff",0,3,0
"85456683fffffff",0,1,0
"8545743bfffffff",0,1,0
"8545843bfffffff",0,1,0
"85440c7bfffffff",0,1,0
"85663117fffffff",0,1,0
"8566b29bfffffff",0,2,0
"8566b663fffffff",0,2,0
"856721bbfffffff",0,1,0
"85674117fffffff",0,2,0
"85674133fffffff",0,1,0
"85674197fffffff",0,1,0
"856769a7fffffff",0,1,0
"85676a5bfffffff",0,1,0
"85676b4ffffffff",0,1,0
"85676d0bfffffff",0,1,0
"85676e2ffffffff",0,2,0
"856c2157fffffff",0,1,0
"856c2643fffffff",0,1,0
"856c31d3fffffff",0,1,0
"856d0257fffffff",0,1,0
"856d439bfffffff",0,1,0
"856d5517fffffff",0,1,0
"856d6a0ffffffff",0,1,0
"856d7043fffffff",0,1,0
"854ceba3fffffff",0,1,0
"854d32d7fffffff",0,1,0
"855e4687fffffff",0,1,0
"855e6673fffffff",0,2,0
"855f5b43fffffff",0,3,0
"85662097fffffff",0,1,0
"856620bbfffffff",0,3,0
"8544e497fffffff",0,1,0
"8544f26ffffffff",0,1,0
"85450427fffffff",0,1,0
"85441813fffffff",0,2,0
"8544189bfffffff",0,2,0
"85441babfffffff",0,4,0
"85441dc7fffffff",0,1,0
