"cell","spue","effort","target","sdm","bin"
"850151b3fffffff",0.0652173913043478,46,3,100,2
"85017607fffffff",0.333333333333333,30,10,100,3
"8501761bfffffff",0.454545454545455,33,15,100,3
"8508e9affffffff",0.777777777777778,36,28,100,4
"8509164bfffffff",0,38,0,100,0
"8509164ffffffff",0,38,0,100,0
"8509a53bfffffff",0,42,0,100,0
"8509a6a3fffffff",0.00699300699300699,715,5,100,1
"850f2c87fffffff",0,78,0,100,0
"85180113fffffff",0.0412844036697248,218,9,100,2
"8518011bfffffff",0.0980113636363636,704,69,100,2
"85180123fffffff",0.153846153846154,52,8,100,3
"85184c27fffffff",0,490,0,100,0
"8519296bfffffff",0.00675675675675676,444,3,100,1
"85192ab7fffffff",0.00137931034482759,725,1,100,1
"85192b63fffffff",0.00252525252525253,3960,10,100,1
"85192b6ffffffff",0,438,0,100,0
"851973bbfffffff",0.00485436893203883,206,1,100,1
"85197623fffffff",0.0229885057471264,87,2,100,1
"8528db97fffffff",1,55,55,100,5
"852a11d3fffffff",0,63,0,100,0
"852a1523fffffff",0.0365853658536585,82,3,100,2
"852a1537fffffff",0.0208333333333333,48,1,100,1
"852a15affffffff",0.109756097560976,82,9,100,2
"852a1b6bfffffff",0,41,0,100,0
"852a3507fffffff",0.064,125,8,100,2
"852a3547fffffff",0.072463768115942,138,10,100,2
"852a3573fffffff",0.0431654676258993,139,6,100,2
"852a35bbfffffff",0.0289855072463768,69,2,100,1
"852aa937fffffff",0.0238095238095238,42,1,100,1
"852b0e17fffffff",0.0701754385964912,57,4,100,2
"852b166bfffffff",0.515463917525773,194,100,100,3
"852b1877fffffff",0.0892857142857143,168,15,100,2
"852b1897fffffff",0.047244094488189,1397,66,100,2
"852b18b7fffffff",0.607244995233556,1049,637,100,4
"852b1903fffffff",0.387096774193548,31,12,100,3
"852b19dbfffffff",0.632432432432432,185,117,100,4
"852b1b07fffffff",0.0354838709677419,310,11,100,1
"852b1b63fffffff",0.234567901234568,81,19,100,3
"8534267bfffffff",0.00814995925020375,6135,50,100,1
"853436d7fffffff",0.0111111111111111,90,1,100,1
"85464873fffffff",0.0606060606060606,33,2,100,2
"8546494bfffffff",0.740740740740741,81,60,100,4
"85464bb3fffffff",0.0526315789473684,38,2,100,2
"854b1baffffffff",1,108,108,100,5
"85893427fffffff",0.634361233480176,227,144,100,4
"8594ad77fffffff",0.666666666666667,30,20,100,4
"85a221c3fffffff",1,55,55,100,5
"85a25083fffffff",0.963636363636364,55,53,100,5
"85be292bfffffff",0.943820224719101,267,252,100,4
"85bf4c4bfffffff",1,31,31,100,5
"85bf4e03fffffff",0.878787878787879,33,29,100,4
"85bf5b7bfffffff",1,34,34,100,5
"85de9437fffffff",0,43,0,100,0
"85de9543fffffff",0.211009174311927,109,23,100,3
"85df04cffffffff",1,37,37,100,5
"85df06c7fffffff",0.96875,32,31,100,5
"85df11d7fffffff",0.318840579710145,69,22,100,3
"85e89b23fffffff",0.98936170212766,94,93,100,5
"85e89b33fffffff",1,37,37,100,5
"85e89b83fffffff",1,44,44,100,5
"85e89eb7fffffff",0.903225806451613,31,28,100,4
"85068937fffffff",0.0681818181818182,44,3,100,2
"85083547fffffff",0,35,0,100,0
"85095d2ffffffff",0,43,0,100,0
"85186a47fffffff",0,439,0,100,0
"851870d7fffffff",0,316,0,100,0
"85190127fffffff",0.0140845070422535,213,3,100,1
"8519415bfffffff",0,68,0,100,0
"85195663fffffff",0.00995024875621891,201,2,100,1
"8519593bfffffff",0,35,0,100,0
"85195a0ffffffff",0,64,0,100,0
"852806bbfffffff",0.176470588235294,102,18,100,3
"85281947fffffff",0.848484848484849,33,28,100,4
"8528194ffffffff",0.888888888888889,54,48,100,4
"85281bb7fffffff",0.772727272727273,88,68,100,4
"85283097fffffff",0.612529002320186,431,264,100,4
"85283113fffffff",0.422222222222222,90,38,100,3
"8528f58ffffffff",0.00297619047619048,336,1,100,1
"85291233fffffff",0.591549295774648,142,84,100,4
"85291257fffffff",0.0681818181818182,44,3,100,2
"852a0433fffffff",0.182926829268293,82,15,100,3
"852a048bfffffff",0.330917874396135,828,274,100,3
"852a051bfffffff",0,48,0,100,0
"852a0593fffffff",0.144578313253012,83,12,100,3
"852a062bfffffff",0.163265306122449,49,8,100,3
"852a062ffffffff",0.21875,96,21,100,3
"852a0667fffffff",0.0412371134020619,97,4,100,2
"852a1117fffffff",0.0303030303030303,33,1,100,1
"852a1cc7fffffff",0.00662251655629139,151,1,100,1
"852a1eb3fffffff",0,31,0,100,0
"852a225bfffffff",0.0729166666666667,96,7,100,2
"852ac6c7fffffff",0.0303030303030303,33,1,100,1
"852b1d1bfffffff",0.0761904761904762,105,8,100,2
"85351a2bfffffff",0,98,0,100,0
"85351b1bfffffff",0,48,0,100,0
"85351bcbfffffff",0,166,0,100,0
"8535a907fffffff",0,390,0,100,0
"8535a96ffffffff",0,41,0,100,0
"8535a973fffffff",0,57,0,100,0
"8535aba7fffffff",0.032258064516129,31,1,100,1
"85464e4ffffffff",0.219512195121951,41,9,100,3
"85464e73fffffff",0.695187165775401,374,260,100,4
"85464edbfffffff",3.97503676909011e-05,25157,1,100,1
"85480ca3fffffff",0.0816326530612245,49,4,100,2
"85480dc3fffffff",0.0676923076923077,650,44,100,2
"854cc097fffffff",0.950819672131147,61,58,100,4
"85a8167bfffffff",0.867924528301887,53,46,100,4
"85e44a5bfffffff",0.0512820512820513,39,2,100,2
"85e45ddbfffffff",0.0882352941176471,34,3,100,2
"85e45ea3fffffff",0.0909090909090909,33,3,100,2
"8509a083fffffff",0.00970873786407767,103,1,100,1
"8509a18bfffffff",0,65,0,100,0
"850d8a47fffffff",0.991596638655462,119,118,100,5
"850e4917fffffff",0.032258064516129,31,1,100,1
"8512b417fffffff",0.127272727272727,165,21,100,2
"8512b473fffffff",0.703703703703704,54,38,100,4
"8513930bfffffff",0.590909090909091,132,78,100,4
"85139a43fffffff",0.905511811023622,635,575,100,4
"85139ed7fffffff",0.611510791366906,139,85,100,4
"851825cffffffff",0.0105263157894737,95,1,100,1
"8518740bfffffff",0.0048780487804878,410,2,100,1
"85187463fffffff",0,38,0,100,0
"85190c9bfffffff",0.00837696335078534,955,8,100,1
"85190cc7fffffff",0.0544747081712062,257,14,100,2
"85190cdbfffffff",0.0416666666666667,816,34,100,2
"85190eb3fffffff",0.0161290322580645,62,1,100,1
"851a8c87fffffff",0.985507246376812,69,68,100,5
"851aa00ffffffff",0.926829268292683,41,38,100,4
"851aa08bfffffff",0.813953488372093,43,35,100,4
"851d24c7fffffff",0.989130434782609,184,182,100,5
"851d2503fffffff",0.946745562130177,169,160,100,4
"851d2d93fffffff",1,80,80,100,5
"8522d057fffffff",0.994350282485876,177,176,100,5
"8528c607fffffff",0.166666666666667,30,5,100,3
"8528d177fffffff",0.707547169811321,106,75,100,4
"8529a563fffffff",0.127118644067797,118,15,100,2
"8529a567fffffff",0.394557823129252,147,58,100,3
"8529a5bbfffffff",0,30,0,100,0
"852a004ffffffff",0.0170940170940171,234,4,100,1
"852a008ffffffff",0.0178571428571429,56,1,100,1
"852a00a3fffffff",0.0285714285714286,35,1,100,1
"852a00d3fffffff",0.175675675675676,74,13,100,3
"852a022bfffffff",0.00694444444444444,144,1,100,1
"852a026bfffffff",0.0196078431372549,153,3,100,1
"852a0277fffffff",0.0131004366812227,229,3,100,1
"852a233bfffffff",0.293478260869565,92,27,100,3
"852a242bfffffff",0.0647773279352227,247,16,100,2
"852a2493fffffff",0.0645161290322581,124,8,100,2
"852a2627fffffff",0.137096774193548,248,34,100,3
"852af18bfffffff",0,172,0,100,0
"852af42bfffffff",0.0408163265306122,49,2,100,2
"852af623fffffff",0,220,0,100,0
"852b286bfffffff",0.2,30,6,100,3
"853924cbfffffff",0.000174978127734033,5715,1,100,1
"85484a43fffffff",0.67741935483871,31,21,100,4
"8566b0c7fffffff",0.97609561752988,251,245,100,5
"85be1a1bfffffff",0.980769230769231,52,51,100,5
"85beab0ffffffff",0.96875,32,31,100,5
"85beab77fffffff",0.990740740740741,648,642,100,5
"85beaba3fffffff",0.990322580645161,310,307,100,5
"85beabbbfffffff",1,49,49,100,5
"85cf325bfffffff",0.96551724137931,87,84,100,5
"85e4090bfffffff",0.09375,32,3,100,2
"8507234bfffffff",0,37,0,100,0
"850755b3fffffff",0.987315010570824,946,934,100,5
"85075d1bfffffff",0.137820512820513,312,43,100,3
"85075dabfffffff",0.0294117647058824,34,1,100,1
"85075edbfffffff",1,53,53,100,5
"8507736bfffffff",0.766666666666667,30,23,100,4
"850806d7fffffff",0,537,0,100,0
"850c4203fffffff",0.697674418604651,43,30,100,4
"850c5893fffffff",0.5625,32,18,100,4
"850c5adbfffffff",0.73828125,512,378,100,4
"85186083fffffff",0.024390243902439,41,1,100,1
"85194603fffffff",0.00558659217877095,179,1,100,1
"8519483bfffffff",0,97,0,100,0
"8519542bfffffff",0,105,0,100,0
"85195623fffffff",0,86,0,100,0
"8519562bfffffff",0.0571428571428571,35,2,100,2
"85196833fffffff",0.00847457627118644,118,1,100,1
"8528318bfffffff",0.700704225352113,284,199,100,4
"8528c0dbfffffff",0.736842105263158,38,28,100,4
"8528c24ffffffff",0.879194630872483,149,131,100,4
"8528c267fffffff",0.944444444444444,216,204,100,4
"85291a0ffffffff",0.384615384615385,39,15,100,3
"8529a50bfffffff",0.579399141630901,233,135,100,4
"8529a513fffffff",0.116279069767442,86,10,100,2
"8529a517fffffff",0.09375,32,3,100,2
"8529a51bfffffff",0.0773480662983425,181,14,100,2
"8529a523fffffff",0.233333333333333,30,7,100,3
"852a3097fffffff",0.339307048984468,837,284,100,3
"852a30b7fffffff",0.232,250,58,100,3
"852a3107fffffff",0.378378378378378,74,28,100,3
"852a3117fffffff",0.474903474903475,518,246,100,3
"852a318bfffffff",0.366533864541833,251,92,100,3
"852a348ffffffff",0.206106870229008,131,27,100,3
"852b08b3fffffff",0.0289855072463768,69,2,100,1
"852b3113fffffff",0.0641025641025641,78,5,100,2
"852b3117fffffff",0.0256410256410256,117,3,100,1
"852b3123fffffff",0.101449275362319,69,7,100,2
"852b31c3fffffff",0,80,0,100,0
"852b31d7fffffff",0.0333333333333333,30,1,100,1
"852b36b7fffffff",0.488372093023256,86,42,100,3
"85490b93fffffff",0.0384615384615385,52,2,100,2
"855d104ffffffff",0.386186770428016,1028,397,100,3
"855d12b7fffffff",0.235687022900763,1048,247,100,3
"855d168bfffffff",0.116504854368932,103,12,100,2
"8581160ffffffff",1,156,156,100,5
"85a62263fffffff",1,383,383,100,5
"85a6a29bfffffff",1,55,55,100,5
"85b9148ffffffff",0.037037037037037,54,2,100,2
"85b914dbfffffff",0.114942528735632,522,60,100,2
"85be6077fffffff",0.650602409638554,83,54,100,4
"85be68d3fffffff",0.0180032733224223,3055,55,100,1
"85df1c07fffffff",0.837209302325581,43,36,100,4
"85df264bfffffff",1,80,80,100,5
"85df3123fffffff",0.324074074074074,108,35,100,3
"85df3187fffffff",0.218181818181818,55,12,100,3
"85df3507fffffff",0.973193473193473,858,835,100,5
"85df356ffffffff",1,385,385,100,5
"85df4513fffffff",0.704225352112676,71,50,100,4
"85df8157fffffff",0.979020979020979,143,140,100,5
"8544b12bfffffff",0,82,0,100,0
"8509a68ffffffff",0,35,0,100,0
"85192b03fffffff",0,214,0,100,0
"851972a7fffffff",0,192,0,100,0
"851974c3fffffff",0,31,0,100,0
"85095bd7fffffff",0,72,0,100,0
"8519400bfffffff",0,35,0,100,0
"85190e23fffffff",0,118,0,100,0
"85194b0ffffffff",0,39,0,100,0
"8519700ffffffff",0,38,0,100,0
"85182347fffffff",0,67,0,100,0
"8518018bfffffff",0,91,0,100,0
"851848b7fffffff",0,869,0,100,0
"852a18d7fffffff",0,97,0,100,0
"853434b3fffffff",0,45,0,100,0
"8544658ffffffff",0,75,0,100,0
"8544669bfffffff",0,45,0,100,0
"8544700ffffffff",0,214,0,100,0
"8544704ffffffff",0,158,0,100,0
"85447093fffffff",0,34,0,100,0
"85447267fffffff",0,60,0,100,0
"850981c3fffffff",0,30,0,100,0
"85351a4bfffffff",0,43,0,100,0
"8545493bfffffff",0,175,0,100,0
"85489693fffffff",0,39,0,100,0
"85c30197fffffff",0,30,0,100,0
"85192baffffffff",0,641,0,100,0
"85464147fffffff",0,43,0,100,0
"851870cffffffff",0,39,0,100,0
"8519569bfffffff",0,48,0,100,0
"852b1d13fffffff",0,35,0,100,0
"852b2183fffffff",0,34,0,100,0
"85195a67fffffff",0,149,0,100,0
"85195e53fffffff",0,179,0,100,0
"85195e7bfffffff",0,226,0,100,0
"8519532ffffffff",0,147,0,100,0
"85195643fffffff",0,59,0,100,0
"851849dbfffffff",0,109,0,100,0
"85186a73fffffff",0,196,0,100,0
"8548496bfffffff",0,47,0,100,0
"851873a7fffffff",0,81,0,100,0
"85195bdbfffffff",0,179,0,100,0
"852adcd3fffffff",0,32,0,100,0
"85bb52bbfffffff",0,165,0,100,0
"851862a7fffffff",0,354,0,100,0
"8544f243fffffff",0,80,0,100,0
"8544f247fffffff",0,35,0,100,0
"859451d7fffffff",0,389,0,100,0
"85182c17fffffff",0,130,0,100,0
"851f210bfffffff",0,57,0,100,0
"851f2157fffffff",0,32,0,100,0
"85099bcbfffffff",0,54,0,100,0
"851f2557fffffff",0,126,0,100,0
"85099a23fffffff",0,218,0,100,0
"85446ed7fffffff",0,235,0,100,0
"85441e57fffffff",0,285,0,100,0
"8544e423fffffff",0,212,0,100,0
"85441ecffffffff",0,49,0,100,0
"8544f36ffffffff",0,272,0,100,0
"85012593fffffff",0.688931297709924,524,361,100,4
"85012b07fffffff",0.476190476190476,42,20,100,3
"85013187fffffff",0.125,32,4,100,2
"85017603fffffff",0.282608695652174,46,13,100,3
"850176cffffffff",0.464285714285714,56,26,100,3
"8508ed27fffffff",0.311111111111111,45,14,100,3
"85094aa7fffffff",0.129032258064516,31,4,100,2
"8509a463fffffff",0.0442708333333333,384,17,100,2
"8509a46ffffffff",0.0277777777777778,252,7,100,1
"8509aa7bfffffff",0.00211864406779661,1416,3,100,1
"8509accffffffff",0,40,0,100,0
"8518447bfffffff",0,158,0,100,0
"85187637fffffff",0.00859598853868195,698,6,100,1
"8519282bfffffff",0.0058252427184466,515,3,100,1
"8519288ffffffff",0.00847457627118644,118,1,100,1
"851928d7fffffff",0.0487804878048781,82,4,100,2
"85192babfffffff",0.00588550026752274,1869,11,100,1
"851972bbfffffff",0.0051150895140665,391,2,100,1
"8528dd8bfffffff",0.866666666666667,30,26,100,4
"8528e6c3fffffff",0.354838709677419,31,11,100,3
"852a1183fffffff",0.0392156862745098,51,2,100,2
"852a11abfffffff",0.0222222222222222,45,1,100,1
"852a1563fffffff",0.131578947368421,38,5,100,2
"852a1573fffffff",0.452830188679245,53,24,100,3
"852a1a47fffffff",0.0526315789473684,38,2,100,2
"852a34bbfffffff",0.238532110091743,218,52,100,3
"852a3503fffffff",0.173184357541899,179,31,100,3
"852a350ffffffff",0.0645161290322581,124,8,100,2
"852a3537fffffff",0.0238095238095238,210,5,100,1
"852a354ffffffff",0.196969696969697,198,39,100,3
"852a356bfffffff",0.230366492146597,191,44,100,3
"852aa9b7fffffff",0.025,40,1,100,1
"852aadaffffffff",0.0434782608695652,92,4,100,2
"852b0d37fffffff",0,57,0,100,0
"852b0db7fffffff",0.121212121212121,33,4,100,2
"852b0eabfffffff",0.173913043478261,69,12,100,3
"852b180ffffffff",0.0930232558139535,43,4,100,2
"852b1893fffffff",0.0632774472687939,3698,234,100,2
"852b18a3fffffff",0.127450980392157,204,26,100,2
"852b194bfffffff",0.193548387096774,31,6,100,3
"852b1983fffffff",0.333333333333333,78,26,100,3
"852b199bfffffff",0.164179104477612,67,11,100,3
"852b1a27fffffff",0.0196078431372549,51,1,100,1
"852b1b6bfffffff",0,153,0,100,0
"853422bbfffffff",0,142,0,100,0
"8534262bfffffff",0.00469483568075117,426,2,100,1
"8534265bfffffff",0,154,0,100,0
"85343593fffffff",0,48,0,100,0
"8534369bfffffff",0,254,0,100,0
"853460d3fffffff",0,82,0,100,0
"85464947fffffff",0.00909090909090909,110,1,100,1
"855d16b3fffffff",0.996800882515168,9065,9036,100,5
"8594ad2bfffffff",0.40625,32,13,100,3
"859b0a7bfffffff",0.988095238095238,84,83,100,5
"85a30407fffffff",0.34,50,17,100,3
"85a61067fffffff",0.839041095890411,292,245,100,4
"85a61077fffffff",0.995863495346432,967,963,100,5
"85be1d17fffffff",0.96969696969697,66,64,100,5
"85bf5b77fffffff",0.954545454545455,44,42,100,4
"85de906ffffffff",0.0303030303030303,33,1,100,1
"85de910bfffffff",0,64,0,100,0
"85de946ffffffff",0,47,0,100,0
"85de952bfffffff",0.642857142857143,56,36,100,4
"85df0497fffffff",0.0188679245283019,53,1,100,1
"85df065bfffffff",0.909090909090909,66,60,100,4
"85e88213fffffff",1,53,53,100,5
"85e8981bfffffff",0.938775510204082,49,46,100,4
"85e899cffffffff",1,30,30,100,5
"85e89b67fffffff",0.853030303030303,660,563,100,4
"85e89c47fffffff",0.746268656716418,67,50,100,4
"85e89c63fffffff",0.807017543859649,57,46,100,4
"85e89c8bfffffff",1,36,36,100,5
"8508305bfffffff",0,1074,0,100,0
"8512821bfffffff",0.953271028037383,107,102,100,4
"85180c83fffffff",0.122448979591837,49,6,100,2
"85180ccbfffffff",0.00109469074986316,1827,2,100,1
"85182c8ffffffff",0.00591715976331361,169,1,100,1
"85182d23fffffff",0.00635785649409628,1101,7,100,1
"85190023fffffff",0,259,0,100,0
"85190363fffffff",0.0161290322580645,62,1,100,1
"8519042bfffffff",0,37,0,100,0
"851904a3fffffff",0,33,0,100,0
"85194127fffffff",0.0180722891566265,166,3,100,1
"851950c3fffffff",0.0303030303030303,33,1,100,1
"85195103fffffff",0,230,0,100,0
"8528196ffffffff",0.387096774193548,31,12,100,3
"85281ca7fffffff",0.686666666666667,150,103,100,4
"85281dc3fffffff",0.796610169491525,59,47,100,4
"852912affffffff",0.0333333333333333,30,1,100,1
"85291303fffffff",0.101694915254237,59,6,100,2
"8529161bfffffff",0.0294117647058824,34,1,100,1
"852a0423fffffff",0.24390243902439,41,10,100,3
"852a0437fffffff",0.0793650793650794,63,5,100,2
"852a046bfffffff",0.105263157894737,133,14,100,2
"852a0497fffffff",0.290322580645161,62,18,100,3
"852a04abfffffff",0.30952380952381,42,13,100,3
"852a04affffffff",0.0655737704918033,61,4,100,2
"852a054ffffffff",0,52,0,100,0
"852a05c7fffffff",0.266666666666667,45,12,100,3
"852a060bfffffff",0.0444444444444444,45,2,100,2
"852a0633fffffff",0.0597014925373134,67,4,100,2
"852a102ffffffff",0.273972602739726,73,20,100,3
"852a110bfffffff",0,45,0,100,0
"852a1ebbfffffff",0.0263157894736842,38,1,100,1
"852a2063fffffff",0.151515151515152,33,5,100,3
"852a209bfffffff",0.297872340425532,141,42,100,3
"852a20dbfffffff",0.18942731277533,227,43,100,3
"852a213bfffffff",0,36,0,100,0
"852a2157fffffff",0,36,0,100,0
"852a216bfffffff",0.0235294117647059,85,2,100,1
"852a221bfffffff",0.0871212121212121,264,23,100,2
"852a2277fffffff",0.244292237442922,438,107,100,3
"852b224ffffffff",0,40,0,100,0
"852b23b7fffffff",0.0152671755725191,131,2,100,1
"85351a0ffffffff",0,123,0,100,0
"85351a33fffffff",0,47,0,100,0
"85351a37fffffff",0,143,0,100,0
"85351a7bfffffff",0,121,0,100,0
"8535a97bfffffff",0,38,0,100,0
"8535a9a3fffffff",0.0150273224043716,732,11,100,1
"8535a9a7fffffff",0.0111228813559322,1888,21,100,1
"85464e17fffffff",0.879518072289157,166,146,100,4
"8548295bfffffff",0.0952380952380952,126,12,100,2
"85482e57fffffff",0.972222222222222,36,35,100,5
"85482edbfffffff",0.828492392807746,2169,1797,100,4
"856d6eaffffffff",1,61,61,100,5
"85a8950bfffffff",1,51,51,100,5
"85bb28a3fffffff",0.996899224806202,1935,1929,100,5
"85bc899bfffffff",0.989473684210526,95,94,100,5
"85be74b3fffffff",0.769230769230769,39,30,100,4
"85be88abfffffff",0.801980198019802,101,81,100,4
"85be8c27fffffff",0.991270187690965,2291,2271,100,5
"85be8dc7fffffff",0.072463768115942,69,5,100,2
"85be8dcbfffffff",0.893292682926829,328,293,100,4
"85e4486ffffffff",0.0833333333333333,36,3,100,2
"85e45357fffffff",0.116279069767442,43,5,100,2
"85e4550ffffffff",0.108108108108108,37,4,100,2
"85e4e99bfffffff",0.0666666666666667,30,2,100,2
"85010daffffffff",0.285714285714286,35,10,100,3
"85010dd3fffffff",0.333333333333333,39,13,100,3
"8509a093fffffff",0.103448275862069,319,33,100,2
"8509a193fffffff",0,39,0,100,0
"850cdd2bfffffff",0.989247311827957,186,184,100,5
"850ced33fffffff",0.661764705882353,68,45,100,4
"85129bbbfffffff",0.658536585365854,41,27,100,4
"8512b027fffffff",0.341463414634146,41,14,100,3
"8512b407fffffff",0.465116279069767,86,40,100,3
"8512b40bfffffff",0.888888888888889,162,144,100,4
"8512b447fffffff",0.621951219512195,82,51,100,4
"8513933bfffffff",0.889210019267823,1038,923,100,4
"85139ac7fffffff",0.810699588477366,243,197,100,4
"85139ecffffffff",0.807868499056858,3711,2998,100,4
"85160e93fffffff",0.569215876089061,1033,588,100,4
"8518280ffffffff",0.221153846153846,104,23,100,3
"8518746ffffffff",0.00411522633744856,486,2,100,1
"85190e2bfffffff",0,68,0,100,0
"85190e3bfffffff",0,75,0,100,0
"85195a6ffffffff",0.00351493848857645,569,2,100,1
"85195b0ffffffff",0.0333333333333333,30,1,100,1
"85195b6ffffffff",0.0576923076923077,208,12,100,2
"85195e57fffffff",0.00392156862745098,255,1,100,1
"85195ecbfffffff",0,227,0,100,0
"851aa02bfffffff",0.673076923076923,52,35,100,4
"851d2083fffffff",0.936363636363636,110,103,100,4
"851d24affffffff",0.552845528455285,123,68,100,4
"8528d11bfffffff",0.727272727272727,99,72,100,4
"8528d1d3fffffff",0.0545454545454545,110,6,100,2
"8529a547fffffff",0.547842401500938,533,292,100,3
"8529a54bfffffff",0.312359550561798,445,139,100,3
"8529a58bfffffff",0.0714285714285714,70,5,100,2
"8529a5a3fffffff",0.0196078431372549,51,1,100,1
"8529a5c7fffffff",0.0983606557377049,61,6,100,2
"8529a5d3fffffff",0.0697674418604651,43,3,100,2
"8529ad93fffffff",0.233333333333333,60,14,100,3
"8529add7fffffff",0.898832684824903,257,231,100,4
"852a008bfffffff",0.09375,32,3,100,2
"852a00b3fffffff",0.210526315789474,38,8,100,3
"852a02dbfffffff",0.0384615384615385,52,2,100,2
"852a22cffffffff",0.0833333333333333,204,17,100,2
"852a26abfffffff",0.133333333333333,30,4,100,2
"852a26affffffff",0.0694444444444444,72,5,100,2
"852af027fffffff",0.02,50,1,100,1
"852af02bfffffff",0.03125,32,1,100,1
"852af0cbfffffff",0.0508474576271186,354,18,100,2
"852af433fffffff",0.046875,64,3,100,2
"852af46ffffffff",0.275,80,22,100,3
"852af50bfffffff",0,50,0,100,0
"852af6b7fffffff",0.087719298245614,57,5,100,2
"85392597fffffff",0,2044,0,100,0
"854ced0bfffffff",1,36,36,100,5
"8566b013fffffff",1,91,91,100,5
"8566b08bfffffff",1,36,36,100,5
"859b19a3fffffff",1,213,213,100,5
"859b19a7fffffff",1,115,115,100,5
"85bb5073fffffff",0.00140449438202247,712,1,100,1
"85be0e33fffffff",0.976470588235294,340,332,100,5
"85be0e6bfffffff",0.424242424242424,33,14,100,3
"85be1a57fffffff",0.923076923076923,39,36,100,4
"85bea90bfffffff",1,103,103,100,5
"85beab67fffffff",0.835820895522388,67,56,100,4
"8506dd0ffffffff",0.955555555555556,45,43,100,4
"8507464ffffffff",0.995656894679696,921,917,100,5
"85074e57fffffff",0.0166666666666667,60,1,100,1
"85075133fffffff",1,375,375,100,5
"85075d73fffffff",0.0155642023346304,257,4,100,1
"8507732ffffffff",0.917361111111111,1440,1321,100,4
"850c4047fffffff",0.707964601769911,113,80,100,4
"850c407bfffffff",0.973154362416107,149,145,100,5
"850c442bfffffff",1,45,45,100,5
"850c5a13fffffff",1,89,89,100,5
"850c5e53fffffff",0.956521739130435,115,110,100,4
"85129ba7fffffff",0.647058823529412,85,55,100,4
"8518239bfffffff",0,68,0,100,0
"851860dbfffffff",0,64,0,100,0
"85186283fffffff",0,696,0,100,0
"8519090ffffffff",0.00675675675675676,444,3,100,1
"85194657fffffff",0,44,0,100,0
"851b8ec7fffffff",0,31,0,100,0
"852831c3fffffff",0.425287356321839,87,37,100,3
"85283423fffffff",0.5,86,43,100,3
"8528348ffffffff",0.625,256,160,100,4
"8528c347fffffff",0.789473684210526,38,30,100,4
"85291b47fffffff",0.96,100,96,100,4
"8529a427fffffff",0.415384615384615,65,27,100,3
"8529a42bfffffff",0.432692307692308,104,45,100,3
"8529a4a3fffffff",0.02,50,1,100,1
"852a3013fffffff",0.169014084507042,142,24,100,3
"852a303bfffffff",0.239130434782609,46,11,100,3
"852a3087fffffff",0.478947368421053,760,364,100,3
"852a30bbfffffff",0.579710144927536,276,160,100,4
"852a3133fffffff",0.168224299065421,107,18,100,3
"852a31a3fffffff",0.518032786885246,1525,790,100,3
"852a31cffffffff",0.361043194784026,1227,443,100,3
"852a3337fffffff",0.166666666666667,54,9,100,3
"852a34b7fffffff",0.037037037037037,54,2,100,2
"852b041bfffffff",0.394366197183099,71,28,100,3
"852b0883fffffff",0,35,0,100,0
"852b0a23fffffff",0.0727272727272727,55,4,100,2
"852b310ffffffff",0.036144578313253,498,18,100,2
"852b36affffffff",0.280701754385965,57,16,100,3
"854971d3fffffff",0.772036474164134,329,254,100,4
"8549a923fffffff",0.978260869565217,92,90,100,5
"855d1053fffffff",0.0309278350515464,97,3,100,1
"855d10d7fffffff",0.0116279069767442,172,2,100,1
"859d0b47fffffff",0.135135135135135,74,10,100,3
"85a6a663fffffff",1,92,92,100,5
"85b9126bfffffff",0.025,40,1,100,1
"85be612bfffffff",0.0181818181818182,110,2,100,1
"85be6833fffffff",0.129032258064516,31,4,100,2
"85be68abfffffff",0.118181818181818,330,39,100,2
"85df1503fffffff",0.26,50,13,100,3
"85df22cffffffff",0.0181818181818182,55,1,100,1
"85df2663fffffff",1,32,32,100,5
"85df3153fffffff",0.973384030418251,263,256,100,5
"85df3197fffffff",1,36,36,100,5
"85df31dbfffffff",0.979757085020243,494,484,100,5
"85df3317fffffff",1,31,31,100,5
"85df338ffffffff",0.757281553398058,103,78,100,4
"85df352ffffffff",0.729166666666667,48,35,100,4
"85df3543fffffff",0.994456762749446,902,897,100,5
"85df3577fffffff",0.927272727272727,55,51,100,4
"85df35c7fffffff",0.671794871794872,390,262,100,4
"85df6d9bfffffff",1,59,59,100,5
"85df8103fffffff",0.974358974358974,39,38,100,5
"85184953fffffff",0,261,0,100,0
"8544b5c7fffffff",0,8561,0,100,0
"85192833fffffff",0,55,0,100,0
"85194dd3fffffff",0,28026,0,100,0
"85197387fffffff",0,34,0,100,0
"8519746bfffffff",0,61,0,100,0
"8509b00bfffffff",0,70,0,100,0
"8519586ffffffff",0,32,0,100,0
"85194c23fffffff",0,106,0,100,0
"85197107fffffff",0,31,0,100,0
"85190abbfffffff",0,44,0,100,0
"851941cffffffff",0,43,0,100,0
"851946cbfffffff",0,472,0,100,0
"8519680ffffffff",0,91,0,100,0
"85447003fffffff",0,112,0,100,0
"8544701bfffffff",0,252,0,100,0
"8544720ffffffff",0,78,0,100,0
"85447233fffffff",0,253,0,100,0
"854472b3fffffff",0,112,0,100,0
"856c619bfffffff",0,74,0,100,0
"851956d3fffffff",0,32,0,100,0
"8535a8cbfffffff",0,37,0,100,0
"8544092bfffffff",0,77,0,100,0
"85440963fffffff",0,65,0,100,0
"85c9843bfffffff",0,52,0,100,0
"85c98443fffffff",0,518,0,100,0
"85c9b11bfffffff",0,61,0,100,0
"85c9b1a7fffffff",0,64,0,100,0
"855d10affffffff",0,80,0,100,0
"85b9124ffffffff",0,52,0,100,0
"85192b97fffffff",0,39,0,100,0
"854643affffffff",0,8440,0,100,0
"85182c87fffffff",0,45,0,100,0
"85190847fffffff",0,85,0,100,0
"85195053fffffff",0,105,0,100,0
"852b1d8bfffffff",0,46,0,100,0
"85195adbfffffff",0,4619,0,100,0
"85190a8ffffffff",0,41,0,100,0
"85195343fffffff",0,125,0,100,0
"85195467fffffff",0,35,0,100,0
"85185013fffffff",0,44,0,100,0
"85195173fffffff",0,112,0,100,0
"852a1e83fffffff",0,143,0,100,0
"852ad17bfffffff",0,50,0,100,0
"852ad533fffffff",0,47,0,100,0
"85099a63fffffff",0,101,0,100,0
"85392243fffffff",0,35,0,100,0
"85393103fffffff",0,45,0,100,0
"85393187fffffff",0,42,0,100,0
"851862b7fffffff",0,241,0,100,0
"85945017fffffff",0,126,0,100,0
"859451cbfffffff",0,83,0,100,0
"8594556ffffffff",0,134,0,100,0
"851f33cffffffff",0,53,0,100,0
"851f2503fffffff",0,2148,0,100,0
"85196807fffffff",0,177,0,100,0
"857b9d67fffffff",0,78,0,100,0
"850ca5d3fffffff",0,67,0,100,0
"850dab8bfffffff",0,48,0,100,0
"850d8b2ffffffff",0,36,0,100,0
"85446ccbfffffff",0,456,0,100,0
"8544e557fffffff",0,39,0,100,0
"85012bb7fffffff",0.333333333333333,33,11,100,3
"85012c47fffffff",0.00169348010160881,1181,2,100,1
"85015177fffffff",0.0495049504950495,101,5,100,2
"8509a44ffffffff",0.0331325301204819,332,11,100,1
"8509a523fffffff",0.0606060606060606,33,2,100,2
"8509a5bbfffffff",0,87,0,100,0
"8509a69bfffffff",0.0192307692307692,104,2,100,1
"8509a6b3fffffff",0.00792995208987279,6053,48,100,1
"85184e8bfffffff",0,30,0,100,0
"85192b07fffffff",0.00133600534402138,2994,4,100,1
"85192b0bfffffff",0.00411522633744856,243,1,100,1
"85192bb7fffffff",0.00917431192660551,109,1,100,1
"85194e67fffffff",0,54,0,100,0
"8528dc4bfffffff",0.870967741935484,186,162,100,4
"8528dc5bfffffff",0.564935064935065,154,87,100,4
"852a11a7fffffff",0.08,125,10,100,2
"852a11b3fffffff",0.06,50,3,100,2
"852a158ffffffff",0.821212121212121,330,271,100,4
"852a1853fffffff",0.0571428571428571,35,2,100,2
"852a18d3fffffff",0.0131004366812227,229,3,100,1
"852a1a4ffffffff",0.0178571428571429,112,2,100,1
"852a1acffffffff",0,30,0,100,0
"852a3513fffffff",0.103139013452915,223,23,100,2
"852a352ffffffff",0.106060606060606,132,14,100,2
"852a3577fffffff",0.0813953488372093,86,7,100,2
"852a359bfffffff",0.222222222222222,63,14,100,3
"852b1663fffffff",0.268292682926829,41,11,100,3
"852b1867fffffff",0.385922330097087,412,159,100,3
"852b186ffffffff",0.06,200,12,100,2
"852b188ffffffff",0.0212765957446809,47,1,100,1
"852b195bfffffff",0.024390243902439,41,1,100,1
"852b198bfffffff",0.405940594059406,101,41,100,3
"852b1b53fffffff",0.0963855421686747,83,8,100,2
"8534229bfffffff",0,37,0,100,0
"85342653fffffff",0,330,0,100,0
"85343403fffffff",0.000824742268041237,2425,2,100,1
"853460dbfffffff",0,138,0,100,0
"85464b87fffffff",0.261904761904762,42,11,100,3
"85893423fffffff",0.966666666666667,30,29,100,5
"85a25013fffffff",0.993288590604027,149,148,100,5
"85ad362ffffffff",1,377,377,100,5
"85be1d07fffffff",0.0377358490566038,371,14,100,2
"85be293bfffffff",0.918918918918919,74,68,100,4
"85bf5a63fffffff",0.974358974358974,39,38,100,5
"85bf5b5bfffffff",1,33,33,100,5
"85bf5db7fffffff",1,54,54,100,5
"85de826bfffffff",0,52,0,100,0
"85de9037fffffff",0,66,0,100,0
"85de903bfffffff",0,57,0,100,0
"85de9057fffffff",0,40,0,100,0
"85de908bfffffff",0,59,0,100,0
"85df02d7fffffff",0.966666666666667,30,29,100,5
"85df064bfffffff",1,55,55,100,5
"85df064ffffffff",0.990384615384615,104,103,100,5
"85e8821bfffffff",1,48,48,100,5
"85e88253fffffff",1,113,113,100,5
"85e89117fffffff",1,61,61,100,5
"85e89523fffffff",1,52,52,100,5
"85e8980bfffffff",1,56,56,100,5
"85e8988bfffffff",1,38,38,100,5
"85e89943fffffff",1,31,31,100,5
"85e89b0ffffffff",0.957671957671958,189,181,100,4
"85e89bbbfffffff",1,70,70,100,5
"85e89bc7fffffff",0.991150442477876,113,112,100,5
"85ed317bfffffff",1,38,38,100,5
"85180cd7fffffff",0.115511551155116,303,35,100,2
"85187083fffffff",0,33,0,100,0
"85190137fffffff",0.0268199233716475,261,7,100,1
"851901affffffff",0.114035087719298,114,13,100,2
"8519037bfffffff",0.0375,80,3,100,2
"851941bbfffffff",0.197802197802198,91,18,100,3
"85195113fffffff",0,107,0,100,0
"851959b7fffffff",0,47,0,100,0
"851b22cffffffff",0,67,0,100,0
"8528037bfffffff",0.69811320754717,53,37,100,4
"8528044bfffffff",0.541666666666667,72,39,100,3
"852830b7fffffff",0.558823529411765,102,57,100,4
"8529120ffffffff",0.454873646209386,277,126,100,3
"85291227fffffff",0.568421052631579,190,108,100,4
"85291283fffffff",0.0333333333333333,30,1,100,1
"8529129bfffffff",0,136,0,100,0
"852913cffffffff",0.529100529100529,189,100,100,3
"8529164bfffffff",0.12568306010929,183,23,100,2
"852a0413fffffff",0.238297872340426,235,56,100,3
"852a0467fffffff",0.0857142857142857,35,3,100,2
"852a04cffffffff",0.263157894736842,76,20,100,3
"852a0557fffffff",0.0754716981132075,53,4,100,2
"852a05dbfffffff",0.166666666666667,36,6,100,3
"852a0613fffffff",0.08125,160,13,100,2
"852a0653fffffff",0.401574803149606,127,51,100,3
"852a0677fffffff",0,30,0,100,0
"852a068ffffffff",0.0111731843575419,179,2,100,1
"852a06c3fffffff",0.0307692307692308,65,2,100,1
"852a1123fffffff",0.0357142857142857,56,2,100,1
"852a1c73fffffff",0,144,0,100,0
"852a1cd7fffffff",0.0412371134020619,291,12,100,2
"852a1eaffffffff",0,50,0,100,0
"852a2023fffffff",0.25,32,8,100,3
"852a2053fffffff",0.340425531914894,141,48,100,3
"852a222ffffffff",0.296610169491525,118,35,100,3
"852ac6cbfffffff",0.0394736842105263,76,3,100,2
"852ac6dbfffffff",0.03125,128,4,100,1
"852b1b97fffffff",0.125,40,5,100,2
"852b2117fffffff",0,30,0,100,0
"852b23a3fffffff",0.016142735768904,1177,19,100,1
"85351b6bfffffff",0,43,0,100,0
"8535a90bfffffff",0,38,0,100,0
"8535abbbfffffff",0,32,0,100,0
"85464e13fffffff",0.4,115,46,100,3
"85464e1bfffffff",0.268867924528302,424,114,100,3
"85464e33fffffff",0.798245614035088,114,91,100,4
"85464e47fffffff",0.568,500,284,100,4
"85480ddbfffffff",0.0508474576271186,236,12,100,2
"8548233bfffffff",0.97752808988764,356,348,100,5
"854823a3fffffff",0.982662968099861,1442,1417,100,5
"85482a03fffffff",0.148936170212766,47,7,100,3
"8548345bfffffff",1,204,204,100,5
"85a8a073fffffff",1,41,41,100,5
"85be7483fffffff",0.768292682926829,82,63,100,4
"85be76d3fffffff",0.903225806451613,31,28,100,4
"85be8a2bfffffff",0.994722955145119,379,377,100,5
"85c9840ffffffff",0.00975609756097561,205,2,100,1
"85e455cffffffff",0.0833333333333333,36,3,100,2
"85e45a13fffffff",0.135135135135135,37,5,100,3
"85e45a33fffffff",0.108108108108108,37,4,100,2
"85e45c17fffffff",0.0454545454545455,44,2,100,2
"85e4ed4ffffffff",0.147058823529412,34,5,100,3
"8509a177fffffff",0,38,0,100,0
"8509a197fffffff",0,61,0,100,0
"850ce9a3fffffff",0.951807228915663,83,79,100,4
"8512b09bfffffff",0.235294117647059,34,8,100,3
"8512b453fffffff",0.303030303030303,33,10,100,3
"8512b47bfffffff",0.797297297297297,74,59,100,4
"8513918bfffffff",1,30,30,100,5
"85139347fffffff",0.852760736196319,163,139,100,4
"85139357fffffff",0.414141414141414,99,41,100,3
"8513938ffffffff",0.771739130434783,92,71,100,4
"85139e0bfffffff",0.655172413793103,87,57,100,4
"85139ed3fffffff",0.461267605633803,284,131,100,3
"85160177fffffff",0.939393939393939,33,31,100,4
"85182987fffffff",0,1504,0,100,0
"85182a27fffffff",0,37,0,100,0
"85187473fffffff",0.0103092783505155,194,2,100,1
"85190c6ffffffff",0.0594059405940594,202,12,100,2
"85191e73fffffff",0,36,0,100,0
"851925b3fffffff",0,85,0,100,0
"851948cbfffffff",0,37,0,100,0
"85194aabfffffff",0.0178571428571429,56,1,100,1
"85195aabfffffff",0.0119047619047619,84,1,100,1
"851a9613fffffff",0,61,0,100,0
"851aa047fffffff",0.902439024390244,41,37,100,4
"851aa067fffffff",0.951923076923077,104,99,100,4
"851aa297fffffff",0.485714285714286,35,17,100,3
"851aa3d7fffffff",0.968105065666041,533,516,100,5
"851aa46bfffffff",0.940594059405941,101,95,100,4
"851d2093fffffff",0.89219512195122,2050,1829,100,4
"851d2403fffffff",0.774193548387097,62,48,100,4
"851d240bfffffff",0.918918918918919,37,34,100,4
"851d25dbfffffff",0.7734375,128,99,100,4
"8522d0abfffffff",0.865,200,173,100,4
"8528d1b7fffffff",0.979281767955801,1448,1418,100,5
"8529a533fffffff",0.245283018867925,53,13,100,3
"852a00cbfffffff",0.046875,64,3,100,2
"852a0207fffffff",0,316,0,100,0
"852a020bfffffff",0.00645161290322581,155,1,100,1
"852a020ffffffff",0.0504201680672269,119,6,100,2
"852a0293fffffff",0.135135135135135,111,15,100,3
"852a029bfffffff",0.0476190476190476,294,14,100,2
"852a02affffffff",0,67,0,100,0
"852a02d7fffffff",0.254237288135593,59,15,100,3
"852a23b7fffffff",0.151515151515152,33,5,100,3
"852a254ffffffff",0.0612244897959184,49,3,100,2
"852a2577fffffff",0,48,0,100,0
"852a2607fffffff",0.0555555555555556,54,3,100,2
"852a2613fffffff",0.0344827586206897,58,2,100,1
"852af633fffffff",0.0962566844919786,187,18,100,2
"852af63bfffffff",0.00117785630153121,849,1,100,1
"852af6abfffffff",0.0476190476190476,63,3,100,2
"852eac73fffffff",0.037037037037037,54,2,100,2
"8539141bfffffff",0,532,0,100,0
"85484b7bfffffff",0.0606060606060606,33,2,100,2
"8566b463fffffff",0.989473684210526,95,94,100,5
"859b0e67fffffff",1,103,103,100,5
"85ad320ffffffff",0.976439790575916,382,373,100,5
"85bb5237fffffff",0.0062111801242236,322,2,100,1
"85bb52abfffffff",0.014218009478673,211,3,100,1
"85be0ddbfffffff",0.206896551724138,87,18,100,3
"85be0e63fffffff",0.722222222222222,36,26,100,4
"85be1a47fffffff",0.580645161290323,31,18,100,4
"85beab2bfffffff",0.958015267175573,524,502,100,4
"85e40b03fffffff",0.133333333333333,30,4,100,2
"85e40d9bfffffff",0.0303030303030303,33,1,100,1
"85074e8bfffffff",0.135135135135135,37,5,100,3
"85075597fffffff",0.953671328671329,1144,1091,100,4
"850c42b7fffffff",0.958333333333333,48,46,100,4
"850c42c3fffffff",0.719424460431655,139,100,100,4
"850c530ffffffff",0.0153846153846154,65,1,100,1
"850c5a9bfffffff",0.818181818181818,33,27,100,4
"85182033fffffff",0.0555555555555556,54,3,100,2
"85185c2ffffffff",0,32,0,100,0
"8519086ffffffff",0.00636942675159236,157,1,100,1
"85190883fffffff",0,340,0,100,0
"8519092ffffffff",0.0217391304347826,92,2,100,1
"85190c13fffffff",0.0112359550561798,178,2,100,1
"85190c53fffffff",0.0106382978723404,188,2,100,1
"8519461bfffffff",0.00442477876106195,226,1,100,1
"85194817fffffff",0.00985221674876847,203,2,100,1
"851b8e83fffffff",0,70,0,100,0
"851b9db3fffffff",0.03125,32,1,100,1
"851ba32bfffffff",0.0357142857142857,56,2,100,1
"85283573fffffff",0.782131661442006,638,499,100,4
"8528c357fffffff",0.972972972972973,74,72,100,5
"85291a6ffffffff",0.493166618202966,3439,1696,100,3
"852a2ed3fffffff",0.0169491525423729,59,1,100,1
"852a3027fffffff",0.116417910447761,335,39,100,2
"852a30b3fffffff",0.32994923857868,197,65,100,3
"852b0407fffffff",0,31,0,100,0
"852b0887fffffff",0.0454545454545455,44,2,100,2
"852b08a3fffffff",0.0967741935483871,31,3,100,2
"852b099bfffffff",0.0256410256410256,39,1,100,1
"852b311bfffffff",0.0597609561752988,251,15,100,2
"8544328ffffffff",0.0238095238095238,42,1,100,1
"854908abfffffff",0.955968688845401,1022,977,100,4
"8549a883fffffff",0.963114754098361,244,235,100,5
"855d106bfffffff",0.600732600732601,273,164,100,4
"855d168ffffffff",0.641176470588235,170,109,100,4
"85823313fffffff",0.985185185185185,135,133,100,5
"858f2a0ffffffff",0.909090909090909,33,30,100,4
"85a6114bfffffff",1,31,31,100,5
"85a61393fffffff",0.613733905579399,233,143,100,4
"85a6226ffffffff",1,566,566,100,5
"85b914bbfffffff",0.0114942528735632,87,1,100,1
"85b9168ffffffff",0.0232558139534884,258,6,100,1
"85bc442ffffffff",0.941176470588235,136,128,100,4
"85bc49b7fffffff",0.991304347826087,115,114,100,5
"85bc694ffffffff",0.255813953488372,129,33,100,3
"85be6073fffffff",0.386363636363636,44,17,100,3
"85be68c3fffffff",0.0537383177570093,428,23,100,2
"85c32e03fffffff",0.0032,625,2,100,1
"85df1227fffffff",1,39,39,100,5
"85df1473fffffff",0.782051282051282,78,61,100,4
"85df1597fffffff",0.96,50,48,100,4
"85df1ecffffffff",0.343283582089552,134,46,100,3
"85df222bfffffff",0.971428571428571,35,34,100,5
"85df260ffffffff",0.540540540540541,37,20,100,3
"85df3137fffffff",0.977777777777778,45,44,100,5
"85df354ffffffff",0.999170812603648,1206,1205,100,5
"85df3597fffffff",1,813,813,100,5
"85df35d3fffffff",0.902439024390244,205,185,100,4
"85dfac87fffffff",1,38,38,100,5
"85f24957fffffff",1,31,31,100,5
"85095973fffffff",0,35,0,100,0
"85192853fffffff",0,47,0,100,0
"8519294bfffffff",0,42,0,100,0
"8519744ffffffff",0,45,0,100,0
"8519748bfffffff",0,30,0,100,0
"85190e0ffffffff",0,86,0,100,0
"8519706bfffffff",0,54,0,100,0
"8544726ffffffff",0,71,0,100,0
"85448d23fffffff",0,40,0,100,0
"85be49abfffffff",0,40,0,100,0
"852ac617fffffff",0,59,0,100,0
"85c9840bfffffff",0,575,0,100,0
"85c9842bfffffff",0,40,0,100,0
"85c9b103fffffff",0,273,0,100,0
"851926cffffffff",0,39,0,100,0
"852af1abfffffff",0,59,0,100,0
"854896c3fffffff",0,48,0,100,0
"855d10abfffffff",0,112,0,100,0
"85c32a4bfffffff",0,182,0,100,0
"85c32a93fffffff",0,625,0,100,0
"85c32ad3fffffff",0,49,0,100,0
"85df4c83fffffff",0,84,0,100,0
"851846affffffff",0,35,0,100,0
"8519282ffffffff",0,65,0,100,0
"8519762ffffffff",0,52,0,100,0
"85182daffffffff",0,562,0,100,0
"8519080bfffffff",0,478,0,100,0
"85194087fffffff",0,48,0,100,0
"851956dbfffffff",0,95,0,100,0
"85182967fffffff",0,48,0,100,0
"85197003fffffff",0,32,0,100,0
"8519091bfffffff",0,35,0,100,0
"85195323fffffff",0,144,0,100,0
"85344c5bfffffff",0,60,0,100,0
"85186a2ffffffff",0,33,0,100,0
"85187167fffffff",0,53,0,100,0
"85195a23fffffff",0,102,0,100,0
"85182a33fffffff",0,106,0,100,0
"852af023fffffff",0,47,0,100,0
"852af02ffffffff",0,225,0,100,0
"852af177fffffff",0,38,0,100,0
"85393387fffffff",0,59,0,100,0
"852ad587fffffff",0,80,0,100,0
"857cb60ffffffff",0,119,0,100,0
"851f2073fffffff",0,33,0,100,0
"851f2153fffffff",0,41,0,100,0
"851f3303fffffff",0,54,0,100,0
"85195e43fffffff",0,84,0,100,0
"851f250bfffffff",0,50,0,100,0
"851f2543fffffff",0,41,0,100,0
"851f2547fffffff",0,61,0,100,0
"851f257bfffffff",0,32,0,100,0
"851f2587fffffff",0,341,0,100,0
"85099a2bfffffff",0,168,0,100,0
"85099a2ffffffff",0,69,0,100,0
"85195297fffffff",0,49,0,100,0
"850d1c8bfffffff",0,34,0,100,0
"850d88a7fffffff",0,33,0,100,0
"850d89d7fffffff",0,40,0,100,0
"8548704ffffffff",0,107,0,100,0
"8544a18bfffffff",0,610,0,100,0
"8545051bfffffff",0,37,0,100,0
"8501510ffffffff",0.0434782608695652,46,2,100,2
"85015553fffffff",0.4375,32,14,100,3
"850172dbfffffff",0.354838709677419,31,11,100,3
"85017657fffffff",0.333333333333333,33,11,100,3
"85017677fffffff",0.21875,32,7,100,3
"85091647fffffff",0,38,0,100,0
"85094a0bfffffff",0.0158730158730159,63,1,100,1
"85094b4bfffffff",0.6875,32,22,100,4
"8509a3affffffff",0,43,0,100,0
"8509a453fffffff",0.219512195121951,41,9,100,3
"8509a537fffffff",0,35,0,100,0
"8509a593fffffff",0.0333333333333333,30,1,100,1
"850f21d7fffffff",0,104,0,100,0
"850f2c8ffffffff",0,68,0,100,0
"85180587fffffff",0.0087719298245614,114,1,100,1
"8518058ffffffff",0,34,0,100,0
"85184313fffffff",0.012987012987013,77,1,100,1
"85184473fffffff",0.0123456790123457,81,1,100,1
"85184617fffffff",0,462,0,100,0
"85187623fffffff",0.0333333333333333,30,1,100,1
"85192b0ffffffff",0,259,0,100,0
"85192b9bfffffff",0.0099009900990099,101,1,100,1
"85194d57fffffff",0,541,0,100,0
"85194ddbfffffff",0,516,0,100,0
"851973abfffffff",0.000782472613458529,1278,1,100,1
"851974cbfffffff",0,31,0,100,0
"85197687fffffff",0.0289532293986637,449,13,100,1
"852a1187fffffff",0.0307692307692308,260,8,100,1
"852a1197fffffff",0.108108108108108,37,4,100,2
"852a3553fffffff",0.280898876404494,89,25,100,3
"852a35c3fffffff",0.125,104,13,100,2
"852b182ffffffff",0.0819672131147541,61,5,100,2
"852b1833fffffff",0.048951048951049,143,7,100,2
"852b18a7fffffff",0.623595505617977,356,222,100,4
"852b1993fffffff",0.136363636363636,44,6,100,3
"852b19cbfffffff",0.477341389728097,331,158,100,3
"852b1b03fffffff",0.1375,80,11,100,3
"852b1b57fffffff",0.0405405405405405,148,6,100,2
"852b1b73fffffff",0.0975609756097561,82,8,100,2
"8534264ffffffff",0.0101229211858279,1383,14,100,1
"853426abfffffff",0.0112359550561798,89,1,100,1
"85343487fffffff",0.15,60,9,100,3
"85343497fffffff",0,196,0,100,0
"853434c3fffffff",0.0192455735180908,2598,50,100,1
"853436dbfffffff",0.0333333333333333,30,1,100,1
"85464b9bfffffff",0.0645161290322581,31,2,100,2
"855d16affffffff",0.901234567901235,81,73,100,4
"855e43d3fffffff",0.075,40,3,100,2
"855e76d3fffffff",0.983050847457627,177,174,100,5
"85893433fffffff",1,52,52,100,5
"859a1403fffffff",0.02,50,1,100,1
"85a116abfffffff",0.96875,32,31,100,5
"85a25017fffffff",1,158,158,100,5
"85ad3603fffffff",0.142857142857143,35,5,100,3
"85de9027fffffff",0,66,0,100,0
"85de90c3fffffff",0,38,0,100,0
"85de9473fffffff",0,36,0,100,0
"85de947bfffffff",0.974358974358974,78,76,100,5
"85df0423fffffff",0,33,0,100,0
"85df049bfffffff",1,35,35,100,5
"85df06d3fffffff",0.986301369863014,73,72,100,5
"85e882c3fffffff",1,31,31,100,5
"85e89103fffffff",0.97029702970297,101,98,100,5
"85e89133fffffff",1,34,34,100,5
"85e89863fffffff",0.934210526315789,76,71,100,4
"85e89b07fffffff",1,48,48,100,5
"85e89b6ffffffff",0.852713178294574,129,110,100,4
"85e89bb3fffffff",1,55,55,100,5
"85e89d53fffffff",1,51,51,100,5
"85e9ab8ffffffff",1,38,38,100,5
"85ed316bfffffff",1,38,38,100,5
"85065047fffffff",0,30,0,100,0
"85180c8bfffffff",0.129186602870813,209,27,100,2
"85184237fffffff",0,32,0,100,0
"85186633fffffff",0,63,0,100,0
"851870c3fffffff",0.00106382978723404,940,1,100,1
"851901abfffffff",0,39,0,100,0
"8519081bfffffff",0,419,0,100,0
"85195683fffffff",0,48,0,100,0
"85195693fffffff",0.0188679245283019,106,2,100,1
"851a1ed7fffffff",0.02,50,1,100,1
"85280343fffffff",0.405405405405405,37,15,100,3
"8528045bfffffff",0.239130434782609,46,11,100,3
"85281ba7fffffff",0.633333333333333,30,19,100,4
"8528f517fffffff",0.0114613180515759,1047,12,100,1
"8528f5bbfffffff",0.516129032258065,31,16,100,3
"8529120bfffffff",0.435483870967742,124,54,100,3
"85291223fffffff",0.551926845199216,1531,845,100,4
"852913d7fffffff",0.0573770491803279,244,14,100,2
"8529162ffffffff",0,43,0,100,0
"85291643fffffff",0.116071428571429,112,13,100,2
"852a04bbfffffff",0.133333333333333,30,4,100,2
"852a0513fffffff",0,38,0,100,0
"852a05cffffffff",0.375,40,15,100,3
"852a0617fffffff",0.153846153846154,91,14,100,3
"852a0657fffffff",0.193877551020408,98,19,100,3
"852a067bfffffff",0.0731707317073171,41,3,100,2
"852a06a3fffffff",0.121621621621622,74,9,100,2
"852a06b3fffffff",0.0794701986754967,151,12,100,2
"852a1c57fffffff",0.0214285714285714,140,3,100,1
"852a20abfffffff",0.0967741935483871,31,3,100,2
"852a2103fffffff",0,44,0,100,0
"852a2153fffffff",0.130952380952381,84,11,100,2
"852a21dbfffffff",0.0851063829787234,47,4,100,2
"852a2243fffffff",0.148936170212766,141,21,100,3
"852a226bfffffff",0.407942238267148,831,339,100,3
"852ad5abfffffff",0.0404040404040404,99,4,100,2
"852b1bc7fffffff",0.0657894736842105,152,10,100,2
"852b1d73fffffff",0.437991197736561,12724,5573,100,3
"852b1d7bfffffff",0.326923076923077,988,323,100,3
"852b23affffffff",0.00597609561752988,502,3,100,1
"85351a0bfffffff",0,102,0,100,0
"85351a43fffffff",0,45,0,100,0
"85351a57fffffff",0,36,0,100,0
"85351acffffffff",0.0285714285714286,35,1,100,1
"85351b47fffffff",0,139,0,100,0
"8535a937fffffff",0.0206478499715855,5279,109,100,1
"8535a9bbfffffff",0,76,0,100,0
"854805affffffff",0.716129032258065,155,111,100,4
"854823abfffffff",0.978851963746224,331,324,100,5
"85482943fffffff",0.0606060606060606,33,2,100,2
"85482953fffffff",0.27906976744186,43,12,100,3
"854833affffffff",1,459,459,100,5
"85a81663fffffff",0.915492957746479,213,195,100,4
"85a89573fffffff",1,130,130,100,5
"85be88bbfffffff",0.944444444444444,54,51,100,4
"85be8b53fffffff",1,53,53,100,5
"85be8dcffffffff",0.0987654320987654,162,16,100,2
"85e45033fffffff",0.0652173913043478,46,3,100,2
"85e45cd7fffffff",0.0769230769230769,39,3,100,2
"85010d87fffffff",0.0555555555555556,54,3,100,2
"8509a1abfffffff",0,32,0,100,0
"850cdd23fffffff",0.973214285714286,112,109,100,5
"850ced67fffffff",0.754545454545455,110,83,100,4
"8512b323fffffff",1,78,78,100,5
"8512b3a7fffffff",0.961538461538462,52,50,100,4
"8512b63bfffffff",0.953488372093023,43,41,100,4
"8513916ffffffff",0.573770491803279,61,35,100,4
"8513932bfffffff",0.901168014375562,1113,1003,100,4
"851393affffffff",0.025,40,1,100,1
"85139a47fffffff",0.971104231166151,969,941,100,5
"85139a4ffffffff",0.972222222222222,36,35,100,5
"85139a8bfffffff",0.607142857142857,196,119,100,4
"851825d7fffffff",0,52,0,100,0
"851948c3fffffff",0.0185185185185185,54,1,100,1
"851a968bfffffff",0.0638297872340425,94,6,100,2
"851a968ffffffff",0.0125,160,2,100,1
"851aa47bfffffff",0.928270042194093,237,220,100,4
"851d209bfffffff",0.214814814814815,135,29,100,3
"8528d1d7fffffff",0.112244897959184,98,11,100,2
"8529a54ffffffff",0.488921713441654,677,331,100,3
"8529a58ffffffff",0.0869565217391304,92,8,100,2
"8529a59bfffffff",0.0416666666666667,48,2,100,2
"8529ac93fffffff",0.0268774703557312,1265,34,100,1
"8529ad37fffffff",0.3125,32,10,100,3
"852a0073fffffff",0.0144927536231884,69,1,100,1
"852a00dbfffffff",0.146341463414634,41,6,100,3
"852a0227fffffff",0.0333333333333333,30,1,100,1
"852a22abfffffff",0.267080745341615,161,43,100,3
"852a22bbfffffff",0.333333333333333,105,35,100,3
"852a22d7fffffff",0.0755813953488372,172,13,100,2
"852a232ffffffff",0.03125,32,1,100,1
"852a23a3fffffff",0,36,0,100,0
"852a23bbfffffff",0.195121951219512,41,8,100,3
"852a262bfffffff",0.072463768115942,69,5,100,2
"852a2633fffffff",0.0641025641025641,78,5,100,2
"852a2677fffffff",0.1,40,4,100,2
"852a26a7fffffff",0.0142857142857143,70,1,100,1
"852af16ffffffff",0.019047619047619,105,2,100,1
"852af17bfffffff",0.0272727272727273,110,3,100,1
"852af187fffffff",0.0294117647058824,34,1,100,1
"852af1c7fffffff",0.0232558139534884,43,1,100,1
"852af423fffffff",0.0625,64,4,100,2
"852af563fffffff",0.0163934426229508,61,1,100,1
"852af6affffffff",0.479558011049724,905,434,100,3
"852b292ffffffff",0.0909090909090909,33,3,100,2
"852b3023fffffff",0.866666666666667,45,39,100,4
"854ec967fffffff",1,54,54,100,5
"854f49bbfffffff",0.0454545454545455,44,2,100,2
"856612cffffffff",1,71,71,100,5
"8566d2cffffffff",1,99,99,100,5
"8566d493fffffff",0.984615384615385,65,64,100,5
"859b0e6ffffffff",1,43,43,100,5
"85e1a08ffffffff",0.0967741935483871,31,3,100,2
"85e42a83fffffff",0.1,30,3,100,2
"85075593fffffff",0.608695652173913,46,28,100,4
"85075d0bfffffff",0.0153846153846154,65,1,100,1
"8507732bfffffff",0.46875,32,15,100,3
"850c4093fffffff",0.981132075471698,53,52,100,5
"850c4247fffffff",0.325757575757576,660,215,100,3
"850c42c7fffffff",0.873417721518987,79,69,100,4
"850c5157fffffff",0.890850722311397,623,555,100,4
"85129383fffffff",1,55,55,100,5
"85185197fffffff",0,37,0,100,0
"851908a7fffffff",0,39,0,100,0
"851909cbfffffff",0,192,0,100,0
"85190baffffffff",0,66,0,100,0
"85194857fffffff",0.0454545454545455,44,2,100,2
"85195627fffffff",0,85,0,100,0
"851b8e43fffffff",0,33,0,100,0
"851b8e93fffffff",0,78,0,100,0
"85283437fffffff",0.846846846846847,111,94,100,4
"8528350bfffffff",0.521252796420582,447,233,100,3
"8528352bfffffff",0.467741935483871,62,29,100,3
"852835cffffffff",0.504347826086956,115,58,100,3
"852835dbfffffff",0.634408602150538,93,59,100,4
"8528c323fffffff",0.92,50,46,100,4
"85291a57fffffff",0.348837209302326,43,15,100,3
"8529a403fffffff",0.280701754385965,114,32,100,3
"852a3037fffffff",0.583931133428981,697,407,100,4
"852a3157fffffff",0.275449101796407,167,46,100,3
"852a31d7fffffff",0.398119122257053,319,127,100,3
"852a3417fffffff",0.0946745562130177,169,16,100,2
"852a34affffffff",0.602409638554217,166,100,100,4
"852a34b3fffffff",0.275229357798165,109,30,100,3
"852b04dbfffffff",0.0967741935483871,31,3,100,2
"852b0993fffffff",0.024390243902439,82,2,100,1
"852b0a3bfffffff",0.0810810810810811,37,3,100,2
"852b0a6ffffffff",0.234042553191489,47,11,100,3
"852b0c43fffffff",0.129032258064516,31,4,100,2
"852b310bfffffff",0.087248322147651,149,13,100,2
"852b36a3fffffff",0.350877192982456,114,40,100,3
"85441e77fffffff",0,2132,0,100,0
"8549a2affffffff",0.986666666666667,150,148,100,5
"8549a897fffffff",0.771428571428571,35,27,100,4
"8549a92bfffffff",0.996127033307514,1291,1286,100,5
"8549a967fffffff",1,88,88,100,5
"855d1013fffffff",0.0493827160493827,81,4,100,2
"855d10c3fffffff",0.0112359550561798,89,1,100,1
"8566f00bfffffff",1,30,30,100,5
"8582333bfffffff",0.979591836734694,98,96,100,5
"858f2a73fffffff",0.987408184679958,953,941,100,5
"85a6220ffffffff",1,115,115,100,5
"85a6226bfffffff",1,410,410,100,5
"85a6a667fffffff",1,233,233,100,5
"85b914cffffffff",0.0652173913043478,46,3,100,2
"85b91583fffffff",0.0957446808510638,94,9,100,2
"85be66a7fffffff",0.635658914728682,129,82,100,4
"85be6807fffffff",0.0900900900900901,111,10,100,2
"85da8c6bfffffff",0.948717948717949,39,37,100,4
"85df266bfffffff",1,40,40,100,5
"85df30affffffff",1,232,232,100,5
"85df3103fffffff",0.993055555555556,144,143,100,5
"85df319bfffffff",0.988505747126437,87,86,100,5
"85df3387fffffff",1,70,70,100,5
"85df33affffffff",1,61,61,100,5
"85df3553fffffff",0.805970149253731,67,54,100,4
"85df359bfffffff",0.856521739130435,230,197,100,4
"85df35cffffffff",0.932051282051282,1560,1454,100,4
"85df8117fffffff",0.945945945945946,37,35,100,4
"85eda2affffffff",1,30,30,100,5
"854486c7fffffff",0,279,0,100,0
"859f50b7fffffff",0,34,0,100,0
"85195e6bfffffff",0,16336,0,100,0
"85192933fffffff",0,138,0,100,0
"85194caffffffff",0,583,0,100,0
"85194d5bfffffff",0,19818,0,100,0
"8519738bfffffff",0,223,0,100,0
"8519755bfffffff",0,37,0,100,0
"8519052ffffffff",0,33,0,100,0
"85190843fffffff",0,54,0,100,0
"8519518bfffffff",0,160,0,100,0
"85194c2ffffffff",0,8304,0,100,0
"851970cffffffff",0,30,0,100,0
"8518442bfffffff",0,424,0,100,0
"8534260bfffffff",0,139,0,100,0
"85446693fffffff",0,64,0,100,0
"85447073fffffff",0,157,0,100,0
"8546494ffffffff",0,64,0,100,0
"85351a27fffffff",0,171,0,100,0
"8535a85bfffffff",0,40,0,100,0
"85c9808bfffffff",0,42,0,100,0
"85c98463fffffff",0,351,0,100,0
"852af13bfffffff",0,114,0,100,0
"85bb2bb7fffffff",0,41,0,100,0
"85196817fffffff",0,32,0,100,0
"8548945bfffffff",0,40,0,100,0
"855d12abfffffff",0,31,0,100,0
"857d2b97fffffff",0,33,0,100,0
"85b82e43fffffff",0,66,0,100,0
"85c32e07fffffff",0,133,0,100,0
"85192943fffffff",0,35,0,100,0
"85464173fffffff",0,1427,0,100,0
"8509818bfffffff",0,35,0,100,0
"851901d3fffffff",0,61,0,100,0
"85195217fffffff",0,76,0,100,0
"85182957fffffff",0,91,0,100,0
"85190ea3fffffff",0,146,0,100,0
"8528d50ffffffff",0,36,0,100,0
"85190943fffffff",0,1343,0,100,0
"8519454ffffffff",0,107,0,100,0
"851952bbfffffff",0,46,0,100,0
"85195327fffffff",0,195,0,100,0
"85194c43fffffff",0,97,0,100,0
"852ac68bfffffff",0,32,0,100,0
"85393197fffffff",0,30,0,100,0
"8544e553fffffff",0,49,0,100,0
"85bb5043fffffff",0,444,0,100,0
"8518591bfffffff",0,42,0,100,0
"8544f253fffffff",0,88,0,100,0
"8544f257fffffff",0,70,0,100,0
"85945c13fffffff",0,66,0,100,0
"855f1c23fffffff",0,32,0,100,0
"85196b0bfffffff",0,60,0,100,0
"85196b57fffffff",0,105,0,100,0
"851f32d3fffffff",0,64,0,100,0
"851f3547fffffff",0,37,0,100,0
"85a8a1cbfffffff",0,111,0,100,0
"85099a67fffffff",0,36,0,100,0
"852b0583fffffff",0,64,0,100,0
"857b98affffffff",0,31,0,100,0
"857b99cbfffffff",0,33,0,100,0
"85d89683fffffff",0,338,0,100,0
"854872b7fffffff",0,148,0,100,0
"85458837fffffff",0,31,0,100,0
"8544a567fffffff",0,340,0,100,0
"8544e43bfffffff",0,52,0,100,0
"8544e47bfffffff",0,37,0,100,0
"8548926ffffffff",0,52,0,100,0
"851862b3fffffff",0,222,0,100,0
"8544e6b7fffffff",0,45,0,100,0
"858f2b57fffffff",0,44,0,100,0
"85015523fffffff",0.133333333333333,30,4,100,2
"85091253fffffff",0,31,0,100,0
"85094a1bfffffff",0.05,40,2,100,2
"85094a57fffffff",0.0512820512820513,39,2,100,2
"85094aabfffffff",0.0666666666666667,30,2,100,2
"85094b43fffffff",0.808080808080808,99,80,100,4
"85095987fffffff",0.170731707317073,41,7,100,3
"8509a54bfffffff",0.0099009900990099,303,3,100,1
"8509a56bfffffff",0,30,0,100,0
"8509a58ffffffff",0,41,0,100,0
"850f21c7fffffff",0,62,0,100,0
"8518010bfffffff",0.278481012658228,79,22,100,3
"8518010ffffffff",0.0263157894736842,38,1,100,1
"85180517fffffff",0.0333333333333333,30,1,100,1
"851846bbfffffff",0,145,0,100,0
"851846cffffffff",0,30,0,100,0
"85184d53fffffff",0,458,0,100,0
"851875dbfffffff",0.00384615384615385,260,1,100,1
"85192a6ffffffff",0.0132450331125828,151,2,100,1
"85192ba7fffffff",0.00210906899668575,6638,14,100,1
"85194d43fffffff",0.00146412884333821,683,1,100,1
"851972affffffff",0.0645161290322581,31,2,100,2
"851973d7fffffff",0.005249343832021,381,2,100,1
"8519763bfffffff",0.157303370786517,178,28,100,3
"851976abfffffff",0.00292153589315526,2396,7,100,1
"8528dc9bfffffff",0.933774834437086,151,141,100,4
"8528dda3fffffff",0.966666666666667,30,29,100,5
"8528ddabfffffff",0.675925925925926,108,73,100,4
"8528ddc3fffffff",0.992481203007519,133,132,100,5
"8528ddc7fffffff",0.96,50,48,100,4
"8528ddd3fffffff",1,59,59,100,5
"8528e25bfffffff",0.161290322580645,31,5,100,3
"852a150ffffffff",0.0666666666666667,90,6,100,2
"852a3583fffffff",0.0563380281690141,71,4,100,2
"852a35abfffffff",0.0342857142857143,175,6,100,1
"852a35cbfffffff",0.475694444444444,288,137,100,3
"852a35dbfffffff",0.406666666666667,150,61,100,3
"852b0eaffffffff",0.129032258064516,31,4,100,2
"852b1817fffffff",0.0566037735849057,53,3,100,2
"852b1823fffffff",0.216748768472906,203,44,100,3
"852b19c3fffffff",0.6328125,128,81,100,4
"852b19d7fffffff",0.105263157894737,57,6,100,2
"85342603fffffff",0,102,0,100,0
"8534262ffffffff",0,86,0,100,0
"85342647fffffff",0.0154089292769656,5062,78,100,1
"853434a7fffffff",0,46,0,100,0
"853434bbfffffff",0,71,0,100,0
"85343583fffffff",0,34,0,100,0
"85343613fffffff",0,74,0,100,0
"854a6b27fffffff",1,35,35,100,5
"855e432ffffffff",0.119047619047619,42,5,100,2
"859485b7fffffff",1,7080,7080,100,5
"85973023fffffff",1,51,51,100,5
"859b01a7fffffff",1,293,293,100,5
"859b0cd3fffffff",1,64,64,100,5
"85a2508bfffffff",1,770,770,100,5
"85ad3617fffffff",0.962264150943396,477,459,100,5
"85ad363bfffffff",1,80,80,100,5
"85be1daffffffff",0.849056603773585,53,45,100,4
"85be2933fffffff",0.951807228915663,83,79,100,4
"85bf5a6ffffffff",0.894736842105263,38,34,100,4
"85de90b7fffffff",0.0111111111111111,90,1,100,1
"85de9187fffffff",0,76,0,100,0
"85de9417fffffff",0,36,0,100,0
"85df0607fffffff",0.931818181818182,44,41,100,4
"85df0663fffffff",0.428571428571429,35,15,100,3
"85e8918bfffffff",1,50,50,100,5
"85e898d3fffffff",0.94047619047619,168,158,100,4
"85e8994bfffffff",1,30,30,100,5
"85e89b2bfffffff",0.993670886075949,158,157,100,5
"85e89b8ffffffff",1,53,53,100,5
"85e89c17fffffff",1,33,33,100,5
"85e89c53fffffff",0.805555555555556,36,29,100,4
"85ea2ccffffffff",1,30,30,100,5
"850689b3fffffff",1,38,38,100,5
"85128233fffffff",1,68,68,100,5
"8518716bfffffff",0.00884955752212389,113,1,100,1
"85190167fffffff",0.0465116279069767,43,2,100,2
"85190803fffffff",0.000585137507314219,1709,1,100,1
"85190813fffffff",0.00219058050383352,913,2,100,1
"8519507bfffffff",0.00139275766016713,1436,2,100,1
"8519510ffffffff",0,116,0,100,0
"851a1a67fffffff",0,38,0,100,0
"851a1ed3fffffff",0.025,40,1,100,1
"852803cbfffffff",0.848,125,106,100,4
"85280697fffffff",0.142857142857143,35,5,100,3
"85281cb3fffffff",0.145161290322581,62,9,100,3
"8529123bfffffff",0.554166666666667,960,532,100,4
"8529133bfffffff",0.0645161290322581,31,2,100,2
"85291357fffffff",0.2,105,21,100,3
"8529166ffffffff",0.0394736842105263,76,3,100,2
"852a042bfffffff",0.12987012987013,77,10,100,2
"852a048ffffffff",0.169590643274854,171,29,100,3
"852a04a3fffffff",0.0645161290322581,31,2,100,2
"852a059bfffffff",0.1,50,5,100,2
"852a1c4ffffffff",0.0140845070422535,213,3,100,1
"852a1c6ffffffff",0.0238095238095238,42,1,100,1
"852a2093fffffff",0.212903225806452,155,33,100,3
"852a21d3fffffff",0.0697674418604651,43,3,100,2
"852a2207fffffff",0.487623762376238,404,197,100,3
"852a2213fffffff",0.145454545454545,275,40,100,3
"852a224ffffffff",0.197916666666667,192,38,100,3
"852a2253fffffff",0.106280193236715,207,22,100,2
"852ad3bbfffffff",0.0333333333333333,30,1,100,1
"852b1d4bfffffff",0.203389830508475,590,120,100,3
"852b1d63fffffff",0.485253637436099,7629,3702,100,3
"852b218ffffffff",0.032258064516129,31,1,100,1
"85351a47fffffff",0,97,0,100,0
"85351b3bfffffff",0,58,0,100,0
"85351b4bfffffff",0.0114285714285714,175,2,100,1
"85351b5bfffffff",0.00428036383092563,1869,8,100,1
"85351b73fffffff",0,70,0,100,0
"8535a927fffffff",0.0290556900726392,413,12,100,1
"85464e53fffffff",0.0137434554973822,1528,21,100,1
"85464ed3fffffff",0.000153957476944868,64953,10,100,1
"85482367fffffff",1,171,171,100,5
"85482b6ffffffff",0.159090909090909,44,7,100,3
"85baf4c3fffffff",1,72,72,100,5
"85bc7387fffffff",0.0444444444444444,45,2,100,2
"85be0c37fffffff",0.578947368421053,38,22,100,4
"85e4532bfffffff",0.153846153846154,39,6,100,3
"85e45827fffffff",0.135135135135135,37,5,100,3
"85e4e9bbfffffff",0.0294117647058824,34,1,100,1
"850cdd03fffffff",0.979166666666667,48,47,100,5
"8512b43bfffffff",0.961538461538462,52,50,100,4
"8512b46ffffffff",0.0178571428571429,56,1,100,1
"85139a4bfffffff",0.923076923076923,377,348,100,4
"85139e77fffffff",0.645569620253165,79,51,100,4
"851829c3fffffff",0,50,0,100,0
"85190cc3fffffff",0.082089552238806,134,11,100,2
"85195ba3fffffff",0.0126582278481013,79,1,100,1
"851a96dbfffffff",0.0381679389312977,131,5,100,2
"851aa423fffffff",0.0909090909090909,33,3,100,2
"851aa62ffffffff",0.860655737704918,122,105,100,4
"851d2487fffffff",0.978571428571429,140,137,100,5
"851d249bfffffff",0.814814814814815,216,176,100,4
"851d24abfffffff",0.9140625,128,117,100,4
"8522d2b3fffffff",0.966666666666667,30,29,100,5
"8528d0b7fffffff",0.234042553191489,47,11,100,3
"8528d12bfffffff",0.785714285714286,154,121,100,4
"8528d1bbfffffff",0.936061381074169,391,366,100,4
"8528d56bfffffff",0.2,110,22,100,3
"8529a577fffffff",0.434462444771723,679,295,100,3
"8529ad9bfffffff",0.742765273311897,311,231,100,4
"852a000bfffffff",0.0306122448979592,98,3,100,1
"852a005bfffffff",0.0789473684210526,76,6,100,2
"852a0077fffffff",0,34,0,100,0
"852a00d7fffffff",0.18,50,9,100,3
"852a026ffffffff",0.0851063829787234,94,8,100,2
"852a0297fffffff",0.188679245283019,106,20,100,3
"852a22dbfffffff",0.0434782608695652,184,8,100,2
"852a2427fffffff",0.202380952380952,84,17,100,3
"852a266ffffffff",0.214285714285714,140,30,100,3
"852af427fffffff",0.0677966101694915,59,4,100,2
"852af44ffffffff",0.0128205128205128,78,1,100,1
"852af567fffffff",0.0208333333333333,48,1,100,1
"852b293bfffffff",0,35,0,100,0
"852b2c17fffffff",0.194444444444444,36,7,100,3
"85484b6ffffffff",0,40,0,100,0
"854f4943fffffff",0.032258064516129,31,1,100,1
"854f4b4bfffffff",0.231578947368421,95,22,100,3
"85661a43fffffff",0.987951807228916,83,82,100,5
"85661a6bfffffff",0.964705882352941,85,82,100,5
"8566d253fffffff",0.978021978021978,91,89,100,5
"859d0ec7fffffff",0.934426229508197,61,57,100,4
"85be0c67fffffff",0.942028985507246,207,195,100,4
"85be0e23fffffff",0.867052023121387,519,450,100,4
"85be0e67fffffff",0.92,325,299,100,4
"85e1a6b3fffffff",0.09375,32,3,100,2
"85e3866ffffffff",1,41,41,100,5
"85e3ad07fffffff",1,41,41,100,5
"85e4424ffffffff",0.0625,32,2,100,2
"850704abfffffff",0,32,0,100,0
"850c404bfffffff",0.967741935483871,31,30,100,5
"850c46b7fffffff",0.75,48,36,100,4
"850c5a1bfffffff",0.974683544303797,79,77,100,5
"850c5a6bfffffff",0.558823529411765,34,19,100,4
"850c5ad7fffffff",0.949367088607595,79,75,100,4
"85129497fffffff",1,78,78,100,5
"85185627fffffff",0,95,0,100,0
"85190877fffffff",0.00164203612479475,609,1,100,1
"8519088bfffffff",0,87,0,100,0
"85190947fffffff",0.0588235294117647,34,2,100,2
"851909dbfffffff",0.024390243902439,41,1,100,1
"851946affffffff",0.000573888091822095,3485,2,100,1
"851ba063fffffff",0,67,0,100,0
"8528312ffffffff",0.229166666666667,48,11,100,3
"85283433fffffff",0.719512195121951,164,118,100,4
"852834a3fffffff",0.558139534883721,43,24,100,4
"8528c343fffffff",0.709677419354839,62,44,100,4
"8528c34bfffffff",0.977099236641221,262,256,100,5
"8529a433fffffff",0.0980392156862745,51,5,100,2
"852a3023fffffff",0.337579617834395,157,53,100,3
"852a302bfffffff",0.454545454545455,44,20,100,3
"852a308bfffffff",0.327433628318584,113,37,100,3
"852a30a3fffffff",0.466101694915254,118,55,100,3
"852a30abfffffff",0.625,376,235,100,4
"852a31bbfffffff",0.399150743099788,471,188,100,3
"852a342ffffffff",0.488817891373802,626,306,100,3
"852a3477fffffff",0.134615384615385,52,7,100,3
"852b0453fffffff",0.0372340425531915,188,7,100,2
"852b0b17fffffff",0.0615384615384615,65,4,100,2
"852b3103fffffff",0.016025641025641,312,5,100,1
"852b3137fffffff",0.0317460317460317,63,2,100,1
"852b31cbfffffff",0.238532110091743,109,26,100,3
"852b36abfffffff",0.114285714285714,35,4,100,2
"852b7647fffffff",0.111111111111111,45,5,100,2
"8549a217fffffff",1,30,30,100,5
"855d11cbfffffff",0.433333333333333,30,13,100,3
"85b91113fffffff",0.0173010380622837,289,5,100,1
"85b91413fffffff",0.0746268656716418,67,5,100,2
"85b91687fffffff",0.0462962962962963,108,5,100,2
"85be6817fffffff",0.0889370932754881,461,41,100,2
"85c32473fffffff",0.857142857142857,35,30,100,4
"85df314bfffffff",0.991735537190083,121,120,100,5
"85df3183fffffff",1,93,93,100,5
"85df31a7fffffff",0.0746268656716418,67,5,100,2
"85df3337fffffff",0.487603305785124,121,59,100,3
"85df350ffffffff",0.972299168975069,361,351,100,5
"85df4543fffffff",0.473684210526316,38,18,100,3
"8564c54ffffffff",0,30,0,100,0
"855d10cbfffffff",0,43,0,100,0
"85192887fffffff",0,39,0,100,0
"8519290ffffffff",0,57,0,100,0
"85192b1bfffffff",0,419,0,100,0
"85192b83fffffff",0,31,0,100,0
"8519747bfffffff",0,72,0,100,0
"851976a7fffffff",0,48,0,100,0
"85194143fffffff",0,39,0,100,0
"851941abfffffff",0,80,0,100,0
"85195963fffffff",0,621,0,100,0
"851828b7fffffff",0,39,0,100,0
"85190e07fffffff",0,37,0,100,0
"85194c37fffffff",0,267,0,100,0
"8518237bfffffff",0,35,0,100,0
"85190bd3fffffff",0,71,0,100,0
"85094acbfffffff",0,49,0,100,0
"8519289bfffffff",0,104,0,100,0
"852a1c0bfffffff",0,178,0,100,0
"8544700bfffffff",0,408,0,100,0
"8544708ffffffff",0,35,0,100,0
"85447287fffffff",0,84,0,100,0
"8594ae2bfffffff",0,61,0,100,0
"85a305dbfffffff",0,37,0,100,0
"85182d2ffffffff",0,112,0,100,0
"85187107fffffff",0,119,0,100,0
"852ac613fffffff",0,93,0,100,0
"852ac683fffffff",0,83,0,100,0
"852ac68ffffffff",0,105,0,100,0
"85351a07fffffff",0,34,0,100,0
"85351b13fffffff",0,32,0,100,0
"85c9844ffffffff",0,58,0,100,0
"85c984d3fffffff",0,31,0,100,0
"85c9b133fffffff",0,804,0,100,0
"85c9b18ffffffff",0,33,0,100,0
"852af18ffffffff",0,148,0,100,0
"85bf4b37fffffff",0,34,0,100,0
"8545492ffffffff",0,34,0,100,0
"854643b3fffffff",0,64,0,100,0
"85186a0ffffffff",0,116,0,100,0
"85195863fffffff",0,31,0,100,0
"85187403fffffff",0,39,0,100,0
"8518749bfffffff",0,129,0,100,0
"8518623bfffffff",0,44,0,100,0
"85190b97fffffff",0,148,0,100,0
"85b90203fffffff",0,33,0,100,0
"851871a3fffffff",0,71,0,100,0
"85392257fffffff",0,30,0,100,0
"8539318ffffffff",0,32,0,100,0
"85186047fffffff",0,36,0,100,0
"85186267fffffff",0,33,0,100,0
"85195293fffffff",0,33,0,100,0
"85195337fffffff",0,45,0,100,0
"85945033fffffff",0,113,0,100,0
"85945c8bfffffff",0,107,0,100,0
"85945cbbfffffff",0,103,0,100,0
"8544d073fffffff",0,3312,0,100,0
"85194d4bfffffff",0,99,0,100,0
"851962a3fffffff",0,47,0,100,0
"85099a6ffffffff",0,211,0,100,0
"8518258bfffffff",0,33,0,100,0
"85196c97fffffff",0,33,0,100,0
"851f251bfffffff",0,41,0,100,0
"851f2593fffffff",0,86,0,100,0
"85196873fffffff",0,46,0,100,0
"85482877fffffff",0,246,0,100,0
"85446c9bfffffff",0,333,0,100,0
"8544a5abfffffff",0,39,0,100,0
"852af617fffffff",0,48,0,100,0
"8544d017fffffff",0,35,0,100,0
"8544d55bfffffff",0,61,0,100,0
"8544e42ffffffff",0,74,0,100,0
"8544e473fffffff",0,82,0,100,0
"8544f31bfffffff",0,100,0,100,0
"8501552ffffffff",0.0454545454545455,44,2,100,2
"850155c3fffffff",0.137254901960784,51,7,100,3
"8509486bfffffff",0.15625,32,5,100,3
"8509a447fffffff",0.0161290322580645,124,2,100,1
"8509a583fffffff",0,46,0,100,0
"85180103fffffff",0.0683760683760684,117,8,100,2
"85180137fffffff",0.0779220779220779,77,6,100,2
"85184553fffffff",0,235,0,100,0
"851849c3fffffff",0.00161550888529887,619,1,100,1
"8518762ffffffff",0.0140845070422535,213,3,100,1
"8519295bfffffff",0.0178571428571429,112,2,100,1
"85192aabfffffff",0.0277777777777778,36,1,100,1
"8528dc83fffffff",0.937007874015748,127,119,100,4
"8528dea7fffffff",0.922222222222222,90,83,100,4
"8528e647fffffff",0.264705882352941,34,9,100,3
"852a1137fffffff",0.046875,64,3,100,2
"852a1157fffffff",0.0410958904109589,73,3,100,2
"852a1a2ffffffff",0.1,50,5,100,2
"852a1c03fffffff",0.0256410256410256,117,3,100,1
"852a3517fffffff",0.043956043956044,182,8,100,2
"852a3527fffffff",0.0553359683794466,253,14,100,2
"852aad27fffffff",0.0378787878787879,132,5,100,2
"852b0d1bfffffff",0.111111111111111,36,4,100,2
"852b0dc3fffffff",0.121951219512195,41,5,100,2
"852b0dd7fffffff",0.0952380952380952,42,4,100,2
"852b1863fffffff",0.57488986784141,454,261,100,4
"852b18affffffff",0.408695652173913,115,47,100,3
"852b1b67fffffff",0.0609137055837563,197,12,100,2
"852b1b8bfffffff",0.0722222222222222,180,13,100,2
"8534340bfffffff",0,57,0,100,0
"85343597fffffff",0,56,0,100,0
"85344e5bfffffff",0.02,50,1,100,1
"8546417bfffffff",0,8379,0,100,0
"854643a7fffffff",0,17120,0,100,0
"854b1b37fffffff",1,112,112,100,5
"856d15c3fffffff",0.788906009244992,649,512,100,4
"85979273fffffff",1,162,162,100,5
"85a3042bfffffff",0.0952380952380952,63,6,100,2
"85a592abfffffff",1,178,178,100,5
"85a604c3fffffff",1,38,38,100,5
"85a604d3fffffff",1,288,288,100,5
"85be1da7fffffff",0.918367346938776,49,45,100,4
"85be49affffffff",0.01171875,256,3,100,1
"85bf4e73fffffff",1,63,63,100,5
"85bf5a2ffffffff",0.971428571428571,35,34,100,5
"85de91a3fffffff",0,55,0,100,0
"85de9393fffffff",0,47,0,100,0
"85df0413fffffff",0.272727272727273,77,21,100,3
"85df0453fffffff",0.780487804878049,41,32,100,4
"85df068ffffffff",0.261904761904762,84,22,100,3
"85df06cbfffffff",1,75,75,100,5
"85e88ad3fffffff",1,46,46,100,5
"85e8910ffffffff",1,44,44,100,5
"85e89817fffffff",1,44,44,100,5
"85e898abfffffff",1,57,57,100,5
"85e89b3bfffffff",0.990291262135922,103,102,100,5
"85e89bc3fffffff",1,99,99,100,5
"85e89c27fffffff",1,73,73,100,5
"85e89dd7fffffff",0.977272727272727,44,43,100,5
"85e9ac0ffffffff",1,41,41,100,5
"8506567bfffffff",0.46875,32,15,100,3
"850831d3fffffff",0,68,0,100,0
"85128203fffffff",0.971428571428571,35,34,100,5
"85128247fffffff",0.99645390070922,282,281,100,5
"85128257fffffff",0.988505747126437,87,86,100,5
"85186a63fffffff",0,196,0,100,0
"851870d3fffffff",0.00289017341040462,346,1,100,1
"8519003bfffffff",0,38,0,100,0
"85190853fffffff",0.0123456790123457,81,1,100,1
"85194023fffffff",0,171,0,100,0
"851941a3fffffff",0.0493827160493827,81,4,100,2
"851950d3fffffff",0,33,0,100,0
"851950d7fffffff",0,38,0,100,0
"851951d7fffffff",0.00735294117647059,272,2,100,1
"8519528ffffffff",0.0172413793103448,58,1,100,1
"85283087fffffff",0.692783505154639,485,336,100,4
"85291273fffffff",0.675847457627119,472,319,100,4
"8529132ffffffff",0.2,50,10,100,3
"852913cbfffffff",0.466666666666667,240,112,100,3
"852a040ffffffff",0.126050420168067,119,15,100,2
"852a0427fffffff",0.0238095238095238,42,1,100,1
"852a0447fffffff",0.225806451612903,124,28,100,3
"852a044bfffffff",0.175675675675676,148,26,100,3
"852a0477fffffff",0.144278606965174,201,29,100,3
"852a04c3fffffff",0.333333333333333,429,143,100,3
"852a04cbfffffff",0,57,0,100,0
"852a05d7fffffff",0.0967741935483871,62,6,100,2
"852a0643fffffff",0.231046931407942,277,64,100,3
"852a0647fffffff",0.357142857142857,84,30,100,3
"852a06abfffffff",0.0158730158730159,126,2,100,1
"852a1037fffffff",0.226415094339623,53,12,100,3
"852a1127fffffff",0.0147783251231527,203,3,100,1
"852a1c7bfffffff",0.0165745856353591,181,3,100,1
"852a20c3fffffff",0.414985590778098,347,144,100,3
"852a2223fffffff",0.463963963963964,222,103,100,3
"852a222bfffffff",0.287841191066998,806,232,100,3
"852b227bfffffff",0,40,0,100,0
"85351b23fffffff",0,41,0,100,0
"85351b4ffffffff",0.00943396226415094,106,1,100,1
"8535a80bfffffff",0,32,0,100,0
"8535a913fffffff",0,40,0,100,0
"8535a9b7fffffff",0,110,0,100,0
"85464eabfffffff",0.959459459459459,74,71,100,4
"85464ed7fffffff",8.14398566658523e-05,24558,2,100,1
"85480dc7fffffff",0.0681818181818182,176,12,100,2
"85480dd3fffffff",0.0878378378378378,1036,91,100,2
"856d7467fffffff",1,75,75,100,5
"85a8a2cbfffffff",0.954128440366973,218,208,100,4
"85ba69d7fffffff",0.96875,64,62,100,5
"85bb290ffffffff",0.484848484848485,33,16,100,3
"85bb2923fffffff",0.214285714285714,42,9,100,3
"85be08d3fffffff",0.466666666666667,30,14,100,3
"85be74d3fffffff",0.27027027027027,37,10,100,3
"85be8a23fffffff",0.997607655502392,1672,1668,100,5
"85be8b5bfffffff",1,39,39,100,5
"85be8c07fffffff",1,2632,2632,100,5
"85c99e87fffffff",0.9375,48,45,100,4
"850121d7fffffff",0.122222222222222,180,22,100,2
"8509a1affffffff",0,34,0,100,0
"8512b34bfffffff",1,99,99,100,5
"8513930ffffffff",0.806526806526807,429,346,100,4
"85139317fffffff",0.349206349206349,126,44,100,3
"85139333fffffff",0.720930232558139,215,155,100,4
"85139a8ffffffff",0.955882352941177,68,65,100,4
"85139e6ffffffff",0.923076923076923,182,168,100,4
"85160167fffffff",0.6875,160,110,100,4
"851871b3fffffff",0.00980392156862745,102,1,100,1
"8518743bfffffff",0.0109090909090909,275,3,100,1
"851874affffffff",0,142,0,100,0
"85190c73fffffff",0.00428134556574924,1635,7,100,1
"85190e33fffffff",0.0138888888888889,72,1,100,1
"85191acbfffffff",0,40,0,100,0
"851aa247fffffff",0.909090909090909,33,30,100,4
"851aa457fffffff",1,35,35,100,5
"851d248ffffffff",0.75,72,54,100,4
"851d24d7fffffff",0.979591836734694,245,240,100,5
"8528c3c7fffffff",0.947368421052632,76,72,100,4
"8529a557fffffff",0.540372670807453,161,87,100,3
"8529ad13fffffff",0.969047619047619,420,407,100,5
"852a00c3fffffff",0.155555555555556,45,7,100,3
"852a228ffffffff",0.111111111111111,324,36,100,2
"852a2307fffffff",0.0606060606060606,33,2,100,2
"852a2333fffffff",0.0731707317073171,41,3,100,2
"852a23affffffff",0.0909090909090909,44,4,100,2
"852a23b3fffffff",0.0555555555555556,36,2,100,2
"852a2463fffffff",0.0882352941176471,68,6,100,2
"852a251bfffffff",0,36,0,100,0
"852a2667fffffff",0.0350877192982456,57,2,100,1
"852af0a7fffffff",0.03125,32,1,100,1
"852af0abfffffff",0.0697674418604651,43,3,100,2
"852af42ffffffff",0,35,0,100,0
"852af43bfffffff",0.05,40,2,100,2
"852af467fffffff",0.0410958904109589,73,3,100,2
"852af4b3fffffff",0,61,0,100,0
"852af55bfffffff",0.0833333333333333,48,4,100,2
"852b2577fffffff",0.117647058823529,34,4,100,2
"852b2923fffffff",0.0606060606060606,33,2,100,2
"852b2c0bfffffff",0.135135135135135,37,5,100,3
"852eac0ffffffff",0.00555555555555556,180,1,100,1
"854cf30ffffffff",1,85,85,100,5
"854cf317fffffff",0.972222222222222,108,105,100,5
"854e6483fffffff",0.25531914893617,47,12,100,3
"85661a53fffffff",1,34,34,100,5
"8566b0a3fffffff",0.5,52,26,100,3
"8566d457fffffff",1,31,31,100,5
"858f088ffffffff",1,48,48,100,5
"85ad3207fffffff",0.985559566787004,277,273,100,5
"85ad32bbfffffff",0.987654320987654,81,80,100,5
"85e40ccbfffffff",0.142857142857143,35,5,100,3
"85075897fffffff",0.0172413793103448,58,1,100,1
"85075dcffffffff",0.825,240,198,100,4
"850c442ffffffff",0.917808219178082,73,67,100,4
"850c446ffffffff",0.697674418604651,86,60,100,4
"850c53a3fffffff",1,32,32,100,5
"850c5a8bfffffff",1,37,37,100,5
"85186043fffffff",0,141,0,100,0
"85190c43fffffff",0.00531914893617021,376,2,100,1
"85195633fffffff",0,73,0,100,0
"851b8e13fffffff",0,32,0,100,0
"8528318ffffffff",0.704918032786885,122,86,100,4
"8528c24bfffffff",0.850746268656716,67,57,100,4
"8529a417fffffff",0.373303167420814,442,165,100,3
"8529a4b3fffffff",0,32,0,100,0
"852a2edbfffffff",0.0394736842105263,76,3,100,2
"852a3017fffffff",0.505263157894737,285,144,100,3
"852a309bfffffff",0.202898550724638,69,14,100,3
"852a3187fffffff",0.446153846153846,195,87,100,3
"852a3197fffffff",0.222222222222222,135,30,100,3
"852a31dbfffffff",0.648714810281518,1634,1060,100,4
"852a3327fffffff",0.24,50,12,100,3
"852a3433fffffff",0.0555555555555556,54,3,100,2
"852b0aabfffffff",0.032258064516129,62,2,100,1
"852b0bcffffffff",0.411764705882353,34,14,100,3
"852b0c27fffffff",0.203703703703704,54,11,100,3
"852b7633fffffff",0,30,0,100,0
"85393343fffffff",0,40,0,100,0
"8549a2abfffffff",0.998313659359191,593,592,100,5
"855d12a7fffffff",0.00843170320404722,593,5,100,1
"855d1443fffffff",0.205882352941176,34,7,100,3
"85a62273fffffff",0.994082840236686,169,168,100,5
"85a6a66ffffffff",1,82,82,100,5
"85b91123fffffff",0.0153846153846154,65,1,100,1
"85b91263fffffff",0.027027027027027,37,1,100,1
"85b914c3fffffff",0.0793650793650794,63,5,100,2
"85bc4467fffffff",0.0234375,128,3,100,1
"85bc455bfffffff",0.702702702702703,74,52,100,4
"85df2647fffffff",1,47,47,100,5
"85df264ffffffff",1,66,66,100,5
"85df333bfffffff",0.991228070175439,114,113,100,5
"85df35bbfffffff",1,30,30,100,5
"85df6dd7fffffff",1,143,143,100,5
"85dfacbbfffffff",1,30,30,100,5
"85eda2a7fffffff",1,35,35,100,5
"855d1287fffffff",0,50,0,100,0
"851805bbfffffff",0,64,0,100,0
"851875d7fffffff",0,181,0,100,0
"8519292bfffffff",0,40,0,100,0
"85192a07fffffff",0,105,0,100,0
"85192d07fffffff",0,43,0,100,0
"85197477fffffff",0,42,0,100,0
"851976b3fffffff",0,65,0,100,0
"8519086bfffffff",0,118,0,100,0
"8519590ffffffff",0,97,0,100,0
"8509a09bfffffff",0,96,0,100,0
"85194883fffffff",0,51,0,100,0
"85194ab7fffffff",0,365,0,100,0
"85190a83fffffff",0,38,0,100,0
"8534204bfffffff",0,58,0,100,0
"8534359bfffffff",0,40,0,100,0
"853436c7fffffff",0,124,0,100,0
"8534646bfffffff",0,71,0,100,0
"859c5a6bfffffff",0,38,0,100,0
"85186a53fffffff",0,393,0,100,0
"851950b7fffffff",0,63,0,100,0
"85c980d7fffffff",0,62,0,100,0
"85c98467fffffff",0,184,0,100,0
"8544d2b7fffffff",0,31,0,100,0
"8548968ffffffff",0,31,0,100,0
"854896d7fffffff",0,65,0,100,0
"85b834bbfffffff",0,31,0,100,0
"85b9104bfffffff",0,32,0,100,0
"85b914b3fffffff",0,56,0,100,0
"85c32a9bfffffff",0,49,0,100,0
"851875c3fffffff",0,93,0,100,0
"85190857fffffff",0,178,0,100,0
"851f3307fffffff",0,40,0,100,0
"852ac273fffffff",0,33,0,100,0
"85464e93fffffff",0,99,0,100,0
"85011e33fffffff",0,63,0,100,0
"851970c7fffffff",0,42,0,100,0
"8519094ffffffff",0,80,0,100,0
"857b98a3fffffff",0,30,0,100,0
"85186543fffffff",0,85,0,100,0
"85187093fffffff",0,43,0,100,0
"851959a7fffffff",0,43,0,100,0
"852ad327fffffff",0,110,0,100,0
"852ad3a3fffffff",0,34,0,100,0
"85195a57fffffff",0,97,0,100,0
"85bb52b3fffffff",0,58,0,100,0
"85945037fffffff",0,139,0,100,0
"85945c8ffffffff",0,31,0,100,0
"851f206bfffffff",0,47,0,100,0
"851f2143fffffff",0,1390,0,100,0
"851f218bfffffff",0,33,0,100,0
"851f22a3fffffff",0,37,0,100,0
"851f2573fffffff",0,51,0,100,0
"851f25d3fffffff",0,49,0,100,0
"851944bbfffffff",0,32,0,100,0
"8519683bfffffff",0,198,0,100,0
"857b9d47fffffff",0,38,0,100,0
"850d8b77fffffff",0,30,0,100,0
"852c9e27fffffff",0,33,0,100,0
"852ad54ffffffff",0,38,0,100,0
"852ad597fffffff",0,54,0,100,0
"8544d06bfffffff",0,66,0,100,0
"8544e6affffffff",0,79,0,100,0
"850125d7fffffff",0.931034482758621,58,54,100,4
"850155cbfffffff",0.106382978723404,47,5,100,2
"850176dbfffffff",0.48936170212766,47,23,100,3
"8509a44bfffffff",0.00914634146341463,328,3,100,1
"85184477fffffff",0,256,0,100,0
"8518468ffffffff",0,321,0,100,0
"851875d3fffffff",0.0517241379310345,116,6,100,2
"85192963fffffff",0,97,0,100,0
"85192977fffffff",0.00966183574879227,207,2,100,1
"85192c3bfffffff",0,95,0,100,0
"8519723bfffffff",0.0256410256410256,39,1,100,1
"851972abfffffff",0.0172413793103448,116,2,100,1
"851972b7fffffff",0.00632911392405063,158,1,100,1
"851973affffffff",0.00192431045542014,1559,3,100,1
"851973d3fffffff",0.0136986301369863,219,3,100,1
"8528dc4ffffffff",0.627906976744186,43,27,100,4
"8528dea3fffffff",0.870689655172414,116,101,100,4
"852a1507fffffff",0.0666666666666667,45,3,100,2
"852a15abfffffff",0.46875,64,30,100,3
"852a15bbfffffff",0.505208333333333,768,388,100,3
"852a1a27fffffff",0.0909090909090909,55,5,100,2
"852a3557fffffff",0.0451612903225806,155,7,100,2
"852a3593fffffff",0,115,0,100,0
"852aadabfffffff",0.589285714285714,56,33,100,4
"852b0d2bfffffff",0,87,0,100,0
"852b190bfffffff",0.032258064516129,31,1,100,1
"852b1b0bfffffff",0.146067415730337,89,13,100,3
"852b1b33fffffff",0.0448717948717949,156,7,100,2
"852b1b93fffffff",0.286885245901639,122,35,100,3
"8534345bfffffff",0,128,0,100,0
"853434cffffffff",0.00958172102450709,5427,52,100,1
"85343697fffffff",0,107,0,100,0
"8534412ffffffff",0,38,0,100,0
"8534604bfffffff",0.00135685210312076,737,1,100,1
"853466a7fffffff",0.019047619047619,105,2,100,1
"8546416bfffffff",2.34120759487744e-05,42713,1,100,1
"8546416ffffffff",0,31932,0,100,0
"85464827fffffff",0.7,50,35,100,4
"8546496ffffffff",0.1875,32,6,100,3
"856d15d7fffffff",0.807692307692308,156,126,100,4
"858935cbfffffff",1,41,41,100,5
"85a2542bfffffff",1,352,352,100,5
"85a3046ffffffff",0.166666666666667,48,8,100,3
"85ad3693fffffff",1,136,136,100,5
"85b21d4bfffffff",0.357723577235772,123,44,100,3
"85bb53c7fffffff",0.984848484848485,198,195,100,5
"85bb53dbfffffff",0.0208333333333333,144,3,100,1
"85bf4eabfffffff",0.0517241379310345,58,3,100,2
"85de818bfffffff",0.89873417721519,79,71,100,4
"85de8293fffffff",0,43,0,100,0
"85de8677fffffff",0,34,0,100,0
"85de9137fffffff",0,31,0,100,0
"85de913bfffffff",0,42,0,100,0
"85de918ffffffff",0,84,0,100,0
"85de91d3fffffff",0.012987012987013,77,1,100,1
"85de94a3fffffff",0,39,0,100,0
"85e88a5bfffffff",1,31,31,100,5
"85e89b27fffffff",1,103,103,100,5
"85e9abaffffffff",1,40,40,100,5
"85eb20abfffffff",1,59,59,100,5
"85095ad7fffffff",0.0434782608695652,46,2,100,2
"8509aed3fffffff",0,30,0,100,0
"85128217fffffff",1,136,136,100,5
"85128273fffffff",1,194,194,100,5
"85186a5bfffffff",0,486,0,100,0
"851901b7fffffff",0.0131578947368421,76,1,100,1
"8519501bfffffff",0.00261096605744125,383,1,100,1
"851b812bfffffff",0.0540540540540541,37,2,100,2
"851b816ffffffff",0,41,0,100,0
"851b836bfffffff",0.580645161290323,31,18,100,4
"851b83dbfffffff",0.976190476190476,84,82,100,5
"851b849bfffffff",1,241,241,100,5
"852819c3fffffff",0.572815533980582,103,59,100,4
"852819cffffffff",0.493150684931507,73,36,100,3
"85283117fffffff",0.568181818181818,44,25,100,4
"8528f587fffffff",0.327868852459016,61,20,100,3
"85291247fffffff",0.353488372093023,1290,456,100,3
"85291293fffffff",0.0645161290322581,31,2,100,2
"852912d3fffffff",0.03125,32,1,100,1
"8529130ffffffff",0.253968253968254,126,32,100,3
"8529131bfffffff",0.240740740740741,54,13,100,3
"8529136ffffffff",0.730769230769231,78,57,100,4
"852a0417fffffff",0.12280701754386,57,7,100,2
"852a046ffffffff",0.0851063829787234,47,4,100,2
"852a04c7fffffff",0.287564766839378,386,111,100,3
"852a0603fffffff",0.149253731343284,67,10,100,3
"852a068bfffffff",0.0775193798449612,129,10,100,2
"852a06c7fffffff",0.0181818181818182,110,2,100,1
"852a1e97fffffff",0,193,0,100,0
"852a1ea7fffffff",0.0396039603960396,101,4,100,2
"852a2113fffffff",0,34,0,100,0
"852a2163fffffff",0,38,0,100,0
"852a220ffffffff",0.204275534441805,421,86,100,3
"852a2263fffffff",0.217142857142857,525,114,100,3
"852b1bd7fffffff",0.0104712041884817,191,2,100,1
"852b1c37fffffff",0.0625,32,2,100,2
"852b2143fffffff",0.0198019801980198,101,2,100,1
"85351a77fffffff",0.00591715976331361,169,1,100,1
"85351b27fffffff",0,56,0,100,0
"85351b63fffffff",0,68,0,100,0
"8535a92ffffffff",0,288,0,100,0
"853cd4c7fffffff",0,299,0,100,0
"85464e57fffffff",0.448692152917505,497,223,100,3
"85482377fffffff",0.979545454545454,440,431,100,5
"85482a13fffffff",0.366666666666667,30,11,100,3
"85482ad7fffffff",0.578947368421053,38,22,100,4
"85a8166bfffffff",0.746478873239437,71,53,100,4
"85a89563fffffff",1,44,44,100,5
"85ba69c7fffffff",1,277,277,100,5
"85bb2907fffffff",0.138888888888889,36,5,100,3
"85be0c2bfffffff",0.725,40,29,100,4
"85be697bfffffff",0.0625,32,2,100,2
"85be6eb3fffffff",0.10377358490566,106,11,100,2
"85be749bfffffff",0.404255319148936,47,19,100,3
"85be8bcbfffffff",0.980392156862745,204,200,100,5
"85e45153fffffff",0.0833333333333333,36,3,100,2
"850122a3fffffff",0.257142857142857,35,9,100,3
"850cdd67fffffff",0.98,50,49,100,5
"850ce93bfffffff",1,67,67,100,5
"8512b007fffffff",0.688172043010753,186,128,100,4
"8512b017fffffff",0.956521739130435,46,44,100,4
"8512b49bfffffff",0.708860759493671,79,56,100,4
"8512b4abfffffff",0.325,40,13,100,3
"85139327fffffff",0.784210526315789,190,149,100,4
"85139367fffffff",0.608695652173913,161,98,100,4
"85139383fffffff",0.526315789473684,38,20,100,3
"8513939bfffffff",0.657894736842105,38,25,100,4
"85139a13fffffff",0.468503937007874,254,119,100,3
"85182833fffffff",0,31,0,100,0
"85187433fffffff",0.0037037037037037,270,1,100,1
"85187467fffffff",0.00201612903225806,496,1,100,1
"8519260bfffffff",0.0166666666666667,60,1,100,1
"851a8cb3fffffff",1,230,230,100,5
"851a96cffffffff",0.0769230769230769,39,3,100,2
"851d251bfffffff",0.666666666666667,51,34,100,4
"851d25d3fffffff",0.923076923076923,169,156,100,4
"851db4d3fffffff",0.996153846153846,260,259,100,5
"8528c36bfffffff",0.7,30,21,100,4
"8528d13bfffffff",0.728205128205128,195,142,100,4
"8528d1a3fffffff",0.913625304136253,822,751,100,4
"8528d5cffffffff",0.166666666666667,48,8,100,3
"8529a543fffffff",0.56388088376561,1041,587,100,4
"8529a5cffffffff",0.19672131147541,61,12,100,3
"852a0003fffffff",0.0238095238095238,84,2,100,1
"852a0017fffffff",0.0491803278688525,61,3,100,2
"852a0087fffffff",0,30,0,100,0
"852a0233fffffff",0.00515463917525773,194,1,100,1
"852a0247fffffff",0.05,60,3,100,2
"852a028bfffffff",0.0902255639097744,133,12,100,2
"852a028ffffffff",0.2375,160,38,100,3
"852a02a7fffffff",0,105,0,100,0
"852a2297fffffff",0.396666666666667,300,119,100,3
"852a234bfffffff",0.166666666666667,30,5,100,3
"852a2563fffffff",0.0365853658536585,82,3,100,2
"852a2623fffffff",0.033175355450237,211,7,100,1
"852af00ffffffff",0.0540540540540541,37,2,100,2
"852af4abfffffff",0.0975609756097561,41,4,100,2
"852b298ffffffff",0.0444444444444444,45,2,100,2
"8539261bfffffff",0.000420168067226891,2380,1,100,1
"8544b177fffffff",0,185,0,100,0
"854ced77fffffff",1,35,35,100,5
"854cf0a3fffffff",1,82,82,100,5
"85661a63fffffff",1,41,41,100,5
"8566b0b3fffffff",0.755102040816326,49,37,100,4
"858f081bfffffff",0.994047619047619,336,334,100,5
"859b19b7fffffff",1,821,821,100,5
"85be0e3bfffffff",0.942857142857143,35,33,100,4
"85bea917fffffff",0.0328947368421053,152,5,100,1
"85bea947fffffff",0.948275862068966,116,110,100,4
"85bea94ffffffff",0.88456865127582,823,728,100,4
"85e42387fffffff",0.0303030303030303,33,1,100,1
"85e42b7bfffffff",0.2,30,6,100,3
"850723cbfffffff",0,33,0,100,0
"8507550bfffffff",0.979591836734694,147,144,100,5
"8507558bfffffff",0.101426307448494,631,64,100,2
"850755bbfffffff",0.993125330512956,1891,1878,100,5
"850758c7fffffff",0.422018348623853,109,46,100,3
"85075dc3fffffff",0.846715328467153,274,232,100,4
"850c40c7fffffff",0.785714285714286,42,33,100,4
"850c4213fffffff",0.947368421052632,76,72,100,4
"850c427bfffffff",0.84,100,84,100,4
"850c502ffffffff",1,43,43,100,5
"850c5a7bfffffff",0.666666666666667,33,22,100,4
"85182097fffffff",0,103,0,100,0
"851908c3fffffff",0.025,40,1,100,1
"851908cffffffff",0.00303951367781155,329,1,100,1
"85190907fffffff",0,146,0,100,0
"85194617fffffff",0.0142487046632124,772,11,100,1
"851946abfffffff",0.00829875518672199,482,4,100,1
"851b8ed7fffffff",0.0833333333333333,36,3,100,2
"852834a7fffffff",0.314285714285714,35,11,100,3
"8528350ffffffff",0.323529411764706,34,11,100,3
"85283563fffffff",0.77710843373494,332,258,100,4
"8528356ffffffff",0.716923076923077,325,233,100,4
"8528c26ffffffff",0.997368421052632,380,379,100,5
"8528c297fffffff",0.0666666666666667,30,2,100,2
"8528c333fffffff",0.761904761904762,42,32,100,4
"85291a77fffffff",0.616279069767442,86,53,100,4
"8529a42ffffffff",0.373913043478261,115,43,100,3
"8529a43bfffffff",0.225806451612903,124,28,100,3
"8529a4abfffffff",0.172839506172839,81,14,100,3
"8529a4b7fffffff",0.0151515151515152,66,1,100,1
"8529a503fffffff",0.0917431192660551,109,10,100,2
"852a3007fffffff",0.474358974358974,78,37,100,3
"852a3153fffffff",0.264248704663212,193,51,100,3
"852a340ffffffff",0.136363636363636,44,6,100,3
"852a343bfffffff",0.0454545454545455,44,2,100,2
"852a34abfffffff",0.137546468401487,269,37,100,3
"852b0683fffffff",0.0192307692307692,104,2,100,1
"852b082bfffffff",0,34,0,100,0
"852b0b53fffffff",0.102040816326531,49,5,100,2
"852b0c5bfffffff",0.0645161290322581,31,2,100,2
"852b343bfffffff",0.920634920634921,63,58,100,4
"852b347bfffffff",0.851351351351351,74,63,100,4
"855d104bfffffff",0.0384615384615385,78,3,100,2
"855d12affffffff",0.0142857142857143,70,1,100,1
"855d13c3fffffff",0.0625,32,2,100,2
"85823303fffffff",1,113,113,100,5
"85a62203fffffff",0.983050847457627,59,58,100,5
"85a62277fffffff",1,189,189,100,5
"85b9148bfffffff",0.116504854368932,103,12,100,2
"85b9a1b7fffffff",0.147058823529412,34,5,100,3
"85bc697bfffffff",0.866666666666667,75,65,100,4
"85be6163fffffff",0.00862068965517241,116,1,100,1
"85be638ffffffff",0.206185567010309,97,20,100,3
"85df1437fffffff",0.622950819672131,61,38,100,4
"85df2243fffffff",1,37,37,100,5
"85df2613fffffff",1,42,42,100,5
"85df2657fffffff",1,34,34,100,5
"85df26c3fffffff",0.704545454545455,44,31,100,4
"85df26cbfffffff",1,57,57,100,5
"85df30a7fffffff",0.951923076923077,728,693,100,4
"85df3157fffffff",0.947368421052632,76,72,100,4
"85df3193fffffff",1,41,41,100,5
"85df3333fffffff",1,38,38,100,5
"85df3573fffffff",0.611764705882353,170,104,100,4
"85344c33fffffff",0,144,0,100,0
"85464977fffffff",0,36,0,100,0
"8544b5c3fffffff",0,6243,0,100,0
"8544b5cffffffff",0,16188,0,100,0
"8509a68bfffffff",0,45,0,100,0
"85192927fffffff",0,42,0,100,0
"85197463fffffff",0,71,0,100,0
"85197587fffffff",0,48,0,100,0
"85190827fffffff",0,551,0,100,0
"851828a7fffffff",0,68,0,100,0
"8519704ffffffff",0,34,0,100,0
"852af557fffffff",0,54,0,100,0
"852a184ffffffff",0,31,0,100,0
"8534640ffffffff",0,47,0,100,0
"8544704bfffffff",0,105,0,100,0
"85447063fffffff",0,35,0,100,0
"85447097fffffff",0,52,0,100,0
"8544726bfffffff",0,103,0,100,0
"85447277fffffff",0,141,0,100,0
"858532dbfffffff",0,65,0,100,0
"85be4db3fffffff",0,31,0,100,0
"85095bdbfffffff",0,37,0,100,0
"85186a0bfffffff",0,356,0,100,0
"859442b7fffffff",0,77,0,100,0
"85c98447fffffff",0,761,0,100,0
"8544d05bfffffff",0,52,0,100,0
"852a2e03fffffff",0,30,0,100,0
"8518450bfffffff",0,155,0,100,0
"85192aaffffffff",0,47,0,100,0
"85344caffffffff",0,75,0,100,0
"85448997fffffff",0,33,0,100,0
"85095ba3fffffff",0,41,0,100,0
"85182d67fffffff",0,33,0,100,0
"8518710ffffffff",0,111,0,100,0
"851940bbfffffff",0,38,0,100,0
"852ac27bfffffff",0,34,0,100,0
"852e1b47fffffff",0,30,0,100,0
"8518298ffffffff",0,33,0,100,0
"8519096ffffffff",0,73,0,100,0
"851953a3fffffff",0,544,0,100,0
"851953b7fffffff",0,410,0,100,0
"85184503fffffff",0,176,0,100,0
"851845cffffffff",0,94,0,100,0
"85184647fffffff",0,32,0,100,0
"85448d37fffffff",0,45,0,100,0
"85180a37fffffff",0,48,0,100,0
"85182d33fffffff",0,31,0,100,0
"85186667fffffff",0,37,0,100,0
"852ad173fffffff",0,58,0,100,0
"85185637fffffff",0,33,0,100,0
"85186097fffffff",0,131,0,100,0
"85186247fffffff",0,104,0,100,0
"8544f2c7fffffff",0,38,0,100,0
"8544f2cffffffff",0,77,0,100,0
"8594ae67fffffff",0,145,0,100,0
"85182db7fffffff",0,137,0,100,0
"85196b03fffffff",0,67,0,100,0
"85196b17fffffff",0,38,0,100,0
"85196b1bfffffff",0,65,0,100,0
"851f217bfffffff",0,1160,0,100,0
"851f219bfffffff",0,1360,0,100,0
"851f331bfffffff",0,51,0,100,0
"85a8a027fffffff",0,42,0,100,0
"851f2517fffffff",0,184,0,100,0
"857b2d23fffffff",0,46,0,100,0
"850ca5a3fffffff",0,63,0,100,0
"85441333fffffff",0,122,0,100,0
"8544a523fffffff",0,31,0,100,0
"85441e0bfffffff",0,285,0,100,0
"8544d5d3fffffff",0,608,0,100,0
"85489267fffffff",0,49,0,100,0
"8544e6a7fffffff",0,89,0,100,0
"850176c7fffffff",0.354838709677419,31,11,100,3
"85091227fffffff",0,85,0,100,0
"8509a5a3fffffff",0,45,0,100,0
"8509a687fffffff",0.0554235946159937,1263,70,100,2
"851801d7fffffff",0.363636363636364,33,12,100,3
"85184683fffffff",0,126,0,100,0
"85184943fffffff",0,200,0,100,0
"851849cffffffff",0,294,0,100,0
"85192873fffffff",0.00388726919339164,1029,4,100,1
"85192b77fffffff",0.00292112950340798,1027,3,100,1
"85192b93fffffff",0.00437828371278459,2284,10,100,1
"85192c67fffffff",0,115,0,100,0
"85194dd7fffffff",0,3432,0,100,0
"85197283fffffff",0,181,0,100,0
"85197297fffffff",0.0487804878048781,41,2,100,2
"8519738ffffffff",0.0178571428571429,392,7,100,1
"85197697fffffff",0.0714285714285714,770,55,100,2
"8528dc6bfffffff",0.880952380952381,42,37,100,4
"8528de87fffffff",0.919540229885057,87,80,100,4
"8528f193fffffff",0.06,50,3,100,2
"852a11affffffff",0.0888888888888889,45,4,100,2
"852a11bbfffffff",0,48,0,100,0
"852a1a43fffffff",0.03125,96,3,100,1
"852a354bfffffff",0.262626262626263,297,78,100,3
"852a3563fffffff",0.1,140,14,100,2
"852a356ffffffff",0.2,200,40,100,3
"852b1827fffffff",0.267441860465116,86,23,100,3
"852b1887fffffff",0.00840336134453781,119,1,100,1
"852b18b3fffffff",0.0974025974025974,154,15,100,2
"852b1917fffffff",0.225806451612903,31,7,100,3
"852b1b17fffffff",0.142857142857143,112,16,100,3
"852b1b3bfffffff",0.0224089635854342,357,8,100,1
"852b1b77fffffff",0.182926829268293,246,45,100,3
"852b1b8ffffffff",0.170212765957447,47,8,100,3
"85343483fffffff",0,443,0,100,0
"853435d3fffffff",0,35,0,100,0
"85346633fffffff",0.0148148148148148,135,2,100,1
"85464957fffffff",0.0238095238095238,42,1,100,1
"855d1697fffffff",0.994063324538259,4548,4521,100,5
"85a250d7fffffff",0.99009900990099,202,200,100,5
"85a25467fffffff",1,592,592,100,5
"85a30467fffffff",0.223529411764706,85,19,100,3
"85a59203fffffff",0.933333333333333,30,28,100,4
"85a592affffffff",0.992727272727273,275,273,100,5
"85a604d7fffffff",1,153,153,100,5
"85a6102ffffffff",0.470588235294118,34,16,100,3
"85a6106ffffffff",0.592342342342342,444,263,100,4
"85be600bfffffff",0.0444444444444444,45,2,100,2
"85de820ffffffff",0,61,0,100,0
"85de9003fffffff",0,71,0,100,0
"85de90bbfffffff",0.0103092783505155,97,1,100,1
"85de943bfffffff",0,52,0,100,0
"85de952ffffffff",0.101010101010101,99,10,100,2
"85de9573fffffff",0.766666666666667,60,46,100,4
"85df04c3fffffff",0.983333333333333,60,59,100,5
"85df04d7fffffff",1,47,47,100,5
"85e891d7fffffff",1,30,30,100,5
"85e89537fffffff",1,94,94,100,5
"85e8986ffffffff",1,58,58,100,5
"85e89877fffffff",0.926829268292683,41,38,100,4
"85e898d7fffffff",1,69,69,100,5
"85e89b1bfffffff",1,48,48,100,5
"85e89b77fffffff",0.956052428681573,1297,1240,100,4
"85e89c2ffffffff",1,56,56,100,5
"850835dbfffffff",0,31,0,100,0
"85095aa7fffffff",0.0163934426229508,61,1,100,1
"85095b8ffffffff",0.0208333333333333,48,1,100,1
"8512828ffffffff",1,37,37,100,5
"85180cc3fffffff",0.0424242424242424,660,28,100,2
"85182d37fffffff",0.00324675324675325,308,1,100,1
"85182d97fffffff",0,565,0,100,0
"8518425bfffffff",0,30,0,100,0
"851870dbfffffff",0.00262368815592204,2668,7,100,1
"8518716ffffffff",0,90,0,100,0
"85187173fffffff",0,199,0,100,0
"8519013bfffffff",0,37,0,100,0
"85190323fffffff",0,32,0,100,0
"8519082bfffffff",0.00680272108843537,147,1,100,1
"851940dbfffffff",0.00457142857142857,875,4,100,1
"8519506bfffffff",0.00116009280742459,862,1,100,1
"8519517bfffffff",0.0151515151515152,132,2,100,1
"85195667fffffff",0.00342465753424658,292,1,100,1
"85195973fffffff",0.00490196078431373,204,1,100,1
"85195a17fffffff",0.107784431137725,167,18,100,2
"851b820ffffffff",0.85,40,34,100,4
"851b8223fffffff",0.88,50,44,100,4
"851b8273fffffff",0.901960784313726,51,46,100,4
"852802a7fffffff",0.113636363636364,44,5,100,2
"852803d3fffffff",0.884955752212389,113,100,100,4
"85281cb7fffffff",0.549019607843137,51,28,100,3
"852830b3fffffff",0.342857142857143,70,24,100,3
"8528310ffffffff",0.0689655172413793,58,4,100,2
"8528f583fffffff",0.010752688172043,93,1,100,1
"85291263fffffff",0.790123456790123,162,128,100,4
"852912dbfffffff",0.0975609756097561,41,4,100,2
"85291327fffffff",0.0476190476190476,42,2,100,2
"852913dbfffffff",0.236842105263158,38,9,100,3
"852a0463fffffff",0.180851063829787,94,17,100,3
"852a047bfffffff",0.096,375,36,100,2
"852a049bfffffff",0.176422764227642,1230,217,100,3
"852a066bfffffff",0.0958904109589041,73,7,100,2
"852a06b7fffffff",0.0627062706270627,303,19,100,2
"852a1c77fffffff",0,51,0,100,0
"852a1cd3fffffff",0.088,125,11,100,2
"852a205bfffffff",0.385714285714286,280,108,100,3
"852a215bfffffff",0.135135135135135,37,5,100,3
"852a21cbfffffff",0.177777777777778,45,8,100,3
"852a2237fffffff",0.393939393939394,33,13,100,3
"852b1c67fffffff",0.0675675675675676,148,10,100,2
"852b1d77fffffff",0.141274238227147,361,51,100,3
"852b1dd3fffffff",0.0882352941176471,34,3,100,2
"852b214bfffffff",0.0111111111111111,90,1,100,1
"852b219bfffffff",0.012987012987013,77,1,100,1
"852b233bfffffff",0,34,0,100,0
"852e194ffffffff",0.0512820512820513,39,2,100,2
"85351a2ffffffff",0,188,0,100,0
"85351a63fffffff",0.0050761421319797,197,1,100,1
"8535a847fffffff",0,30,0,100,0
"8535a91bfffffff",0,33,0,100,0
"8535a933fffffff",0.00807899461400359,1114,9,100,1
"8535ab37fffffff",0,35,0,100,0
"85464e3bfffffff",0.719626168224299,107,77,100,4
"8548230ffffffff",0.935064935064935,77,72,100,4
"85482b6bfffffff",0.0940298507462687,670,63,100,2
"85a89577fffffff",0.823529411764706,34,28,100,4
"85be6eb7fffffff",0.20253164556962,79,16,100,3
"85c9868ffffffff",0.824644549763033,211,174,100,4
"85c98693fffffff",0.922222222222222,90,83,100,4
"85e57267fffffff",0.301587301587302,63,19,100,3
"8509a18ffffffff",0,52,0,100,0
"850d91affffffff",1,68,68,100,5
"85129bb7fffffff",0.826086956521739,138,114,100,4
"8512b013fffffff",0.133333333333333,45,6,100,2
"8512b403fffffff",0.307692307692308,65,20,100,3
"8512b483fffffff",0.786516853932584,89,70,100,4
"85139313fffffff",0.441176470588235,34,15,100,3
"8513934bfffffff",0.65625,32,21,100,4
"85139a77fffffff",0.869346733668342,199,173,100,4
"85139acffffffff",0.930434782608696,115,107,100,4
"85139e57fffffff",0.584415584415584,154,90,100,4
"85139ec3fffffff",0.901259888661002,6826,6152,100,4
"851828abfffffff",0,44,0,100,0
"8518298bfffffff",0,225,0,100,0
"85187477fffffff",0.0116279069767442,172,2,100,1
"85187493fffffff",0,354,0,100,0
"851948b3fffffff",0,305,0,100,0
"85195b63fffffff",0.0021654395842356,2309,5,100,1
"851aa40ffffffff",0.864864864864865,74,64,100,4
"851aa447fffffff",0.578947368421053,57,33,100,4
"851d2097fffffff",1,237,237,100,5
"851d20c7fffffff",0.684210526315789,38,26,100,4
"851d2417fffffff",0.91,100,91,100,4
"851d2517fffffff",1,227,227,100,5
"851d25d7fffffff",0.914163090128755,233,213,100,4
"851db4d7fffffff",1,42,42,100,5
"8528c373fffffff",1,37,37,100,5
"8528c377fffffff",0.885245901639344,61,54,100,4
"8528d107fffffff",0.72192513368984,187,135,100,4
"8528d10bfffffff",0.666666666666667,60,40,100,4
"8528d557fffffff",0.34375,64,22,100,3
"8528d827fffffff",0.983490566037736,424,417,100,5
"8529a583fffffff",0.012987012987013,77,1,100,1
"8529ad17fffffff",0.738853503184713,157,116,100,4
"8529ad83fffffff",0.258064516129032,31,8,100,3
"8529adaffffffff",0.482758620689655,58,28,100,3
"852a0013fffffff",0.0196078431372549,51,1,100,1
"852a0083fffffff",0.0540540540540541,37,2,100,2
"852a0097fffffff",0.0909090909090909,33,3,100,2
"852a009bfffffff",0.0666666666666667,30,2,100,2
"852a00cffffffff",0,68,0,100,0
"852a021bfffffff",0,124,0,100,0
"852a024ffffffff",0.123595505617978,89,11,100,2
"852a2373fffffff",0.166666666666667,66,11,100,3
"852a2433fffffff",0.0833333333333333,36,3,100,2
"852a248bfffffff",0.157894736842105,38,6,100,3
"852a2553fffffff",0.116279069767442,43,5,100,2
"852a25c7fffffff",0.0112359550561798,89,1,100,1
"852a2663fffffff",0.173076923076923,52,9,100,3
"852af0cffffffff",0.128279883381924,343,44,100,2
"852af12bfffffff",0.0131578947368421,76,1,100,1
"852af16bfffffff",0.0173913043478261,115,2,100,1
"852af46bfffffff",0.273972602739726,73,20,100,3
"8544d463fffffff",0.0232558139534884,43,1,100,1
"85be1a0bfffffff",0.835526315789474,152,127,100,4
"85bea943fffffff",0.962962962962963,54,52,100,5
"85beab07fffffff",0.94,200,188,100,4
"85beababfffffff",0.917647058823529,85,78,100,4
"85072343fffffff",0,43,0,100,0
"85074ed7fffffff",0.491803278688525,61,30,100,3
"850758c3fffffff",0.413793103448276,87,36,100,3
"8507736ffffffff",0.602739726027397,73,44,100,4
"850c4013fffffff",0.00684261974584555,1023,7,100,1
"850c4043fffffff",0.0576208178438662,1076,62,100,2
"850c5e6bfffffff",0.989247311827957,279,276,100,5
"85190977fffffff",0.0130718954248366,153,2,100,1
"85190c47fffffff",0.0122699386503067,978,12,100,1
"85190c4bfffffff",0.00775193798449612,129,1,100,1
"8519468ffffffff",0.032,125,4,100,1
"85194807fffffff",0,185,0,100,0
"851953bbfffffff",0.000870776732845698,5742,5,100,1
"85195563fffffff",0,68,0,100,0
"8519682bfffffff",0.0217391304347826,46,1,100,1
"851b8e97fffffff",0,66,0,100,0
"851b932bfffffff",1,115,115,100,5
"85283127fffffff",0.551020408163265,49,27,100,4
"85283133fffffff",0.162162162162162,37,6,100,3
"8528319bfffffff",0.788321167883212,685,540,100,4
"852831d7fffffff",0.398989898989899,396,158,100,3
"85283413fffffff",0.682291666666667,192,131,100,4
"852834c3fffffff",0.926411948089611,13793,12778,100,4
"8528c27bfffffff",0.861486486486487,296,255,100,4
"8528c303fffffff",0.896103896103896,77,69,100,4
"8528c317fffffff",0.735849056603774,53,39,100,4
"85291a63fffffff",0.00584895922931361,17439,102,100,1
"85291b6bfffffff",0.32258064516129,31,10,100,3
"8529a4affffffff",0.0185185185185185,54,1,100,1
"8529a507fffffff",0.148514851485149,101,15,100,3
"852a3143fffffff",0.24390243902439,41,10,100,3
"852a3193fffffff",0.040650406504065,123,5,100,2
"852a31cbfffffff",0.527455919395466,1985,1047,100,3
"852a3427fffffff",0.162393162393162,117,19,100,3
"852a342bfffffff",0.176100628930818,159,28,100,3
"852a3497fffffff",0.0526315789473684,38,2,100,2
"852b0443fffffff",0.0909090909090909,33,3,100,2
"852b04cbfffffff",0.111111111111111,144,16,100,2
"852b09d7fffffff",0.0882352941176471,34,3,100,2
"852b3127fffffff",0,102,0,100,0
"852b31c7fffffff",0.019047619047619,210,4,100,1
"852b763bfffffff",0,35,0,100,0
"8544f633fffffff",0.0204081632653061,49,1,100,1
"85489653fffffff",0.0217391304347826,46,1,100,1
"8554b047fffffff",1,89,89,100,5
"855d1043fffffff",0.08,300,24,100,2
"858f2a9bfffffff",1,49,49,100,5
"85b83513fffffff",0.0447761194029851,67,3,100,2
"85b91abbfffffff",0.0263157894736842,38,1,100,1
"85be631bfffffff",0.212121212121212,33,7,100,3
"85be6357fffffff",0.0294117647058824,34,1,100,1
"85df14abfffffff",0.915492957746479,71,65,100,4
"85df15b3fffffff",0.5,104,52,100,3
"85df3037fffffff",0.924444444444444,225,208,100,4
"85df31cffffffff",0.957894736842105,285,273,100,4
"85df33abfffffff",1,118,118,100,5
"85df3503fffffff",0.968867924528302,1060,1027,100,5
"85df3523fffffff",0.886363636363636,88,78,100,4
"85df353bfffffff",0.924,500,462,100,4
"85df3547fffffff",0.963621665319321,1237,1192,100,5
"85bf4b27fffffff",0,251,0,100,0
"85192903fffffff",0,42,0,100,0
"85192a6bfffffff",0,46,0,100,0
"85194c53fffffff",0,47,0,100,0
"851974c7fffffff",0,48,0,100,0
"8519401bfffffff",0,44,0,100,0
"85196b0ffffffff",0,43,0,100,0
"85187423fffffff",0,85,0,100,0
"851948bbfffffff",0,226,0,100,0
"85194a7bfffffff",0,76,0,100,0
"857b9877fffffff",0,43,0,100,0
"85447263fffffff",0,34,0,100,0
"854472a3fffffff",0,129,0,100,0
"854472affffffff",0,70,0,100,0
"85464923fffffff",0,74,0,100,0
"855d16d7fffffff",0,95,0,100,0
"855e462bfffffff",0,32,0,100,0
"8585b417fffffff",0,31,0,100,0
"85c9846bfffffff",0,104,0,100,0
"85c9b107fffffff",0,588,0,100,0
"852af5cffffffff",0,60,0,100,0
"854454d3fffffff",0,73,0,100,0
"8548969bfffffff",0,51,0,100,0
"855d10bbfffffff",0,70,0,100,0
"857ba3dbfffffff",0,84,0,100,0
"85b936d3fffffff",0,35,0,100,0
"854643a3fffffff",0,3648,0,100,0
"85182d6bfffffff",0,41,0,100,0
"85195023fffffff",0,102,0,100,0
"851950b3fffffff",0,85,0,100,0
"85195267fffffff",0,36,0,100,0
"85195a37fffffff",0,374,0,100,0
"851829c7fffffff",0,48,0,100,0
"853915d3fffffff",0,48,0,100,0
"85392247fffffff",0,31,0,100,0
"8519095bfffffff",0,511,0,100,0
"85190967fffffff",0,55,0,100,0
"85190b83fffffff",0,100,0,100,0
"85190ba3fffffff",0,37,0,100,0
"852af547fffffff",0,60,0,100,0
"85184303fffffff",0,39,0,100,0
"85448d27fffffff",0,63,0,100,0
"8518654bfffffff",0,34,0,100,0
"8518708bfffffff",0,51,0,100,0
"85195283fffffff",0,31,0,100,0
"85195a07fffffff",0,61,0,100,0
"85187447fffffff",0,41,0,100,0
"852af153fffffff",0,35,0,100,0
"85393183fffffff",0,39,0,100,0
"85bb52affffffff",0,166,0,100,0
"8518550bfffffff",0,43,0,100,0
"8594a84ffffffff",0,206,0,100,0
"8544f6c7fffffff",0,32,0,100,0
"85948023fffffff",0,170,0,100,0
"851f3057fffffff",0,31,0,100,0
"851f2173fffffff",0,132,0,100,0
"851f21d3fffffff",0,1072,0,100,0
"851f32dbfffffff",0,33,0,100,0
"850d1c83fffffff",0,42,0,100,0
"85194887fffffff",0,66,0,100,0
"851f24a7fffffff",0,50,0,100,0
"851f2577fffffff",0,181,0,100,0
"85186293fffffff",0,66,0,100,0
"8519454bfffffff",0,41,0,100,0
"850d1cd7fffffff",0,35,0,100,0
"850d8d6ffffffff",0,43,0,100,0
"850d8ba7fffffff",0,30,0,100,0
"850d8bb7fffffff",0,30,0,100,0
"85487333fffffff",0,44,0,100,0
"852aa9a7fffffff",0,49,0,100,0
"85446c1bfffffff",0,185,0,100,0
"8544d553fffffff",0,694,0,100,0
"8544e55bfffffff",0,35,0,100,0
"8501259bfffffff",0.734939759036145,249,183,100,4
"85015187fffffff",0.235294117647059,34,8,100,3
"8501550ffffffff",0.0333333333333333,30,1,100,1
"850176cbfffffff",0.441176470588235,34,15,100,3
"8508ed37fffffff",0.340909090909091,44,15,100,3
"85094a17fffffff",0.0882352941176471,34,3,100,2
"85094a4ffffffff",0.0133333333333333,75,1,100,1
"85095997fffffff",0.034965034965035,143,5,100,1
"8509a473fffffff",0.063953488372093,172,11,100,2
"8509a47bfffffff",0.0205128205128205,195,4,100,1
"8509a507fffffff",0,30,0,100,0
"8509a563fffffff",0,31,0,100,0
"8509a92ffffffff",0.000999750062484379,4001,4,100,1
"8509a9abfffffff",0,37,0,100,0
"8509ae8ffffffff",0,32,0,100,0
"850f21c3fffffff",0,88,0,100,0
"85184427fffffff",0,83,0,100,0
"8518450ffffffff",0,426,0,100,0
"85184d43fffffff",0,668,0,100,0
"8519280bfffffff",0,104,0,100,0
"8519280ffffffff",0.00487012987012987,616,3,100,1
"8519292ffffffff",0.000761614623000762,1313,1,100,1
"85192c63fffffff",0,141,0,100,0
"85194e2bfffffff",0,86,0,100,0
"85197293fffffff",0.0260303687635575,461,12,100,1
"851ab0a3fffffff",0.08,50,4,100,2
"851ab477fffffff",1,198,198,100,5
"8528d8d3fffffff",0.818181818181818,88,72,100,4
"8528ddaffffffff",0.954545454545455,66,63,100,4
"8528deb7fffffff",0.840336134453782,119,100,100,4
"8528debbfffffff",0.815789473684211,114,93,100,4
"8528e6d3fffffff",0.111111111111111,36,4,100,2
"8528f183fffffff",0.0384615384615385,52,2,100,2
"852a1133fffffff",0,33,0,100,0
"852a1153fffffff",0.0146520146520147,273,4,100,1
"852aa927fffffff",0.0128205128205128,78,1,100,1
"852b0d23fffffff",0.0120481927710843,83,1,100,1
"852b0daffffffff",0.0196078431372549,51,1,100,1
"852b183bfffffff",0.0857142857142857,210,18,100,2
"852b1987fffffff",0.210526315789474,57,12,100,3
"852b198ffffffff",0.313432835820896,67,21,100,3
"852b19b3fffffff",0.208333333333333,48,10,100,3
"852b1b13fffffff",0.0869565217391304,69,6,100,2
"852b1b7bfffffff",0.0465116279069767,43,2,100,2
"85342287fffffff",0,105,0,100,0
"853422b3fffffff",0,110,0,100,0
"85342633fffffff",0,241,0,100,0
"85343443fffffff",0,31,0,100,0
"8534344bfffffff",0.0263157894736842,38,1,100,1
"85343493fffffff",0,378,0,100,0
"8534368ffffffff",0,111,0,100,0
"8544667bfffffff",0.027027027027027,37,1,100,1
"85464943fffffff",0.55,60,33,100,3
"85464953fffffff",0.51063829787234,47,24,100,3
"8546496bfffffff",0.586206896551724,87,51,100,4
"85464973fffffff",0.0540540540540541,74,4,100,2
"85464ba3fffffff",0.444444444444444,45,20,100,3
"855e432bfffffff",0.0151515151515152,66,1,100,1
"856d1407fffffff",0.9875,80,79,100,5
"8594ad67fffffff",0.666666666666667,54,36,100,4
"8594ad6ffffffff",0.625,32,20,100,4
"859731dbfffffff",0.985074626865672,67,66,100,5
"85a60207fffffff",0.998554449084484,6226,6217,100,5
"85b4c587fffffff",0.969230769230769,65,63,100,5
"85be29a7fffffff",0.698795180722892,83,58,100,4
"85be4937fffffff",0.0153203342618384,718,11,100,1
"85de9383fffffff",0,32,0,100,0
"85de9553fffffff",0.661538461538462,130,86,100,4
"85deaa4ffffffff",0.543859649122807,57,31,100,3
"85df02c3fffffff",0.41025641025641,78,32,100,3
"85df060ffffffff",0.883928571428571,112,99,100,4
"85df062bfffffff",0.166666666666667,30,5,100,3
"85df0647fffffff",1,40,40,100,5
"85df06cffffffff",0.968253968253968,63,61,100,5
"85e88257fffffff",1,77,77,100,5
"85e8980ffffffff",0.953488372093023,43,41,100,4
"85e89857fffffff",0.976744186046512,43,42,100,5
"85e898bbfffffff",0.991228070175439,114,113,100,5
"85e8994ffffffff",1,53,53,100,5
"85e89b9bfffffff",0.878787878787879,33,29,100,4
"85e89bcffffffff",1,34,34,100,5
"85e89bd7fffffff",1,56,56,100,5
"8518655bfffffff",0,112,0,100,0
"851865cbfffffff",0,81,0,100,0
"85190863fffffff",0.00749063670411985,267,2,100,1
"85194043fffffff",0.0222222222222222,45,1,100,1
"85195003fffffff",0,248,0,100,0
"8519500bfffffff",0.00714285714285714,140,1,100,1
"85195a2bfffffff",0.00165562913907285,2416,4,100,1
"851b8237fffffff",0.982300884955752,113,111,100,5
"851b8573fffffff",0.0505148005148005,3108,157,100,2
"8528007bfffffff",0.0666666666666667,30,2,100,2
"85280227fffffff",0.304347826086957,46,14,100,3
"85281957fffffff",0.857142857142857,35,30,100,4
"85281963fffffff",0.117647058823529,34,4,100,2
"85281d7bfffffff",0.731707317073171,41,30,100,4
"85291207fffffff",0.132075471698113,53,7,100,2
"85291317fffffff",0.0588235294117647,34,2,100,2
"85291373fffffff",0.0816326530612245,49,4,100,2
"852a0443fffffff",0.123595505617978,89,11,100,2
"852a045bfffffff",0.0909090909090909,44,4,100,2
"852a04d3fffffff",0.438461538461538,1560,684,100,3
"852a04dbfffffff",0.214022140221402,271,58,100,3
"852a055bfffffff",0,31,0,100,0
"852a05c3fffffff",0.233333333333333,60,14,100,3
"852a05d3fffffff",0.222222222222222,54,12,100,3
"852a0607fffffff",0.0143884892086331,139,2,100,1
"852a0627fffffff",0.29126213592233,103,30,100,3
"852a06bbfffffff",0.0237154150197628,253,6,100,1
"852a10a7fffffff",0.0909090909090909,55,5,100,2
"852a1c43fffffff",0.0151515151515152,66,1,100,1
"852a1c93fffffff",0,184,0,100,0
"852a20affffffff",0.125,32,4,100,2
"852a20c7fffffff",0.32258064516129,31,10,100,3
"852a20cbfffffff",0.233995584988962,453,106,100,3
"852a210bfffffff",0.05,60,3,100,2
"852b1c2bfffffff",0.108225108225108,2079,225,100,2
"852b1d6ffffffff",0.415686274509804,255,106,100,3
"852b2337fffffff",0.0108695652173913,92,1,100,1
"85351a03fffffff",0,36,0,100,0
"8535a903fffffff",0.0222222222222222,90,2,100,1
"8535a977fffffff",0,100,0,100,0
"8535a98ffffffff",0.0333333333333333,60,2,100,1
"8535a9affffffff",0.0140659340659341,4550,64,100,1
"85464e07fffffff",0.981818181818182,55,54,100,5
"85464ecffffffff",0.00181827365018435,19799,36,100,1
"85480d1bfffffff",0.0234375,128,3,100,1
"85480d73fffffff",0.0555555555555556,54,3,100,2
"85482ec3fffffff",0.773584905660377,53,41,100,4
"854833a3fffffff",0.995652173913044,230,229,100,5
"85a8a047fffffff",1,152,152,100,5
"85a8a07bfffffff",1,69,69,100,5
"85baf457fffffff",1,440,440,100,5
"85bc9903fffffff",0.985294117647059,68,67,100,5
"85e44647fffffff",0.0857142857142857,35,3,100,2
"85e45163fffffff",0.142857142857143,42,6,100,3
"85e45217fffffff",0.125,32,4,100,2
"85e45807fffffff",0.0909090909090909,33,3,100,2
"85e45d1bfffffff",0.0454545454545455,44,2,100,2
"85e47267fffffff",0.0975609756097561,41,4,100,2
"85e4eb83fffffff",0.0666666666666667,30,2,100,2
"85010d37fffffff",0.101604278074866,187,19,100,2
"850cdd17fffffff",0.983783783783784,185,182,100,5
"850ced77fffffff",0.595419847328244,131,78,100,4
"8512b337fffffff",1,59,59,100,5
"85139303fffffff",0.473404255319149,188,89,100,3
"85139a57fffffff",0.922813036020583,583,538,100,4
"85139a87fffffff",0.90625,32,29,100,4
"85139ad7fffffff",0.937853107344633,177,166,100,4
"85139e53fffffff",0.786666666666667,300,236,100,4
"85139ecbfffffff",0.769607843137255,408,314,100,4
"8518287bfffffff",0.0256410256410256,78,2,100,1
"8518290bfffffff",0,95,0,100,0
"8518299bfffffff",0,157,0,100,0
"851873affffffff",0,51,0,100,0
"851925abfffffff",0,32,0,100,0
"85194877fffffff",0.0206896551724138,145,3,100,1
"85195babfffffff",0.0188679245283019,53,1,100,1
"8519720ffffffff",0.336996336996337,273,92,100,3
"851a965bfffffff",0,33,0,100,0
"851aa05bfffffff",0.556962025316456,79,44,100,4
"851aa07bfffffff",0.98780487804878,328,324,100,5
"851aa477fffffff",0.979591836734694,196,192,100,5
"851d248bfffffff",0.940677966101695,236,222,100,4
"851d259bfffffff",0.975609756097561,82,80,100,5
"851db403fffffff",1,38,38,100,5
"8522db73fffffff",0.16622691292876,379,63,100,3
"8528d5d7fffffff",0.145833333333333,96,14,100,3
"8529a55bfffffff",0.521798365122616,734,383,100,3
"852a007bfffffff",0.0101010101010101,99,1,100,1
"852a2327fffffff",0.0833333333333333,36,3,100,2
"852a23a7fffffff",0,33,0,100,0
"852a2403fffffff",0.21875,32,7,100,3
"852a243bfffffff",0.0428571428571429,70,3,100,2
"852a246bfffffff",0.247706422018349,109,27,100,3
"852a250bfffffff",0.129032258064516,31,4,100,2
"852a25cffffffff",0.166666666666667,36,6,100,3
"852a2603fffffff",0,50,0,100,0
"852a261bfffffff",0,32,0,100,0
"852a26cffffffff",0.219512195121951,41,9,100,3
"852af0c3fffffff",0.464285714285714,84,39,100,3
"852af107fffffff",0.00763358778625954,131,1,100,1
"852af143fffffff",0.08,75,6,100,2
"852af163fffffff",0.0144927536231884,207,3,100,1
"852af19bfffffff",0,70,0,100,0
"852af437fffffff",0.118421052631579,76,9,100,2
"852af4bbfffffff",0.283018867924528,53,15,100,3
"852af52bfffffff",0,31,0,100,0
"852af5c3fffffff",0.0163934426229508,61,1,100,1
"852af5cbfffffff",0.0709219858156028,141,10,100,2
"852af5d3fffffff",0,83,0,100,0
"852b3037fffffff",0.847682119205298,151,128,100,4
"854cf307fffffff",1,131,131,100,5
"85ad3287fffffff",1,41,41,100,5
"85beab3bfffffff",0.98109243697479,952,934,100,5
"85ce1257fffffff",0.976190476190476,42,41,100,5
"85e40d17fffffff",0.0731707317073171,41,3,100,2
"85e42e63fffffff",0.129032258064516,31,4,100,2
"85072353fffffff",0,49,0,100,0
"85074c5bfffffff",0,63,0,100,0
"850755a3fffffff",1,39,39,100,5
"85075ed3fffffff",0.995762711864407,236,235,100,5
"850c5143fffffff",0.911764705882353,68,62,100,4
"850c5a63fffffff",0.428571428571429,35,15,100,3
"850c5e6ffffffff",0.944055944055944,143,135,100,4
"85190b93fffffff",0,131,0,100,0
"85190c67fffffff",0.03125,64,2,100,1
"851b8ed3fffffff",0,31,0,100,0
"85283417fffffff",0.5,142,71,100,3
"8528341bfffffff",0.577464788732394,71,41,100,4
"8528349bfffffff",0.810248198558847,2498,2024,100,4
"8528357bfffffff",0.821158690176322,397,326,100,4
"85291a67fffffff",0.574074074074074,324,186,100,4
"8529a413fffffff",0.272727272727273,297,81,100,3
"852a3103fffffff",0,35,0,100,0
"852a319bfffffff",0.191111111111111,225,43,100,3
"852a31a7fffffff",0.423580786026201,1832,776,100,3
"852a31d3fffffff",0.445606694560669,478,213,100,3
"852a3407fffffff",0.136986301369863,73,10,100,3
"852a34a7fffffff",0.0384615384615385,52,2,100,2
"852b045bfffffff",0.025,40,1,100,1
"852b04cffffffff",0.191780821917808,146,28,100,3
"852b0a63fffffff",0.0256410256410256,39,1,100,1
"852b0aaffffffff",0.0816326530612245,49,4,100,2
"852b312bfffffff",0.00719424460431655,834,6,100,1
"852b3157fffffff",0.0985915492957746,71,7,100,2
"852b31affffffff",0.0862068965517241,58,5,100,2
"852b72d7fffffff",0,33,0,100,0
"852b767bfffffff",0.024390243902439,41,1,100,1
"85393347fffffff",0,36,0,100,0
"8549a927fffffff",0.963768115942029,138,133,100,5
"858132c7fffffff",0.883720930232558,129,114,100,4
"85a62213fffffff",1,49,49,100,5
"85a6221bfffffff",1,35,35,100,5
"85b9118bfffffff",0.102564102564103,39,4,100,2
"85c3247bfffffff",0.609929078014184,141,86,100,4
"85df140ffffffff",0.579710144927536,69,40,100,4
"85df1c17fffffff",1,34,34,100,5
"85df2643fffffff",0.990990990990991,111,110,100,5
"85df3133fffffff",1,57,57,100,5
"85df316bfffffff",0.978260869565217,46,45,100,5
"85df35c3fffffff",0.976047904191617,501,489,100,5
"85344e9bfffffff",0,40,0,100,0
"8518624ffffffff",0,64,0,100,0
"855d13dbfffffff",0,264,0,100,0
"85da732bfffffff",0,165,0,100,0
"8509a6bbfffffff",0,32,0,100,0
"8519294ffffffff",0,46,0,100,0
"851929cffffffff",0,36,0,100,0
"8519744bfffffff",0,94,0,100,0
"8509b047fffffff",0,43,0,100,0
"851865cffffffff",0,50,0,100,0
"85195a0bfffffff",0,515,0,100,0
"85195b17fffffff",0,52,0,100,0
"8519705bfffffff",0,32,0,100,0
"8519712bfffffff",0,59,0,100,0
"8519714ffffffff",0,36,0,100,0
"851860c3fffffff",0,85,0,100,0
"85190c5bfffffff",0,173,0,100,0
"85446587fffffff",0,52,0,100,0
"85358d9bfffffff",0,35,0,100,0
"85c98457fffffff",0,1204,0,100,0
"85c984cffffffff",0,504,0,100,0
"85c9b123fffffff",0,456,0,100,0
"8518258ffffffff",0,116,0,100,0
"85be63b7fffffff",0,65,0,100,0
"8518018ffffffff",0,41,0,100,0
"85184353fffffff",0,30,0,100,0
"85448617fffffff",0,71,0,100,0
"8518666ffffffff",0,431,0,100,0
"8519082ffffffff",0,43,0,100,0
"85190833fffffff",0,61,0,100,0
"85195677fffffff",0,41,0,100,0
"8509a02bfffffff",0,40,0,100,0
"85182977fffffff",0,46,0,100,0
"85190e37fffffff",0,33,0,100,0
"85190e87fffffff",0,53,0,100,0
"85190953fffffff",0,90,0,100,0
"85190b33fffffff",0,138,0,100,0
"855f1c27fffffff",0,64,0,100,0
"85194137fffffff",0,113,0,100,0
"852ad16ffffffff",0,56,0,100,0
"85be8d57fffffff",0,36,0,100,0
"851871abfffffff",0,61,0,100,0
"8544d20ffffffff",0,35,0,100,0
"85bb52b7fffffff",0,410,0,100,0
"8518629bfffffff",0,42,0,100,0
"851953affffffff",0,58,0,100,0
"8544f20bfffffff",0,53,0,100,0
"8544f2d3fffffff",0,50,0,100,0
"852ad387fffffff",0,32,0,100,0
"85441e0ffffffff",0,385,0,100,0
"85a6a60ffffffff",0,93,0,100,0
"85194cb7fffffff",0,140,0,100,0
"852b1aa7fffffff",0,55,0,100,0
"85182cabfffffff",0,282,0,100,0
"851f21cffffffff",0,32,0,100,0
"85099a6bfffffff",0,114,0,100,0
"851948c7fffffff",0,33,0,100,0
"851f2553fffffff",0,48,0,100,0
"85194813fffffff",0,43,0,100,0
"857b99d3fffffff",0,30,0,100,0
"850d8b73fffffff",0,82,0,100,0
"8544a113fffffff",0,674,0,100,0
"85441e53fffffff",0,48,0,100,0
"8544d07bfffffff",0,628,0,100,0
"8544d5cbfffffff",0,1212,0,100,0
"8544f363fffffff",0,57,0,100,0
"85012b6bfffffff",0.606060606060606,33,20,100,4
"85015573fffffff",0.0476190476190476,42,2,100,2
"85094a0ffffffff",0.09375,32,3,100,2
"85094a4bfffffff",0.0277777777777778,72,2,100,1
"85095893fffffff",0,95,0,100,0
"850959b3fffffff",0.0714285714285714,56,4,100,2
"8509a42bfffffff",0.0289017341040462,346,10,100,1
"8509a467fffffff",0.0581818181818182,275,16,100,2
"8509a58bfffffff",0,31,0,100,0
"8509a5abfffffff",0.0333333333333333,30,1,100,1
"8509a683fffffff",0.0114942528735632,87,1,100,1
"850e4daffffffff",0.954545454545455,44,42,100,4
"8518013bfffffff",0,139,0,100,0
"851848a7fffffff",0,799,0,100,0
"85184c93fffffff",0,130,0,100,0
"85192807fffffff",0.00722394220846233,969,7,100,1
"851928c3fffffff",0,156,0,100,0
"85194c4bfffffff",0,38,0,100,0
"85197273fffffff",0.115646258503401,147,17,100,2
"85197683fffffff",0.202702702702703,74,15,100,3
"8528dd37fffffff",0.645161290322581,31,20,100,4
"852a1177fffffff",0.0404040404040404,99,4,100,2
"852a11b7fffffff",0,160,0,100,0
"852a11cbfffffff",0.171428571428571,35,6,100,3
"852a153bfffffff",0.0985915492957746,71,7,100,2
"852a3533fffffff",0.0425531914893617,141,6,100,2
"852a358bfffffff",0.119631901840491,326,39,100,2
"852aad33fffffff",0.114942528735632,87,10,100,2
"852b0da7fffffff",0,49,0,100,0
"852b1837fffffff",0.233766233766234,77,18,100,3
"852b1923fffffff",0.1,30,3,100,2
"852b19a3fffffff",0.422222222222222,90,38,100,3
"852b1b0ffffffff",0.161764705882353,136,22,100,3
"85342663fffffff",0.006318449873631,2374,15,100,1
"85343453fffffff",0.00316455696202532,316,1,100,1
"853434d3fffffff",0.00118483412322275,844,1,100,1
"853434d7fffffff",0,547,0,100,0
"8544861bfffffff",0.0234741784037559,213,5,100,1
"85464b97fffffff",0.909883720930233,344,313,100,4
"85464bb7fffffff",0.626506024096386,83,52,100,4
"8549ad4bfffffff",0.833333333333333,66,55,100,4
"854a2683fffffff",1,33,33,100,5
"856d1583fffffff",0.982248520710059,169,166,100,5
"8594ae7bfffffff",0.727272727272727,33,24,100,4
"85979483fffffff",0.173684210526316,190,33,100,3
"85ad3697fffffff",0.835820895522388,134,112,100,4
"85ad36abfffffff",0.997596153846154,416,415,100,5
"85bf4c4ffffffff",0.795698924731183,93,74,100,4
"85bf4e0ffffffff",0.914285714285714,35,32,100,4
"85de805bfffffff",0,33,0,100,0
"85de8277fffffff",0,40,0,100,0
"85de82d7fffffff",0.0666666666666667,45,3,100,2
"85deb37bfffffff",0,41,0,100,0
"85df048bfffffff",1,30,30,100,5
"85df068bfffffff",0.680473372781065,169,115,100,4
"85df069bfffffff",0.790322580645161,62,49,100,4
"85df06dbfffffff",1,81,81,100,5
"85df1117fffffff",0,35,0,100,0
"85e8360ffffffff",1,50,50,100,5
"85e89833fffffff",1,51,51,100,5
"85e89893fffffff",1,32,32,100,5
"85e89b0bfffffff",1,121,121,100,5
"85e89c6ffffffff",1,35,35,100,5
"85e89ea7fffffff",1,61,61,100,5
"85e91b77fffffff",1,31,31,100,5
"850689a3fffffff",0.990740740740741,108,107,100,5
"85095a87fffffff",0.125,32,4,100,2
"85095bd3fffffff",0.0104166666666667,96,1,100,1
"8512823bfffffff",1,31,31,100,5
"8512827bfffffff",0.952380952380952,42,40,100,4
"85180cc7fffffff",0.267605633802817,142,38,100,3
"85182cb3fffffff",0,93,0,100,0
"85184093fffffff",0,51,0,100,0
"851866affffffff",0,154,0,100,0
"8519054bfffffff",0,41,0,100,0
"8519411bfffffff",0.010989010989011,91,1,100,1
"85194153fffffff",0,36,0,100,0
"85195073fffffff",0.0062111801242236,644,4,100,1
"851956bbfffffff",0,35,0,100,0
"851a1e9bfffffff",0,50,0,100,0
"8528034bfffffff",0.283018867924528,53,15,100,3
"8528034ffffffff",0.452380952380952,42,19,100,3
"852803dbfffffff",0.872093023255814,86,75,100,4
"852806b3fffffff",0.317829457364341,129,41,100,3
"85281ba3fffffff",0.748091603053435,131,98,100,4
"85281bb3fffffff",0.75,72,54,100,4
"85281ca3fffffff",0.0967741935483871,31,3,100,2
"85291367fffffff",0.525547445255474,137,72,100,3
"852913c3fffffff",0.321946169772257,966,311,100,3
"852913d3fffffff",0.166666666666667,66,11,100,3
"852a04a7fffffff",0.0895522388059701,67,6,100,2
"852a04b3fffffff",0.27027027027027,37,10,100,3
"852a0543fffffff",0.0652173913043478,46,3,100,2
"852a05cbfffffff",0.291666666666667,48,14,100,3
"852a1103fffffff",0.0882352941176471,34,3,100,2
"852a1c47fffffff",0.0179372197309417,223,4,100,1
"852a1c6bfffffff",0.0365853658536585,82,3,100,2
"852a1cdbfffffff",0.0725806451612903,124,9,100,2
"852a204bfffffff",0.289473684210526,114,33,100,3
"852a20d3fffffff",0.127090301003344,299,38,100,2
"852a20d7fffffff",0.199115044247788,226,45,100,3
"852a217bfffffff",0.0526315789473684,38,2,100,2
"852a224bfffffff",0.240506329113924,79,19,100,3
"852a2257fffffff",0.0496894409937888,322,16,100,2
"852a227bfffffff",0.204268292682927,328,67,100,3
"852ac6c3fffffff",0.0375,80,3,100,2
"852ac6d3fffffff",0.0216606498194946,277,6,100,1
"852b1bbbfffffff",0.182926829268293,82,15,100,3
"852b2107fffffff",0.192307692307692,52,10,100,3
"852b2243fffffff",0,55,0,100,0
"852b2333fffffff",0.0967741935483871,31,3,100,2
"85351a3bfffffff",0,71,0,100,0
"85351aaffffffff",0,30,0,100,0
"8535a853fffffff",0,54,0,100,0
"8535a967fffffff",0.00757575757575758,132,1,100,1
"8539ad87fffffff",0,282,0,100,0
"85480d0bfffffff",0.0431034482758621,116,5,100,2
"85483697fffffff",0.989795918367347,196,194,100,5
"859f5237fffffff",0.0294117647058824,34,1,100,1
"85a72613fffffff",0.998158379373849,543,542,100,5
"85a89547fffffff",1,45,45,100,5
"85a8957bfffffff",1,31,31,100,5
"85baf447fffffff",1,30,30,100,5
"85bb2957fffffff",0.866666666666667,180,156,100,4
"85bc898bfffffff",1,121,121,100,5
"85be08dbfffffff",0.736842105263158,190,140,100,4
"85be6c4bfffffff",0.107142857142857,56,6,100,2
"85e450d3fffffff",0.142857142857143,35,5,100,3
"85e4544bfffffff",0.108108108108108,37,4,100,2
"85e45e83fffffff",0.0571428571428571,35,2,100,2
"85e4ecc3fffffff",0.151515151515152,33,5,100,3
"85011aaffffffff",1,67,67,100,5
"850cdd07fffffff",1,740,740,100,5
"850d8a73fffffff",0.989059080962801,457,452,100,5
"8512b0d7fffffff",0.142857142857143,42,6,100,3
"8512b457fffffff",0.693548387096774,124,86,100,4
"85139307fffffff",0.568965517241379,116,66,100,4
"85139a1bfffffff",0.889908256880734,436,388,100,4
"85139a2bfffffff",0.222222222222222,36,8,100,3
"85139edbfffffff",0.224137931034483,58,13,100,3
"85182983fffffff",0.000461680517082179,2166,1,100,1
"85182a23fffffff",0.0303030303030303,33,1,100,1
"85190ebbfffffff",0,121,0,100,0
"851926d7fffffff",0,38,0,100,0
"851a8c27fffffff",0.976190476190476,42,41,100,5
"851a9653fffffff",0.0165853658536585,2050,34,100,1
"851a96b3fffffff",0.0152671755725191,131,2,100,1
"851aa0cbfffffff",0.948529411764706,136,129,100,4
"851aa0d3fffffff",0.993150684931507,146,145,100,5
"851d241bfffffff",0.84,50,42,100,4
"851d25c3fffffff",0.920138888888889,288,265,100,4
"8528c3cffffffff",0.788461538461538,52,41,100,4
"8528d0a7fffffff",0.0165745856353591,181,3,100,1
"8528d103fffffff",0.682926829268293,123,84,100,4
"8528d18ffffffff",0.88265306122449,196,173,100,4
"8528d547fffffff",0.268518518518519,108,29,100,3
"8528d82ffffffff",0.983606557377049,61,60,100,5
"8529a537fffffff",0.0983606557377049,61,6,100,2
"8529a597fffffff",0.291666666666667,48,14,100,3
"852a0063fffffff",0,107,0,100,0
"852a024bfffffff",0.0407608695652174,368,15,100,2
"852a0263fffffff",0.0161290322580645,124,2,100,1
"852a027bfffffff",0.0212765957446809,47,1,100,1
"852a22c3fffffff",0.0574324324324324,296,17,100,2
"852a2363fffffff",0.368421052631579,38,14,100,3
"852a236bfffffff",0.217391304347826,46,10,100,3
"852a242ffffffff",0.141414141414141,99,14,100,3
"852a2477fffffff",0.0769230769230769,156,12,100,2
"852a24d7fffffff",0.1,30,3,100,2
"852a262ffffffff",0.103004291845494,233,24,100,2
"852a263bfffffff",0,85,0,100,0
"852af03bfffffff",0.0408163265306122,49,2,100,2
"852af0c7fffffff",0.526315789473684,57,30,100,3
"852af12ffffffff",0.0909090909090909,33,3,100,2
"852af133fffffff",0.0166666666666667,60,1,100,1
"852af477fffffff",0.151515151515152,33,5,100,3
"852af57bfffffff",0.0238095238095238,42,1,100,1
"852af5dbfffffff",0.0122699386503067,163,2,100,1
"852b29b7fffffff",0.0566037735849057,53,3,100,2
"852eac93fffffff",0.0222222222222222,45,1,100,1
"85484b6bfffffff",0,47,0,100,0
"85661acbfffffff",1,866,866,100,5
"858f0883fffffff",1,46,46,100,5
"859d2493fffffff",0.892857142857143,56,50,100,4
"85ad320bfffffff",0.025974025974026,77,2,100,1
"85ad3277fffffff",1,68,68,100,5
"85bb2da3fffffff",0.104417670682731,249,26,100,2
"85be0e37fffffff",0.890881913303438,669,596,100,4
"8506dc2bfffffff",0.204545454545455,44,9,100,3
"8506dd07fffffff",0.543689320388349,103,56,100,3
"850755b7fffffff",0.987854251012146,247,244,100,5
"85075943fffffff",0.000351000351000351,14245,5,100,1
"850c51cffffffff",0.978260869565217,46,45,100,5
"850c5a6ffffffff",0.985915492957746,142,140,100,5
"850c5ac7fffffff",0.974874371859296,199,194,100,5
"85129393fffffff",1,55,55,100,5
"85185053fffffff",0.0303030303030303,33,1,100,1
"851862affffffff",0.00826446280991736,121,1,100,1
"8519089bfffffff",0.0344827586206897,232,8,100,1
"85190c4ffffffff",0.003003003003003,333,1,100,1
"85195307fffffff",0,961,0,100,0
"85195333fffffff",0,176,0,100,0
"851b8c4bfffffff",0,32,0,100,0
"851b9d8bfffffff",0.0888888888888889,45,4,100,2
"851b9dd7fffffff",0,47,0,100,0
"85283543fffffff",0.865591397849462,372,322,100,4
"8528354ffffffff",0.856643356643357,286,245,100,4
"852835c7fffffff",0.382352941176471,34,13,100,3
"8529a193fffffff",0.34020618556701,97,33,100,3
"8529a40ffffffff",0.176470588235294,51,9,100,3
"8529a423fffffff",0.313725490196078,102,32,100,3
"8529a4bbfffffff",0.215384615384615,130,28,100,3
"852a2ecbfffffff",0.0789473684210526,38,3,100,2
"852a311bfffffff",0.103585657370518,251,26,100,2
"852a3147fffffff",0.0666666666666667,45,3,100,2
"852a31b3fffffff",0.339887640449438,356,121,100,3
"852a31b7fffffff",0.45679012345679,648,296,100,3
"852a3403fffffff",0.104166666666667,48,5,100,2
"852b0693fffffff",0.0229885057471264,435,10,100,1
"852b09c3fffffff",0.0810810810810811,37,3,100,2
"852b0a27fffffff",0.0318471337579618,157,5,100,1
"852b0b97fffffff",0.06,50,3,100,2
"852b3167fffffff",0.0105263157894737,190,2,100,1
"852b3407fffffff",0.488888888888889,45,22,100,3
"852b3633fffffff",0.145833333333333,48,7,100,3
"852b745bfffffff",0.0333333333333333,30,1,100,1
"85490833fffffff",0.998069498069498,518,517,100,5
"8549a92ffffffff",0.998556998556999,3465,3460,100,5
"858f2a17fffffff",0.909090909090909,176,160,100,4
"858f2e67fffffff",1,67,67,100,5
"85a6139bfffffff",0.479289940828402,169,81,100,3
"85a6a393fffffff",0.978260869565217,46,45,100,5
"85b91463fffffff",0,46,0,100,0
"85be6383fffffff",0.231578947368421,95,22,100,3
"85df1403fffffff",0.5,34,17,100,3
"85df14bbfffffff",0.892857142857143,56,50,100,4
"85df261bfffffff",1,71,71,100,5
"85df265bfffffff",0.85625,160,137,100,4
"85df311bfffffff",0.978835978835979,189,185,100,5
"85df315bfffffff",1,101,101,100,5
"85df33a3fffffff",1,40,40,100,5
"85df33a7fffffff",1,42,42,100,5
"85df33b3fffffff",1,66,66,100,5
"85df352bfffffff",1,55,55,100,5
"85df3593fffffff",0.998652291105121,742,741,100,5
"85df35d7fffffff",0.545454545454545,231,126,100,3
"85df408ffffffff",0.111111111111111,36,4,100,2
"855d108ffffffff",0,194,0,100,0
"85192c2bfffffff",0,68,0,100,0
"85196283fffffff",0,39,0,100,0
"851866a7fffffff",0,83,0,100,0
"85192dc7fffffff",0,34,0,100,0
"85190ea7fffffff",0,92,0,100,0
"85190eb7fffffff",0,162,0,100,0
"8519488ffffffff",0,69,0,100,0
"85194bbbfffffff",0,35,0,100,0
"85196eb7fffffff",0,40,0,100,0
"8519700bfffffff",0,52,0,100,0
"85197053fffffff",0,31,0,100,0
"85197147fffffff",0,38,0,100,0
"85196aa3fffffff",0,30,0,100,0
"852a1873fffffff",0,30,0,100,0
"85342043fffffff",0,48,0,100,0
"853422a3fffffff",0,37,0,100,0
"85447043fffffff",0,47,0,100,0
"85447077fffffff",0,32,0,100,0
"8544723bfffffff",0,308,0,100,0
"8544728bfffffff",0,60,0,100,0
"8544746ffffffff",0,56,0,100,0
"85458823fffffff",0,70,0,100,0
"8585a58bfffffff",0,33,0,100,0
"852a2177fffffff",0,45,0,100,0
"8535a963fffffff",0,49,0,100,0
"85c98093fffffff",0,42,0,100,0
"85c9847bfffffff",0,156,0,100,0
"852af577fffffff",0,35,0,100,0
"854f49a3fffffff",0,80,0,100,0
"854896cbfffffff",0,58,0,100,0
"851801affffffff",0,32,0,100,0
"851843b7fffffff",0,42,0,100,0
"85184c83fffffff",0,127,0,100,0
"85464337fffffff",0,5398,0,100,0
"854643b7fffffff",0,10322,0,100,0
"851940c3fffffff",0,50,0,100,0
"852a0693fffffff",0,43,0,100,0
"852a1c5bfffffff",0,54,0,100,0
"85464e9bfffffff",0,8254,0,100,0
"8519087bfffffff",0,38,0,100,0
"85190b87fffffff",0,77,0,100,0
"8519534ffffffff",0,70,0,100,0
"85184c87fffffff",0,344,0,100,0
"85194e07fffffff",0,74,0,100,0
"85184083fffffff",0,44,0,100,0
"85186553fffffff",0,163,0,100,0
"852ad367fffffff",0,52,0,100,0
"852af68ffffffff",0,45,0,100,0
"8544f21bfffffff",0,46,0,100,0
"8544f25bfffffff",0,72,0,100,0
"85196b47fffffff",0,107,0,100,0
"851f21c7fffffff",0,45,0,100,0
"85281caffffffff",0,33,0,100,0
"851f2583fffffff",0,369,0,100,0
"857b9d6ffffffff",0,63,0,100,0
"854872b3fffffff",0,161,0,100,0
"85446cc3fffffff",0,572,0,100,0
"8544a103fffffff",0,290,0,100,0
"8544a117fffffff",0,59,0,100,0
"85441e2bfffffff",0,1054,0,100,0
"85441e73fffffff",0,1621,0,100,0
"8544f3c7fffffff",0,59,0,100,0
"85012b33fffffff",0.631578947368421,38,24,100,4
"85012babfffffff",0.285714285714286,35,10,100,3
"850154a7fffffff",0.121212121212121,33,4,100,2
"85017613fffffff",0.351351351351351,37,13,100,3
"850176d3fffffff",0.323529411764706,34,11,100,3
"8508e927fffffff",0.85981308411215,107,92,100,4
"85091653fffffff",0,33,0,100,0
"85094a5bfffffff",0.0714285714285714,112,8,100,2
"8509a46bfffffff",0.0634920634920635,63,4,100,2
"8509a533fffffff",0.0571428571428571,35,2,100,2
"850f21d3fffffff",0,222,0,100,0
"850f2c3bfffffff",0,39,0,100,0
"851801c7fffffff",0.0512820512820513,1053,54,100,2
"851846b3fffffff",0,182,0,100,0
"8519283bfffffff",0.0111111111111111,180,2,100,1
"8519287bfffffff",0.00847457627118644,118,1,100,1
"8519288bfffffff",0.008,125,1,100,1
"85192b33fffffff",0.00530503978779841,1131,6,100,1
"85192cb7fffffff",0.00297619047619048,336,1,100,1
"85194d53fffffff",5.50478916657492e-05,18166,1,100,1
"85194e23fffffff",0,42,0,100,0
"85194eabfffffff",0,177,0,100,0
"8519739bfffffff",0.0434782608695652,46,2,100,2
"8528deabfffffff",0.696969696969697,33,23,100,4
"852a1193fffffff",0,51,0,100,0
"852a1527fffffff",0.344262295081967,61,21,100,3
"852a1533fffffff",0.0769230769230769,52,4,100,2
"852a156ffffffff",0.166666666666667,30,5,100,3
"852a35d7fffffff",0,98,0,100,0
"852b0d5bfffffff",0.142857142857143,35,5,100,3
"852b0dc7fffffff",0.125,72,9,100,2
"852b0dcbfffffff",0.0967741935483871,31,3,100,2
"852b1883fffffff",0.09,100,9,100,2
"852b19c7fffffff",0.596638655462185,119,71,100,4
"852b1b47fffffff",0.0636363636363636,110,7,100,2
"8534228bfffffff",0,31,0,100,0
"85342297fffffff",0,63,0,100,0
"85342617fffffff",0,77,0,100,0
"85342667fffffff",0.00377358490566038,265,1,100,1
"8534266ffffffff",0.0227272727272727,44,1,100,1
"8534348bfffffff",0.00444444444444444,450,2,100,1
"85343693fffffff",0.00367647058823529,272,1,100,1
"85464963fffffff",0.881188118811881,101,89,100,4
"85464e03fffffff",0.882352941176471,68,60,100,4
"854a696ffffffff",0.992248062015504,258,256,100,5
"855e5d93fffffff",0.363636363636364,33,12,100,3
"85a221c7fffffff",1,38,38,100,5
"85a25093fffffff",0.934226552984166,821,767,100,4
"85a30463fffffff",0.263157894736842,38,10,100,3
"85b4109bfffffff",1,335,335,100,5
"85be29affffffff",0.970588235294118,34,33,100,5
"85be6067fffffff",0.421428571428571,140,59,100,3
"85de866bfffffff",0,41,0,100,0
"85de914bfffffff",0,41,0,100,0
"85de919bfffffff",0,91,0,100,0
"85de9577fffffff",0.598930481283422,187,112,100,4
"85df024ffffffff",0,39,0,100,0
"85df04c7fffffff",1,56,56,100,5
"85df119bfffffff",1,36,36,100,5
"85e8825bfffffff",1,35,35,100,5
"85e882d7fffffff",1,36,36,100,5
"85e88677fffffff",1,30,30,100,5
"85e89527fffffff",1,39,39,100,5
"85e89873fffffff",0.977777777777778,45,44,100,5
"85e89babfffffff",1,46,46,100,5
"85e89c07fffffff",1,37,37,100,5
"85e89c57fffffff",0.659574468085106,47,31,100,4
"850836abfffffff",0,72,0,100,0
"85095d27fffffff",0.0588235294117647,34,2,100,2
"85182bdbfffffff",0,40,0,100,0
"8519012bfffffff",0,72,0,100,0
"851901a7fffffff",0.0212765957446809,188,4,100,1
"85190817fffffff",0,475,0,100,0
"85193587fffffff",0.00787728026533997,2412,19,100,1
"85194003fffffff",0.000886524822695035,1128,1,100,1
"85195207fffffff",0,66,0,100,0
"8519597bfffffff",0,113,0,100,0
"851959abfffffff",0,79,0,100,0
"851b823bfffffff",0.976958525345622,217,212,100,5
"851b83bbfffffff",0.920634920634921,63,58,100,4
"85280053fffffff",0.307692307692308,52,16,100,3
"8528006bfffffff",0.834862385321101,109,91,100,4
"85291353fffffff",0.393162393162393,117,46,100,3
"8529135bfffffff",0.452380952380952,42,19,100,3
"85291377fffffff",0.385416666666667,96,37,100,3
"852a040bfffffff",0.204081632653061,49,10,100,3
"852a0457fffffff",0.236220472440945,127,30,100,3
"852a0553fffffff",0.0921052631578947,76,7,100,2
"852a064ffffffff",0.16551724137931,145,24,100,3
"852a066ffffffff",0.0763358778625954,131,10,100,2
"852a1027fffffff",0.0704225352112676,71,5,100,2
"852a1033fffffff",0.636363636363636,44,28,100,4
"852a110ffffffff",0.166666666666667,48,8,100,3
"852a1c4bfffffff",0,44,0,100,0
"852a1c9bfffffff",0,91,0,100,0
"852a210ffffffff",0.0277777777777778,72,2,100,1
"852a211bfffffff",0.075,40,3,100,2
"852a21d7fffffff",0.139130434782609,115,16,100,3
"852a220bfffffff",0.0948275862068965,232,22,100,2
"852a2247fffffff",0.0811965811965812,234,19,100,2
"852ac6d7fffffff",0.0142857142857143,70,1,100,1
"852b1bcffffffff",0.0233644859813084,214,5,100,1
"852b1d43fffffff",0.132245849111564,3433,454,100,2
"852b1d5bfffffff",0.087215064420218,2018,176,100,2
"852b1dc3fffffff",0.0149253731343284,67,1,100,1
"852b212bfffffff",0.142857142857143,35,5,100,3
"85351a6ffffffff",0.00837520938023451,597,5,100,1
"85351bdbfffffff",0.0166666666666667,60,1,100,1
"8535a93bfffffff",0.0132743362831858,226,3,100,1
"8535ae27fffffff",0,40,0,100,0
"853cd4d7fffffff",0,75,0,100,0
"85480cb7fffffff",0.142506142506143,407,58,100,3
"85480d0ffffffff",0.0555555555555556,36,2,100,2
"85482333fffffff",0.939801285797779,1711,1608,100,4
"854823affffffff",0.95454153368412,11593,11066,100,4
"854833abfffffff",0.934782608695652,46,43,100,4
"856d68cbfffffff",1,100,100,100,5
"85ba1a8ffffffff",1,82,82,100,5
"85bcf6b7fffffff",1,49,49,100,5
"85be75d7fffffff",0.104166666666667,48,5,100,2
"85c984cbfffffff",0.00107066381156317,934,1,100,1
"85c9869bfffffff",0.972972972972973,74,72,100,5
"85c9b167fffffff",0.929577464788732,71,66,100,4
"850cdd1bfffffff",0.975,40,39,100,5
"850cedaffffffff",0.75,44,33,100,4
"8512b023fffffff",0.457142857142857,35,16,100,3
"8512b03bfffffff",0.801075268817204,372,298,100,4
"8512b493fffffff",0.5,32,16,100,3
"8513916bfffffff",0.354545454545455,110,39,100,3
"85139a0bfffffff",0.977961432506887,1452,1420,100,5
"85139abbfffffff",0.767441860465116,43,33,100,4
"85139e03fffffff",0.666666666666667,36,24,100,4
"8516012bfffffff",0.739583333333333,960,710,100,4
"85187293fffffff",0.0817204301075269,465,38,100,2
"85187413fffffff",0.010989010989011,91,1,100,1
"8518748bfffffff",0.0285714285714286,35,1,100,1
"85190c8ffffffff",0.0122591943957968,571,7,100,1
"85190e17fffffff",0,46,0,100,0
"85192533fffffff",0,42,0,100,0
"8519254ffffffff",0,33,0,100,0
"85194b83fffffff",0,75,0,100,0
"85195a4ffffffff",0.0444444444444444,45,2,100,2
"851d242ffffffff",0.936708860759494,395,370,100,4
"851d2507fffffff",0.997578692493947,413,412,100,5
"8522d047fffffff",0.919642857142857,112,103,100,4
"8528c3c3fffffff",0.864406779661017,59,51,100,4
"8528c62ffffffff",0.700636942675159,314,220,100,4
"8528d1abfffffff",0.681159420289855,69,47,100,4
"8529a52bfffffff",0.551515151515152,165,91,100,4
"8529a53bfffffff",0.491228070175439,57,28,100,3
"8529ad8bfffffff",0.828947368421053,152,126,100,4
"852a0253fffffff",0.0454545454545455,88,4,100,2
"852a0273fffffff",0.0466666666666667,150,7,100,2
"852a02c7fffffff",0.00925925925925926,108,1,100,1
"852a02cbfffffff",0.0638297872340425,94,6,100,2
"852a229bfffffff",0.198198198198198,111,22,100,3
"852a22c7fffffff",0.12093023255814,215,26,100,2
"852a2317fffffff",0.0571428571428571,35,2,100,2
"852a2323fffffff",0.0746268656716418,67,5,100,2
"852a232bfffffff",0.143939393939394,132,19,100,3
"852a246ffffffff",0.175213675213675,234,41,100,3
"852a24cbfffffff",0.1,40,4,100,2
"852a256ffffffff",0.152542372881356,59,9,100,3
"852a2573fffffff",0.225806451612903,31,7,100,3
"852a25cbfffffff",0.09375,32,3,100,2
"852af093fffffff",0,34,0,100,0
"852af0bbfffffff",0,93,0,100,0
"852af15bfffffff",0.00462962962962963,216,1,100,1
"852af4b7fffffff",0,40,0,100,0
"852af553fffffff",0.0869565217391304,92,8,100,2
"852af6bbfffffff",0.0263157894736842,76,2,100,1
"852b29b3fffffff",0.111111111111111,45,5,100,2
"852b2ba3fffffff",0.0555555555555556,36,2,100,2
"85ac1257fffffff",0.826086956521739,161,133,100,4
"85ad3273fffffff",0.987854251012146,247,244,100,5
"85bb2da7fffffff",0.730769230769231,104,76,100,4
"85bb500ffffffff",0.0043859649122807,456,2,100,1
"85bb5047fffffff",0.00245098039215686,408,1,100,1
"85be0caffffffff",0.980769230769231,52,51,100,5
"85be1a87fffffff",0.818181818181818,33,27,100,4
"85cf324bfffffff",0.984375,64,63,100,5
"85e1a693fffffff",0.09375,32,3,100,2
"85e38ecbfffffff",1,52,52,100,5
"8506cb97fffffff",0.768292682926829,82,63,100,4
"8507467bfffffff",0.954732510288066,243,232,100,4
"85074a63fffffff",0,44,0,100,0
"85075123fffffff",1,540,540,100,5
"85075517fffffff",0.904761904761905,84,76,100,4
"850c420bfffffff",0.482617586912065,489,236,100,3
"850c5ac3fffffff",0.977142857142857,350,342,100,5
"850c5e43fffffff",1,132,132,100,5
"851860d3fffffff",0,157,0,100,0
"85190b9bfffffff",0.0114613180515759,349,4,100,1
"85190c0bfffffff",0.00172512938470385,1739,3,100,1
"851b8e9bfffffff",0,54,0,100,0
"851b9993fffffff",0.463414634146341,41,19,100,3
"851b9dc7fffffff",0.0333333333333333,30,1,100,1
"852831c7fffffff",0.372881355932203,177,66,100,3
"85283407fffffff",0.0571428571428571,35,2,100,2
"852835c3fffffff",0.513513513513513,37,19,100,3
"8528c307fffffff",0.928571428571429,56,52,100,4
"8528c30bfffffff",0.923076923076923,130,120,100,4
"85291a73fffffff",0.532608695652174,92,49,100,3
"8529a50ffffffff",0.684049079754601,326,223,100,4
"852a31c3fffffff",0.444221967963387,3496,1553,100,3
"852a3467fffffff",0.0862068965517241,58,5,100,2
"852b0a2ffffffff",0.1,70,7,100,2
"852b0bdbfffffff",0.105263157894737,38,4,100,2
"852b340ffffffff",0.781818181818182,55,43,100,4
"855d1017fffffff",0.047244094488189,127,6,100,2
"855d12b3fffffff",0.210526315789474,95,20,100,3
"855d13cbfffffff",0.0263157894736842,76,2,100,1
"8582330ffffffff",0.990476190476191,105,104,100,5
"858f2e07fffffff",1,46,46,100,5
"85a62267fffffff",1,153,153,100,5
"85b91103fffffff",0.0267857142857143,112,3,100,1
"85ba1a0ffffffff",1,60,60,100,5
"85ba1a17fffffff",1,107,107,100,5
"85be68dbfffffff",0.0133928571428571,224,3,100,1
"85bf6b63fffffff",0.0294117647058824,34,1,100,1
"85df1433fffffff",0.573033707865168,89,51,100,4
"85df1567fffffff",1,33,33,100,5
"85df30a3fffffff",1,102,102,100,5
"85df3107fffffff",1,36,36,100,5
"85df3167fffffff",0.983870967741935,62,61,100,5
"85df33bbfffffff",0.928057553956835,139,129,100,4
"85df3517fffffff",1,166,166,100,5
"85df357bfffffff",0.98047419804742,717,703,100,5
"85df35b7fffffff",1,72,72,100,5
"85448603fffffff",0,130,0,100,0
"855f13d7fffffff",0,48,0,100,0
"8544b13bfffffff",0,894,0,100,0
"8544b50bfffffff",0,41,0,100,0
"85192837fffffff",0,59,0,100,0
"85192937fffffff",0,34,0,100,0
"85192973fffffff",0,47,0,100,0
"851974d7fffffff",0,33,0,100,0
"851976affffffff",0,75,0,100,0
"8519400ffffffff",0,1506,0,100,0
"851940b3fffffff",0,30,0,100,0
"851941affffffff",0,193,0,100,0
"85194aa3fffffff",0,77,0,100,0
"85195baffffffff",0,432,0,100,0
"851970d7fffffff",0,343,0,100,0
"85190a87fffffff",0,195,0,100,0
"85190a93fffffff",0,54,0,100,0
"85190ab7fffffff",0,87,0,100,0
"851946b7fffffff",0,39,0,100,0
"85342607fffffff",0,52,0,100,0
"8534266bfffffff",0,69,0,100,0
"85447013fffffff",0,174,0,100,0
"854472bbfffffff",0,98,0,100,0
"854472c7fffffff",0,33,0,100,0
"85464bbbfffffff",0,37,0,100,0
"85a30c03fffffff",0,33,0,100,0
"852a1c0ffffffff",0,30,0,100,0
"852a21a3fffffff",0,30,0,100,0
"85945003fffffff",0,166,0,100,0
"85c9846ffffffff",0,166,0,100,0
"85c984c7fffffff",0,60,0,100,0
"85c9b117fffffff",0,140,0,100,0
"85182587fffffff",0,355,0,100,0
"8518746bfffffff",0,160,0,100,0
"85b91133fffffff",0,102,0,100,0
"85df6b4bfffffff",0,51,0,100,0
"85180133fffffff",0,72,0,100,0
"85196327fffffff",0,58,0,100,0
"8546414ffffffff",0,611,0,100,0
"85182cbbfffffff",0,448,0,100,0
"85190837fffffff",0,115,0,100,0
"85195933fffffff",0,43,0,100,0
"852ad167fffffff",0,34,0,100,0
"852b1dd7fffffff",0,42,0,100,0
"85190b37fffffff",0,101,0,100,0
"85195347fffffff",0,68,0,100,0
"8519564bfffffff",0,76,0,100,0
"852b0a77fffffff",0,39,0,100,0
"8519402bfffffff",0,43,0,100,0
"85184573fffffff",0,78,0,100,0
"85184cabfffffff",0,184,0,100,0
"8518769bfffffff",0,30,0,100,0
"8585a447fffffff",0,36,0,100,0
"852ad14ffffffff",0,75,0,100,0
"8539224bfffffff",0,35,0,100,0
"85bb503bfffffff",0,61,0,100,0
"85bb5233fffffff",0,50,0,100,0
"8518604ffffffff",0,102,0,100,0
"8518605bfffffff",0,205,0,100,0
"85186287fffffff",0,385,0,100,0
"853931d7fffffff",0,32,0,100,0
"8544f2c3fffffff",0,74,0,100,0
"852ad57bfffffff",0,37,0,100,0
"855f131bfffffff",0,33,0,100,0
"85196b73fffffff",0,49,0,100,0
"851f211bfffffff",0,91,0,100,0
"851f214ffffffff",0,1253,0,100,0
"851f330bfffffff",0,30,0,100,0
"851f2397fffffff",0,30,0,100,0
"851f239bfffffff",0,45,0,100,0
"851f2513fffffff",0,132,0,100,0
"85099a27fffffff",0,49,0,100,0
"8519457bfffffff",0,59,0,100,0
"85195437fffffff",0,128,0,100,0
"850c165bfffffff",0,40,0,100,0
"85446ccffffffff",0,947,0,100,0
"8544a19bfffffff",0,272,0,100,0
"852af337fffffff",0,54,0,100,0
"8544d543fffffff",0,202,0,100,0
"85012b37fffffff",0.387096774193548,31,12,100,3
"85012b73fffffff",0.433333333333333,30,13,100,3
"8501424bfffffff",0.151515151515152,33,5,100,3
"850155d3fffffff",0.0909090909090909,33,3,100,2
"8501760ffffffff",0.314285714285714,35,11,100,3
"8509a457fffffff",0.0476190476190476,42,2,100,2
"8509a517fffffff",0.0666666666666667,60,4,100,2
"8509a56ffffffff",0,41,0,100,0
"8509a5b7fffffff",0.0967741935483871,31,3,100,2
"8509ac97fffffff",0,53,0,100,0
"8518048bfffffff",0,47,0,100,0
"85184423fffffff",0,75,0,100,0
"85184527fffffff",0,229,0,100,0
"851849d3fffffff",0,163,0,100,0
"85192813fffffff",0.0236051502145923,466,11,100,1
"85192817fffffff",0.00467289719626168,214,1,100,1
"85192893fffffff",0,146,0,100,0
"85192953fffffff",0,71,0,100,0
"85192a67fffffff",0.0101694915254237,295,3,100,1
"85192b13fffffff",0,42,0,100,0
"85192b73fffffff",0.000786782061369001,1271,1,100,1
"85196453fffffff",0.0126582278481013,79,1,100,1
"85197637fffffff",0,48,0,100,0
"8528d837fffffff",0.991596638655462,238,236,100,5
"8528dd17fffffff",0.770833333333333,48,37,100,4
"8528ddd7fffffff",0.877049180327869,122,107,100,4
"8528deb3fffffff",0.972727272727273,110,107,100,5
"8528e643fffffff",0.166666666666667,30,5,100,3
"8528e64ffffffff",0.6875,48,33,100,4
"8528e6c7fffffff",0.675675675675676,37,25,100,4
"8528f1b3fffffff",0.125,40,5,100,2
"852a1a57fffffff",0.0526315789473684,57,3,100,2
"852a1ab3fffffff",0.0169491525423729,59,1,100,1
"852a1b5bfffffff",0,39,0,100,0
"852a352bfffffff",0.0206185567010309,97,2,100,1
"852a4c17fffffff",1,74,74,100,5
"852aad23fffffff",0.0606060606060606,66,4,100,2
"852b0d13fffffff",0.347826086956522,46,16,100,3
"852b186bfffffff",0,95,0,100,0
"852b18bbfffffff",0.257383966244726,237,61,100,3
"852b1907fffffff",0.25,56,14,100,3
"852b1933fffffff",0.0394736842105263,76,3,100,2
"852b1977fffffff",0.2,45,9,100,3
"852b19abfffffff",0.203703703703704,54,11,100,3
"852b19d3fffffff",0.386138613861386,101,39,100,3
"852b1b23fffffff",0.118320610687023,262,31,100,2
"852b1b37fffffff",0,37,0,100,0
"852b1b43fffffff",0.0192307692307692,52,1,100,1
"85342053fffffff",0,40,0,100,0
"8534228ffffffff",0,79,0,100,0
"85342657fffffff",0.00305343511450382,1310,4,100,1
"85343473fffffff",0,47,0,100,0
"85464927fffffff",0.0740740740740741,81,6,100,2
"8546497bfffffff",0.434782608695652,69,30,100,3
"85464b83fffffff",0.166666666666667,54,9,100,3
"85464b93fffffff",0.666666666666667,105,70,100,4
"8594a8d7fffffff",0.942307692307692,52,49,100,4
"859b0cc7fffffff",1,80,80,100,5
"859b0ccffffffff",1,82,82,100,5
"85a250abfffffff",0.980392156862745,51,50,100,5
"85a30403fffffff",0.551181102362205,127,70,100,4
"85a3040ffffffff",0.235294117647059,34,8,100,3
"85a59217fffffff",1,202,202,100,5
"85de821bfffffff",0.133333333333333,75,10,100,3
"85de8223fffffff",0,30,0,100,0
"85de828ffffffff",0.0416666666666667,48,2,100,2
"85de9087fffffff",0.0133333333333333,75,1,100,1
"85df04a7fffffff",0.0930232558139535,43,4,100,2
"85e8820bfffffff",1,66,66,100,5
"85e8828bfffffff",1,42,42,100,5
"85e882d3fffffff",1,39,39,100,5
"85e8866ffffffff",1,39,39,100,5
"85e89107fffffff",0.991596638655462,119,118,100,5
"85e8910bfffffff",0.973684210526316,38,37,100,5
"85e89137fffffff",0.912621359223301,103,94,100,4
"85e8989bfffffff",0.962962962962963,81,78,100,5
"85e89c23fffffff",1,33,33,100,5
"850689b7fffffff",0.958762886597938,194,186,100,4
"85128253fffffff",1,39,39,100,5
"8518663bfffffff",0,78,0,100,0
"85186a77fffffff",0.00200400801603206,499,1,100,1
"8519080ffffffff",0.000350877192982456,2850,1,100,1
"8519403bfffffff",0,106,0,100,0
"8519500ffffffff",0,664,0,100,0
"85195063fffffff",0.000984736582964057,2031,2,100,1
"8519509bfffffff",0,64,0,100,0
"851956abfffffff",0,80,0,100,0
"85195a03fffffff",0,425,0,100,0
"85195a1bfffffff",0,111,0,100,0
"851b838bfffffff",0.863636363636364,44,38,100,4
"852803c3fffffff",0.790322580645161,62,49,100,4
"852806a3fffffff",0.551724137931034,58,32,100,4
"852819d3fffffff",0.171428571428571,35,6,100,3
"85281d53fffffff",0.175,40,7,100,3
"85281ddbfffffff",0.800738007380074,271,217,100,4
"85291267fffffff",0.779816513761468,218,170,100,4
"852912c3fffffff",0.032258064516129,31,1,100,1
"852a044ffffffff",0.174927113702624,343,60,100,3
"852a04b7fffffff",0.0294117647058824,34,1,100,1
"852a058bfffffff",0.0545454545454545,55,3,100,2
"852a061bfffffff",0.0948275862068965,116,11,100,2
"852a064bfffffff",0.233415233415233,407,95,100,3
"852a0687fffffff",0.0119047619047619,168,2,100,1
"852a102bfffffff",0.880597014925373,67,59,100,4
"852a1c17fffffff",0.024390243902439,41,1,100,1
"852a1c8bfffffff",0,63,0,100,0
"852a1ccbfffffff",0.181818181818182,88,16,100,3
"852a20cffffffff",0.656716417910448,67,44,100,4
"852a2173fffffff",0.0222222222222222,45,1,100,1
"852a21cffffffff",0.0606060606060606,33,2,100,2
"852a2217fffffff",0.331168831168831,616,204,100,3
"852a226ffffffff",0.255789473684211,950,243,100,3
"852a2273fffffff",0.101075268817204,465,47,100,2
"852a2283fffffff",0.207650273224044,183,38,100,3
"852a2287fffffff",0.309090909090909,165,51,100,3
"852ad5affffffff",0.0175438596491228,57,1,100,1
"852b1b9bfffffff",0.076171875,1024,78,100,2
"852b1d0bfffffff",0.382830626450116,431,165,100,3
"852b1d6bfffffff",0.5,618,309,100,3
"852b1dcbfffffff",0.09375,64,6,100,2
"85351b7bfffffff",0,36,0,100,0
"85351ba3fffffff",0.09375,32,3,100,2
"8535a843fffffff",0,105,0,100,0
"8544a52bfffffff",0.00943396226415094,106,1,100,1
"85464e77fffffff",0.786324786324786,117,92,100,4
"85465d8bfffffff",0.645161290322581,31,20,100,4
"85480cb3fffffff",0.166666666666667,36,6,100,3
"85480d57fffffff",0,44,0,100,0
"85480dd7fffffff",0.051948051948052,385,20,100,2
"854823a7fffffff",0.959700093720712,1067,1024,100,4
"85482ed3fffffff",0.90625,64,58,100,4
"85483693fffffff",1,981,981,100,5
"85945007fffffff",0.00277008310249307,361,1,100,1
"85945057fffffff",0.0625,32,2,100,2
"85948033fffffff",0.00153609831029186,651,1,100,1
"85bb0343fffffff",1,34,34,100,5
"85bc8983fffffff",0.980519480519481,154,151,100,5
"85be74b7fffffff",0.692307692307692,39,27,100,4
"85be8dd7fffffff",0.0487804878048781,41,2,100,2
"85c98627fffffff",0.0181818181818182,55,1,100,1
"85c99c07fffffff",0.938519447929737,797,748,100,4
"85c9b127fffffff",0.00126422250316056,791,1,100,1
"85e45013fffffff",0.0857142857142857,35,3,100,2
"85e4552ffffffff",0.09375,32,3,100,2
"85e4566ffffffff",0.138888888888889,36,5,100,3
"85e45e4bfffffff",0.146341463414634,41,6,100,3
"850ce9a7fffffff",0.918367346938776,49,45,100,4
"85139a5bfffffff",0.882882882882883,111,98,100,4
"85139a93fffffff",0.846153846153846,65,55,100,4
"8518747bfffffff",0.00481927710843374,415,2,100,1
"85190eaffffffff",0.00985221674876847,203,2,100,1
"85192587fffffff",0,44,0,100,0
"85194a73fffffff",0.00900900900900901,111,1,100,1
"85195b73fffffff",0,127,0,100,0
"85197207fffffff",0.0847457627118644,59,5,100,2
"851aa01bfffffff",0.0154525386313466,906,14,100,1
"851aa04bfffffff",0.714285714285714,63,45,100,4
"851aa467fffffff",0.825,40,33,100,4
"851d24b3fffffff",0.705882352941177,68,48,100,4
"851d24bbfffffff",0.892857142857143,336,300,100,4
"851db4c3fffffff",0.954128440366973,109,104,100,4
"8522d04ffffffff",0.968115942028986,345,334,100,5
"8529a57bfffffff",0.418181818181818,55,23,100,3
"8529a587fffffff",0.0633802816901408,142,9,100,2
"8529a593fffffff",0.0555555555555556,36,2,100,2
"852a0043fffffff",0.0294117647058824,34,1,100,1
"852a0287fffffff",0.0927835051546392,97,9,100,2
"852a02b3fffffff",0.146853146853147,143,21,100,3
"852a02b7fffffff",0,188,0,100,0
"852a230ffffffff",0.363636363636364,33,12,100,3
"852a236ffffffff",0.370967741935484,62,23,100,3
"852a2377fffffff",0.138297872340426,94,13,100,3
"852a2423fffffff",0.0506329113924051,158,8,100,2
"852a2467fffffff",0.228723404255319,188,43,100,3
"852a255bfffffff",0.255813953488372,43,11,100,3
"852a256bfffffff",0.0657894736842105,76,5,100,2
"852a2637fffffff",0.163763066202091,287,47,100,3
"852a26d7fffffff",0.0857142857142857,35,3,100,2
"852af00bfffffff",0.0434782608695652,46,2,100,2
"852af0d3fffffff",0.401360544217687,147,59,100,3
"852af147fffffff",0.0638297872340425,47,3,100,2
"852af463fffffff",0.0416666666666667,72,3,100,2
"85484b0ffffffff",0.032258064516129,31,1,100,1
"854cf687fffffff",0.999715180860154,3511,3510,100,5
"854cf68ffffffff",1,112,112,100,5
"854cf6bbfffffff",1,688,688,100,5
"854f4917fffffff",0.0540540540540541,37,2,100,2
"8566a27bfffffff",0.973333333333333,75,73,100,5
"85ad3283fffffff",0.993966817496229,663,659,100,5
"85ad3293fffffff",0.998782714546561,3286,3282,100,5
"85bb5067fffffff",0.0213675213675214,234,5,100,1
"85bea9bbfffffff",0.5,34,17,100,3
"85e38e43fffffff",1,52,52,100,5
"85e42aabfffffff",0.0882352941176471,34,3,100,2
"8506dc6ffffffff",0.1,120,12,100,2
"85075137fffffff",1,972,972,100,5
"850c421bfffffff",0.732773109243697,595,436,100,4
"850c4423fffffff",1,31,31,100,5
"850c4473fffffff",0.846153846153846,39,33,100,4
"850c5883fffffff",0.757575757575758,66,50,100,4
"850c5acffffffff",0.842364532019704,203,171,100,4
"85190873fffffff",0.00116959064327485,855,1,100,1
"851908c7fffffff",0.00302114803625378,331,1,100,1
"85190ba7fffffff",0.0050251256281407,199,1,100,1
"8519484ffffffff",0.00302114803625378,662,2,100,1
"85283183fffffff",0.44,50,22,100,3
"852831d3fffffff",0.427860696517413,201,86,100,3
"85283427fffffff",0.850220264317181,227,193,100,4
"85283497fffffff",0.619047619047619,42,26,100,4
"852834affffffff",0.702020202020202,198,139,100,4
"852834c7fffffff",0.822636063771303,14552,11971,100,4
"85283513fffffff",0.176470588235294,34,6,100,3
"8528354bfffffff",0.906801007556675,397,360,100,4
"8528355bfffffff",0.834645669291339,127,106,100,4
"85283567fffffff",0.75031847133758,785,589,100,4
"85283577fffffff",0.822222222222222,180,148,100,4
"8528c263fffffff",0.951076320939335,511,486,100,4
"85291a0bfffffff",0.4,40,16,100,3
"85291a53fffffff",0.2,45,9,100,3
"8529a197fffffff",0.0869565217391304,46,4,100,2
"8529a48ffffffff",0.311355311355311,273,85,100,3
"852a3093fffffff",0.283950617283951,324,92,100,3
"852a3113fffffff",0.34375,192,66,100,3
"852a3423fffffff",0.131782945736434,129,17,100,2
"852a3437fffffff",0.434426229508197,122,53,100,3
"852b0a33fffffff",0,34,0,100,0
"852b0a37fffffff",0.0476190476190476,84,4,100,2
"852b0abbfffffff",0.0689655172413793,58,4,100,2
"852b0b07fffffff",0,34,0,100,0
"852b3107fffffff",0.00588235294117647,510,3,100,1
"852b318bfffffff",0.024390243902439,41,1,100,1
"852b76a3fffffff",0.0277777777777778,36,1,100,1
"8549a89bfffffff",0.985074626865672,67,66,100,5
"8554b043fffffff",0.987341772151899,158,156,100,5
"855d1057fffffff",0.0720720720720721,222,16,100,2
"855d10cffffffff",0.00617283950617284,162,1,100,1
"855d1453fffffff",0.0408163265306122,98,4,100,2
"855d1613fffffff",0.0425531914893617,47,2,100,2
"8566f01bfffffff",1,35,35,100,5
"8566f22bfffffff",0.985507246376812,69,68,100,5
"859d0e13fffffff",0.774193548387097,31,24,100,4
"85a61397fffffff",0.928934010152284,197,183,100,4
"85bc1b77fffffff",1,32,32,100,5
"85bc6947fffffff",0.896551724137931,87,78,100,4
"85c326a7fffffff",0.642857142857143,98,63,100,4
"85df1c13fffffff",1,35,35,100,5
"85df1e13fffffff",0.435897435897436,39,17,100,3
"85df2277fffffff",0.289473684210526,76,22,100,3
"85df22dbfffffff",1,38,38,100,5
"85df2653fffffff",1,95,95,100,5
"85df310ffffffff",1,35,35,100,5
"85df3113fffffff",0.640845070422535,142,91,100,4
"85df314ffffffff",0.973684210526316,38,37,100,5
"85df3173fffffff",1,80,80,100,5
"85df31d3fffffff",0.954545454545455,308,294,100,4
"85df3323fffffff",1,74,74,100,5
"85df332bfffffff",0.551020408163265,98,54,100,4
"85df3527fffffff",1,30,30,100,5
"85df3583fffffff",1,242,242,100,5
"85df358bfffffff",0.923076923076923,312,288,100,4
"85df6dd3fffffff",1,78,78,100,5
"85d89657fffffff",0,68,0,100,0
"8519281bfffffff",0,226,0,100,0
"85192823fffffff",0,56,0,100,0
"8519290bfffffff",0,70,0,100,0
"85192bb3fffffff",0,34,0,100,0
"85197337fffffff",0,2013,0,100,0
"8519745bfffffff",0,68,0,100,0
"8518662ffffffff",0,547,0,100,0
"851901b3fffffff",0,41,0,100,0
"851940cbfffffff",0,140,0,100,0
"85196bcffffffff",0,47,0,100,0
"85196bdbfffffff",0,34,0,100,0
"851829dbfffffff",0,204,0,100,0
"85190e5bfffffff",0,32,0,100,0
"85194b17fffffff",0,33,0,100,0
"8519716ffffffff",0,33,0,100,0
"852af573fffffff",0,44,0,100,0
"851908cbfffffff",0,42,0,100,0
"8519482bfffffff",0,245,0,100,0
"852a1c07fffffff",0,127,0,100,0
"85343447fffffff",0,35,0,100,0
"85343457fffffff",0,147,0,100,0
"8544641bfffffff",0,36,0,100,0
"8544707bfffffff",0,72,0,100,0
"85447207fffffff",0,91,0,100,0
"8544728ffffffff",0,44,0,100,0
"8546490bfffffff",0,107,0,100,0
"8535a827fffffff",0,113,0,100,0
"85c9845bfffffff",0,135,0,100,0
"85c98477fffffff",0,238,0,100,0
"85c984c3fffffff",0,138,0,100,0
"85190e8ffffffff",0,30,0,100,0
"852a0237fffffff",0,54,0,100,0
"852af123fffffff",0,54,0,100,0
"852af193fffffff",0,50,0,100,0
"852af51bfffffff",0,34,0,100,0
"8544d5dbfffffff",0,377,0,100,0
"85ad0ca7fffffff",0,32,0,100,0
"855d1457fffffff",0,64,0,100,0
"85b9138bfffffff",0,30,0,100,0
"85c32a8bfffffff",0,34,0,100,0
"852aad2ffffffff",0,33,0,100,0
"85bb53d3fffffff",0,429,0,100,0
"85182d2bfffffff",0,84,0,100,0
"85182903fffffff",0,31,0,100,0
"85195e47fffffff",0,638,0,100,0
"8576d247fffffff",0,96,0,100,0
"85180c67fffffff",0,39,0,100,0
"85182da3fffffff",0,113,0,100,0
"8519586bfffffff",0,57,0,100,0
"85bb500bfffffff",0,106,0,100,0
"85b9020ffffffff",0,33,0,100,0
"859c438bfffffff",0,31,0,100,0
"859442abfffffff",0,47,0,100,0
"859450affffffff",0,333,0,100,0
"8508b4dbfffffff",0,63,0,100,0
"85194ca7fffffff",0,23418,0,100,0
"85194dc3fffffff",0,2987,0,100,0
"851951dbfffffff",0,52,0,100,0
"85196b97fffffff",0,65,0,100,0
"851f330ffffffff",0,50,0,100,0
"85196877fffffff",0,99,0,100,0
"857b9953fffffff",0,31,0,100,0
"850cc477fffffff",0,63,0,100,0
"850d1cc3fffffff",0,33,0,100,0
"850d897bfffffff",0,34,0,100,0
"850d89d3fffffff",0,41,0,100,0
"854f4b5bfffffff",0,32,0,100,0
"854873abfffffff",0,234,0,100,0
"85448613fffffff",0,203,0,100,0
"852ad147fffffff",0,41,0,100,0
"85441a93fffffff",0,85,0,100,0
"85441ecbfffffff",0,79,0,100,0
"854505c7fffffff",0,147,0,100,0
"85012583fffffff",0.78030303030303,264,206,100,4
"85015087fffffff",0.8,30,24,100,4
"8501512bfffffff",0.032258064516129,31,1,100,1
"85017667fffffff",0.25,36,9,100,3
"85094b2bfffffff",0.290322580645161,31,9,100,3
"85095917fffffff",0.142857142857143,35,5,100,3
"8509a513fffffff",0,46,0,100,0
"8509a59bfffffff",0,56,0,100,0
"85180107fffffff",0.0754716981132075,53,4,100,2
"85180157fffffff",0.744186046511628,43,32,100,4
"8518053bfffffff",0.032258064516129,31,1,100,1
"85184cbbfffffff",0.00630914826498423,317,2,100,1
"85187627fffffff",0,207,0,100,0
"851928c7fffffff",0,154,0,100,0
"85194dcbfffffff",0,23574,0,100,0
"8519762bfffffff",0.0113285272914521,971,11,100,1
"85197633fffffff",0.0099009900990099,202,2,100,1
"8528d953fffffff",0.779661016949153,59,46,100,4
"8528dc87fffffff",0.898550724637681,69,62,100,4
"852a11cffffffff",0.00831024930747922,361,3,100,1
"852a11dbfffffff",0.0408163265306122,49,2,100,2
"852a1a1bfffffff",0,33,0,100,0
"852a1a53fffffff",0.0102040816326531,98,1,100,1
"852a1a5bfffffff",0.00277008310249307,361,1,100,1
"852a355bfffffff",0.657794676806084,526,346,100,4
"852a35a3fffffff",0.25,40,10,100,3
"852a35d3fffffff",0.0571428571428571,70,4,100,2
"852b1953fffffff",0.0666666666666667,30,2,100,2
"852b1b2ffffffff",0.0833333333333333,156,13,100,2
"85342293fffffff",0,71,0,100,0
"85342623fffffff",0,106,0,100,0
"85342677fffffff",0.00293744575739368,14979,44,100,1
"8534349bfffffff",0,495,0,100,0
"853434c7fffffff",0.00821018062397373,4263,35,100,1
"85343683fffffff",0,260,0,100,0
"8546493bfffffff",0.0425531914893617,47,2,100,2
"85464967fffffff",0.959183673469388,147,141,100,4
"8549ad4ffffffff",1,96,96,100,5
"856c5aaffffffff",0.129032258064516,31,4,100,2
"85973037fffffff",1,118,118,100,5
"859730a7fffffff",1,61,61,100,5
"85a2508ffffffff",0.969387755102041,196,190,100,5
"85a2546ffffffff",0.987341772151899,79,78,100,5
"85a59677fffffff",1,46,46,100,5
"85a5968ffffffff",1,53,53,100,5
"85bf59cbfffffff",1,33,33,100,5
"85de9073fffffff",0,33,0,100,0
"85de9163fffffff",0,33,0,100,0
"85de95cbfffffff",0.623376623376623,77,48,100,4
"85de96a7fffffff",0,34,0,100,0
"85de96b7fffffff",0,36,0,100,0
"85df0637fffffff",0.162790697674419,43,7,100,3
"85df0693fffffff",1,97,97,100,5
"85df06c3fffffff",1,36,36,100,5
"85e8824ffffffff",1,34,34,100,5
"85e8826ffffffff",0.986111111111111,72,71,100,5
"85e882cbfffffff",1,55,55,100,5
"85e882cffffffff",1,56,56,100,5
"85e8983bfffffff",0.970588235294118,34,33,100,5
"85e89883fffffff",0.991304347826087,115,114,100,5
"85e89887fffffff",1,43,43,100,5
"85e89cdbfffffff",0.951219512195122,41,39,100,4
"85095b8bfffffff",0,58,0,100,0
"85180c93fffffff",0.0857142857142857,140,12,100,2
"851870cbfffffff",0.0101910828025478,2355,24,100,1
"851901a3fffffff",0.00540540540540541,185,1,100,1
"85190823fffffff",0,380,0,100,0
"85194117fffffff",0.0116279069767442,258,3,100,1
"8528035bfffffff",0.178571428571429,56,10,100,3
"85281943fffffff",0.538461538461538,39,21,100,3
"85281dcffffffff",0.580645161290323,62,36,100,4
"85281dd3fffffff",0.764705882352941,102,78,100,4
"85291203fffffff",0.0333333333333333,60,2,100,1
"85291277fffffff",0.88448275862069,580,513,100,4
"852912cbfffffff",0,32,0,100,0
"852a0407fffffff",0.0851063829787234,47,4,100,2
"852a0583fffffff",0.189189189189189,37,7,100,3
"852a065bfffffff",0.4,55,22,100,3
"852a0683fffffff",0.126582278481013,79,10,100,2
"852a1107fffffff",0.00694444444444444,144,1,100,1
"852a223bfffffff",0.384508990318119,723,278,100,3
"852a2267fffffff",0.198275862068966,696,138,100,3
"852b1dc7fffffff",0.0163934426229508,122,2,100,1
"852b23b3fffffff",0.017632241813602,397,7,100,1
"85351a1bfffffff",0,46,0,100,0
"85351b2bfffffff",0,60,0,100,0
"85351b43fffffff",0.00786958965711074,1779,14,100,1
"85351b57fffffff",0,310,0,100,0
"85351bc3fffffff",0.0256410256410256,39,1,100,1
"85351bcffffffff",0,152,0,100,0
"8535a92bfffffff",0,219,0,100,0
"8535a9b3fffffff",0,65,0,100,0
"85464e4bfffffff",0.662650602409639,83,55,100,4
"85465d97fffffff",0.782608695652174,46,36,100,4
"854805abfffffff",0.71875,32,23,100,4
"85480ca7fffffff",0.0748663101604278,561,42,100,2
"8548238ffffffff",0.940677966101695,118,111,100,4
"854823b7fffffff",0.848484848484849,33,28,100,4
"85482ac7fffffff",0.717948717948718,39,28,100,4
"85482b4bfffffff",0.0294117647058824,34,1,100,1
"85a726c7fffffff",0.893333333333333,75,67,100,4
"85a8a2cffffffff",0.936363636363636,110,103,100,4
"85ba69c3fffffff",0.99609375,512,510,100,5
"85ba69d3fffffff",0.971428571428571,35,34,100,5
"85baf443fffffff",1,361,361,100,5
"85be76dbfffffff",0.885416666666667,96,85,100,4
"85be8a2ffffffff",0.999862994930812,7299,7298,100,5
"85c9844bfffffff",0.5,46,23,100,3
"85c98687fffffff",0.947780678851175,383,363,100,4
"85c99e97fffffff",0.0789473684210526,38,3,100,2
"85e45d3bfffffff",0.111111111111111,36,4,100,2
"85e47257fffffff",0.0571428571428571,35,2,100,2
"85010da7fffffff",0.106382978723404,47,5,100,2
"8509a02ffffffff",0,41,0,100,0
"850cdd0ffffffff",0.976470588235294,85,83,100,5
"850ced2bfffffff",0.972,250,243,100,5
"850ced37fffffff",0.819718309859155,710,582,100,4
"8512b40ffffffff",0.884615384615385,78,69,100,4
"85139e43fffffff",0.790909090909091,110,87,100,4
"85139ec7fffffff",0.757352941176471,544,412,100,4
"85182873fffffff",0,75,0,100,0
"85182997fffffff",0,491,0,100,0
"85187427fffffff",0,34,0,100,0
"85190c7bfffffff",0.01,400,4,100,1
"85190ccbfffffff",0.0163934426229508,488,8,100,1
"851a8c23fffffff",1,76,76,100,5
"851aa42bfffffff",0.228571428571429,35,8,100,3
"851d24a3fffffff",0.674418604651163,129,87,100,4
"851d250ffffffff",0.739130434782609,46,34,100,4
"851d25c7fffffff",0.865168539325843,89,77,100,4
"8522d0bbfffffff",0.973282442748092,262,255,100,5
"8528d117fffffff",0.619230769230769,260,161,100,4
"8528d123fffffff",0.768,125,96,100,4
"8528d18bfffffff",0.557692307692308,52,29,100,4
"8528d563fffffff",0.0869565217391304,46,4,100,2
"8528d58bfffffff",0.127272727272727,55,7,100,2
"8528d833fffffff",1,37,37,100,5
"8529a5d7fffffff",0,52,0,100,0
"852a0203fffffff",0.0158730158730159,315,5,100,1
"852a0223fffffff",0,78,0,100,0
"852a0267fffffff",0.0152671755725191,131,2,100,1
"852a02abfffffff",0,188,0,100,0
"852a228bfffffff",0.0942028985507246,138,13,100,2
"852a2337fffffff",0.1125,80,9,100,2
"852a2397fffffff",0.0731707317073171,41,3,100,2
"852a2497fffffff",0.032520325203252,123,4,100,1
"852a2513fffffff",0,47,0,100,0
"852a2557fffffff",0.0666666666666667,30,2,100,2
"852a25d7fffffff",0.032967032967033,91,3,100,1
"852af4a3fffffff",0.0978260869565217,92,9,100,2
"852af543fffffff",0.104166666666667,48,5,100,2
"852af6a3fffffff",0.0053475935828877,187,1,100,1
"852b284ffffffff",0,31,0,100,0
"852b2987fffffff",0.0833333333333333,36,3,100,2
"8544b127fffffff",0.0048780487804878,205,1,100,1
"8544d003fffffff",0.00346020761245675,289,1,100,1
"85485c6bfffffff",0.0309278350515464,97,3,100,1
"85669db7fffffff",0.12962962962963,54,7,100,2
"8566d24bfffffff",0.947368421052632,38,36,100,4
"8566d2c7fffffff",1,102,102,100,5
"8566d6bbfffffff",1,30,30,100,5
"859b0e77fffffff",1,100,100,100,5
"859d0e8bfffffff",0.880952380952381,42,37,100,4
"85bb52a3fffffff",0.00340136054421769,294,1,100,1
"85be0e2bfffffff",0.483333333333333,120,58,100,3
"85be18cffffffff",0.972972972972973,37,36,100,5
"85e40c0bfffffff",0.0967741935483871,31,3,100,2
"8506d137fffffff",0.091254752851711,263,24,100,2
"8506dd73fffffff",0.959016393442623,122,117,100,4
"8507581bfffffff",0.0961538461538462,52,5,100,2
"85075ecbfffffff",1,136,136,100,5
"850c401bfffffff",0.916666666666667,60,55,100,4
"850c404ffffffff",0.958333333333333,120,115,100,4
"850c4257fffffff",0.682926829268293,164,112,100,4
"850c4273fffffff",0.618,1000,618,100,4
"850c4477fffffff",0.666666666666667,33,22,100,4
"850c5397fffffff",1,164,164,100,5
"850c5e23fffffff",1,41,41,100,5
"85129077fffffff",1,53,53,100,5
"85129ba3fffffff",0.752851711026616,263,198,100,4
"85182343fffffff",0.0192307692307692,52,1,100,1
"851850a7fffffff",0,56,0,100,0
"85190897fffffff",0,108,0,100,0
"851908dbfffffff",0,37,0,100,0
"8519097bfffffff",0.0333333333333333,30,1,100,1
"85190ab3fffffff",0,48,0,100,0
"85195317fffffff",0,573,0,100,0
"8519556ffffffff",0.012987012987013,77,1,100,1
"85195607fffffff",0.0266666666666667,75,2,100,1
"851b8e8bfffffff",0,37,0,100,0
"85283123fffffff",0.575471698113208,106,61,100,4
"85283193fffffff",0.680851063829787,470,320,100,4
"8528342ffffffff",0.673469387755102,343,231,100,4
"8528351bfffffff",0.685714285714286,35,24,100,4
"8528c237fffffff",0.685714285714286,140,96,100,4
"8528c31bfffffff",0.886792452830189,53,47,100,4
"8528c33bfffffff",0.781818181818182,55,43,100,4
"85291a2bfffffff",0.494411571334648,1521,752,100,3
"85291a47fffffff",0.354838709677419,62,22,100,3
"85291b7bfffffff",0.327217125382263,327,107,100,3
"8529a48bfffffff",0.396551724137931,58,23,100,3
"852a3033fffffff",0.501412429378531,1416,710,100,3
"852a308ffffffff",0.378666666666667,375,142,100,3
"852b0953fffffff",0.032258064516129,31,1,100,1
"852b0b5bfffffff",0.0543478260869565,92,5,100,2
"852b0b6ffffffff",0,33,0,100,0
"852b3177fffffff",0.00589970501474926,339,2,100,1
"852b31b7fffffff",0.0666666666666667,30,2,100,2
"852b363bfffffff",0,30,0,100,0
"852b76b7fffffff",0.0232558139534884,43,1,100,1
"85490817fffffff",1,105,105,100,5
"855d101bfffffff",0.537993920972644,329,177,100,3
"855d10c7fffffff",0.0711111111111111,225,16,100,2
"855d13d3fffffff",0.0648648648648649,185,12,100,2
"855d1687fffffff",0.995188402174592,16003,15926,100,5
"85811673fffffff",1,307,307,100,5
"858116b3fffffff",1,39,39,100,5
"859d0397fffffff",1,30,30,100,5
"85b91453fffffff",0.0505050505050505,99,5,100,2
"85b9145bfffffff",0.031055900621118,161,5,100,1
"85b9336bfffffff",0.0144927536231884,69,1,100,1
"85bc49a7fffffff",0.995238095238095,210,209,100,5
"85be616bfffffff",0.0099009900990099,101,1,100,1
"85be6393fffffff",0.63855421686747,83,53,100,4
"85c32e63fffffff",0.0263157894736842,38,1,100,1
"85df312bfffffff",1,90,90,100,5
"85df31cbfffffff",0.940140845070423,568,534,100,4
"85df3563fffffff",0.982456140350877,171,168,100,5
"85192a7bfffffff",0,43,0,100,0
"85194dc7fffffff",0,385,0,100,0
"85197457fffffff",0,41,0,100,0
"851976a3fffffff",0,62,0,100,0
"8519084ffffffff",0,45,0,100,0
"85190e13fffffff",0,32,0,100,0
"85195aaffffffff",0,35,0,100,0
"851970c3fffffff",0,210,0,100,0
"8509b6b7fffffff",0,33,0,100,0
"85194487fffffff",0,43,0,100,0
"85194613fffffff",0,215,0,100,0
"857b99c3fffffff",0,73,0,100,0
"85184613fffffff",0,121,0,100,0
"85184ea7fffffff",0,44,0,100,0
"85192b3bfffffff",0,305,0,100,0
"853422d7fffffff",0,35,0,100,0
"85343417fffffff",0,40,0,100,0
"85346473fffffff",0,57,0,100,0
"85346b6bfffffff",0,80,0,100,0
"85447057fffffff",0,76,0,100,0
"8585a40ffffffff",0,37,0,100,0
"852ac693fffffff",0,48,0,100,0
"85440923fffffff",0,62,0,100,0
"85440967fffffff",0,82,0,100,0
"8544096bfffffff",0,41,0,100,0
"854409a7fffffff",0,95,0,100,0
"859451dbfffffff",0,979,0,100,0
"85c9b113fffffff",0,114,0,100,0
"85c9b1abfffffff",0,187,0,100,0
"852a023bfffffff",0,88,0,100,0
"852af183fffffff",0,65,0,100,0
"85bb2d2ffffffff",0,88,0,100,0
"85bb5077fffffff",0,388,0,100,0
"85186297fffffff",0,2158,0,100,0
"85c32e6ffffffff",0,30,0,100,0
"85448d2bfffffff",0,32,0,100,0
"8509b2d3fffffff",0,36,0,100,0
"85182d6ffffffff",0,67,0,100,0
"852a1e9bfffffff",0,48,0,100,0
"852b1bd3fffffff",0,80,0,100,0
"85464e8bfffffff",0,2883,0,100,0
"851871bbfffffff",0,41,0,100,0
"85195ba7fffffff",0,97,0,100,0
"8519092bfffffff",0,129,0,100,0
"85190bb7fffffff",0,118,0,100,0
"85df41a3fffffff",0,37,0,100,0
"85195917fffffff",0,50,0,100,0
"85099bcffffffff",0,92,0,100,0
"85184523fffffff",0,537,0,100,0
"8585b593fffffff",0,48,0,100,0
"85195907fffffff",0,32,0,100,0
"852ad143fffffff",0,68,0,100,0
"85187243fffffff",0,32,0,100,0
"85187343fffffff",0,31,0,100,0
"851873b7fffffff",0,37,0,100,0
"85194a0ffffffff",0,107,0,100,0
"852a02a3fffffff",0,61,0,100,0
"852af6b3fffffff",0,57,0,100,0
"8544d0dbfffffff",0,52,0,100,0
"8544d273fffffff",0,35,0,100,0
"85bb504ffffffff",0,673,0,100,0
"85bb506bfffffff",0,456,0,100,0
"85182087fffffff",0,53,0,100,0
"8518627bfffffff",0,50,0,100,0
"8544f2dbfffffff",0,85,0,100,0
"859ce477fffffff",0,30,0,100,0
"85194eaffffffff",0,34,0,100,0
"85a8a037fffffff",0,210,0,100,0
"851f2563fffffff",0,98,0,100,0
"851f256ffffffff",0,1205,0,100,0
"851f258ffffffff",0,129,0,100,0
"851862a3fffffff",0,40,0,100,0
"850c10a7fffffff",0,64,0,100,0
"85446cd7fffffff",0,32,0,100,0
"8544e427fffffff",0,92,0,100,0
"851862bbfffffff",0,617,0,100,0
"8544f36bfffffff",0,322,0,100,0
"8554365bfffffff",0,58,0,100,0
"85012b8ffffffff",0.466666666666667,30,14,100,3
"850130a3fffffff",0.08,50,4,100,2
"85015173fffffff",0.106382978723404,47,5,100,2
"8501554bfffffff",0.0810810810810811,37,3,100,2
"850155dbfffffff",0.0857142857142857,35,3,100,2
"8501768bfffffff",0.333333333333333,30,10,100,3
"85094a53fffffff",0.0487804878048781,41,2,100,2
"8509a40ffffffff",0.0465116279069767,215,10,100,2
"8509a5affffffff",0,47,0,100,0
"8517567bfffffff",0.906976744186046,43,39,100,4
"8518019bfffffff",0.0555555555555556,36,2,100,2
"85184567fffffff",0,214,0,100,0
"8518469bfffffff",0,319,0,100,0
"851846a3fffffff",0,32,0,100,0
"85184c37fffffff",0,364,0,100,0
"851876a7fffffff",0.0298701298701299,770,23,100,1
"85192923fffffff",0.00574712643678161,174,1,100,1
"8519293bfffffff",0.00495049504950495,202,1,100,1
"85194ea3fffffff",0,164,0,100,0
"851976bbfffffff",0.00324149108589951,6787,22,100,1
"8528d95bfffffff",0.982758620689655,58,57,100,5
"8528dc97fffffff",0.775862068965517,348,270,100,4
"8528f187fffffff",0.470588235294118,34,16,100,3
"852a11c3fffffff",0.0133333333333333,75,1,100,1
"852a1587fffffff",0.637268847795164,703,448,100,4
"852a1597fffffff",0.442622950819672,61,27,100,3
"852a15b3fffffff",0.109983079526227,591,65,100,2
"852a15b7fffffff",0.0961538461538462,208,20,100,2
"852a1a37fffffff",0.0909090909090909,44,4,100,2
"852a1aa3fffffff",0.0555555555555556,36,2,100,2
"852a350bfffffff",0.0543478260869565,184,10,100,2
"852a351bfffffff",0.0878378378378378,148,13,100,2
"852a3567fffffff",0.0917431192660551,109,10,100,2
"852a3587fffffff",0.186046511627907,43,8,100,3
"852a358ffffffff",0.11063829787234,235,26,100,2
"852a35affffffff",0.04,100,4,100,2
"852a35c7fffffff",0.07,200,14,100,2
"852a35cffffffff",0.0927835051546392,194,18,100,2
"852aa9a3fffffff",0.0338983050847458,59,2,100,1
"852aad3bfffffff",0.00348837209302326,860,3,100,1
"852b1807fffffff",0.0275229357798165,109,3,100,1
"852b187bfffffff",0.109756097560976,82,9,100,2
"852b18abfffffff",0.0476190476190476,126,6,100,2
"852b1b4bfffffff",0.0952380952380952,63,6,100,2
"85342283fffffff",0,56,0,100,0
"8534261bfffffff",0,173,0,100,0
"85342643fffffff",0.00881704628949302,1361,12,100,1
"8534264bfffffff",0,200,0,100,0
"85342673fffffff",0.0127974156675157,16097,206,100,1
"853434dbfffffff",0.0130932896890344,1222,16,100,1
"85346607fffffff",0.0169491525423729,59,1,100,1
"85464867fffffff",0.863013698630137,803,693,100,4
"85464ba7fffffff",0.181818181818182,55,10,100,3
"85a59233fffffff",1,38,38,100,5
"85a59687fffffff",1,182,182,100,5
"85a6103bfffffff",0.956521739130435,46,44,100,4
"85ad3687fffffff",0.937888198757764,322,302,100,4
"85b31967fffffff",1,31,31,100,5
"85bb5ecffffffff",0.0606060606060606,33,2,100,2
"85be1d03fffffff",0.997173144876325,1415,1411,100,5
"85be1dbbfffffff",0.09375,32,3,100,2
"85be2923fffffff",0.975133214920071,1126,1098,100,5
"85be2967fffffff",0.921052631578947,38,35,100,4
"85bf4c87fffffff",0.8,170,136,100,4
"85bf4e0bfffffff",0.909090909090909,55,50,100,4
"85bf4e7bfffffff",1,143,143,100,5
"85bf59c3fffffff",1,33,33,100,5
"85bf5b3bfffffff",0.9,30,27,100,4
"85de8247fffffff",0,74,0,100,0
"85de93b7fffffff",0,40,0,100,0
"85de942ffffffff",0.032258064516129,62,2,100,1
"85de9cd7fffffff",0,32,0,100,0
"85df0493fffffff",0.266666666666667,30,8,100,3
"85df0603fffffff",0.842105263157895,38,32,100,4
"85df0643fffffff",0.988235294117647,85,84,100,5
"85df0657fffffff",1,113,113,100,5
"85df06d7fffffff",0.517241379310345,58,30,100,3
"85df11cbfffffff",0.222222222222222,36,8,100,3
"85e836cffffffff",1,38,38,100,5
"85e88243fffffff",1,42,42,100,5
"85e89123fffffff",0.9375,32,30,100,4
"85e8918ffffffff",1,43,43,100,5
"85e89997fffffff",1,43,43,100,5
"85e89b73fffffff",1,189,189,100,5
"85e89c37fffffff",1,61,61,100,5
"85e89c9bfffffff",0.96551724137931,58,56,100,5
"85e89ccbfffffff",0.801652892561983,121,97,100,4
"8512820bfffffff",0.980952380952381,105,103,100,5
"85180c9bfffffff",0.0555555555555556,450,25,100,2
"85180ccffffffff",0.220779220779221,77,17,100,3
"85182bd3fffffff",0.0277777777777778,72,2,100,1
"8518709bfffffff",0.00290697674418605,1032,3,100,1
"851870c7fffffff",0.0606060606060606,66,4,100,2
"85190867fffffff",0.00816326530612245,245,2,100,1
"8519414bfffffff",0,70,0,100,0
"851b8167fffffff",0.0333333333333333,30,1,100,1
"85280063fffffff",0.5,42,21,100,3
"85283083fffffff",0.238805970149254,67,16,100,3
"852830a7fffffff",0.142857142857143,42,6,100,3
"85283107fffffff",0.333333333333333,48,16,100,3
"85291243fffffff",0.162790697674419,43,7,100,3
"8529125bfffffff",0.181818181818182,33,6,100,3
"852912a7fffffff",0.0434782608695652,69,3,100,2
"85291363fffffff",0.358974358974359,39,14,100,3
"8529164ffffffff",0,32,0,100,0
"852a0483fffffff",0.295983086680761,473,140,100,3
"852a0573fffffff",0,31,0,100,0
"852a1c1bfffffff",0.0317460317460317,63,2,100,1
"852a2073fffffff",0.108108108108108,37,4,100,2
"852a2097fffffff",0.257142857142857,35,9,100,3
"852a20a3fffffff",0.0285714285714286,35,1,100,1
"852a2117fffffff",0.0263157894736842,38,1,100,1
"852ad517fffffff",0.0181818181818182,55,1,100,1
"852b1babfffffff",0.0975609756097561,82,8,100,2
"852b1c23fffffff",0.280254777070064,157,44,100,3
"852b1c2ffffffff",0.368848025959978,1849,682,100,3
"852b1d4ffffffff",0.33132859486058,1829,606,100,3
"852b1d53fffffff",0.0941176470588235,340,32,100,2
"852b1d57fffffff",0.167123287671233,365,61,100,3
"852b2307fffffff",0,48,0,100,0
"852b23abfffffff",0.0810810810810811,37,3,100,2
"85351a23fffffff",0.0337078651685393,89,3,100,1
"85351a73fffffff",0,112,0,100,0
"85351b53fffffff",0,200,0,100,0
"85351b67fffffff",0,43,0,100,0
"85351b6ffffffff",0,30,0,100,0
"8535a84bfffffff",0,36,0,100,0
"8535a90ffffffff",0,116,0,100,0
"8535a9abfffffff",0.00832342449464923,841,7,100,1
"85464e43fffffff",0.722741433021807,321,232,100,4
"85464ecbfffffff",0.00036473055530227,21934,8,100,1
"85482827fffffff",0.532258064516129,62,33,100,3
"856d7463fffffff",1,126,126,100,5
"85a8b5bbfffffff",0.794117647058823,34,27,100,4
"85baf4cffffffff",1,34,34,100,5
"85bcf607fffffff",0.99476165531692,1909,1899,100,5
"85be6ea7fffffff",0.018018018018018,333,6,100,1
"85be76c3fffffff",0.912698412698413,126,115,100,4
"85be8877fffffff",0.949664429530201,298,283,100,4
"85be8a27fffffff",0.998273310310804,4054,4047,100,5
"85c98473fffffff",0.00196850393700787,508,1,100,1
"85c98683fffffff",0.925925925925926,189,175,100,4
"85c99e83fffffff",1,105,105,100,5
"85d89253fffffff",0,316,0,100,0
"85e45e6bfffffff",0.171428571428571,35,6,100,3
"85010d97fffffff",0.10062893081761,159,16,100,2
"85010da3fffffff",0.211538461538462,52,11,100,3
"8509a097fffffff",0.03584229390681,279,10,100,1
"850cdd33fffffff",0.962085308056872,211,203,100,5
"850cdd77fffffff",1,35,35,100,5
"850ced73fffffff",0.560975609756098,41,23,100,4
"8512b463fffffff",0.23728813559322,59,14,100,3
"8513932ffffffff",0.828846153846154,520,431,100,4
"85139a73fffffff",0.915458937198068,414,379,100,4
"85139e1bfffffff",0.6625,160,106,100,4
"85139e5bfffffff",0.861650485436893,412,355,100,4
"851602dbfffffff",0.974358974358974,39,38,100,5
"851608c3fffffff",1,55,55,100,5
"85182807fffffff",0.186915887850467,107,20,100,3
"85182973fffffff",0,47,0,100,0
"851829cffffffff",0,183,0,100,0
"85190c8bfffffff",0.008,250,2,100,1
"85190ccffffffff",0.0232558139534884,215,5,100,1
"85190cd3fffffff",0,70,0,100,0
"85190e03fffffff",0,30,0,100,0
"851a9473fffffff",0.578947368421053,38,22,100,4
"851a96bbfffffff",0.03125,32,1,100,1
"851aa013fffffff",0.866666666666667,45,39,100,4
"851aa06ffffffff",0.995313964386129,2134,2124,100,5
"851aa0d7fffffff",0.877777777777778,90,79,100,4
"851aa46ffffffff",0.921739130434783,115,106,100,4
"8528d12ffffffff",0.283387622149837,614,174,100,3
"8528d1c3fffffff",0.108108108108108,37,4,100,2
"8528d56ffffffff",0.134146341463415,82,11,100,3
"8529a52ffffffff",0.32,50,16,100,3
"8529a553fffffff",0.617021276595745,94,58,100,4
"8529a5affffffff",0.0303030303030303,66,2,100,1
"8529a5cbfffffff",0.2,40,8,100,3
"8529a5dbfffffff",0.203703703703704,54,11,100,3
"852a004bfffffff",0.036,250,9,100,2
"852a0213fffffff",0.21608040201005,199,43,100,3
"852a0217fffffff",0.129533678756477,193,25,100,2
"852a0283fffffff",0.258064516129032,248,64,100,3
"852a02bbfffffff",0.214285714285714,98,21,100,3
"852a2293fffffff",0.233183856502242,223,52,100,3
"852a22cbfffffff",0.0467289719626168,214,10,100,2
"852a2393fffffff",0.363636363636364,33,12,100,3
"852a239bfffffff",0.491803278688525,61,30,100,3
"852a24c7fffffff",0.0571428571428571,35,2,100,2
"852a25c3fffffff",0.0104166666666667,96,1,100,1
"852af0dbfffffff",0.51993620414673,627,326,100,3
"852af117fffffff",0.00701754385964912,285,2,100,1
"852af1d7fffffff",0,58,0,100,0
"852af487fffffff",0.193548387096774,31,6,100,3
"852af4a7fffffff",0.0198675496688742,151,3,100,1
"852af4affffffff",0.0590405904059041,271,16,100,2
"852af4cbfffffff",0.0571428571428571,35,2,100,2
"85484babfffffff",0,30,0,100,0
"854858d3fffffff",0,80,0,100,0
"854f49b3fffffff",0.0625,32,2,100,2
"859badcbfffffff",0.96969696969697,33,32,100,5
"85ad3213fffffff",0.0625,32,2,100,2
"85bea827fffffff",0.997797356828194,908,906,100,5
"85e1a483fffffff",0.0857142857142857,35,3,100,2
"85e40197fffffff",0.212121212121212,33,7,100,3
"85072227fffffff",0.0238095238095238,42,1,100,1
"8507235bfffffff",0.0294117647058824,68,2,100,1
"8507465bfffffff",0.956255468066492,1143,1093,100,4
"85074a0bfffffff",0,47,0,100,0
"85075d0ffffffff",0.032258064516129,31,1,100,1
"850c405bfffffff",0.954954954954955,111,106,100,4
"850c447bfffffff",0.961038961038961,154,148,100,4
"850c514bfffffff",1,44,44,100,5
"8512902bfffffff",1,85,85,100,5
"85190913fffffff",0,31,0,100,0
"85190c0ffffffff",0,1270,0,100,0
"85190c57fffffff",0.00459770114942529,435,2,100,1
"85190c63fffffff",0.0333333333333333,300,10,100,1
"851946dbfffffff",0.0102827763496144,389,4,100,1
"85195423fffffff",0,312,0,100,0
"85195567fffffff",0,71,0,100,0
"85196823fffffff",0.0857142857142857,105,9,100,2
"851b999bfffffff",0.909090909090909,33,30,100,4
"85283487fffffff",0.622641509433962,53,33,100,4
"85283493fffffff",0.739495798319328,119,88,100,4
"852834abfffffff",0.601351351351351,148,89,100,4
"852834d3fffffff",0.871900826446281,1694,1477,100,4
"85283553fffffff",0.848797250859107,291,247,100,4
"852835cbfffffff",0.656652360515021,233,153,100,4
"8528c06ffffffff",0.032258064516129,31,1,100,1
"8528c26bfffffff",0.985901309164149,993,979,100,5
"8528c34ffffffff",0.751898734177215,790,594,100,4
"8529a19bfffffff",0.375,40,15,100,3
"852a30a7fffffff",0.382352941176471,1734,663,100,3
"852a3137fffffff",0.34375,32,11,100,3
"852a31c7fffffff",0.552217453505007,699,386,100,4
"852a34a3fffffff",0.2,90,18,100,3
"852b0a2bfffffff",0.171875,64,11,100,3
"852b0b83fffffff",0.0285714285714286,35,1,100,1
"852b0bcbfffffff",0.141176470588235,85,12,100,3
"852b312ffffffff",0,33,0,100,0
"85490807fffffff",1,323,323,100,5
"8549a887fffffff",1,48,48,100,5
"855d1047fffffff",0.834106728538283,862,719,100,4
"855d105bfffffff",0.0294117647058824,34,1,100,1
"855d107bfffffff",0.426630434782609,368,157,100,3
"8581160bfffffff",1,117,117,100,5
"85823317fffffff",1,70,70,100,5
"858f2a0bfffffff",0.970588235294118,34,33,100,5
"858f2a8bfffffff",1,35,35,100,5
"858f2e6ffffffff",0.991596638655462,119,118,100,5
"85a6a293fffffff",1,72,72,100,5
"85b82263fffffff",0.0271604938271605,405,11,100,1
"85b91433fffffff",0.113207547169811,53,6,100,2
"85b914abfffffff",0.0123456790123457,81,1,100,1
"85b914c7fffffff",0.032258064516129,31,1,100,1
"85be60cffffffff",0.0222222222222222,45,1,100,1
"85be63bbfffffff",0.202380952380952,84,17,100,3
"85be6943fffffff",0.142857142857143,49,7,100,3
"85c32ba7fffffff",0.0298507462686567,67,2,100,1
"85df1417fffffff",0.72972972972973,37,27,100,4
"85df14affffffff",0.9375,48,45,100,4
"85df14b3fffffff",0.636363636363636,33,21,100,4
"85df1c03fffffff",1,48,48,100,5
"85df30b3fffffff",0.943396226415094,848,800,100,4
"85df3143fffffff",0.594594594594595,111,66,100,4
"85df316ffffffff",0.323809523809524,105,34,100,3
"85df31c7fffffff",0.924882629107981,213,197,100,4
"85df31d7fffffff",0.982352941176471,170,167,100,5
"85df3533fffffff",1,346,346,100,5
"85df3537fffffff",1,66,66,100,5
"85df8143fffffff",1,39,39,100,5
"85eda34ffffffff",1,35,35,100,5
"8544b51bfffffff",0,16131,0,100,0
"8519297bfffffff",0,56,0,100,0
"851929abfffffff",0,39,0,100,0
"851929bbfffffff",0,30,0,100,0
"851940cffffffff",0,57,0,100,0
"85196b43fffffff",0,149,0,100,0
"85194b97fffffff",0,74,0,100,0
"85197123fffffff",0,31,0,100,0
"85190bbbfffffff",0,38,0,100,0
"851946a7fffffff",0,39,0,100,0
"8539337bfffffff",0,33,0,100,0
"852b0d2ffffffff",0,33,0,100,0
"859c58cbfffffff",0,33,0,100,0
"85440937fffffff",0,30,0,100,0
"859442a3fffffff",0,1257,0,100,0
"859442b3fffffff",0,57,0,100,0
"85c9809bfffffff",0,104,0,100,0
"85c9841bfffffff",0,242,0,100,0
"852a022ffffffff",0,65,0,100,0
"85190bb3fffffff",0,47,0,100,0
"855d1473fffffff",0,34,0,100,0
"85b91543fffffff",0,46,0,100,0
"85da188bfffffff",0,519,0,100,0
"851845cbfffffff",0,158,0,100,0
"85192b17fffffff",0,71,0,100,0
"85182da7fffffff",0,4421,0,100,0
"851951c7fffffff",0,62,0,100,0
"851956d7fffffff",0,87,0,100,0
"852ad16bfffffff",0,44,0,100,0
"85195a4bfffffff",0,110,0,100,0
"8519093bfffffff",0,85,0,100,0
"85195303fffffff",0,65,0,100,0
"85344cabfffffff",0,34,0,100,0
"85184577fffffff",0,106,0,100,0
"85186a1bfffffff",0,64,0,100,0
"854858dbfffffff",0,35,0,100,0
"85bb504bfffffff",0,66,0,100,0
"85bb5063fffffff",0,704,0,100,0
"85194803fffffff",0,44,0,100,0
"85da7323fffffff",0,107,0,100,0
"852ad5bbfffffff",0,64,0,100,0
"85945c87fffffff",0,63,0,100,0
"851f21d7fffffff",0,1039,0,100,0
"851f32c3fffffff",0,154,0,100,0
"85195e4ffffffff",0,65,0,100,0
"851f2507fffffff",0,89,0,100,0
"851f2567fffffff",0,289,0,100,0
"850da82ffffffff",0,64,0,100,0
"852aa9b3fffffff",0,57,0,100,0
"8544a18ffffffff",0,35,0,100,0
"85441e3bfffffff",0,72,0,100,0
"8544d00ffffffff",0,235,0,100,0
"85017617fffffff",0.235294117647059,34,8,100,3
"8509a40bfffffff",0.0704225352112676,71,5,100,2
"8509a43bfffffff",0.129032258064516,31,4,100,2
"8509a50ffffffff",0.027027027027027,37,1,100,1
"8509a6b7fffffff",0.00817700817700818,2079,17,100,1
"85180127fffffff",0.0142857142857143,70,1,100,1
"851801cffffffff",0.360655737704918,122,44,100,3
"85180577fffffff",0.010989010989011,182,2,100,1
"85184333fffffff",0,31,0,100,0
"85184437fffffff",0,55,0,100,0
"85184463fffffff",0,190,0,100,0
"8518468bfffffff",0,126,0,100,0
"85192883fffffff",0.0105820105820106,189,2,100,1
"85192897fffffff",0,39,0,100,0
"85192ba3fffffff",0.0263157894736842,76,2,100,1
"85197317fffffff",0,31,0,100,0
"85197383fffffff",0.0113314447592068,706,8,100,1
"8519768ffffffff",0.0206422018348624,436,9,100,1
"851ab52ffffffff",0.0526315789473684,646,34,100,2
"8528de93fffffff",0.837837837837838,37,31,100,4
"852a1143fffffff",0.0363636363636364,55,2,100,2
"852a118ffffffff",0.111111111111111,54,6,100,2
"852a11a3fffffff",0.01171875,256,3,100,1
"852a11d7fffffff",0,61,0,100,0
"852a152bfffffff",0.0487804878048781,41,2,100,2
"852a152ffffffff",0.111111111111111,54,6,100,2
"852a15a7fffffff",0.0100502512562814,199,2,100,1
"852a18c3fffffff",0,115,0,100,0
"852a18dbfffffff",0.0166666666666667,60,1,100,1
"852a353bfffffff",0.0454545454545455,132,6,100,2
"852a3543fffffff",0.0686274509803922,102,7,100,2
"852a357bfffffff",0.22289156626506,166,37,100,3
"852a35b7fffffff",0.315789473684211,38,12,100,3
"852aad37fffffff",0.0819672131147541,61,5,100,2
"852b0d6bfffffff",0.119047619047619,42,5,100,2
"852b167bfffffff",0.47093023255814,172,81,100,3
"852b182bfffffff",0.336633663366337,303,102,100,3
"852b1913fffffff",0.290322580645161,31,9,100,3
"852b196bfffffff",0.0357142857142857,56,2,100,1
"852b19bbfffffff",0.45,160,72,100,3
"852b1b4ffffffff",0.104477611940299,67,7,100,2
"8534260ffffffff",0.00354394491697043,9876,35,100,1
"8534263bfffffff",0.00638436482084691,7675,49,100,1
"85343413fffffff",0.00982318271119843,509,5,100,1
"8534341bfffffff",0.0012853470437018,3890,5,100,1
"853434cbfffffff",0.0162613981762918,6580,107,100,1
"853435b7fffffff",0,65,0,100,0
"853436abfffffff",0,30,0,100,0
"85346637fffffff",0,61,0,100,0
"85464163fffffff",0,16221,0,100,0
"854a26dbfffffff",1,768,768,100,5
"854b1ba3fffffff",1,35,35,100,5
"855d16a3fffffff",0.980281690140845,710,696,100,5
"855d16bbfffffff",0.931645569620253,395,368,100,4
"855d16c7fffffff",0.00813008130081301,123,1,100,1
"856d1593fffffff",1,63,63,100,5
"8594ac6ffffffff",0.939393939393939,33,31,100,4
"85a2542ffffffff",0.921052631578947,38,35,100,4
"85a59207fffffff",1,287,287,100,5
"85a6049bfffffff",1,45,45,100,5
"85a61063fffffff",1,155,155,100,5
"85ad3607fffffff",0.986928104575163,459,453,100,5
"85de82abfffffff",0.0263157894736842,38,1,100,1
"85de91cffffffff",0,87,0,100,0
"85e8820ffffffff",1,32,32,100,5
"85e8826bfffffff",0.956521739130435,69,66,100,4
"85e89127fffffff",0.836363636363636,55,46,100,4
"85e8919bfffffff",0.942857142857143,35,33,100,4
"85e89533fffffff",1,52,52,100,5
"85e89b03fffffff",1,50,50,100,5
"85e89b2ffffffff",1,103,103,100,5
"85e89b8bfffffff",0.988372093023256,86,85,100,5
"85e89ba3fffffff",0.866666666666667,45,39,100,4
"85e89c6bfffffff",0.925925925925926,54,50,100,4
"85e89c8ffffffff",0.970588235294118,34,33,100,5
"85ea2c53fffffff",1,31,31,100,5
"85182d93fffffff",0.0135135135135135,74,1,100,1
"85186a03fffffff",0,88,0,100,0
"85186a57fffffff",0,234,0,100,0
"8518717bfffffff",0,148,0,100,0
"85190097fffffff",0,40,0,100,0
"85195047fffffff",0.0110935023771791,631,7,100,1
"85195077fffffff",0,359,0,100,0
"851950cbfffffff",0.0101010101010101,99,1,100,1
"85195107fffffff",0,100,0,100,0
"85195203fffffff",0.00980392156862745,102,1,100,1
"85195a43fffffff",0.0102040816326531,98,1,100,1
"851b8317fffffff",0.787878787878788,66,52,100,4
"85280047fffffff",0.0217391304347826,46,1,100,1
"852803cffffffff",0.0303030303030303,33,1,100,1
"852818b7fffffff",0.205882352941176,34,7,100,3
"8529122bfffffff",0.90279114533205,1039,938,100,4
"8529122ffffffff",0.402631578947368,380,153,100,3
"85291237fffffff",0.473196558570483,1511,715,100,3
"85291333fffffff",0.111111111111111,36,4,100,2
"852913c7fffffff",0.120967741935484,372,45,100,2
"85291657fffffff",0.0980392156862745,51,5,100,2
"852a0403fffffff",0.290322580645161,62,18,100,3
"852a042ffffffff",0.0666666666666667,30,2,100,2
"852a0623fffffff",0.222222222222222,45,10,100,3
"852a06cffffffff",0.141414141414141,99,14,100,3
"852a1023fffffff",0.19811320754717,106,21,100,3
"852a111bfffffff",0,31,0,100,0
"852a1c13fffffff",0,37,0,100,0
"852a1c53fffffff",0.0236220472440945,127,3,100,1
"852a1c63fffffff",0.015625,64,1,100,1
"852a1c8ffffffff",0,269,0,100,0
"852a1cc3fffffff",0.036036036036036,222,8,100,2
"852a1eb7fffffff",0.109375,64,7,100,2
"852a20b3fffffff",0.21875,32,7,100,3
"852a2147fffffff",0.0612244897959184,49,3,100,2
"852a2203fffffff",0.190600522193211,383,73,100,3
"852a2233fffffff",0.521739130434783,253,132,100,3
"852b1ba3fffffff",0.105263157894737,57,6,100,2
"852b1bcbfffffff",0.010752688172043,93,1,100,1
"852b1d47fffffff",0.164855072463768,552,91,100,3
"852b1dcffffffff",0.293785310734463,177,52,100,3
"85351a4ffffffff",0,53,0,100,0
"85351a67fffffff",0.00558659217877095,358,2,100,1
"85351b0bfffffff",0.0212765957446809,47,1,100,1
"85351b77fffffff",0,64,0,100,0
"8535a917fffffff",0,100,0,100,0
"8535a947fffffff",0,31,0,100,0
"85464e5bfffffff",0.457831325301205,166,76,100,3
"85464ec3fffffff",7.55267994259963e-05,79442,6,100,1
"85464ec7fffffff",0.00128390306531857,6231,8,100,1
"854805bbfffffff",1,45,45,100,5
"85482307fffffff",0.844660194174757,103,87,100,4
"854830cffffffff",0.981132075471698,53,52,100,5
"854b9e4bfffffff",1,399,399,100,5
"85be76cbfffffff",0.74468085106383,47,35,100,4
"85be88b3fffffff",0.956175298804781,251,240,100,4
"85be8d47fffffff",0.996551724137931,290,289,100,5
"85be8d53fffffff",0.776119402985075,67,52,100,4
"85be8dd3fffffff",0.601769911504425,113,68,100,4
"85c98697fffffff",0.693333333333333,75,52,100,4
"85c99ebbfffffff",0.86,50,43,100,4
"85c9b13bfffffff",0.00571428571428571,175,1,100,1
"85e454affffffff",0.0769230769230769,39,3,100,2
"85e4ec2ffffffff",0.15625,32,5,100,3
"85010db7fffffff",0.395348837209302,43,17,100,3
"850ce963fffffff",0.878787878787879,33,29,100,4
"850d8a7bfffffff",0.99,300,297,100,5
"850e490ffffffff",0.0882352941176471,34,3,100,2
"85139a83fffffff",0.831932773109244,238,198,100,4
"85139e0ffffffff",0.898773006134969,326,293,100,4
"8518283bfffffff",0.151898734177215,79,12,100,3
"8518286bfffffff",0.00934579439252336,107,1,100,1
"85182a2ffffffff",0.06,150,9,100,2
"85187437fffffff",0.0265957446808511,188,5,100,1
"85190e2ffffffff",0.00602409638554217,166,1,100,1
"8519252bfffffff",0,32,0,100,0
"851948cffffffff",0.0487804878048781,41,2,100,2
"85194b87fffffff",0,173,0,100,0
"85195aa7fffffff",0.025,40,1,100,1
"851a947bfffffff",0.15625,32,5,100,3
"851aa407fffffff",0.138888888888889,36,5,100,3
"851d2087fffffff",1,32,32,100,5
"851d2467fffffff",0.67719298245614,855,579,100,4
"851d2483fffffff",0.887323943661972,71,63,100,4
"8522d00bfffffff",0.542857142857143,35,19,100,3
"8528d113fffffff",0.782608695652174,115,90,100,4
"852a001bfffffff",0.115942028985507,69,8,100,2
"852a0243fffffff",0.210526315789474,38,8,100,3
"852a02d3fffffff",0.189189189189189,37,7,100,3
"852a2367fffffff",0.265060240963855,83,22,100,3
"852a2487fffffff",0.171428571428571,35,6,100,3
"852a2543fffffff",0.101694915254237,59,6,100,2
"852a25d3fffffff",0.13953488372093,43,6,100,3
"852af01bfffffff",0.132075471698113,53,7,100,2
"852af637fffffff",0.0245614035087719,285,7,100,1
"852af6a7fffffff",0.156976744186047,172,27,100,3
"85484b2ffffffff",0.135593220338983,59,8,100,3
"85485547fffffff",0.670588235294118,85,57,100,4
"854cf6a3fffffff",1,48,48,100,5
"85661a7bfffffff",1,49,49,100,5
"858f0803fffffff",1,46,46,100,5
"858f0813fffffff",1,1307,1307,100,5
"859baddbfffffff",0.996996996996997,333,332,100,5
"85ad3217fffffff",0.966101694915254,59,57,100,5
"85bb52a7fffffff",0.00275482093663912,363,1,100,1
"85e31e83fffffff",1,31,31,100,5
"85e4050ffffffff",0.09375,32,3,100,2
"85e408bbfffffff",0.0967741935483871,31,3,100,2
"85e40d37fffffff",0.0540540540540541,37,2,100,2
"8506d3c7fffffff",0.284403669724771,109,31,100,3
"850704affffffff",0.775,40,31,100,4
"85075ec3fffffff",0.997566909975669,411,410,100,5
"850c424ffffffff",0.957446808510638,47,45,100,4
"850c4617fffffff",0.852941176470588,34,29,100,4
"850c515bfffffff",1,31,31,100,5
"850c5a0bfffffff",1,46,46,100,5
"850c5ad3fffffff",0.961538461538462,182,175,100,4
"850c5e5bfffffff",1,56,56,100,5
"8518607bfffffff",0,69,0,100,0
"85190963fffffff",0.0166666666666667,120,2,100,1
"85190c1bfffffff",0.00512820512820513,195,1,100,1
"8519480ffffffff",0.0075187969924812,133,1,100,1
"8519556bfffffff",0.00636942675159236,157,1,100,1
"851b8ec3fffffff",0.0204081632653061,49,1,100,1
"85283483fffffff",0.643835616438356,146,94,100,4
"8528348bfffffff",0.741658722592946,2098,1556,100,4
"852834bbfffffff",0.424242424242424,66,28,100,3
"85283547fffffff",0.532967032967033,910,485,100,3
"8529a437fffffff",0.121212121212121,33,4,100,2
"852a310bfffffff",0.0882352941176471,136,12,100,2
"852a318ffffffff",0.452153110047847,418,189,100,3
"852a31affffffff",0.429240862230553,1067,458,100,3
"852b0433fffffff",0,73,0,100,0
"852b0457fffffff",0.101694915254237,59,6,100,2
"852b095bfffffff",0.032258064516129,31,1,100,1
"852b0a0ffffffff",0.0857142857142857,35,3,100,2
"852b0aa7fffffff",0.0810810810810811,37,3,100,2
"852b0b87fffffff",0.0434782608695652,46,2,100,2
"8544f2cbfffffff",0.0128205128205128,78,1,100,1
"855d100bfffffff",0.944099378881988,805,760,100,4
"855d12a3fffffff",0.0128205128205128,78,1,100,1
"855d145bfffffff",0.416666666666667,48,20,100,3
"855d1683fffffff",0.989512646514497,1621,1604,100,5
"85823307fffffff",0.991803278688525,122,121,100,5
"858f2e63fffffff",0.978723404255319,47,46,100,5
"858f2e6bfffffff",1,48,48,100,5
"859d0b4ffffffff",0.327272727272727,55,18,100,3
"85a61383fffffff",1,141,141,100,5
"85a615affffffff",0.975903614457831,83,81,100,5
"85a6220bfffffff",1,64,64,100,5
"85a62223fffffff",0.974516001580403,5062,4933,100,5
"85a6a623fffffff",0.0909090909090909,44,4,100,2
"85b9111bfffffff",0.0540540540540541,111,6,100,2
"85b9118ffffffff",0.0655737704918033,61,4,100,2
"85ba1a07fffffff",1,34,34,100,5
"85be612ffffffff",0.0666666666666667,45,3,100,2
"85bf6b4bfffffff",1,96,96,100,5
"85da8917fffffff",1,40,40,100,5
"85df152ffffffff",0,55,0,100,0
"85df1587fffffff",0.947368421052632,38,36,100,4
"85df226ffffffff",1,43,43,100,5
"85df267bfffffff",0.633663366336634,101,64,100,4
"85df26cffffffff",1,56,56,100,5
"85df30b7fffffff",0.98458904109589,1752,1725,100,5
"85df310bfffffff",0.994152046783626,171,170,100,5
"85df3117fffffff",1,89,89,100,5
"85df313bfffffff",1,30,30,100,5
"85df31c3fffffff",0.917197452229299,157,144,100,4
"85df351bfffffff",0.694817658349328,1042,724,100,4
"85df356bfffffff",0.970059880239521,501,486,100,5
"85df35affffffff",0.4,80,32,100,3
"85df4557fffffff",0.758064516129032,62,47,100,4
"8544b10ffffffff",0,81,0,100,0
"8544b173fffffff",0,31,0,100,0
"85192947fffffff",0,76,0,100,0
"85194ca3fffffff",0,50,0,100,0
"85d910dbfffffff",0,40,0,100,0
"8518742bfffffff",0,101,0,100,0
"85194897fffffff",0,45,0,100,0
"85194c27fffffff",0,16007,0,100,0
"852af50ffffffff",0,56,0,100,0
"8519443bfffffff",0,33,0,100,0
"851946cffffffff",0,333,0,100,0
"853426cffffffff",0,75,0,100,0
"85343687fffffff",0,67,0,100,0
"85447047fffffff",0,162,0,100,0
"854472abfffffff",0,342,0,100,0
"8546490ffffffff",0,76,0,100,0
"85ad752bfffffff",0,30,0,100,0
"8519596bfffffff",0,95,0,100,0
"852912abfffffff",0,54,0,100,0
"85440da7fffffff",0,47,0,100,0
"85c984dbfffffff",0,184,0,100,0
"85c9b0abfffffff",0,45,0,100,0
"8539220bfffffff",0,46,0,100,0
"85bf4917fffffff",0,165,0,100,0
"851fa4d7fffffff",0,73,0,100,0
"854896dbfffffff",0,35,0,100,0
"855d161bfffffff",0,32,0,100,0
"85b91287fffffff",0,31,0,100,0
"85c32e67fffffff",0,570,0,100,0
"8518052bfffffff",0,35,0,100,0
"85184d4ffffffff",0,45,0,100,0
"85464167fffffff",0,6641,0,100,0
"85182e5bfffffff",0,82,0,100,0
"85195093fffffff",0,110,0,100,0
"85195687fffffff",0,39,0,100,0
"85195903fffffff",0,47,0,100,0
"852b23a7fffffff",0,97,0,100,0
"851828a3fffffff",0,151,0,100,0
"85df41b7fffffff",0,42,0,100,0
"853469c7fffffff",0,34,0,100,0
"8518606bfffffff",0,141,0,100,0
"851800b3fffffff",0,34,0,100,0
"8518451bfffffff",0,138,0,100,0
"85184caffffffff",0,447,0,100,0
"851876affffffff",0,34,0,100,0
"85182d63fffffff",0,36,0,100,0
"852ad163fffffff",0,30,0,100,0
"852ad3b3fffffff",0,70,0,100,0
"851829cbfffffff",0,58,0,100,0
"85450e77fffffff",0,90,0,100,0
"856743a3fffffff",0,68,0,100,0
"8594aa9bfffffff",0,73,0,100,0
"85941a7bfffffff",0,39,0,100,0
"859442affffffff",0,34,0,100,0
"859450a7fffffff",0,254,0,100,0
"859450abfffffff",0,214,0,100,0
"85196b6bfffffff",0,121,0,100,0
"851f2063fffffff",0,42,0,100,0
"851f21c3fffffff",0,2271,0,100,0
"851f2597fffffff",0,116,0,100,0
"851f25cffffffff",0,30,0,100,0
"852b03b3fffffff",0,45,0,100,0
"85482baffffffff",0,75,0,100,0
"85487337fffffff",0,198,0,100,0
"85446cc7fffffff",0,38,0,100,0
"85446e8bfffffff",0,195,0,100,0
"8544f06ffffffff",0,66,0,100,0
"85450517fffffff",0,191,0,100,0
"85012b3bfffffff",0.575757575757576,33,19,100,4
"850136cbfffffff",0.994845360824742,194,193,100,5
"85015123fffffff",0.0952380952380952,42,4,100,2
"8501513bfffffff",0.128571428571429,70,9,100,2
"85015e33fffffff",0.235294117647059,34,8,100,3
"850176c3fffffff",0.434782608695652,46,20,100,3
"85094a03fffffff",0.107142857142857,56,6,100,2
"850959bbfffffff",0.0851063829787234,47,4,100,2
"8509a3b3fffffff",0,43,0,100,0
"8509a42ffffffff",0.0149253731343284,67,1,100,1
"8509a477fffffff",0.0454545454545455,154,7,100,2
"850f2c83fffffff",0,157,0,100,0
"85180153fffffff",0.0909090909090909,55,5,100,2
"851801c3fffffff",0.55,60,33,100,3
"8518453bfffffff",0.0036697247706422,545,2,100,1
"85184957fffffff",0,193,0,100,0
"85184c97fffffff",0,48,0,100,0
"85187683fffffff",0,35,0,100,0
"85192803fffffff",0.00568181818181818,352,2,100,1
"85192b8bfffffff",0.0625,96,6,100,2
"85194dcffffffff",0.000221975582685905,9010,2,100,1
"851ab097fffffff",0.0625,80,5,100,2
"8528d8affffffff",0.844444444444444,45,38,100,4
"8528d9cbfffffff",0.924901185770751,253,234,100,4
"8528dc93fffffff",0.877551020408163,49,43,100,4
"8528dcb3fffffff",0.994897959183674,392,390,100,5
"8528dd33fffffff",0.955473098330241,539,515,100,4
"8528de97fffffff",0.920792079207921,101,93,100,4
"8528e64bfffffff",0.739495798319328,119,88,100,4
"8528f19bfffffff",0.0333333333333333,60,2,100,1
"852a112bfffffff",0.117647058823529,51,6,100,2
"852a112ffffffff",0,34,0,100,0
"852a115bfffffff",0.131147540983607,61,8,100,2
"852a15a3fffffff",0.0916230366492147,382,35,100,2
"852a18cbfffffff",0.0232558139534884,43,1,100,1
"852a1a4bfffffff",0.00390625,256,1,100,1
"852a3523fffffff",0.0789473684210526,114,9,100,2
"852a35a7fffffff",0.0571428571428571,105,6,100,2
"852aa9affffffff",0.00833333333333333,120,1,100,1
"852b0d4bfffffff",0.333333333333333,30,10,100,3
"852b1b1bfffffff",0.0359712230215827,139,5,100,2
"852b1b2bfffffff",0.0318725099601594,251,8,100,1
"852b1b5bfffffff",0,50,0,100,0
"852b1b83fffffff",0.0597014925373134,67,4,100,2
"852b1b87fffffff",0.166666666666667,36,6,100,3
"8534348ffffffff",0.0114942528735632,87,1,100,1
"853434b7fffffff",0,40,0,100,0
"8534368bfffffff",0,221,0,100,0
"853466affffffff",0.00573770491803279,3660,21,100,1
"8546483bfffffff",0.828828828828829,111,92,100,4
"85464877fffffff",0.646209386281588,277,179,100,4
"854a2693fffffff",1,231,231,100,5
"855d1693fffffff",0.965986394557823,147,142,100,5
"855e406bfffffff",0.0555555555555556,36,2,100,2
"85696d87fffffff",1,111,111,100,5
"856c5aabfffffff",0.0857142857142857,35,3,100,2
"85a2509bfffffff",0.998435054773083,1278,1276,100,5
"85a3043bfffffff",0.95190380761523,499,475,100,4
"85a59683fffffff",1,434,434,100,5
"85a6106bfffffff",1,35,35,100,5
"85ad362bfffffff",1,412,412,100,5
"85ad3683fffffff",0.975961538461538,624,609,100,5
"85ad368ffffffff",0.793248945147679,237,188,100,4
"85ad36bbfffffff",0.968270214943705,1954,1892,100,5
"85bf4c17fffffff",0.00696864111498258,287,2,100,1
"85bf4c97fffffff",0.871794871794872,39,34,100,4
"85bf4ca7fffffff",0.0338983050847458,59,2,100,1
"85de8253fffffff",0.269565217391304,115,31,100,3
"85de9107fffffff",0,63,0,100,0
"85de912ffffffff",0,32,0,100,0
"85de95d3fffffff",0.09375,32,3,100,2
"85df0443fffffff",0.346938775510204,98,34,100,3
"85df046ffffffff",0.0526315789473684,38,2,100,2
"85df04cbfffffff",0.96969696969697,33,32,100,5
"85df060bfffffff",0.448818897637795,127,57,100,3
"85df0613fffffff",0.765625,64,49,100,4
"85df061bfffffff",0.980392156862745,51,50,100,5
"85e83437fffffff",1,36,36,100,5
"85e884c3fffffff",1,31,31,100,5
"85e89897fffffff",1,37,37,100,5
"85e89b87fffffff",1,53,53,100,5
"85e89dcbfffffff",1,39,39,100,5
"850664d3fffffff",0,47,0,100,0
"8508310bfffffff",0,2002,0,100,0
"85128213fffffff",1,108,108,100,5
"85182c83fffffff",0.0247933884297521,121,3,100,1
"85186623fffffff",0,581,0,100,0
"8519083bfffffff",0.000610873549175321,1637,1,100,1
"8519084bfffffff",0.0227272727272727,44,1,100,1
"8519085bfffffff",0.0571428571428571,35,2,100,2
"8519402ffffffff",0,266,0,100,0
"851940d3fffffff",0,64,0,100,0
"85194113fffffff",0.00377358490566038,265,1,100,1
"85194eb3fffffff",0,134,0,100,0
"85195087fffffff",0.00416666666666667,240,1,100,1
"85195097fffffff",0,85,0,100,0
"851959a3fffffff",0,59,0,100,0
"851b2333fffffff",1,196,196,100,5
"851b8277fffffff",0.85,40,34,100,4
"851b83abfffffff",0.925531914893617,94,87,100,4
"85280637fffffff",0.133333333333333,30,4,100,3
"85280687fffffff",0.301775147928994,169,51,100,3
"852819d7fffffff",0.377358490566038,53,20,100,3
"85283103fffffff",0.128205128205128,39,5,100,2
"8529127bfffffff",0.611111111111111,54,33,100,4
"852912a3fffffff",0.324986680873735,1877,610,100,3
"852912d7fffffff",0.072463768115942,69,5,100,2
"8529130bfffffff",0.326086956521739,46,15,100,3
"8529165bfffffff",0.112244897959184,98,11,100,2
"852a041bfffffff",0.365591397849462,93,34,100,3
"852a043bfffffff",0.293478260869565,92,27,100,3
"852a0473fffffff",0.153465346534653,202,31,100,3
"852a0493fffffff",0.297376093294461,686,204,100,3
"852a04d7fffffff",0.337152209492635,1222,412,100,3
"852a0697fffffff",0.176470588235294,68,12,100,3
"852a06a7fffffff",0.195652173913043,92,18,100,3
"852a06cbfffffff",0.114754098360656,61,7,100,2
"852a1ccffffffff",0.0346320346320346,231,8,100,1
"852a1ea3fffffff",0.03125,32,1,100,1
"852a206bfffffff",0.516129032258065,31,16,100,3
"852a2077fffffff",0.466666666666667,30,14,100,3
"852a218bfffffff",0.0512820512820513,39,2,100,2
"852b1baffffffff",0.09375,64,6,100,2
"852b1bc3fffffff",0.0116279069767442,86,1,100,1
"852b1c27fffffff",0.0506329113924051,158,8,100,2
"852b1d67fffffff",0.122137404580153,131,16,100,2
"852b2363fffffff",0,40,0,100,0
"852e191bfffffff",0,88,0,100,0
"85351a6bfffffff",0.00292397660818713,342,1,100,1
"85351b2ffffffff",0,58,0,100,0
"8535a923fffffff",0.0151898734177215,395,6,100,1
"8535a987fffffff",0,45,0,100,0
"85465d87fffffff",0.596774193548387,62,37,100,4
"8548059bfffffff",0.922480620155039,129,119,100,4
"85480dcbfffffff",0.0260869565217391,115,3,100,1
"85480dcffffffff",0.0860927152317881,151,13,100,2
"85a8b517fffffff",0.868421052631579,38,33,100,4
"85baf453fffffff",0.958333333333333,48,46,100,4
"85be8d1bfffffff",0.1,30,3,100,2
"85be8d5bfffffff",1,516,516,100,5
"85be8dc3fffffff",0.0564516129032258,124,7,100,2
"85c980d3fffffff",0.0294117647058824,34,1,100,1
"85c9b163fffffff",0.962264150943396,53,51,100,5
"85c9b1c7fffffff",0,46,0,100,0
"85e45483fffffff",0.0625,32,2,100,2
"850cdd3bfffffff",0.988505747126437,174,172,100,5
"8512b003fffffff",0.349206349206349,63,22,100,3
"8512b26bfffffff",1,58,58,100,5
"8512b677fffffff",1,39,39,100,5
"8512b6cffffffff",0.95,40,38,100,4
"85139323fffffff",0.657200811359026,493,324,100,4
"85139a03fffffff",0.94272076372315,419,395,100,4
"85139a53fffffff",0.677165354330709,127,86,100,4
"85139a9bfffffff",0.813559322033898,118,96,100,4
"85139e4bfffffff",0.921113689095128,431,397,100,4
"85139e67fffffff",0.832116788321168,137,114,100,4
"85160c4ffffffff",1,494,494,100,5
"85182993fffffff",0.000815660685154976,1226,1,100,1
"85182a37fffffff",0.0956521739130435,115,11,100,2
"85182aa7fffffff",0,58,0,100,0
"85190cd7fffffff",0.0227272727272727,44,1,100,1
"85190eabfffffff",0.0065359477124183,153,1,100,1
"85191d97fffffff",0,133,0,100,0
"851925b7fffffff",0,40,0,100,0
"85197217fffffff",0.015748031496063,127,2,100,1
"851a96cbfffffff",0.0278619018776499,1651,46,100,1
"851aa077fffffff",0.880952380952381,84,74,100,4
"851aa22bfffffff",0.992063492063492,126,125,100,5
"851d242bfffffff",0.802013422818792,298,239,100,4
"851db4dbfffffff",0.911764705882353,34,31,100,4
"8522d007fffffff",0.915966386554622,119,109,100,4
"8522d017fffffff",0.988095238095238,84,83,100,5
"8528d133fffffff",0.804878048780488,164,132,100,4
"8528d187fffffff",0.961240310077519,258,248,100,4
"8528d1b3fffffff",0.988582302568982,2102,2078,100,5
"8528d57bfffffff",0.490909090909091,220,108,100,3
"8528d5c3fffffff",0.573529411764706,68,39,100,4
"8528d5c7fffffff",0.4,120,48,100,3
"8529a573fffffff",0.4,880,352,100,3
"8529a5b3fffffff",0.0212765957446809,47,1,100,1
"8529a5c3fffffff",0.0217391304347826,46,1,100,1
"8529ad8ffffffff",0.794642857142857,112,89,100,4
"8529adabfffffff",0.567164179104478,67,38,100,4
"852a000ffffffff",0,35,0,100,0
"852a0047fffffff",0.0232558139534884,43,1,100,1
"852a006bfffffff",0,98,0,100,0
"852a00bbfffffff",0.0384615384615385,52,2,100,2
"852a02c3fffffff",0.0847457627118644,59,5,100,2
"852a02cffffffff",0.0571428571428571,70,4,100,2
"852a22d3fffffff",0.0754716981132075,106,8,100,2
"852a237bfffffff",0.0344827586206897,58,2,100,1
"852a2483fffffff",0.037037037037037,54,2,100,2
"852a266bfffffff",0.0934579439252336,107,10,100,2
"852af037fffffff",0,91,0,100,0
"852af0d7fffffff",0.319148936170213,47,15,100,3
"852af113fffffff",0.0048780487804878,205,1,100,1
"852af14ffffffff",0.0434782608695652,46,2,100,2
"852af407fffffff",0.216216216216216,37,8,100,3
"852af56ffffffff",0.0789473684210526,38,3,100,2
"852b2edbfffffff",0,100,0,100,0
"854858c3fffffff",0,44,0,100,0
"85485c7bfffffff",0.0256410256410256,39,1,100,1
"854ced73fffffff",1,30,30,100,5
"854cf303fffffff",1,523,523,100,5
"854e6497fffffff",0.133333333333333,30,4,100,3
"8566a9a7fffffff",1,114,114,100,5
"85ad327bfffffff",0.991150442477876,113,112,100,5
"85ad328ffffffff",0.997109826589595,346,345,100,5
"85ad3297fffffff",1,128,128,100,5
"85bb2daffffffff",0.403973509933775,151,61,100,3
"85bb506ffffffff",0.00503778337531486,397,2,100,1
"85bb507bfffffff",0.00161030595813205,621,1,100,1
"85beabb3fffffff",0.982416335791265,1763,1732,100,5
"85e409dbfffffff",0.166666666666667,36,6,100,3
"85070bd3fffffff",0.852941176470588,34,29,100,4
"85074e3bfffffff",0.0645161290322581,31,2,100,2
"850758cffffffff",0.111111111111111,99,11,100,2
"85075dc7fffffff",0.941622441243366,2638,2484,100,4
"85075dcbfffffff",0.959183673469388,49,47,100,4
"85075dd7fffffff",0.983098591549296,355,349,100,5
"85075e03fffffff",1,30,30,100,5
"850c4243fffffff",0.847826086956522,46,39,100,4
"850c5153fffffff",0.731707317073171,41,30,100,4
"850c51c7fffffff",0.91304347826087,69,63,100,4
"85182037fffffff",0.0204081632653061,147,3,100,1
"851862d3fffffff",0,53,0,100,0
"8519088ffffffff",0.00551267916207277,907,5,100,1
"85190893fffffff",0.0121951219512195,246,3,100,1
"851908d7fffffff",0.0294117647058824,34,1,100,1
"85190903fffffff",0.0428571428571429,70,3,100,2
"85190973fffffff",0.0158730158730159,63,1,100,1
"851946bbfffffff",0.0125,80,1,100,1
"8519542ffffffff",0,275,0,100,0
"8519546ffffffff",0,48,0,100,0
"851b8e87fffffff",0,72,0,100,0
"851b8e8ffffffff",0.0454545454545455,44,2,100,2
"851b9ca7fffffff",0.705882352941177,34,24,100,4
"8528313bfffffff",0.0263157894736842,38,1,100,1
"852834cffffffff",0.314285714285714,35,11,100,3
"852834d7fffffff",0.834878302681802,20173,16842,100,4
"85283557fffffff",0.723940435280641,873,632,100,4
"8528356bfffffff",0.596938775510204,196,117,100,4
"8528c30ffffffff",0.905405405405405,74,67,100,4
"8529a407fffffff",0.161702127659574,235,38,100,3
"8529a483fffffff",0.08,50,4,100,2
"852a3083fffffff",0.279605263157895,304,85,100,3
"852a30affffffff",0.779375,1600,1247,100,4
"852a3183fffffff",0.25,208,52,100,3
"852a31abfffffff",0.503468780971259,1009,508,100,3
"852a3323fffffff",0.027027027027027,37,1,100,1
"852a340bfffffff",0.0545454545454545,55,3,100,2
"852a3487fffffff",0.0895522388059701,67,6,100,2
"852b0b4bfffffff",0.0606060606060606,33,2,100,2
"852b0b8ffffffff",0,33,0,100,0
"852b313bfffffff",0.00526315789473684,760,4,100,1
"852b31cffffffff",0.203389830508475,59,12,100,3
"852b721bfffffff",0.0277777777777778,36,1,100,1
"852b728bfffffff",0.0666666666666667,30,2,100,2
"8554b04ffffffff",0.982532751091703,229,225,100,5
"855d108bfffffff",0.0037037037037037,270,1,100,1
"8566f22ffffffff",0.976190476190476,42,41,100,5
"858f2a77fffffff",0.4,30,12,100,3
"85a6227bfffffff",1,74,74,100,5
"85a6a62bfffffff",0.625,32,20,100,4
"85b91697fffffff",0.0285714285714286,140,4,100,1
"85bc442bfffffff",0.555555555555556,135,75,100,4
"85be63a3fffffff",0.027027027027027,37,1,100,1
"85be646bfffffff",0.836363636363636,55,46,100,4
"85c3246bfffffff",0.624309392265193,181,113,100,4
"85c326b7fffffff",0.919540229885057,174,160,100,4
"85df1407fffffff",0.466666666666667,60,28,100,3
"85df151bfffffff",0.978723404255319,47,46,100,5
"85df260bfffffff",0.974358974358974,39,38,100,5
"85df3147fffffff",1,55,55,100,5
"85df3163fffffff",1,52,52,100,5
"85df318bfffffff",1,125,125,100,5
"85df31abfffffff",0.935483870967742,31,29,100,4
"85df350bfffffff",0.912366912366912,1221,1114,100,4
"85df3513fffffff",0.811320754716981,53,43,100,4
"85df3557fffffff",0.96732788798133,1714,1658,100,5
"85df35a3fffffff",1,94,94,100,5
"85df35b3fffffff",1,94,94,100,5
"85df8153fffffff",1,122,122,100,5
"8534432ffffffff",0,32,0,100,0
"85464863fffffff",0,57,0,100,0
"855f12a3fffffff",0,50,0,100,0
"852af1bbfffffff",0,51,0,100,0
"8544b123fffffff",0,117,0,100,0
"8544b503fffffff",0,4206,0,100,0
"85192827fffffff",0,72,0,100,0
"851928cffffffff",0,41,0,100,0
"85192907fffffff",0,59,0,100,0
"85192917fffffff",0,44,0,100,0
"85192a77fffffff",0,587,0,100,0
"85192aa3fffffff",0,59,0,100,0
"85192b67fffffff",0,955,0,100,0
"85192d4bfffffff",0,31,0,100,0
"85194d4ffffffff",0,240,0,100,0
"85194d8bfffffff",0,95,0,100,0
"85194e27fffffff",0,43,0,100,0
"85197287fffffff",0,91,0,100,0
"8519728ffffffff",0,103,0,100,0
"8519759bfffffff",0,30,0,100,0
"852b218bfffffff",0,123,0,100,0
"85194b93fffffff",0,124,0,100,0
"85194c33fffffff",0,9099,0,100,0
"8519701bfffffff",0,47,0,100,0
"8519702ffffffff",0,36,0,100,0
"8519716bfffffff",0,43,0,100,0
"85447543fffffff",0,38,0,100,0
"855d16c3fffffff",0,37,0,100,0
"8584a393fffffff",0,30,0,100,0
"85a3a50ffffffff",0,48,0,100,0
"85bf4c03fffffff",0,151,0,100,0
"85186a67fffffff",0,395,0,100,0
"85190807fffffff",0,98,0,100,0
"852a1c83fffffff",0,146,0,100,0
"859451d3fffffff",0,501,0,100,0
"85c98403fffffff",0,67,0,100,0
"85c98453fffffff",0,1466,0,100,0
"85c9b10ffffffff",0,30,0,100,0
"85c9b137fffffff",0,878,0,100,0
"85c9b1affffffff",0,202,0,100,0
"85bf4907fffffff",0,60,0,100,0
"85190a97fffffff",0,136,0,100,0
"8548968bfffffff",0,32,0,100,0
"85b8227bfffffff",0,50,0,100,0
"85c320dbfffffff",0,31,0,100,0
"85c3296bfffffff",0,145,0,100,0
"85c32e3bfffffff",0,637,0,100,0
"851846d3fffffff",0,189,0,100,0
"85192957fffffff",0,46,0,100,0
"85464177fffffff",0,1400,0,100,0
"85464327fffffff",0,686,0,100,0
"851951d3fffffff",0,119,0,100,0
"851956cffffffff",0,35,0,100,0
"8519094bfffffff",0,968,0,100,0
"851953b3fffffff",0,44,0,100,0
"852ac65bfffffff",0,75,0,100,0
"8519728bfffffff",0,186,0,100,0
"852b1a33fffffff",0,32,0,100,0
"852ad3b7fffffff",0,34,0,100,0
"852ad503fffffff",0,36,0,100,0
"85195aa3fffffff",0,45,0,100,0
"85195e5bfffffff",0,350,0,100,0
"85195e73fffffff",0,315,0,100,0
"8544d047fffffff",0,61,0,100,0
"8544d217fffffff",0,54,0,100,0
"8544d287fffffff",0,52,0,100,0
"8518202ffffffff",0,31,0,100,0
"85450167fffffff",0,46,0,100,0
"859450a3fffffff",0,37,0,100,0
"8544d00bfffffff",0,2459,0,100,0
"8544d427fffffff",0,76,0,100,0
"8508b4d7fffffff",0,66,0,100,0
"851950a7fffffff",0,32,0,100,0
"85196b53fffffff",0,66,0,100,0
"851f214bfffffff",0,42,0,100,0
"85099a77fffffff",0,75,0,100,0
"851f22bbfffffff",0,69,0,100,0
"851f250ffffffff",0,259,0,100,0
"85446ec7fffffff",0,118,0,100,0
"852ad0a7fffffff",0,41,0,100,0
"85441337fffffff",0,128,0,100,0
"8544a183fffffff",0,33,0,100,0
"852af327fffffff",0,104,0,100,0
"8518604bfffffff",0,144,0,100,0
