"eov","period","cell","n","sp","es"
"fish",1960,"834473fffffffff",815,132,35.9450239444917
"fish",1960,"834520fffffffff",74,45,34.9242412391165
"fish",1960,"83679cfffffffff",97,73,42.6470089527937
"fish",1960,"835f59fffffffff",52,30,29.6387631975867
"fish",1960,"834454fffffffff",339,176,42.2764068418785
"fish",1960,"8344b3fffffffff",25,12,NA
"fish",1960,"8344e6fffffffff",89,37,26.392041355122
"fish",1960,"83450afffffffff",4,4,NA
"fish",1960,"836741fffffffff",20,17,NA
"fish",1960,"8367a9fffffffff",3,3,NA
"fish",1960,"836d34fffffffff",64,31,27.1541365371665
"fish",1960,"8345b1fffffffff",24,15,NA
"fish",1960,"834894fffffffff",21,17,NA
"fish",1960,"835e4cfffffffff",46,28,NA
"fish",1960,"835e65fffffffff",14,14,NA
"fish",1960,"8344f2fffffffff",113,79,41.9404680343306
"fish",1960,"8344f5fffffffff",36,15,NA
"fish",1960,"8366b0fffffffff",91,51,33.2399333704504
"fish",1960,"836755fffffffff",93,50,33.5164681207509
"fish",1960,"83676efffffffff",42,32,NA
"fish",1960,"83678bfffffffff",22,22,NA
"fish",1960,"836d4dfffffffff",25,25,NA
"fish",1960,"8344a0fffffffff",90,34,22.5509022812387
"fish",1960,"834c99fffffffff",4,4,NA
"fish",1960,"8344aafffffffff",86,56,38.3271801295476
"fish",1960,"834c24fffffffff",5,5,NA
"fish",1960,"834431fffffffff",5,5,NA
"fish",1960,"834523fffffffff",38,35,NA
"fish",1960,"83674cfffffffff",15,14,NA
"fish",1960,"83459dfffffffff",2,2,NA
"fish",1960,"834410fffffffff",3,3,NA
"fish",1960,"83441dfffffffff",33,25,NA
"fish",1960,"834c2bfffffffff",1,1,NA
"fish",1960,"83499efffffffff",8,8,NA
"fish",1960,"835e61fffffffff",2,2,NA
"fish",1960,"83442afffffffff",2,2,NA
"fish",1960,"83678cfffffffff",3,3,NA
"fish",1960,"836d5cfffffffff",6,6,NA
"fish",1960,"836d75fffffffff",15,12,NA
"fish",1960,"834521fffffffff",8,6,NA
"fish",1960,"832ad9fffffffff",1,1,NA
"fish",1960,"834419fffffffff",4,3,NA
"fish",1960,"836d4efffffffff",4,4,NA
"fish",1960,"836d44fffffffff",2,2,NA
"fish",1960,"834546fffffffff",8,8,NA
"fish",1960,"834cd5fffffffff",1,1,NA
"fish",1960,"8345b0fffffffff",1,1,NA
"fish",1960,"834429fffffffff",2,2,NA
"fish",1960,"834cdbfffffffff",1,1,NA
"fish",1960,"835e4efffffffff",3,2,NA
"fish",1960,"835e51fffffffff",1,1,NA
"fish",1960,"83489efffffffff",3,2,NA
"fish",1960,"834405fffffffff",3,3,NA
"fish",1960,"834da9fffffffff",2,1,NA
"fish",1960,"834c06fffffffff",2,1,NA
"fish",1960,"834428fffffffff",1,1,NA
"fish",1960,"834450fffffffff",110,55,34.5145345996193
"fish",1960,"836745fffffffff",251,77,34.3906540135536
"fish",1960,"8367b5fffffffff",81,71,46.2191358024686
"fish",1960,"836d66fffffffff",95,75,43.8248840159677
"fish",1960,"834576fffffffff",47,40,NA
"fish",1960,"835e4afffffffff",120,50,30.7697569803086
"fish",1960,"834475fffffffff",49,39,NA
"fish",1960,"83448dfffffffff",289,135,39.9826510213027
"fish",1960,"8344f0fffffffff",19,9,NA
"fish",1960,"836616fffffffff",79,73,47.6144109055507
"fish",1960,"835e4bfffffffff",105,57,35.2070030268842
"fish",1960,"83458afffffffff",28,24,NA
"fish",1960,"834c88fffffffff",15,13,NA
"fish",1960,"83440bfffffffff",16,15,NA
"fish",1960,"8344b5fffffffff",45,25,NA
"fish",1960,"834414fffffffff",30,27,NA
"fish",1960,"836d76fffffffff",29,29,NA
"fish",1960,"836610fffffffff",37,28,NA
"fish",1960,"834470fffffffff",30,22,NA
"fish",1960,"836736fffffffff",3,3,NA
"fish",1960,"835f49fffffffff",18,17,NA
"fish",1960,"834486fffffffff",47,41,NA
"fish",1960,"836724fffffffff",1,1,NA
"fish",1960,"835f4afffffffff",3,3,NA
"fish",1960,"834489fffffffff",64,43,36.328606998061
"fish",1960,"836732fffffffff",9,8,NA
"fish",1960,"835e4dfffffffff",2,2,NA
"fish",1960,"834529fffffffff",10,10,NA
"fish",1960,"83446efffffffff",19,10,NA
"fish",1960,"83671afffffffff",2,2,NA
"fish",1960,"834569fffffffff",10,8,NA
"fish",1960,"835e40fffffffff",4,3,NA
"fish",1960,"836d5afffffffff",2,2,NA
"fish",1960,"836d65fffffffff",8,8,NA
"fish",1960,"835e5cfffffffff",10,4,NA
"fish",1960,"836d70fffffffff",3,3,NA
"fish",1960,"8345acfffffffff",3,2,NA
"fish",1960,"8344a9fffffffff",4,4,NA
"fish",1960,"834dacfffffffff",2,2,NA
"fish",1960,"8344b1fffffffff",23,19,NA
"fish",1960,"834cc6fffffffff",11,11,NA
"fish",1960,"836d20fffffffff",1,1,NA
"fish",1960,"836735fffffffff",6,5,NA
"fish",1960,"834d72fffffffff",1,1,NA
"fish",1960,"834d8cfffffffff",2,1,NA
"fish",1960,"83456bfffffffff",5,4,NA
"fish",1960,"832adbfffffffff",1,1,NA
"fish",1960,"834d33fffffffff",4,2,NA
"fish",1960,"83442efffffffff",2,1,NA
"fish",1960,"836614fffffffff",3,3,NA
"fish",1960,"836775fffffffff",2,2,NA
"fish",1960,"834451fffffffff",7,2,NA
"fish",1960,"834432fffffffff",1,1,NA
"fish",1960,"834580fffffffff",1,1,NA
"fish",1960,"834898fffffffff",2,1,NA
"fish",1960,"836790fffffffff",1,1,NA
"fish",1960,"834ca8fffffffff",1,1,NA
"fish",1960,"836c32fffffffff",1,1,NA
"fish",1960,"834da4fffffffff",10,1,NA
"fish",1960,"83448afffffffff",1,1,NA
"fish",1960,"834452fffffffff",94,35,22.5940132248407
"fish",1960,"8344a5fffffffff",277,163,43.9757110747939
"fish",1960,"8344aefffffffff",132,56,30.5570715699499
"fish",1960,"83456dfffffffff",26,26,NA
"fish",1960,"8366a1fffffffff",172,87,38.6363628298651
"fish",1960,"836746fffffffff",118,77,41.0508786984379
"fish",1960,"836783fffffffff",419,144,40.6847995287827
"fish",1960,"83679bfffffffff",596,224,43.8323770080214
"fish",1960,"834c83fffffffff",27,21,NA
"fish",1960,"834ce8fffffffff",114,58,34.8788737452663
"fish",1960,"8366a6fffffffff",142,86,40.1589788913156
"fish",1960,"83670bfffffffff",32,19,NA
"fish",1960,"835e64fffffffff",56,43,39.1031321927548
"fish",1960,"83440efffffffff",27,24,NA
"fish",1960,"834421fffffffff",17,15,NA
"fish",1960,"83446cfffffffff",8,6,NA
"fish",1960,"836622fffffffff",135,86,39.841476900024
"fish",1960,"8366b6fffffffff",187,110,42.4022992622148
"fish",1960,"834c9dfffffffff",33,22,NA
"fish",1960,"835e41fffffffff",10,5,NA
"fish",1960,"834456fffffffff",67,57,43.8074487701363
"fish",1960,"8344a8fffffffff",200,105,34.6666340732624
"fish",1960,"83679efffffffff",23,23,NA
"fish",1960,"836625fffffffff",91,69,42.529312136056
"fish",1960,"835e49fffffffff",11,9,NA
"fish",1960,"834418fffffffff",8,8,NA
"fish",1960,"8367b6fffffffff",22,14,NA
"fish",1960,"834565fffffffff",4,3,NA
"fish",1960,"836630fffffffff",13,13,NA
"fish",1960,"834cebfffffffff",12,11,NA
"fish",1960,"834d5bfffffffff",15,6,NA
"fish",1960,"8344a4fffffffff",60,44,38.5497349451948
"fish",1960,"834480fffffffff",20,2,NA
"fish",1960,"835e60fffffffff",11,9,NA
"fish",1960,"836752fffffffff",20,13,NA
"fish",1960,"83442dfffffffff",8,8,NA
"fish",1960,"8344b4fffffffff",8,5,NA
"fish",1960,"836d74fffffffff",10,7,NA
"fish",1960,"834d8bfffffffff",2,1,NA
"fish",1960,"834445fffffffff",17,5,NA
"fish",1960,"8344e1fffffffff",11,3,NA
"fish",1960,"835e69fffffffff",4,4,NA
"fish",1960,"834464fffffffff",12,10,NA
"fish",1960,"834d9afffffffff",2,2,NA
"fish",1960,"835e74fffffffff",18,12,NA
"fish",1960,"83676afffffffff",1,1,NA
"fish",1960,"836633fffffffff",5,5,NA
"fish",1960,"83670efffffffff",1,1,NA
"fish",1960,"834c9bfffffffff",4,3,NA
"fish",1960,"834cc9fffffffff",1,1,NA
"fish",1960,"834cc5fffffffff",7,7,NA
"fish",1960,"836710fffffffff",3,3,NA
"fish",1960,"8345b3fffffffff",4,1,NA
"fish",1960,"834ca3fffffffff",2,1,NA
"fish",1960,"834ca5fffffffff",82,1,1
"fish",1960,"83676cfffffffff",1,1,NA
"fish",1960,"834da2fffffffff",2,2,NA
"fish",1960,"835e70fffffffff",2,2,NA
"fish",1960,"834435fffffffff",1,1,NA
"fish",1960,"834513fffffffff",1,1,NA
"fish",1960,"834ca6fffffffff",3,3,NA
"fish",1960,"8344acfffffffff",1,1,NA
"fish",1960,"8367a2fffffffff",1,1,NA
"fish",1960,"834d9bfffffffff",1,1,NA
"fish",1960,"834c25fffffffff",1,1,NA
"fish",1960,"8345aefffffffff",4,1,NA
"fish",1960,"836712fffffffff",1,1,NA
"fish",1960,"834d8efffffffff",2,1,NA
"fish",1960,"834455fffffffff",466,99,32.8147230396084
"fish",1960,"834471fffffffff",143,60,33.5266442994709
"fish",1960,"8344a1fffffffff",180,114,42.7833435705779
"fish",1960,"835e73fffffffff",440,121,38.9920727794594
"fish",1960,"834416fffffffff",191,111,41.16719347901
"fish",1960,"834472fffffffff",176,113,42.5839335199847
"fish",1960,"836743fffffffff",24,20,NA
"fish",1960,"836766fffffffff",1,1,NA
"fish",1960,"8367a3fffffffff",38,35,NA
"fish",1960,"834c32fffffffff",3,2,NA
"fish",1960,"8344e5fffffffff",226,93,36.1753605586288
"fish",1960,"8367a4fffffffff",19,16,NA
"fish",1960,"834446fffffffff",238,43,24.967874607312
"fish",1960,"835e5dfffffffff",71,32,25.3476797455833
"fish",1960,"835e71fffffffff",34,31,NA
"fish",1960,"834408fffffffff",51,32,31.5490196078431
"fish",1960,"834892fffffffff",53,33,31.852471612738
"fish",1960,"834d53fffffffff",13,6,NA
"fish",1960,"83452cfffffffff",98,12,10.9542279058442
"fish",1960,"83454dfffffffff",22,18,NA
"fish",1960,"8344e4fffffffff",84,38,28.727832441679
"fish",1960,"836613fffffffff",20,8,NA
"fish",1960,"83446afffffffff",40,7,NA
"fish",1960,"834484fffffffff",19,9,NA
"fish",1960,"834cedfffffffff",30,14,NA
"fish",1960,"83446dfffffffff",65,8,7.46714741912194
"fish",1960,"836d24fffffffff",17,15,NA
"fish",1960,"834d1cfffffffff",1,1,NA
"fish",1960,"8348b6fffffffff",14,13,NA
"fish",1960,"835e45fffffffff",24,15,NA
"fish",1960,"83670dfffffffff",3,3,NA
"fish",1960,"836611fffffffff",6,5,NA
"fish",1960,"834c36fffffffff",6,1,NA
"fish",1960,"834499fffffffff",2,2,NA
"fish",1960,"834c92fffffffff",2,2,NA
"fish",1960,"836634fffffffff",7,6,NA
"fish",1960,"83670cfffffffff",3,3,NA
"fish",1960,"83455dfffffffff",1,1,NA
"fish",1960,"834574fffffffff",7,7,NA
"fish",1960,"836d49fffffffff",1,1,NA
"fish",1960,"836760fffffffff",5,4,NA
"fish",1960,"834d32fffffffff",8,3,NA
"fish",1960,"834ce2fffffffff",10,4,NA
"fish",1960,"834593fffffffff",1,1,NA
"fish",1960,"8345a9fffffffff",4,3,NA
"fish",1960,"836709fffffffff",1,1,NA
"fish",1960,"834552fffffffff",1,1,NA
"fish",1960,"834c82fffffffff",1,1,NA
"fish",1960,"836772fffffffff",1,1,NA
"fish",1960,"836c24fffffffff",1,1,NA
"fish",1960,"836c35fffffffff",1,1,NA
"fish",1960,"83442bfffffffff",1,1,NA
"fish",1960,"834519fffffffff",73,55,40.9581269963769
"fish",1960,"836754fffffffff",33,27,NA
"fish",1960,"8367a6fffffffff",24,20,NA
"fish",1960,"835e75fffffffff",172,95,41.2864357440277
"fish",1960,"834522fffffffff",28,21,NA
"fish",1960,"836631fffffffff",116,96,45.364100669741
"fish",1960,"836d6bfffffffff",151,127,47.3306517326841
"fish",1960,"834c8afffffffff",1,1,NA
"fish",1960,"834ceefffffffff",15,12,NA
"fish",1960,"834d80fffffffff",4,2,NA
"fish",1960,"8344b2fffffffff",5,5,NA
"fish",1960,"834409fffffffff",220,126,41.9355880409868
"fish",1960,"834415fffffffff",94,48,33.5620475622063
"fish",1960,"836730fffffffff",2,2,NA
"fish",1960,"836740fffffffff",25,24,NA
"fish",1960,"8367b1fffffffff",55,53,48.3501683501685
"fish",1960,"836773fffffffff",17,13,NA
"fish",1960,"836d62fffffffff",11,11,NA
"fish",1960,"836d2dfffffffff",54,13,12.6995045074956
"fish",1960,"836733fffffffff",3,3,NA
"fish",1960,"836d2bfffffffff",31,20,NA
"fish",1960,"834895fffffffff",70,38,31.0289039128216
"fish",1960,"834411fffffffff",23,14,NA
"fish",1960,"83449cfffffffff",7,4,NA
"fish",1960,"83440dfffffffff",4,4,NA
"fish",1960,"834424fffffffff",12,11,NA
"fish",1960,"834534fffffffff",1,1,NA
"fish",1960,"834549fffffffff",11,11,NA
"fish",1960,"834426fffffffff",4,4,NA
"fish",1960,"834494fffffffff",2,2,NA
"fish",1960,"8344a3fffffffff",53,22,21.3577648766328
"fish",1960,"834526fffffffff",17,17,NA
"fish",1960,"8345b5fffffffff",4,3,NA
"fish",1960,"834cf5fffffffff",2,2,NA
"fish",1960,"834461fffffffff",6,5,NA
"fish",1960,"834483fffffffff",13,11,NA
"fish",1960,"834586fffffffff",10,10,NA
"fish",1960,"834d4bfffffffff",45,35,NA
"fish",1960,"8345a6fffffffff",5,5,NA
"fish",1960,"836d06fffffffff",22,19,NA
"fish",1960,"836d15fffffffff",6,6,NA
"fish",1960,"83450efffffffff",5,4,NA
"fish",1960,"836d11fffffffff",2,2,NA
"fish",1960,"834481fffffffff",4,4,NA
"fish",1960,"834c00fffffffff",1,1,NA
"fish",1960,"836d2afffffffff",4,3,NA
"fish",1960,"835e6efffffffff",3,3,NA
"fish",1960,"832acbfffffffff",1,1,NA
"fish",1960,"834c11fffffffff",3,3,NA
"fish",1960,"834c30fffffffff",8,1,NA
"fish",1960,"836d6dfffffffff",3,1,NA
"fish",1960,"836dadfffffffff",1,1,NA
"fish",1960,"836702fffffffff",1,1,NA
"fish",1960,"834425fffffffff",1,1,NA
"fish",1960,"836606fffffffff",190,114,41.5584583705065
"fish",1960,"83442cfffffffff",6,6,NA
"fish",1960,"8344f6fffffffff",83,54,37.0189301840996
"fish",1960,"836713fffffffff",2,2,NA
"fish",1960,"836756fffffffff",32,27,NA
"fish",1960,"836d6afffffffff",141,83,40.3743924379512
"fish",1960,"836d6efffffffff",70,58,43.9130434782602
"fish",1960,"834584fffffffff",121,42,29.5058511448144
"fish",1960,"834599fffffffff",102,64,39.0679420883269
"fish",1960,"8345b2fffffffff",54,38,36.0319840885879
"fish",1960,"834c8cfffffffff",15,14,NA
"fish",1960,"835e43fffffffff",18,15,NA
"fish",1960,"835e63fffffffff",12,8,NA
"fish",1960,"834444fffffffff",3,2,NA
"fish",1960,"834531fffffffff",10,9,NA
"fish",1960,"834533fffffffff",23,16,NA
"fish",1960,"836782fffffffff",107,71,39.9036530409181
"fish",1960,"8344abfffffffff",214,108,39.2423319533647
"fish",1960,"8366b5fffffffff",130,87,41.5830724148304
"fish",1960,"834cc4fffffffff",14,10,NA
"fish",1960,"835e46fffffffff",45,33,NA
"fish",1960,"83441cfffffffff",10,8,NA
"fish",1960,"83449afffffffff",1,1,NA
"fish",1960,"8367b4fffffffff",26,22,NA
"fish",1960,"8345a4fffffffff",34,28,NA
"fish",1960,"834510fffffffff",3,3,NA
"fish",1960,"834442fffffffff",459,18,10.2427652625081
"fish",1960,"836d2cfffffffff",42,12,NA
"fish",1960,"834ce9fffffffff",67,29,25.2107578197024
"fish",1960,"836d35fffffffff",16,15,NA
"fish",1960,"835e66fffffffff",37,30,NA
"fish",1960,"834c8dfffffffff",9,8,NA
"fish",1960,"834585fffffffff",4,4,NA
"fish",1960,"8345a3fffffffff",9,7,NA
"fish",1960,"834ca2fffffffff",3,3,NA
"fish",1960,"836d02fffffffff",7,5,NA
"fish",1960,"836d61fffffffff",26,14,NA
"fish",1960,"834d91fffffffff",1,1,NA
"fish",1960,"834cf3fffffffff",12,12,NA
"fish",1960,"836d64fffffffff",2,2,NA
"fish",1960,"834488fffffffff",100,7,4.00000000000001
"fish",1960,"835e59fffffffff",5,4,NA
"fish",1960,"83458cfffffffff",1,1,NA
"fish",1960,"834c98fffffffff",1,1,NA
"fish",1960,"832a49fffffffff",6,6,NA
"fish",1960,"836768fffffffff",6,5,NA
"fish",1960,"834504fffffffff",1,1,NA
"fish",1960,"83459bfffffffff",2,2,NA
"fish",1960,"8344b0fffffffff",4,4,NA
"fish",1960,"834d86fffffffff",3,3,NA
"fish",1960,"835e6afffffffff",2,2,NA
"fish",1960,"83671bfffffffff",1,1,NA
"fish",1960,"83451afffffffff",2,1,NA
"fish",1960,"834ce1fffffffff",1,1,NA
"fish",1960,"834482fffffffff",99,1,1
"fish",1960,"834c03fffffffff",2,1,NA
"fish",1960,"834cf0fffffffff",1,1,NA
"fish",1960,"8366a4fffffffff",57,46,41.3616427432216
"fish",1960,"8366a5fffffffff",459,221,44.8009826112882
"fish",1960,"836769fffffffff",14,12,NA
"fish",1960,"836786fffffffff",158,80,37.7673880166781
"fish",1960,"836d60fffffffff",7,7,NA
"fish",1960,"835e62fffffffff",46,29,NA
"fish",1960,"836600fffffffff",2,2,NA
"fish",1960,"8366b4fffffffff",98,82,45.7474226804128
"fish",1960,"836770fffffffff",2,2,NA
"fish",1960,"836d69fffffffff",597,251,45.4530740628026
"fish",1960,"835e42fffffffff",72,49,37.2381471393794
"fish",1960,"835f5afffffffff",77,36,31.7717574033364
"fish",1960,"835f5efffffffff",10,10,NA
"fish",1960,"834420fffffffff",12,12,NA
"fish",1960,"836d63fffffffff",42,39,NA
"fish",1960,"834412fffffffff",10,5,NA
"fish",1960,"8367aefffffffff",3,3,NA
"fish",1960,"836d0bfffffffff",1,1,NA
"fish",1960,"8345b4fffffffff",9,8,NA
"fish",1960,"834466fffffffff",31,26,NA
"fish",1960,"836750fffffffff",18,16,NA
"fish",1960,"8366a0fffffffff",26,25,NA
"fish",1960,"834514fffffffff",1,1,NA
"fish",1960,"8345b6fffffffff",30,23,NA
"fish",1960,"834cc0fffffffff",40,35,NA
"fish",1960,"834413fffffffff",44,37,NA
"fish",1960,"835e6bfffffffff",2,2,NA
"fish",1960,"83440afffffffff",16,16,NA
"fish",1960,"83441afffffffff",53,37,35.4041236233245
"fish",1960,"834891fffffffff",4,4,NA
"fish",1960,"834d94fffffffff",11,9,NA
"fish",1960,"836d25fffffffff",5,5,NA
"fish",1960,"834db3fffffffff",16,8,NA
"fish",1960,"834485fffffffff",12,11,NA
"fish",1960,"836788fffffffff",7,4,NA
"fish",1960,"834550fffffffff",1,1,NA
"fish",1960,"83676bfffffffff",10,9,NA
"fish",1960,"83679dfffffffff",2,2,NA
"fish",1960,"835e44fffffffff",13,10,NA
"fish",1960,"8344b6fffffffff",2,2,NA
"fish",1960,"83441bfffffffff",24,14,NA
"fish",1960,"834463fffffffff",2,2,NA
"fish",1960,"834d90fffffffff",1,1,NA
"fish",1960,"834da5fffffffff",6,1,NA
"fish",1960,"834d49fffffffff",5,5,NA
"fish",1960,"8367a1fffffffff",2,2,NA
"fish",1960,"836761fffffffff",2,2,NA
"fish",1960,"8367a8fffffffff",7,3,NA
"fish",1960,"835e48fffffffff",2,2,NA
"fish",1960,"834cf6fffffffff",17,10,NA
"fish",1960,"83448bfffffffff",2,2,NA
"fish",1960,"83489afffffffff",1,1,NA
"fish",1960,"834893fffffffff",1,1,NA
"fish",1960,"8344d4fffffffff",1,1,NA
"fish",1960,"834da8fffffffff",1,1,NA
"fish",1960,"834423fffffffff",1,1,NA
"fish",1960,"836716fffffffff",1,1,NA
"fish",1960,"835e6cfffffffff",1,1,NA
"fish",1960,"834ca9fffffffff",1,1,NA
"fish",1960,"83662dfffffffff",1,1,NA
"fish",1960,"834cdefffffffff",1,1,NA
"fish",1960,"836626fffffffff",1,1,NA
"fish",1960,"836c14fffffffff",1,1,NA
"fish",1960,"834c95fffffffff",1,1,NA
"fish",1960,"834433fffffffff",172,93,39.1647053027472
"fish",1960,"8344f4fffffffff",35,21,NA
"fish",1960,"836791fffffffff",66,53,42.2902097902096
"fish",1960,"836d68fffffffff",392,176,43.6131938034122
"fish",1960,"835f4bfffffffff",6,5,NA
"fish",1960,"835f58fffffffff",57,36,33.6862041467304
"fish",1960,"834505fffffffff",37,26,NA
"fish",1960,"836612fffffffff",198,125,43.1655789369847
"fish",1960,"836615fffffffff",86,64,41.8477741334705
"fish",1960,"836763fffffffff",3,3,NA
"fish",1960,"83679afffffffff",159,105,43.5450999942118
"fish",1960,"834ceafffffffff",11,6,NA
"fish",1960,"834cabfffffffff",55,54,49.1750841750843
"fish",1960,"835f5bfffffffff",550,200,43.0081695265633
"fish",1960,"836780fffffffff",6,4,NA
"fish",1960,"834890fffffffff",24,22,NA
"fish",1960,"835f4dfffffffff",1,1,NA
"fish",1960,"834403fffffffff",34,25,NA
"fish",1960,"83441efffffffff",11,9,NA
"fish",1960,"8344a6fffffffff",6,6,NA
"fish",1960,"8344e0fffffffff",216,33,19.0362932723154
"fish",1960,"836620fffffffff",63,47,39.4294611904341
"fish",1960,"834c8efffffffff",5,5,NA
"fish",1960,"834404fffffffff",12,10,NA
"fish",1960,"834422fffffffff",3,3,NA
"fish",1960,"834460fffffffff",19,19,NA
"fish",1960,"834465fffffffff",68,45,35.6320451936125
"fish",1960,"83448cfffffffff",9,8,NA
"fish",1960,"8367b0fffffffff",2,2,NA
"fish",1960,"834cf2fffffffff",204,12,3.88201487491634
"fish",1960,"834d84fffffffff",1,1,NA
"fish",1960,"834896fffffffff",17,16,NA
"fish",1960,"835f51fffffffff",2,2,NA
"fish",1960,"8348b2fffffffff",18,15,NA
"fish",1960,"834cccfffffffff",2,2,NA
"fish",1960,"836793fffffffff",17,16,NA
"fish",1960,"83458bfffffffff",22,17,NA
"fish",1960,"8348b3fffffffff",2,1,NA
"fish",1960,"83448efffffffff",4,4,NA
"fish",1960,"836742fffffffff",4,4,NA
"fish",1960,"836632fffffffff",3,3,NA
"fish",1960,"836636fffffffff",4,4,NA
"fish",1960,"8367b2fffffffff",28,17,NA
"fish",1960,"8344a2fffffffff",11,4,NA
"fish",1960,"8366a2fffffffff",22,17,NA
"fish",1960,"834468fffffffff",6,2,NA
"fish",1960,"8344adfffffffff",8,5,NA
"fish",1960,"836718fffffffff",3,2,NA
"fish",1960,"834462fffffffff",11,10,NA
"fish",1960,"836784fffffffff",6,6,NA
"fish",1960,"834594fffffffff",3,3,NA
"fish",1960,"834440fffffffff",25,7,NA
"fish",1960,"8344f3fffffffff",5,4,NA
"fish",1960,"83451bfffffffff",3,2,NA
"fish",1960,"834490fffffffff",4,3,NA
"fish",1960,"834d0afffffffff",6,2,NA
"fish",1960,"834d03fffffffff",6,3,NA
"fish",1960,"834993fffffffff",3,3,NA
"fish",1960,"834cb0fffffffff",1,1,NA
"fish",1960,"836602fffffffff",1,1,NA
"fish",1960,"834c9cfffffffff",2,1,NA
"fish",1960,"834d2afffffffff",2,1,NA
"fish",1960,"834592fffffffff",2,2,NA
"fish",1960,"834996fffffffff",1,1,NA
"fish",1960,"834ca1fffffffff",1,1,NA
"fish",1970,"8366a5fffffffff",1271,318,43.5935184908786
"fish",1970,"836764fffffffff",1,1,NA
"fish",1970,"836d60fffffffff",11,5,NA
"fish",1970,"836d69fffffffff",855,286,44.3854332478202
"fish",1970,"83441afffffffff",20,19,NA
"fish",1970,"835e62fffffffff",81,37,31.4872909772145
"fish",1970,"836d63fffffffff",35,34,NA
"fish",1970,"8366b4fffffffff",129,98,44.0645326952655
"fish",1970,"834485fffffffff",53,41,39.1211047554
"fish",1970,"83440afffffffff",179,68,33.8451757257787
"fish",1970,"834c29fffffffff",4,2,NA
"fish",1970,"834d0dfffffffff",103,73,37.21264039539
"fish",1970,"8344d4fffffffff",18,15,NA
"fish",1970,"834cc0fffffffff",18,17,NA
"fish",1970,"834893fffffffff",572,33,18.1609344882162
"fish",1970,"834d52fffffffff",7,6,NA
"fish",1970,"834c20fffffffff",46,9,NA
"fish",1970,"834413fffffffff",24,19,NA
"fish",1970,"836d28fffffffff",1,1,NA
"fish",1970,"83441bfffffffff",30,23,NA
"fish",1970,"834d46fffffffff",11,11,NA
"fish",1970,"834c2afffffffff",2,1,NA
"fish",1970,"835f4cfffffffff",1,1,NA
"fish",1970,"834566fffffffff",9,9,NA
"fish",1970,"8344b6fffffffff",6,5,NA
"fish",1970,"834466fffffffff",1,1,NA
"fish",1970,"835e48fffffffff",15,7,NA
"fish",1970,"836d42fffffffff",2,2,NA
"fish",1970,"834463fffffffff",1,1,NA
"fish",1970,"83448bfffffffff",10,6,NA
"fish",1970,"834412fffffffff",11,5,NA
"fish",1970,"834423fffffffff",1,1,NA
"fish",1970,"835f5efffffffff",5,3,NA
"fish",1970,"836d04fffffffff",6,6,NA
"fish",1970,"834db3fffffffff",3,2,NA
"fish",1970,"836626fffffffff",1,1,NA
"fish",1970,"834c9efffffffff",3,2,NA
"fish",1970,"83440cfffffffff",2,2,NA
"fish",1970,"8345b6fffffffff",2,2,NA
"fish",1970,"835f5afffffffff",1,1,NA
"fish",1970,"834c95fffffffff",8,1,NA
"fish",1970,"834891fffffffff",2,2,NA
"fish",1970,"83674bfffffffff",2,2,NA
"fish",1970,"83676bfffffffff",1,1,NA
"fish",1970,"834474fffffffff",1,1,NA
"fish",1970,"834cf6fffffffff",4,1,NA
"fish",1970,"836616fffffffff",388,156,42.3760046786181
"fish",1970,"8366b1fffffffff",74,40,31.4802898596066
"fish",1970,"8344b5fffffffff",23,23,NA
"fish",1970,"834450fffffffff",182,76,33.8306324108759
"fish",1970,"834451fffffffff",8,4,NA
"fish",1970,"834486fffffffff",180,73,38.6170697064623
"fish",1970,"834489fffffffff",931,237,41.0626486457244
"fish",1970,"83448dfffffffff",1038,200,36.3244143796895
"fish",1970,"834d33fffffffff",101,53,38.3564356435628
"fish",1970,"835e4afffffffff",51,45,44.2352941176471
"fish",1970,"836d76fffffffff",34,27,NA
"fish",1970,"836775fffffffff",50,24,24
"fish",1970,"836d66fffffffff",33,27,NA
"fish",1970,"8344f0fffffffff",186,84,38.4903511989341
"fish",1970,"83446efffffffff",398,31,15.5795641619574
"fish",1970,"83440bfffffffff",184,100,40.0055317454271
"fish",1970,"834414fffffffff",169,70,34.7366957093301
"fish",1970,"836745fffffffff",53,45,42.7836591821053
"fish",1970,"83442efffffffff",26,16,NA
"fish",1970,"834470fffffffff",47,25,NA
"fish",1970,"835f5dfffffffff",81,28,24.9156947153839
"fish",1970,"834c2cfffffffff",27,16,NA
"fish",1970,"836735fffffffff",19,11,NA
"fish",1970,"834564fffffffff",31,24,NA
"fish",1970,"834569fffffffff",23,17,NA
"fish",1970,"83448afffffffff",1,1,NA
"fish",1970,"834ca8fffffffff",2,1,NA
"fish",1970,"835e4bfffffffff",28,13,NA
"fish",1970,"836705fffffffff",4,2,NA
"fish",1970,"83451dfffffffff",2,2,NA
"fish",1970,"834d72fffffffff",4,4,NA
"fish",1970,"834c04fffffffff",18,3,NA
"fish",1970,"836610fffffffff",1,1,NA
"fish",1970,"8344a9fffffffff",2,2,NA
"fish",1970,"834475fffffffff",12,12,NA
"fish",1970,"834c23fffffffff",12,3,NA
"fish",1970,"835f49fffffffff",37,2,NA
"fish",1970,"836736fffffffff",1,1,NA
"fish",1970,"834d36fffffffff",3,3,NA
"fish",1970,"834d89fffffffff",34,1,NA
"fish",1970,"835f6bfffffffff",2,2,NA
"fish",1970,"836d65fffffffff",1,1,NA
"fish",1970,"836d00fffffffff",2,1,NA
"fish",1970,"836624fffffffff",1,1,NA
"fish",1970,"836744fffffffff",4,3,NA
"fish",1970,"83459efffffffff",6,1,NA
"fish",1970,"836732fffffffff",1,1,NA
"fish",1970,"834ce5fffffffff",1,1,NA
"fish",1970,"8344f3fffffffff",184,69,34.1326295921394
"fish",1970,"834440fffffffff",346,19,11.954368906418
"fish",1970,"83448cfffffffff",42,31,NA
"fish",1970,"832a4bfffffffff",233,126,45.1144940600431
"fish",1970,"834890fffffffff",5010,111,26.0004474978778
"fish",1970,"8348b2fffffffff",932,78,24.3379469125297
"fish",1970,"835f51fffffffff",32,26,NA
"fish",1970,"835f58fffffffff",130,59,35.6112110628784
"fish",1970,"836612fffffffff",103,62,38.7206895446834
"fish",1970,"836620fffffffff",170,138,46.6361290645299
"fish",1970,"83679afffffffff",112,46,29.9024832167498
"fish",1970,"836d68fffffffff",325,186,44.5119329711289
"fish",1970,"834433fffffffff",55,32,30.3800606020362
"fish",1970,"834403fffffffff",62,30,27.6671835366455
"fish",1970,"834c9cfffffffff",3,2,NA
"fish",1970,"836615fffffffff",27,23,NA
"fish",1970,"8344f4fffffffff",26,12,NA
"fish",1970,"83452afffffffff",113,10,9.58970250118286
"fish",1970,"8348b3fffffffff",699,37,18.1566652250424
"fish",1970,"836780fffffffff",2,2,NA
"fish",1970,"834462fffffffff",285,65,24.9842267718916
"fish",1970,"834468fffffffff",208,15,11.5522146375944
"fish",1970,"834996fffffffff",2,2,NA
"fish",1970,"834ceafffffffff",16,9,NA
"fish",1970,"835f41fffffffff",7,6,NA
"fish",1970,"836731fffffffff",11,6,NA
"fish",1970,"83441efffffffff",13,11,NA
"fish",1970,"834406fffffffff",8,5,NA
"fish",1970,"836da9fffffffff",1,1,NA
"fish",1970,"8344e0fffffffff",20,9,NA
"fish",1970,"835f5bfffffffff",11,9,NA
"fish",1970,"834c8efffffffff",14,1,NA
"fish",1970,"834d0afffffffff",8,1,NA
"fish",1970,"836793fffffffff",4,3,NA
"fish",1970,"8344adfffffffff",8,5,NA
"fish",1970,"834465fffffffff",8,6,NA
"fish",1970,"836791fffffffff",2,2,NA
"fish",1970,"83458bfffffffff",2,2,NA
"fish",1970,"8366a2fffffffff",6,6,NA
"fish",1970,"836763fffffffff",5,4,NA
"fish",1970,"834505fffffffff",1,1,NA
"fish",1970,"834d35fffffffff",1,1,NA
"fish",1970,"834404fffffffff",2,2,NA
"fish",1970,"834460fffffffff",1,1,NA
"fish",1970,"8366b0fffffffff",483,282,46.8058585776222
"fish",1970,"8344f2fffffffff",1704,236,36.3659272868627
"fish",1970,"834454fffffffff",1643,260,40.718816772902
"fish",1970,"834473fffffffff",1327,167,38.7851511642162
"fish",1970,"83441dfffffffff",287,98,36.740054069246
"fish",1970,"834894fffffffff",1446,86,26.8550010053143
"fish",1970,"834d12fffffffff",16,16,NA
"fish",1970,"835f43fffffffff",61,19,17.8369003152889
"fish",1970,"835f59fffffffff",42,30,NA
"fish",1970,"836d34fffffffff",25,23,NA
"fish",1970,"8344e6fffffffff",91,41,28.2985417731467
"fish",1970,"835e4cfffffffff",9,8,NA
"fish",1970,"835e4efffffffff",12,9,NA
"fish",1970,"836d75fffffffff",41,24,NA
"fish",1970,"834523fffffffff",9,7,NA
"fish",1970,"834419fffffffff",234,100,36.8419091350187
"fish",1970,"836d6cfffffffff",4,4,NA
"fish",1970,"83450afffffffff",22,3,NA
"fish",1970,"8344aafffffffff",32,17,NA
"fish",1970,"83459dfffffffff",2,2,NA
"fish",1970,"836d29fffffffff",4,4,NA
"fish",1970,"83449dfffffffff",21,20,NA
"fish",1970,"834520fffffffff",14,12,NA
"fish",1970,"834d76fffffffff",11,7,NA
"fish",1970,"83676efffffffff",4,4,NA
"fish",1970,"834598fffffffff",1,1,NA
"fish",1970,"834c99fffffffff",10,6,NA
"fish",1970,"834521fffffffff",4,4,NA
"fish",1970,"8344f5fffffffff",15,6,NA
"fish",1970,"83489efffffffff",12,4,NA
"fish",1970,"8344b3fffffffff",12,1,NA
"fish",1970,"834429fffffffff",2,2,NA
"fish",1970,"834583fffffffff",1,1,NA
"fish",1970,"836d21fffffffff",2,2,NA
"fish",1970,"834c05fffffffff",2,1,NA
"fish",1970,"834cd5fffffffff",2,2,NA
"fish",1970,"8344a0fffffffff",2,2,NA
"fish",1970,"834c06fffffffff",1,1,NA
"fish",1970,"83679cfffffffff",1,1,NA
"fish",1970,"836725fffffffff",2,1,NA
"fish",1970,"8367adfffffffff",1,1,NA
"fish",1970,"834410fffffffff",5,4,NA
"fish",1970,"834d5cfffffffff",1,1,NA
"fish",1970,"835e65fffffffff",4,2,NA
"fish",1970,"834546fffffffff",1,1,NA
"fish",1970,"836d06fffffffff",3,3,NA
"fish",1970,"836d2bfffffffff",29,22,NA
"fish",1970,"836d6bfffffffff",462,224,45.4050605612718
"fish",1970,"834461fffffffff",522,43,21.4595420796331
"fish",1970,"8344a3fffffffff",339,108,35.1666151573734
"fish",1970,"834415fffffffff",25,20,NA
"fish",1970,"834c31fffffffff",1,1,NA
"fish",1970,"834501fffffffff",1,1,NA
"fish",1970,"834522fffffffff",16,16,NA
"fish",1970,"836d2afffffffff",37,24,NA
"fish",1970,"834409fffffffff",204,91,37.1161000733756
"fish",1970,"834895fffffffff",3576,80,22.844003639041
"fish",1970,"834ceefffffffff",6,5,NA
"fish",1970,"836773fffffffff",21,18,NA
"fish",1970,"836d45fffffffff",17,16,NA
"fish",1970,"836d6dfffffffff",27,13,NA
"fish",1970,"834411fffffffff",193,77,36.6070357852138
"fish",1970,"836631fffffffff",52,50,48.1523378582202
"fish",1970,"836754fffffffff",17,12,NA
"fish",1970,"836796fffffffff",6,4,NA
"fish",1970,"834526fffffffff",13,12,NA
"fish",1970,"834549fffffffff",117,39,26.1929700403796
"fish",1970,"834540fffffffff",3,3,NA
"fish",1970,"836d62fffffffff",5,2,NA
"fish",1970,"834c00fffffffff",1,1,NA
"fish",1970,"836701fffffffff",2,2,NA
"fish",1970,"834519fffffffff",14,13,NA
"fish",1970,"834572fffffffff",1,1,NA
"fish",1970,"836d15fffffffff",3,3,NA
"fish",1970,"83450efffffffff",2,2,NA
"fish",1970,"836720fffffffff",2,2,NA
"fish",1970,"836dadfffffffff",1,1,NA
"fish",1970,"835e75fffffffff",1,1,NA
"fish",1970,"83452dfffffffff",1,1,NA
"fish",1970,"8367b3fffffffff",1,1,NA
"fish",1970,"8367b1fffffffff",1,1,NA
"fish",1970,"834455fffffffff",1096,137,30.4115975904458
"fish",1970,"834471fffffffff",388,124,39.0717770751799
"fish",1970,"834416fffffffff",64,47,38.6219537722545
"fish",1970,"836d26fffffffff",12,10,NA
"fish",1970,"834472fffffffff",97,64,39.8149839701511
"fish",1970,"834d74fffffffff",52,42,40.761689291101
"fish",1970,"835e71fffffffff",4,4,NA
"fish",1970,"8344e4fffffffff",175,73,35.1906846116083
"fish",1970,"8344e5fffffffff",693,168,38.6721117004442
"fish",1970,"83446afffffffff",238,13,9.2402485483434
"fish",1970,"834d28fffffffff",63,50,41.7122040072858
"fish",1970,"834446fffffffff",174,40,23.5496151710822
"fish",1970,"834408fffffffff",16,13,NA
"fish",1970,"8344a1fffffffff",40,27,NA
"fish",1970,"834d0bfffffffff",25,4,NA
"fish",1970,"834d1bfffffffff",57,16,14.157894736842
"fish",1970,"834892fffffffff",506,23,13.7479942854007
"fish",1970,"83454dfffffffff",4,4,NA
"fish",1970,"834d0cfffffffff",49,26,NA
"fish",1970,"834d2cfffffffff",20,13,NA
"fish",1970,"836611fffffffff",30,29,NA
"fish",1970,"834c92fffffffff",8,5,NA
"fish",1970,"836d24fffffffff",9,7,NA
"fish",1970,"836772fffffffff",12,9,NA
"fish",1970,"834d92fffffffff",8,8,NA
"fish",1970,"83670dfffffffff",3,3,NA
"fish",1970,"834d21fffffffff",24,13,NA
"fish",1970,"83446dfffffffff",27,5,NA
"fish",1970,"835e45fffffffff",5,3,NA
"fish",1970,"834c32fffffffff",6,3,NA
"fish",1970,"83670cfffffffff",10,5,NA
"fish",1970,"836794fffffffff",4,4,NA
"fish",1970,"835e5dfffffffff",1,1,NA
"fish",1970,"836785fffffffff",1,1,NA
"fish",1970,"834c35fffffffff",28,1,NA
"fish",1970,"836622fffffffff",259,188,46.6439433959395
"fish",1970,"836625fffffffff",80,76,48.3002677702063
"fish",1970,"8366a6fffffffff",80,62,42.7239532619292
"fish",1970,"8366b6fffffffff",299,155,42.9250006688909
"fish",1970,"83679bfffffffff",356,184,44.4588840044292
"fish",1970,"8344a8fffffffff",42,36,NA
"fish",1970,"8344aefffffffff",222,86,31.7018025070244
"fish",1970,"834456fffffffff",1855,246,41.2417325261391
"fish",1970,"834c33fffffffff",364,132,34.2118408248395
"fish",1970,"83670bfffffffff",12,12,NA
"fish",1970,"8344a4fffffffff",5,4,NA
"fish",1970,"834418fffffffff",203,78,35.8445319988836
"fish",1970,"834d2efffffffff",35,22,NA
"fish",1970,"83446cfffffffff",118,54,31.9546568647624
"fish",1970,"835e41fffffffff",20,11,NA
"fish",1970,"836633fffffffff",23,19,NA
"fish",1970,"834ce8fffffffff",28,27,NA
"fish",1970,"834d26fffffffff",16,16,NA
"fish",1970,"8367a2fffffffff",3,3,NA
"fish",1970,"836d74fffffffff",19,16,NA
"fish",1970,"834452fffffffff",155,16,10.3868234945166
"fish",1970,"8344a5fffffffff",25,20,NA
"fish",1970,"8344e1fffffffff",24,7,NA
"fish",1970,"83440efffffffff",7,5,NA
"fish",1970,"834575fffffffff",18,17,NA
"fish",1970,"834c25fffffffff",57,57,49.9999999999998
"fish",1970,"8367b6fffffffff",4,4,NA
"fish",1970,"834cc5fffffffff",16,15,NA
"fish",1970,"835e74fffffffff",22,12,NA
"fish",1970,"83679efffffffff",1,1,NA
"fish",1970,"8366a1fffffffff",1,1,NA
"fish",1970,"835e60fffffffff",17,11,NA
"fish",1970,"8344b4fffffffff",10,7,NA
"fish",1970,"835e64fffffffff",1,1,NA
"fish",1970,"8344acfffffffff",3,3,NA
"fish",1970,"83450dfffffffff",3,3,NA
"fish",1970,"8345a2fffffffff",4,2,NA
"fish",1970,"836746fffffffff",23,5,NA
"fish",1970,"834c9bfffffffff",9,5,NA
"fish",1970,"836635fffffffff",1,1,NA
"fish",1970,"834d2bfffffffff",3,3,NA
"fish",1970,"8344e2fffffffff",3,2,NA
"fish",1970,"834cebfffffffff",1,1,NA
"fish",1970,"834445fffffffff",4,3,NA
"fish",1970,"834421fffffffff",4,3,NA
"fish",1970,"83455efffffffff",1,1,NA
"fish",1970,"835e70fffffffff",1,1,NA
"fish",1970,"83676cfffffffff",4,3,NA
"fish",1970,"836752fffffffff",3,1,NA
"fish",1970,"836768fffffffff",2,1,NA
"fish",1970,"8344abfffffffff",1821,299,40.7396630651316
"fish",1970,"8344f6fffffffff",1312,194,37.6013163744589
"fish",1970,"834ce9fffffffff",14,14,NA
"fish",1970,"835e46fffffffff",952,154,39.5666464293795
"fish",1970,"836d01fffffffff",69,69,49.9999999999994
"fish",1970,"834504fffffffff",4,4,NA
"fish",1970,"834402fffffffff",9,9,NA
"fish",1970,"834992fffffffff",4,4,NA
"fish",1970,"83456cfffffffff",22,14,NA
"fish",1970,"83441cfffffffff",67,40,33.6278833107196
"fish",1970,"834d23fffffffff",123,64,40.3671864587484
"fish",1970,"836756fffffffff",91,67,42.2066385549552
"fish",1970,"836d6efffffffff",41,39,NA
"fish",1970,"835f42fffffffff",45,16,NA
"fish",1970,"836d6afffffffff",43,38,NA
"fish",1970,"834525fffffffff",13,13,NA
"fish",1970,"834d91fffffffff",6,4,NA
"fish",1970,"834444fffffffff",125,18,13.3197683863709
"fish",1970,"834c22fffffffff",29,29,NA
"fish",1970,"834442fffffffff",455,17,10.7794826144521
"fish",1970,"8345b2fffffffff",6,6,NA
"fish",1970,"8366b5fffffffff",23,15,NA
"fish",1970,"8345a3fffffffff",1,1,NA
"fish",1970,"834599fffffffff",7,4,NA
"fish",1970,"835e66fffffffff",1,1,NA
"fish",1970,"836782fffffffff",2,2,NA
"fish",1970,"836d61fffffffff",7,4,NA
"fish",1970,"834c8cfffffffff",10,3,NA
"fish",1970,"834d29fffffffff",1,1,NA
"fish",1970,"835e63fffffffff",4,3,NA
"fish",1970,"834531fffffffff",6,6,NA
"fish",1970,"8367b4fffffffff",6,6,NA
"fish",1970,"834c93fffffffff",8,4,NA
"fish",1970,"834488fffffffff",59,2,1.84745762711864
"fish",1970,"834dadfffffffff",2,1,NA
"fish",1970,"834532fffffffff",3,3,NA
"fish",1970,"834cc4fffffffff",2,1,NA
"fish",1970,"834cf3fffffffff",1,1,NA
"fish",1970,"836606fffffffff",1,1,NA
"fish",1970,"8344b0fffffffff",1,1,NA
"fish",1970,"835e6afffffffff",1,1,NA
"fish",1970,"834584fffffffff",1,1,NA
"fish",1970,"836708fffffffff",2,1,NA
"fish",1980,"834473fffffffff",823,76,27.9819348404411
"fish",1980,"834cdbfffffffff",2,2,NA
"fish",1980,"83676efffffffff",5,3,NA
"fish",1980,"834454fffffffff",3555,69,21.3823857113425
"fish",1980,"8344e6fffffffff",40,29,NA
"fish",1980,"834523fffffffff",60,36,32.5357080603321
"fish",1980,"8366b0fffffffff",128,93,43.2842232192107
"fish",1980,"836755fffffffff",7,6,NA
"fish",1980,"8344f2fffffffff",427,128,35.7494583069639
"fish",1980,"8344aafffffffff",4,4,NA
"fish",1980,"83489efffffffff",3,2,NA
"fish",1980,"834894fffffffff",10,4,NA
"fish",1980,"834419fffffffff",7,7,NA
"fish",1980,"834dabfffffffff",46,1,NA
"fish",1980,"836d75fffffffff",2,2,NA
"fish",1980,"834530fffffffff",1,1,NA
"fish",1980,"834cd4fffffffff",2,2,NA
"fish",1980,"835e65fffffffff",1,1,NA
"fish",1980,"83449dfffffffff",2,2,NA
"fish",1980,"83441dfffffffff",1,1,NA
"fish",1980,"834c14fffffffff",20,1,NA
"fish",1980,"834cd5fffffffff",1,1,NA
"fish",1980,"834521fffffffff",2,1,NA
"fish",1980,"836758fffffffff",4,2,NA
"fish",1980,"834c05fffffffff",4,1,NA
"fish",1980,"834c10fffffffff",54,1,1
"fish",1980,"8344f1fffffffff",1,1,NA
"fish",1980,"834d99fffffffff",248,1,1
"fish",1980,"834546fffffffff",1,1,NA
"fish",1980,"836620fffffffff",579,218,41.3151655795661
"fish",1980,"836780fffffffff",346,134,42.6692734486116
"fish",1980,"836d68fffffffff",197,136,44.5770079692979
"fish",1980,"834890fffffffff",54016,60,23.8706761492466
"fish",1980,"8348b2fffffffff",7450,50,22.4560889521685
"fish",1980,"8344f3fffffffff",916,93,25.4477360909074
"fish",1980,"83679afffffffff",114,35,24.0954792061741
"fish",1980,"835f4bfffffffff",1,1,NA
"fish",1980,"834996fffffffff",3,3,NA
"fish",1980,"8348b3fffffffff",7559,47,21.314149533412
"fish",1980,"834440fffffffff",9,4,NA
"fish",1980,"834d2afffffffff",2,1,NA
"fish",1980,"834433fffffffff",7,7,NA
"fish",1980,"834505fffffffff",13,8,NA
"fish",1980,"834ceafffffffff",11,10,NA
"fish",1980,"836612fffffffff",13,13,NA
"fish",1980,"83448cfffffffff",6,6,NA
"fish",1980,"8344e0fffffffff",88,18,13.3042983405761
"fish",1980,"834403fffffffff",23,3,NA
"fish",1980,"834468fffffffff",64,9,8.34164933385289
"fish",1980,"834daafffffffff",40,1,NA
"fish",1980,"83452afffffffff",1,1,NA
"fish",1980,"836774fffffffff",1,1,NA
"fish",1980,"834465fffffffff",3,3,NA
"fish",1980,"834ce0fffffffff",10,1,NA
"fish",1980,"834d0afffffffff",44,1,NA
"fish",1980,"83441efffffffff",4,2,NA
"fish",1980,"8366a2fffffffff",2,2,NA
"fish",1980,"834498fffffffff",94,1,1
"fish",1980,"834d9dfffffffff",4,1,NA
"fish",1980,"8344a2fffffffff",1,1,NA
"fish",1980,"83448efffffffff",1,1,NA
"fish",1980,"834490fffffffff",4,1,NA
"fish",1980,"834cb6fffffffff",6,1,NA
"fish",1980,"834d10fffffffff",8,1,NA
"fish",1980,"834896fffffffff",4,1,NA
"fish",1980,"834ca1fffffffff",2,1,NA
"fish",1980,"834462fffffffff",1,1,NA
"fish",1980,"834413fffffffff",30,25,NA
"fish",1980,"83441bfffffffff",25,23,NA
"fish",1980,"83448bfffffffff",82,53,37.4839540183785
"fish",1980,"834893fffffffff",6112,47,21.5813708833782
"fish",1980,"834463fffffffff",39,10,NA
"fish",1980,"834cc0fffffffff",79,48,35.9364712569244
"fish",1980,"836d25fffffffff",263,76,36.1203406764913
"fish",1980,"836d69fffffffff",767,269,44.404829761873
"fish",1980,"835e62fffffffff",44,22,NA
"fish",1980,"834412fffffffff",13,8,NA
"fish",1980,"836d63fffffffff",6,6,NA
"fish",1980,"8366b4fffffffff",68,52,39.7361320228588
"fish",1980,"8366a5fffffffff",6,6,NA
"fish",1980,"834d49fffffffff",2,2,NA
"fish",1980,"834d93fffffffff",3,2,NA
"fish",1980,"83441afffffffff",14,14,NA
"fish",1980,"8344b6fffffffff",5,2,NA
"fish",1980,"836d04fffffffff",1,1,NA
"fish",1980,"834c20fffffffff",14,1,NA
"fish",1980,"834cb1fffffffff",8,1,NA
"fish",1980,"835e6cfffffffff",6,4,NA
"fish",1980,"8366a0fffffffff",5,5,NA
"fish",1980,"834c2afffffffff",10,1,NA
"fish",1980,"836d36fffffffff",1,1,NA
"fish",1980,"836764fffffffff",3,3,NA
"fish",1980,"834485fffffffff",1,1,NA
"fish",1980,"834c34fffffffff",396,1,1
"fish",1980,"834d85fffffffff",2,1,NA
"fish",1980,"834d8afffffffff",258,1,1
"fish",1980,"83446efffffffff",5428,71,22.1978448695547
"fish",1980,"836736fffffffff",65,44,36.377014434094
"fish",1980,"836745fffffffff",29,24,NA
"fish",1980,"834c91fffffffff",1,1,NA
"fish",1980,"8344f0fffffffff",258,77,35.6981121719879
"fish",1980,"836610fffffffff",41,33,NA
"fish",1980,"834450fffffffff",129377,129,16.4730859221136
"fish",1980,"834489fffffffff",45,37,NA
"fish",1980,"836616fffffffff",75,42,32.3598875742426
"fish",1980,"834470fffffffff",18,11,NA
"fish",1980,"8366b1fffffffff",18,17,NA
"fish",1980,"834414fffffffff",45,37,NA
"fish",1980,"834c04fffffffff",48,1,NA
"fish",1980,"8344b1fffffffff",4,1,NA
"fish",1980,"834451fffffffff",13,3,NA
"fish",1980,"83448dfffffffff",15,12,NA
"fish",1980,"8344a9fffffffff",3,3,NA
"fish",1980,"836621fffffffff",1,1,NA
"fish",1980,"836d76fffffffff",3,3,NA
"fish",1980,"834d8dfffffffff",52,1,1
"fish",1980,"836732fffffffff",4,3,NA
"fish",1980,"834492fffffffff",2,1,NA
"fish",1980,"834c19fffffffff",24,1,NA
"fish",1980,"834ca4fffffffff",60,1,1
"fish",1980,"8344b5fffffffff",4,4,NA
"fish",1980,"836664fffffffff",3,2,NA
"fish",1980,"834486fffffffff",78,1,1
"fish",1980,"83458efffffffff",1,1,NA
"fish",1980,"834c15fffffffff",20,1,NA
"fish",1980,"834d8cfffffffff",100,1,1
"fish",1980,"834475fffffffff",1,1,NA
"fish",1980,"832adbfffffffff",34,1,NA
"fish",1980,"834436fffffffff",1,1,NA
"fish",1980,"834d9efffffffff",16,1,NA
"fish",1980,"83440bfffffffff",1,1,NA
"fish",1980,"834d83fffffffff",6,1,NA
"fish",1980,"834cc4fffffffff",48,36,NA
"fish",1980,"834531fffffffff",16,16,NA
"fish",1980,"8344abfffffffff",437,154,41.1896408990158
"fish",1980,"8344f6fffffffff",462,89,35.7074427580542
"fish",1980,"834532fffffffff",174,59,27.6116570953218
"fish",1980,"836606fffffffff",110,79,41.6488687835718
"fish",1980,"836d6afffffffff",166,103,42.4938207353164
"fish",1980,"834488fffffffff",2,2,NA
"fish",1980,"836756fffffffff",157,131,47.1229315168088
"fish",1980,"836d6efffffffff",34,29,NA
"fish",1980,"834d91fffffffff",8,7,NA
"fish",1980,"8345b2fffffffff",15,15,NA
"fish",1980,"8344b0fffffffff",6,3,NA
"fish",1980,"8366b5fffffffff",1,1,NA
"fish",1980,"834442fffffffff",317,14,9.71585060515669
"fish",1980,"834c8cfffffffff",4,1,NA
"fish",1980,"83455bfffffffff",8,4,NA
"fish",1980,"834c22fffffffff",48,1,NA
"fish",1980,"834dadfffffffff",94,1,1
"fish",1980,"836d35fffffffff",2,2,NA
"fish",1980,"836d64fffffffff",1,1,NA
"fish",1980,"834ca2fffffffff",30,1,NA
"fish",1980,"8345a3fffffffff",2,2,NA
"fish",1980,"834c03fffffffff",86,1,1
"fish",1980,"836782fffffffff",1,1,NA
"fish",1980,"834496fffffffff",78,1,1
"fish",1980,"834c84fffffffff",92,1,1
"fish",1980,"834446fffffffff",385,42,19.9341310701318
"fish",1980,"834471fffffffff",227,79,36.2953803469156
"fish",1980,"834892fffffffff",5119,45,21.2318660804392
"fish",1980,"8344e4fffffffff",45,17,NA
"fish",1980,"834455fffffffff",1710,86,30.7831943614604
"fish",1980,"836613fffffffff",56,27,25.2639420328099
"fish",1980,"836611fffffffff",31,22,NA
"fish",1980,"834c32fffffffff",22,1,NA
"fish",1980,"834c94fffffffff",14,1,NA
"fish",1980,"8344a1fffffffff",6,6,NA
"fish",1980,"83446afffffffff",22,7,NA
"fish",1980,"8344e5fffffffff",28,9,NA
"fish",1980,"836d24fffffffff",1,1,NA
"fish",1980,"836762fffffffff",3,3,NA
"fish",1980,"834416fffffffff",12,9,NA
"fish",1980,"834472fffffffff",5,5,NA
"fish",1980,"834408fffffffff",3,2,NA
"fish",1980,"834499fffffffff",10,1,NA
"fish",1980,"834d28fffffffff",4,1,NA
"fish",1980,"834c12fffffffff",154,1,1
"fish",1980,"834c16fffffffff",196,1,1
"fish",1980,"834c21fffffffff",2,1,NA
"fish",1980,"834d1bfffffffff",26,1,NA
"fish",1980,"834d92fffffffff",12,1,NA
"fish",1980,"83458dfffffffff",1,1,NA
"fish",1980,"834484fffffffff",1,1,NA
"fish",1980,"835e5dfffffffff",2,2,NA
"fish",1980,"834d0bfffffffff",1,1,NA
"fish",1980,"834c35fffffffff",114,1,1
"fish",1980,"834d1afffffffff",42,1,NA
"fish",1980,"834caefffffffff",10,1,NA
"fish",1980,"836631fffffffff",122,76,38.6242817099836
"fish",1980,"836d6bfffffffff",732,207,36.2315069160018
"fish",1980,"8344a3fffffffff",123,57,33.4308391052093
"fish",1980,"834895fffffffff",36554,71,23.7090685103122
"fish",1980,"834ceefffffffff",49,36,NA
"fish",1980,"83674afffffffff",3,3,NA
"fish",1980,"834cb3fffffffff",23,6,NA
"fish",1980,"834d80fffffffff",2,1,NA
"fish",1980,"834461fffffffff",12,3,NA
"fish",1980,"834494fffffffff",21,2,NA
"fish",1980,"834c8afffffffff",2,2,NA
"fish",1980,"834549fffffffff",1,1,NA
"fish",1980,"834c31fffffffff",200,1,1
"fish",1980,"834d13fffffffff",30,1,NA
"fish",1980,"834483fffffffff",3,3,NA
"fish",1980,"83675bfffffffff",3,2,NA
"fish",1980,"834481fffffffff",4,2,NA
"fish",1980,"834cc1fffffffff",1,1,NA
"fish",1980,"836d6dfffffffff",2,2,NA
"fish",1980,"835e6dfffffffff",1,1,NA
"fish",1980,"83450efffffffff",1,1,NA
"fish",1980,"834cf5fffffffff",2,1,NA
"fish",1980,"834516fffffffff",1,1,NA
"fish",1980,"834c11fffffffff",26,1,NA
"fish",1980,"834c30fffffffff",92,1,1
"fish",1980,"834558fffffffff",1,1,NA
"fish",1980,"834415fffffffff",1,1,NA
"fish",1980,"834445fffffffff",31,6,NA
"fish",1980,"834ce8fffffffff",14,12,NA
"fish",1980,"836622fffffffff",400,220,45.6708845609916
"fish",1980,"836625fffffffff",572,272,46.1632448393726
"fish",1980,"8366b6fffffffff",138,102,45.2509629684952
"fish",1980,"83679bfffffffff",102,68,37.7734500780846
"fish",1980,"834456fffffffff",23759,148,18.4119655201642
"fish",1980,"834452fffffffff",170,26,12.9827828008804
"fish",1980,"834cc5fffffffff",6,6,NA
"fish",1980,"8344a8fffffffff",30,20,NA
"fish",1980,"834418fffffffff",21,15,NA
"fish",1980,"8344aefffffffff",15,11,NA
"fish",1980,"834cebfffffffff",5,5,NA
"fish",1980,"834cb2fffffffff",26,1,NA
"fish",1980,"83440efffffffff",46,14,NA
"fish",1980,"83446cfffffffff",40,13,NA
"fish",1980,"8366a1fffffffff",8,8,NA
"fish",1980,"83455efffffffff",18,9,NA
"fish",1980,"834d09fffffffff",2,1,NA
"fish",1980,"834d98fffffffff",72,1,1
"fish",1980,"836d74fffffffff",7,7,NA
"fish",1980,"834cd6fffffffff",4,2,NA
"fish",1980,"8344a5fffffffff",9,6,NA
"fish",1980,"8344b4fffffffff",1,1,NA
"fish",1980,"834509fffffffff",7,7,NA
"fish",1980,"83449efffffffff",22,1,NA
"fish",1980,"834d2efffffffff",6,1,NA
"fish",1980,"834464fffffffff",8,2,NA
"fish",1980,"835e70fffffffff",11,4,NA
"fish",1980,"834d8efffffffff",14,1,NA
"fish",1980,"834ca5fffffffff",32,1,NA
"fish",1980,"835e64fffffffff",1,1,NA
"fish",1980,"836746fffffffff",1,1,NA
"fish",1980,"834cdafffffffff",1,1,NA
"fish",1990,"83446efffffffff",10326,66,21.8140239570111
"fish",1990,"834470fffffffff",3055,127,12.2670245902342
"fish",1990,"834475fffffffff",2648,35,9.88341456111139
"fish",1990,"834489fffffffff",1132,41,9.89644730903133
"fish",1990,"83454efffffffff",514,15,8.02855933813065
"fish",1990,"832adbfffffffff",61,8,7.44984717977214
"fish",1990,"83458afffffffff",138,66,35.4690896728221
"fish",1990,"834ccdfffffffff",836,9,7.90928160168661
"fish",1990,"835e4dfffffffff",600,18,9.89502012152014
"fish",1990,"834450fffffffff",117506,110,15.0255553773954
"fish",1990,"834d8dfffffffff",26,7,NA
"fish",1990,"836735fffffffff",319,146,42.0508423736622
"fish",1990,"834486fffffffff",913,39,16.7051001267678
"fish",1990,"8344f0fffffffff",1758,114,34.4951282104862
"fish",1990,"834414fffffffff",5282,148,29.8190990039698
"fish",1990,"836745fffffffff",1721,106,24.8021700588099
"fish",1990,"83442efffffffff",337,11,7.44277957936431
"fish",1990,"834542fffffffff",82,9,7.95784729405594
"fish",1990,"834543fffffffff",552,15,7.89627713549948
"fish",1990,"834d9efffffffff",406,16,9.57790909905834
"fish",1990,"835e40fffffffff",29,5,NA
"fish",1990,"836744fffffffff",252,41,24.2320145691283
"fish",1990,"83448dfffffffff",1131,42,12.2174420609256
"fish",1990,"834492fffffffff",39,7,NA
"fish",1990,"8344a9fffffffff",650,48,22.2906657377391
"fish",1990,"834518fffffffff",53,7,6.88243831640058
"fish",1990,"834541fffffffff",598,16,7.50435537871914
"fish",1990,"834580fffffffff",145,35,24.8784964193504
"fish",1990,"834588fffffffff",3,2,NA
"fish",1990,"834ca4fffffffff",2,2,NA
"fish",1990,"834d68fffffffff",5,3,NA
"fish",1990,"834d8cfffffffff",29,7,NA
"fish",1990,"834d95fffffffff",70,8,7.34831986095245
"fish",1990,"834dacfffffffff",143,8,6.69286727752408
"fish",1990,"836721fffffffff",38,6,NA
"fish",1990,"8366b1fffffffff",12,12,NA
"fish",1990,"83448afffffffff",143,8,6.99129505752084
"fish",1990,"834493fffffffff",86,9,8.5714798671081
"fish",1990,"8344b1fffffffff",75,18,15.4455842807724
"fish",1990,"8344b5fffffffff",1977,50,21.3207845758319
"fish",1990,"83451dfffffffff",7,4,NA
"fish",1990,"834d34fffffffff",2,1,NA
"fish",1990,"835e4bfffffffff",1906,51,19.2775998756679
"fish",1990,"834441fffffffff",2,2,NA
"fish",1990,"834cb4fffffffff",84,10,9.368708525941
"fish",1990,"834d89fffffffff",30,9,NA
"fish",1990,"83440bfffffffff",1280,21,8.66397751637311
"fish",1990,"834564fffffffff",48,8,NA
"fish",1990,"832acafffffffff",5,5,NA
"fish",1990,"834d19fffffffff",45,6,NA
"fish",1990,"834d83fffffffff",83,8,7.57191726508153
"fish",1990,"836724fffffffff",6,3,NA
"fish",1990,"83459efffffffff",8,8,NA
"fish",1990,"834432fffffffff",169,20,10.7318569882286
"fish",1990,"83456bfffffffff",15,7,NA
"fish",1990,"834c23fffffffff",14,5,NA
"fish",1990,"834c88fffffffff",37,6,NA
"fish",1990,"834ce5fffffffff",13,5,NA
"fish",1990,"834d43fffffffff",25,6,NA
"fish",1990,"834d58fffffffff",3,2,NA
"fish",1990,"836722fffffffff",2,2,NA
"fish",1990,"836732fffffffff",4,3,NA
"fish",1990,"834436fffffffff",3,3,NA
"fish",1990,"834573fffffffff",38,4,NA
"fish",1990,"834c04fffffffff",3,3,NA
"fish",1990,"834cc6fffffffff",7,3,NA
"fish",1990,"835e4afffffffff",9,4,NA
"fish",1990,"836775fffffffff",23,7,NA
"fish",1990,"834451fffffffff",3,3,NA
"fish",1990,"836d76fffffffff",1,1,NA
"fish",1990,"834da4fffffffff",3,3,NA
"fish",1990,"836d66fffffffff",6,6,NA
"fish",1990,"834ca8fffffffff",2,2,NA
"fish",1990,"834d72fffffffff",7,6,NA
"fish",1990,"836d00fffffffff",22,4,NA
"fish",1990,"836c32fffffffff",1,1,NA
"fish",1990,"836705fffffffff",9,5,NA
"fish",1990,"836d70fffffffff",2,2,NA
"fish",1990,"834569fffffffff",5,4,NA
"fish",1990,"834898fffffffff",3,1,NA
"fish",1990,"83458efffffffff",1,1,NA
"fish",1990,"834433fffffffff",809,22,9.27799166899326
"fish",1990,"8344f3fffffffff",3772,118,31.7952775588008
"fish",1990,"834505fffffffff",972,99,24.5980615545708
"fish",1990,"834404fffffffff",262,13,8.38975338693007
"fish",1990,"8348b2fffffffff",10367,53,23.1588072816039
"fish",1990,"834cccfffffffff",71,8,7.32355685722902
"fish",1990,"835f5bfffffffff",1097,249,42.7706035800758
"fish",1990,"836615fffffffff",276,95,37.0446461740602
"fish",1990,"836620fffffffff",1009,319,44.4293362046284
"fish",1990,"836d0cfffffffff",12,2,NA
"fish",1990,"834430fffffffff",87,10,8.36607859191558
"fish",1990,"83448cfffffffff",2211,24,9.57393979680317
"fish",1990,"83448efffffffff",1434,22,8.69326781587461
"fish",1990,"834406fffffffff",1669,28,9.4362411791194
"fish",1990,"834896fffffffff",1272,25,10.1534303415774
"fish",1990,"8348b3fffffffff",10189,47,22.325841252369
"fish",1990,"834d03fffffffff",7,6,NA
"fish",1990,"834460fffffffff",148,24,14.5473296698017
"fish",1990,"834890fffffffff",74760,62,24.2961103575536
"fish",1990,"834c81fffffffff",415,41,22.3053313058108
"fish",1990,"834cabfffffffff",825,43,20.7176317553302
"fish",1990,"834d41fffffffff",142,15,10.04116474824
"fish",1990,"836612fffffffff",153,90,41.286161825833
"fish",1990,"834562fffffffff",104,8,7.88393663661085
"fish",1990,"834cd9fffffffff",48,7,NA
"fish",1990,"834ceafffffffff",32,6,NA
"fish",1990,"835f4bfffffffff",192,71,37.7117076431665
"fish",1990,"834462fffffffff",114,18,12.1902384689348
"fish",1990,"834498fffffffff",118,13,9.72306763470927
"fish",1990,"8344a2fffffffff",135,28,18.4934701528469
"fish",1990,"834403fffffffff",1759,26,9.83096701011749
"fish",1990,"83458bfffffffff",335,12,7.45116457084789
"fish",1990,"834c8efffffffff",309,16,8.77314142416817
"fish",1990,"834cb0fffffffff",13,5,NA
"fish",1990,"834ce0fffffffff",16,6,NA
"fish",1990,"834d0afffffffff",27,7,NA
"fish",1990,"834d42fffffffff",14,6,NA
"fish",1990,"834d9dfffffffff",34,6,NA
"fish",1990,"83679afffffffff",55,13,12.0837939139826
"fish",1990,"834465fffffffff",1624,54,15.4637045200388
"fish",1990,"8366a2fffffffff",14,13,NA
"fish",1990,"836d68fffffffff",32,26,NA
"fish",1990,"834468fffffffff",3,2,NA
"fish",1990,"834d54fffffffff",33,6,NA
"fish",1990,"834daafffffffff",36,8,NA
"fish",1990,"836774fffffffff",16,5,NA
"fish",1990,"83451bfffffffff",2349,22,7.84068777272093
"fish",1990,"834422fffffffff",446,12,6.75701279108887
"fish",1990,"834cd2fffffffff",6,4,NA
"fish",1990,"834da1fffffffff",21,5,NA
"fish",1990,"834490fffffffff",17,7,NA
"fish",1990,"834cb6fffffffff",26,8,NA
"fish",1990,"834d10fffffffff",42,7,NA
"fish",1990,"834c28fffffffff",9,4,NA
"fish",1990,"834c9cfffffffff",12,4,NA
"fish",1990,"83672efffffffff",131,10,8.28574409007591
"fish",1990,"834cddfffffffff",19,5,NA
"fish",1990,"836728fffffffff",15,6,NA
"fish",1990,"836780fffffffff",3,3,NA
"fish",1990,"834d84fffffffff",3,3,NA
"fish",1990,"8344a6fffffffff",13,4,NA
"fish",1990,"834cb5fffffffff",3,3,NA
"fish",1990,"834d15fffffffff",2,2,NA
"fish",1990,"834996fffffffff",5,5,NA
"fish",1990,"83450cfffffffff",1,1,NA
"fish",1990,"83441efffffffff",2,2,NA
"fish",1990,"834d31fffffffff",16,5,NA
"fish",1990,"832ac9fffffffff",7,5,NA
"fish",1990,"834d02fffffffff",1,1,NA
"fish",1990,"834d35fffffffff",7,4,NA
"fish",1990,"836731fffffffff",7,3,NA
"fish",1990,"835e5afffffffff",2,1,NA
"fish",1990,"834440fffffffff",1,1,NA
"fish",1990,"836604fffffffff",5,1,NA
"fish",1990,"8344e0fffffffff",1,1,NA
"fish",1990,"834428fffffffff",820,23,9.03361195633535
"fish",1990,"83450afffffffff",62,25,22.869509967211
"fish",1990,"834523fffffffff",708,236,36.5306442013679
"fish",1990,"834d40fffffffff",82,9,8.41721768586462
"fish",1990,"8366a3fffffffff",107,77,42.2838869823567
"fish",1990,"8366b0fffffffff",306,183,44.5167817667069
"fish",1990,"83676efffffffff",273,272,49.9670060332179
"fish",1990,"834454fffffffff",2516,134,23.0326056440983
"fish",1990,"8344f2fffffffff",852,111,33.5247884588503
"fish",1990,"834400fffffffff",1100,19,7.97568427643159
"fish",1990,"83441dfffffffff",873,23,8.79584847824957
"fish",1990,"834598fffffffff",77,36,28.1230487998055
"fish",1990,"834c05fffffffff",16,5,NA
"fish",1990,"834c99fffffffff",176,12,8.58093774122568
"fish",1990,"834473fffffffff",324,59,22.6209566130808
"fish",1990,"834405fffffffff",500,19,9.16001726949837
"fish",1990,"834410fffffffff",13,4,NA
"fish",1990,"835e5bfffffffff",4,4,NA
"fish",1990,"83459dfffffffff",36,28,NA
"fish",1990,"835f43fffffffff",3,3,NA
"fish",1990,"83442afffffffff",887,18,9.19896015476024
"fish",1990,"834476fffffffff",4075,30,8.96512596675292
"fish",1990,"83450bfffffffff",3,3,NA
"fish",1990,"832ad9fffffffff",14,6,NA
"fish",1990,"834c24fffffffff",23,6,NA
"fish",1990,"834c2efffffffff",10,4,NA
"fish",1990,"834cd3fffffffff",28,7,NA
"fish",1990,"834cdbfffffffff",98,7,6.50565992609348
"fish",1990,"835e4cfffffffff",104,9,7.63891139219502
"fish",1990,"835e4efffffffff",47,6,NA
"fish",1990,"83449dfffffffff",562,20,9.8262304585607
"fish",1990,"8344aafffffffff",4599,35,9.25202923464391
"fish",1990,"834d12fffffffff",26,8,NA
"fish",1990,"834d50fffffffff",9,4,NA
"fish",1990,"834d9cfffffffff",133,8,7.22414940126904
"fish",1990,"834dabfffffffff",102,6,5.48984400107239
"fish",1990,"83672bfffffffff",13,6,NA
"fish",1990,"834582fffffffff",4,4,NA
"fish",1990,"834d99fffffffff",6,3,NA
"fish",1990,"834429fffffffff",2968,20,9.06844148019706
"fish",1990,"8344a0fffffffff",187,14,9.02800824438401
"fish",1990,"834da9fffffffff",221,9,7.2666119493312
"fish",1990,"836726fffffffff",11,5,NA
"fish",1990,"834431fffffffff",149,8,6.47730102975599
"fish",1990,"834555fffffffff",46,7,NA
"fish",1990,"834419fffffffff",13,4,NA
"fish",1990,"8344b3fffffffff",11,6,NA
"fish",1990,"834546fffffffff",77,5,4.88004051470107
"fish",1990,"834583fffffffff",2,2,NA
"fish",1990,"834c2bfffffffff",8,4,NA
"fish",1990,"834894fffffffff",266,10,7.76517295633164
"fish",1990,"834cd5fffffffff",4,4,NA
"fish",1990,"834d76fffffffff",11,5,NA
"fish",1990,"834511fffffffff",14,4,NA
"fish",1990,"834c1dfffffffff",1,1,NA
"fish",1990,"8345abfffffffff",2,2,NA
"fish",1990,"834c06fffffffff",1,1,NA
"fish",1990,"836c2cfffffffff",1,1,NA
"fish",1990,"836725fffffffff",1,1,NA
"fish",1990,"8344a3fffffffff",466,11,7.58342088880967
"fish",1990,"8344b2fffffffff",10,7,NA
"fish",1990,"834501fffffffff",1134,54,24.3007408901945
"fish",1990,"834549fffffffff",2009,22,9.24485702360481
"fish",1990,"834415fffffffff",22526,198,30.9593222401537
"fish",1990,"834895fffffffff",48759,72,23.7980347774318
"fish",1990,"834c8afffffffff",444,17,9.29259699966311
"fish",1990,"834d1efffffffff",76,8,7.42877113592477
"fish",1990,"835e75fffffffff",345,24,13.998069273393
"fish",1990,"836631fffffffff",244,81,33.0988899145681
"fish",1990,"834483fffffffff",4200,25,9.62474729771555
"fish",1990,"83454afffffffff",2980,23,8.99696317728914
"fish",1990,"834409fffffffff",5817,68,10.5627926158341
"fish",1990,"834d13fffffffff",75,10,9.18050901713553
"fish",1990,"836d2afffffffff",98,17,15.1597296052707
"fish",1990,"836d6bfffffffff",73,68,47.6693302891931
"fish",1990,"83450efffffffff",628,51,25.5096626706547
"fish",1990,"834519fffffffff",516,30,8.71806156632477
"fish",1990,"834571fffffffff",31,6,NA
"fish",1990,"834c30fffffffff",42,6,NA
"fish",1990,"834d1dfffffffff",16,6,NA
"fish",1990,"834ceefffffffff",282,59,30.1820906903286
"fish",1990,"834425fffffffff",18,6,NA
"fish",1990,"834461fffffffff",47,22,NA
"fish",1990,"834481fffffffff",4769,26,9.60327449645796
"fish",1990,"83449cfffffffff",995,21,8.83728695909143
"fish",1990,"834540fffffffff",286,15,9.67201124761923
"fish",1990,"834558fffffffff",2963,24,9.0721400845304
"fish",1990,"834560fffffffff",21,7,NA
"fish",1990,"83440dfffffffff",3511,28,9.30472419705827
"fish",1990,"834c00fffffffff",10,5,NA
"fish",1990,"834d5dfffffffff",14,7,NA
"fish",1990,"834d88fffffffff",3,3,NA
"fish",1990,"834daefffffffff",72,6,5.99948988111514
"fish",1990,"83672cfffffffff",70,7,6.87964692080605
"fish",1990,"834c31fffffffff",8,7,NA
"fish",1990,"834cc1fffffffff",116,7,6.0911725969941
"fish",1990,"834426fffffffff",906,19,7.6923479217901
"fish",1990,"834553fffffffff",102,8,7.19986312674724
"fish",1990,"836d06fffffffff",156,29,21.9829498257053
"fish",1990,"834559fffffffff",6886,29,8.57818618691102
"fish",1990,"836773fffffffff",17,12,NA
"fish",1990,"836d45fffffffff",3,3,NA
"fish",1990,"834cc3fffffffff",152,9,7.54204779688199
"fish",1990,"834cd1fffffffff",23,6,NA
"fish",1990,"834d45fffffffff",107,10,8.35774037836
"fish",1990,"835e6efffffffff",17,6,NA
"fish",1990,"836701fffffffff",13,6,NA
"fish",1990,"834424fffffffff",5,4,NA
"fish",1990,"834411fffffffff",8,4,NA
"fish",1990,"8345b5fffffffff",3,2,NA
"fish",1990,"834c80fffffffff",11,6,NA
"fish",1990,"834cf5fffffffff",2,2,NA
"fish",1990,"834d4bfffffffff",4,4,NA
"fish",1990,"834544fffffffff",238,16,9.36702134877716
"fish",1990,"832acbfffffffff",9,6,NA
"fish",1990,"834401fffffffff",1005,24,8.54515668814157
"fish",1990,"834cc8fffffffff",11,5,NA
"fish",1990,"834d11fffffffff",9,4,NA
"fish",1990,"834d6afffffffff",45,8,NA
"fish",1990,"834d73fffffffff",7,4,NA
"fish",1990,"834d80fffffffff",13,7,NA
"fish",1990,"834db0fffffffff",8,4,NA
"fish",1990,"835e68fffffffff",21,6,NA
"fish",1990,"836720fffffffff",17,8,NA
"fish",1990,"834c11fffffffff",3,3,NA
"fish",1990,"834d63fffffffff",3,3,NA
"fish",1990,"834d70fffffffff",1,1,NA
"fish",1990,"836730fffffffff",7,5,NA
"fish",1990,"83678afffffffff",1,1,NA
"fish",1990,"834494fffffffff",1,1,NA
"fish",1990,"834522fffffffff",1,1,NA
"fish",1990,"836d6dfffffffff",3,2,NA
"fish",1990,"83454bfffffffff",5249,25,9.47609418673812
"fish",1990,"834893fffffffff",8769,48,22.5760578624169
"fish",1990,"834cc0fffffffff",538,55,21.4988616127861
"fish",1990,"834d46fffffffff",35,9,NA
"fish",1990,"835e48fffffffff",59,8,7.9573403792073
"fish",1990,"8366a5fffffffff",169,104,41.8886471052304
"fish",1990,"836d58fffffffff",3,3,NA
"fish",1990,"836d69fffffffff",297,176,44.4697285393794
"fish",1990,"834420fffffffff",393,18,8.03611511327725
"fish",1990,"834474fffffffff",5862,29,9.10132270545752
"fish",1990,"83448bfffffffff",1722,16,6.91660690819719
"fish",1990,"836769fffffffff",367,83,35.8867531282071
"fish",1990,"834463fffffffff",90,29,21.1366528417391
"fish",1990,"834550fffffffff",9,4,NA
"fish",1990,"834554fffffffff",13,6,NA
"fish",1990,"834566fffffffff",25,7,NA
"fish",1990,"834581fffffffff",3,3,NA
"fish",1990,"8345adfffffffff",4,4,NA
"fish",1990,"834d93fffffffff",62,7,6.61290161476881
"fish",1990,"8367acfffffffff",4,3,NA
"fish",1990,"836d25fffffffff",313,93,38.0943265389121
"fish",1990,"834485fffffffff",303,10,7.31647740455718
"fish",1990,"83455afffffffff",3756,21,8.39762703614737
"fish",1990,"83456afffffffff",54,8,7.91737575533358
"fish",1990,"83440afffffffff",1024,26,8.8983170075357
"fish",1990,"834412fffffffff",24,9,NA
"fish",1990,"834c34fffffffff",38,7,NA
"fish",1990,"834cadfffffffff",6,6,NA
"fish",1990,"834ccefffffffff",15,5,NA
"fish",1990,"834cd8fffffffff",38,6,NA
"fish",1990,"834d69fffffffff",7,5,NA
"fish",1990,"834d90fffffffff",27,7,NA
"fish",1990,"834da5fffffffff",40,6,NA
"fish",1990,"8366b4fffffffff",7,7,NA
"fish",1990,"836723fffffffff",8,6,NA
"fish",1990,"836770fffffffff",3,2,NA
"fish",1990,"834891fffffffff",14,4,NA
"fish",1990,"834d49fffffffff",58,16,14.8625082446185
"fish",1990,"834d6efffffffff",27,9,NA
"fish",1990,"835e6bfffffffff",7,4,NA
"fish",1990,"8366a0fffffffff",4,4,NA
"fish",1990,"83672afffffffff",48,7,NA
"fish",1990,"834545fffffffff",635,19,8.16962907537021
"fish",1990,"834491fffffffff",112,9,7.67795175204704
"fish",1990,"834548fffffffff",657,15,7.7583996055746
"fish",1990,"834d8afffffffff",16,5,NA
"fish",1990,"834da8fffffffff",239,9,7.05582731395606
"fish",1990,"834551fffffffff",197,15,9.59579688356492
"fish",1990,"83440cfffffffff",1103,20,8.50948474622865
"fish",1990,"83441afffffffff",3,3,NA
"fish",1990,"834db3fffffffff",4,4,NA
"fish",1990,"834423fffffffff",179,11,6.68810408785807
"fish",1990,"834466fffffffff",4517,32,9.97000247687871
"fish",1990,"834512fffffffff",3,3,NA
"fish",1990,"834413fffffffff",2,2,NA
"fish",1990,"834d5afffffffff",10,6,NA
"fish",1990,"835e62fffffffff",5,3,NA
"fish",1990,"836704fffffffff",2,2,NA
"fish",1990,"836716fffffffff",3,3,NA
"fish",1990,"8344b6fffffffff",10,2,NA
"fish",1990,"834cdefffffffff",5,4,NA
"fish",1990,"834d85fffffffff",5,5,NA
"fish",1990,"8344d4fffffffff",2,1,NA
"fish",1990,"834c29fffffffff",7,2,NA
"fish",1990,"836c28fffffffff",1,1,NA
"fish",1990,"836d04fffffffff",26,5,NA
"fish",1990,"834d6bfffffffff",27,6,NA
"fish",1990,"836764fffffffff",3,3,NA
"fish",1990,"83441bfffffffff",5,2,NA
"fish",1990,"834c20fffffffff",3,3,NA
"fish",1990,"8345b6fffffffff",1,1,NA
"fish",1990,"834c2afffffffff",8,5,NA
"fish",1990,"834d94fffffffff",9,6,NA
"fish",1990,"834da0fffffffff",2,2,NA
"fish",1990,"834456fffffffff",31978,161,13.6385978308525
"fish",1990,"8344a5fffffffff",66801,221,29.9731602154602
"fish",1990,"836622fffffffff",10305,298,14.3100527923615
"fish",1990,"836625fffffffff",31,20,NA
"fish",1990,"836746fffffffff",342,48,24.5701662010766
"fish",1990,"836783fffffffff",114,26,20.0780715914989
"fish",1990,"8344a8fffffffff",6862,131,28.9143875809696
"fish",1990,"83456dfffffffff",15,8,NA
"fish",1990,"83440efffffffff",1294,35,10.0527805619138
"fish",1990,"834d2bfffffffff",18,5,NA
"fish",1990,"834d5bfffffffff",10,6,NA
"fish",1990,"83670bfffffffff",137,50,32.5886122803854
"fish",1990,"8344b4fffffffff",159,33,21.10326575274
"fish",1990,"836633fffffffff",81,35,28.2686772733685
"fish",1990,"836752fffffffff",10,4,NA
"fish",1990,"8344aefffffffff",5970,50,9.00322723196493
"fish",1990,"834c83fffffffff",18,7,NA
"fish",1990,"834ce8fffffffff",870,57,22.8563640740574
"fish",1990,"834d96fffffffff",3,3,NA
"fish",1990,"83679bfffffffff",258,36,21.1821061544515
"fish",1990,"8366b6fffffffff",67,51,40.4745358290142
"fish",1990,"83442dfffffffff",883,13,7.94459111408411
"fish",1990,"834435fffffffff",263,10,7.02657807237689
"fish",1990,"83446cfffffffff",28,5,NA
"fish",1990,"8344a4fffffffff",472,15,7.13171061409557
"fish",1990,"834563fffffffff",37,7,NA
"fish",1990,"834568fffffffff",28,9,NA
"fish",1990,"8345aefffffffff",112,23,17.4011211186056
"fish",1990,"834c2dfffffffff",42,7,NA
"fish",1990,"834c9dfffffffff",10664,29,9.21034704048386
"fish",1990,"834caafffffffff",797,38,20.0322715189062
"fish",1990,"834cc5fffffffff",392,67,28.9083271859708
"fish",1990,"834cdafffffffff",32,7,NA
"fish",1990,"834d5efffffffff",23,8,NA
"fish",1990,"834d8bfffffffff",21,5,NA
"fish",1990,"834d8efffffffff",23,8,NA
"fish",1990,"834d9bfffffffff",22,6,NA
"fish",1990,"834db2fffffffff",4,4,NA
"fish",1990,"835e41fffffffff",407,10,7.49174405777666
"fish",1990,"834421fffffffff",32,6,NA
"fish",1990,"834cebfffffffff",1363,45,16.2932398484454
"fish",1990,"834d09fffffffff",4,4,NA
"fish",1990,"834d98fffffffff",74,7,6.95690331241268
"fish",1990,"836715fffffffff",6,4,NA
"fish",1990,"835e49fffffffff",1292,16,8.28569281189416
"fish",1990,"834452fffffffff",9,3,NA
"fish",1990,"83449efffffffff",31,6,NA
"fish",1990,"834418fffffffff",4,3,NA
"fish",1990,"834464fffffffff",6139,29,9.75645687923478
"fish",1990,"83455efffffffff",861,18,8.65271794918423
"fish",1990,"834565fffffffff",31,9,NA
"fish",1990,"834cc9fffffffff",65,5,4.99963627917885
"fish",1990,"834d20fffffffff",4,4,NA
"fish",1990,"834d9afffffffff",28,9,NA
"fish",1990,"834da2fffffffff",24,6,NA
"fish",1990,"834db1fffffffff",48,9,NA
"fish",1990,"83670efffffffff",5,4,NA
"fish",1990,"8366a1fffffffff",25,25,NA
"fish",1990,"834c25fffffffff",44,8,NA
"fish",1990,"836734fffffffff",10,4,NA
"fish",1990,"836771fffffffff",62,7,6.99329401765328
"fish",1990,"834575fffffffff",151,14,9.83068706656709
"fish",1990,"834cb2fffffffff",3,3,NA
"fish",1990,"834cc2fffffffff",204,9,7.06206765886773
"fish",1990,"834d51fffffffff",42,7,NA
"fish",1990,"834480fffffffff",36,8,NA
"fish",1990,"834d08fffffffff",2,2,NA
"fish",1990,"834ce3fffffffff",19,4,NA
"fish",1990,"834556fffffffff",6,5,NA
"fish",1990,"835e60fffffffff",6,3,NA
"fish",1990,"8366a6fffffffff",3,3,NA
"fish",1990,"836710fffffffff",1,1,NA
"fish",1990,"83451efffffffff",2,1,NA
"fish",1990,"834513fffffffff",1,1,NA
"fish",1990,"834c86fffffffff",1,1,NA
"fish",1990,"834446fffffffff",365,34,18.8782702896642
"fish",1990,"834471fffffffff",134,15,9.96937063137612
"fish",1990,"834472fffffffff",3539,36,8.94872637753249
"fish",1990,"8344a1fffffffff",20087,194,24.7823799362696
"fish",1990,"834552fffffffff",2,2,NA
"fish",1990,"834561fffffffff",48,9,NA
"fish",1990,"834416fffffffff",67303,227,30.5673377245002
"fish",1990,"834d21fffffffff",4,2,NA
"fish",1990,"834455fffffffff",587,57,21.6692605881828
"fish",1990,"834892fffffffff",8675,64,22.7960816536111
"fish",1990,"834d1afffffffff",309,10,7.70977742949476
"fish",1990,"836709fffffffff",59,26,24.0090128887385
"fish",1990,"83449bfffffffff",47,7,NA
"fish",1990,"8348b6fffffffff",4,4,NA
"fish",1990,"834c35fffffffff",51,13,12.9019607843137
"fish",1990,"834d1cfffffffff",16,6,NA
"fish",1990,"834d53fffffffff",47,6,NA
"fish",1990,"83670dfffffffff",9,5,NA
"fish",1990,"836743fffffffff",365,91,37.1626884413411
"fish",1990,"83442bfffffffff",1662,20,9.35316283008816
"fish",1990,"8344e4fffffffff",15,7,NA
"fish",1990,"83455dfffffffff",1294,21,7.87913742574679
"fish",1990,"834408fffffffff",2880,29,9.17891226995117
"fish",1990,"83456efffffffff",32,8,NA
"fish",1990,"834c16fffffffff",4,4,NA
"fish",1990,"834c21fffffffff",17,6,NA
"fish",1990,"834c36fffffffff",50,7,7
"fish",1990,"834c85fffffffff",8,4,NA
"fish",1990,"834d1bfffffffff",59,8,7.67387295307342
"fish",1990,"834d44fffffffff",55,9,8.80469885686312
"fish",1990,"834d81fffffffff",45,7,NA
"fish",1990,"834d92fffffffff",41,8,NA
"fish",1990,"83670cfffffffff",24,7,NA
"fish",1990,"836762fffffffff",81,10,8.44334422998466
"fish",1990,"836766fffffffff",5,5,NA
"fish",1990,"834d18fffffffff",80,6,5.99394871958241
"fish",1990,"83455cfffffffff",348,15,8.36004371351542
"fish",1990,"834c82fffffffff",6,3,NA
"fish",1990,"834db5fffffffff",5,5,NA
"fish",1990,"83454dfffffffff",22,6,NA
"fish",1990,"835e45fffffffff",149,10,7.47780901666032
"fish",1990,"836785fffffffff",4,3,NA
"fish",1990,"836d26fffffffff",7,5,NA
"fish",1990,"8344e5fffffffff",4,4,NA
"fish",1990,"83454cfffffffff",70,8,7.41741191968315
"fish",1990,"834c32fffffffff",16,6,NA
"fish",1990,"834484fffffffff",31,8,NA
"fish",1990,"834499fffffffff",176,10,7.77456951666733
"fish",1990,"834d55fffffffff",31,6,NA
"fish",1990,"834d0bfffffffff",2,2,NA
"fish",1990,"834da6fffffffff",12,4,NA
"fish",1990,"835e5dfffffffff",8,2,NA
"fish",1990,"83458dfffffffff",1,1,NA
"fish",1990,"836613fffffffff",1,1,NA
"fish",1990,"8345a9fffffffff",4,3,NA
"fish",1990,"836d24fffffffff",2,2,NA
"fish",1990,"8367a3fffffffff",2,2,NA
"fish",1990,"836d40fffffffff",1,1,NA
"fish",1990,"8344abfffffffff",8829,187,32.2345134763148
"fish",1990,"83459bfffffffff",171,29,19.9434680616596
"fish",1990,"834c8cfffffffff",65,20,18.159044448135
"fish",1990,"834ce9fffffffff",318,37,19.429343399768
"fish",1990,"836606fffffffff",266,94,36.987244867828
"fish",1990,"834402fffffffff",346,12,7.45343927927808
"fish",1990,"834cecfffffffff",13,7,NA
"fish",1990,"834dadfffffffff",920,20,8.95656119893115
"fish",1990,"836756fffffffff",21,17,NA
"fish",1990,"834442fffffffff",355,14,7.72154619310944
"fish",1990,"8366b5fffffffff",5,5,NA
"fish",1990,"834444fffffffff",74,26,21.7778838065087
"fish",1990,"834496fffffffff",75,12,10.3195401354969
"fish",1990,"8344f6fffffffff",5700,143,34.0417623023295
"fish",1990,"834584fffffffff",1702,51,21.2289691491488
"fish",1990,"8345a3fffffffff",1199,45,20.056421328195
"fish",1990,"834ce1fffffffff",110,15,11.3186480577447
"fish",1990,"834d4efffffffff",74,8,7.60394316546338
"fish",1990,"835e63fffffffff",19,4,NA
"fish",1990,"836d6efffffffff",1,1,NA
"fish",1990,"834532fffffffff",10,10,NA
"fish",1990,"834589fffffffff",289,16,8.85239806400682
"fish",1990,"83458cfffffffff",3,3,NA
"fish",1990,"834595fffffffff",4,4,NA
"fish",1990,"834c26fffffffff",77,12,10.6281536220013
"fish",1990,"834c98fffffffff",32,7,NA
"fish",1990,"834cc4fffffffff",94,9,8.02602085982891
"fish",1990,"834d4cfffffffff",65,11,10.3661160602348
"fish",1990,"834d56fffffffff",11,5,NA
"fish",1990,"834d71fffffffff",15,6,NA
"fish",1990,"836713fffffffff",6,3,NA
"fish",1990,"836799fffffffff",1,1,NA
"fish",1990,"834434fffffffff",273,40,24.5015488589978
"fish",1990,"83449afffffffff",48,13,NA
"fish",1990,"834504fffffffff",84,26,21.0628587856453
"fish",1990,"83456cfffffffff",17,8,NA
"fish",1990,"83441cfffffffff",24,8,NA
"fish",1990,"83671efffffffff",6,4,NA
"fish",1990,"836d61fffffffff",1,1,NA
"fish",1990,"834c22fffffffff",14,8,NA
"fish",1990,"834488fffffffff",407,17,7.56252900643043
"fish",1990,"83455bfffffffff",8184,27,9.04377714949379
"fish",1990,"834482fffffffff",310,9,7.39466484940818
"fish",1990,"834c84fffffffff",2,2,NA
"fish",1990,"834d82fffffffff",85,8,7.15042000314148
"fish",1990,"835e55fffffffff",2,2,NA
"fish",1990,"83672dfffffffff",16,6,NA
"fish",1990,"83442cfffffffff",104,8,7.70915520270412
"fish",1990,"834992fffffffff",32,8,NA
"fish",1990,"836d4cfffffffff",13,13,NA
"fish",1990,"834d91fffffffff",61,7,6.81895379287148
"fish",1990,"834cf1fffffffff",4,4,NA
"fish",1990,"834d86fffffffff",10,6,NA
"fish",1990,"835e58fffffffff",28,6,NA
"fish",1990,"834c8dfffffffff",6,4,NA
"fish",1990,"836d6afffffffff",6,5,NA
"fish",1990,"834d01fffffffff",15,5,NA
"fish",1990,"836d01fffffffff",3,2,NA
"fish",1990,"834495fffffffff",4,3,NA
"fish",1990,"834531fffffffff",1,1,NA
"fish",1990,"834ce6fffffffff",2,2,NA
"fish",1990,"834d4afffffffff",4,4,NA
"fish",1990,"835e46fffffffff",1,1,NA
"fish",1990,"83451afffffffff",5,4,NA
"fish",1990,"834d48fffffffff",3,3,NA
"fish",1990,"835e6afffffffff",3,3,NA
"fish",1990,"8345b2fffffffff",5,5,NA
"fish",1990,"834599fffffffff",3,3,NA
"fish",1990,"835e43fffffffff",2,1,NA
"fish",2000,"834890fffffffff",74432,84,24.189895047228
"fish",2000,"8348b2fffffffff",7961,86,22.9511399995212
"fish",2000,"834c89fffffffff",87,13,11.9686221796575
"fish",2000,"834cd2fffffffff",183,19,11.5521660032368
"fish",2000,"834ceafffffffff",856,98,33.5344270845269
"fish",2000,"834440fffffffff",88,11,10.4661356403279
"fish",2000,"834462fffffffff",38,8,NA
"fish",2000,"834465fffffffff",1117,19,7.86894012098568
"fish",2000,"8344f3fffffffff",3606,105,30.9955576122363
"fish",2000,"836612fffffffff",127,92,43.5825529873254
"fish",2000,"836620fffffffff",5914,233,29.4769818784458
"fish",2000,"834896fffffffff",805,35,10.5724482492664
"fish",2000,"834da1fffffffff",12,4,NA
"fish",2000,"834433fffffffff",750,21,7.35993466309351
"fish",2000,"834460fffffffff",82,15,13.0188213158051
"fish",2000,"836615fffffffff",497,93,32.7180332875187
"fish",2000,"836780fffffffff",3034,66,23.3996542513002
"fish",2000,"836c31fffffffff",2,2,NA
"fish",2000,"836d41fffffffff",5,4,NA
"fish",2000,"836d68fffffffff",245,106,39.1723028404185
"fish",2000,"836791fffffffff",659,36,19.0788717079633
"fish",2000,"834403fffffffff",44,9,NA
"fish",2000,"83458bfffffffff",371,48,25.0579542072341
"fish",2000,"8348b3fffffffff",9215,51,22.1837838656593
"fish",2000,"834498fffffffff",186,13,10.6289505398011
"fish",2000,"8344a2fffffffff",5,4,NA
"fish",2000,"836c23fffffffff",6,4,NA
"fish",2000,"834406fffffffff",879,25,9.47904479128241
"fish",2000,"834daafffffffff",64,8,7.73452461672582
"fish",2000,"834430fffffffff",45,7,NA
"fish",2000,"83448cfffffffff",1687,24,9.91157486765786
"fish",2000,"834505fffffffff",1662,60,22.95858488289
"fish",2000,"836602fffffffff",6,6,NA
"fish",2000,"834c8efffffffff",30,7,NA
"fish",2000,"834ce0fffffffff",226,16,10.6137350885963
"fish",2000,"834d84fffffffff",2,1,NA
"fish",2000,"83448efffffffff",2069,25,9.66335424298647
"fish",2000,"834c02fffffffff",73,6,5.14884665680536
"fish",2000,"834d9dfffffffff",16,4,NA
"fish",2000,"836784fffffffff",2,2,NA
"fish",2000,"835f58fffffffff",9,7,NA
"fish",2000,"834404fffffffff",63,12,10.9067093080841
"fish",2000,"834cccfffffffff",46,7,NA
"fish",2000,"834d02fffffffff",1281,7,1.34536735633251
"fish",2000,"834490fffffffff",12,4,NA
"fish",2000,"834cf2fffffffff",7,7,NA
"fish",2000,"834422fffffffff",120,7,5.63686637523025
"fish",2000,"83451bfffffffff",92,6,4.87798731520946
"fish",2000,"834cddfffffffff",90,7,6.95517852707291
"fish",2000,"836731fffffffff",4,4,NA
"fish",2000,"834c81fffffffff",1,1,NA
"fish",2000,"8344e0fffffffff",7,7,NA
"fish",2000,"834d03fffffffff",11,5,NA
"fish",2000,"834c28fffffffff",8,4,NA
"fish",2000,"834562fffffffff",1,1,NA
"fish",2000,"834d15fffffffff",2,2,NA
"fish",2000,"834d0afffffffff",746,2,1.12963995897484
"fish",2000,"83679afffffffff",5,2,NA
"fish",2000,"834cd9fffffffff",6,3,NA
"fish",2000,"836d0cfffffffff",1,1,NA
"fish",2000,"834d2afffffffff",4,4,NA
"fish",2000,"834cb0fffffffff",1,1,NA
"fish",2000,"835f5bfffffffff",3,3,NA
"fish",2000,"83450cfffffffff",1,1,NA
"fish",2000,"83672efffffffff",4,3,NA
"fish",2000,"834468fffffffff",3,3,NA
"fish",2000,"83441efffffffff",3,2,NA
"fish",2000,"834d35fffffffff",1090,1,1
"fish",2000,"834993fffffffff",2,2,NA
"fish",2000,"8344adfffffffff",52,1,1
"fish",2000,"83440cfffffffff",1666,22,9.70276465995107
"fish",2000,"834cc0fffffffff",8993,183,34.8766057357016
"fish",2000,"8344b6fffffffff",519,170,42.0634665866462
"fish",2000,"83440afffffffff",733,37,8.7011273424608
"fish",2000,"834412fffffffff",3173,74,13.8291052638445
"fish",2000,"834463fffffffff",30,15,NA
"fish",2000,"834466fffffffff",6684,32,9.419981525365
"fish",2000,"83455afffffffff",4402,27,9.09025883938852
"fish",2000,"834554fffffffff",48,44,NA
"fish",2000,"836d58fffffffff",8,6,NA
"fish",2000,"834c34fffffffff",70,14,12.2346215878986
"fish",2000,"834ccefffffffff",28,7,NA
"fish",2000,"834d85fffffffff",17,5,NA
"fish",2000,"834474fffffffff",8874,45,9.00299832877939
"fish",2000,"834485fffffffff",22,6,NA
"fish",2000,"834893fffffffff",8238,44,22.3242486084507
"fish",2000,"833b92fffffffff",3,2,NA
"fish",2000,"834d93fffffffff",33,7,NA
"fish",2000,"835e44fffffffff",1,1,NA
"fish",2000,"835e6bfffffffff",4,3,NA
"fish",2000,"834420fffffffff",7,6,NA
"fish",2000,"83448bfffffffff",560,12,5.2735644435893
"fish",2000,"835f5efffffffff",46,16,NA
"fish",2000,"834c20fffffffff",44,7,NA
"fish",2000,"834cb1fffffffff",72,6,5.99193458416458
"fish",2000,"834d90fffffffff",11,5,NA
"fish",2000,"834da5fffffffff",4,4,NA
"fish",2000,"834da8fffffffff",131,10,8.86889249923657
"fish",2000,"835e62fffffffff",15,9,NA
"fish",2000,"834cadfffffffff",3,3,NA
"fish",2000,"83441afffffffff",65,7,6.25683873105087
"fish",2000,"83454bfffffffff",4005,25,8.59575561397774
"fish",2000,"8366a0fffffffff",39,22,NA
"fish",2000,"836750fffffffff",81,16,13.2934981530879
"fish",2000,"834c29fffffffff",22,5,NA
"fish",2000,"834ce4fffffffff",18,6,NA
"fish",2000,"834da0fffffffff",5,4,NA
"fish",2000,"83441bfffffffff",2,2,NA
"fish",2000,"834c2afffffffff",3,3,NA
"fish",2000,"834cdefffffffff",3,3,NA
"fish",2000,"834d94fffffffff",1,1,NA
"fish",2000,"835e42fffffffff",1,1,NA
"fish",2000,"834491fffffffff",19,6,NA
"fish",2000,"834548fffffffff",135,9,6.94055976101718
"fish",2000,"836704fffffffff",7,4,NA
"fish",2000,"834413fffffffff",57,5,4.63038277511961
"fish",2000,"8366a5fffffffff",12,12,NA
"fish",2000,"834d52fffffffff",6,4,NA
"fish",2000,"836d0dfffffffff",1,1,NA
"fish",2000,"834550fffffffff",4,3,NA
"fish",2000,"834cd8fffffffff",2,2,NA
"fish",2000,"834551fffffffff",16,5,NA
"fish",2000,"834423fffffffff",5,3,NA
"fish",2000,"836764fffffffff",4,2,NA
"fish",2000,"834c9efffffffff",2,2,NA
"fish",2000,"836723fffffffff",1,1,NA
"fish",2000,"834415fffffffff",152877,279,30.6211623406151
"fish",2000,"834461fffffffff",47,22,NA
"fish",2000,"834559fffffffff",9698,28,9.40360756110931
"fish",2000,"836631fffffffff",3334,103,23.7094024371278
"fish",2000,"836730fffffffff",53,15,14.6015111414667
"fish",2000,"834401fffffffff",308,11,8.30349254433261
"fish",2000,"83440dfffffffff",3072,23,8.81538176314263
"fish",2000,"834cc3fffffffff",174,15,11.0246200362424
"fish",2000,"834481fffffffff",8669,31,9.13510387612273
"fish",2000,"83449cfffffffff",548,18,9.35128839737763
"fish",2000,"834549fffffffff",1468,20,8.8989737074212
"fish",2000,"834558fffffffff",3743,25,8.63433218745782
"fish",2000,"836754fffffffff",81,30,25.6117738025781
"fish",2000,"834895fffffffff",48112,77,24.1979304618863
"fish",2000,"834501fffffffff",724,41,19.7775679633989
"fish",2000,"834519fffffffff",48,33,NA
"fish",2000,"836d62fffffffff",85,60,40.0595660712871
"fish",2000,"834c00fffffffff",10,6,NA
"fish",2000,"834540fffffffff",2,1,NA
"fish",2000,"834409fffffffff",505,35,10.645574905562
"fish",2000,"834d4bfffffffff",113,18,11.5184429101432
"fish",2000,"836d6bfffffffff",40,29,NA
"fish",2000,"834c30fffffffff",78,11,9.73535931594608
"fish",2000,"834c31fffffffff",143,10,8.59342113742167
"fish",2000,"834cc1fffffffff",131,13,10.8473955495539
"fish",2000,"834d13fffffffff",12,4,NA
"fish",2000,"834d70fffffffff",3,3,NA
"fish",2000,"834483fffffffff",5945,25,8.6870892396934
"fish",2000,"83454afffffffff",1555,22,8.6914407766567
"fish",2000,"834591fffffffff",250,25,18.4019647513149
"fish",2000,"83672cfffffffff",5,3,NA
"fish",2000,"834db0fffffffff",27,9,NA
"fish",2000,"834ceefffffffff",567,43,19.7150186032079
"fish",2000,"834d1efffffffff",536,18,10.0681631095259
"fish",2000,"834c8afffffffff",91,11,8.94242378232069
"fish",2000,"834426fffffffff",94,8,6.36690226128193
"fish",2000,"8344a3fffffffff",43,13,NA
"fish",2000,"834cd1fffffffff",3,3,NA
"fish",2000,"834572fffffffff",3,3,NA
"fish",2000,"834cf5fffffffff",4,4,NA
"fish",2000,"834494fffffffff",2,2,NA
"fish",2000,"834553fffffffff",17,3,NA
"fish",2000,"836740fffffffff",2,2,NA
"fish",2000,"834cc8fffffffff",67,7,6.99854922052112
"fish",2000,"834d11fffffffff",8,5,NA
"fish",2000,"834544fffffffff",5,5,NA
"fish",2000,"836773fffffffff",4,4,NA
"fish",2000,"836c2dfffffffff",4,3,NA
"fish",2000,"834cb3fffffffff",1,1,NA
"fish",2000,"834d88fffffffff",63,5,4.95045873099813
"fish",2000,"834daefffffffff",4,4,NA
"fish",2000,"835e68fffffffff",6,3,NA
"fish",2000,"834411fffffffff",6,4,NA
"fish",2000,"8344b2fffffffff",1,1,NA
"fish",2000,"834522fffffffff",16,1,NA
"fish",2000,"836720fffffffff",1,1,NA
"fish",2000,"83450efffffffff",1,1,NA
"fish",2000,"834424fffffffff",222,1,1
"fish",2000,"834583fffffffff",1536,51,24.1718552871642
"fish",2000,"83459dfffffffff",399,43,22.2650027484691
"fish",2000,"8345b0fffffffff",330,27,16.235800650717
"fish",2000,"834454fffffffff",3362,126,20.5434197101387
"fish",2000,"83449dfffffffff",432,18,9.37095934959593
"fish",2000,"8344aafffffffff",1000,24,9.55208433915104
"fish",2000,"836725fffffffff",104,17,14.2885119082329
"fish",2000,"834da9fffffffff",325,11,7.99093648387637
"fish",2000,"834429fffffffff",3047,26,9.46851529445641
"fish",2000,"83442afffffffff",501,11,7.95550596186377
"fish",2000,"834476fffffffff",6667,52,9.20051269523445
"fish",2000,"8366b0fffffffff",8,8,NA
"fish",2000,"836755fffffffff",45,16,NA
"fish",2000,"83450afffffffff",63,28,24.875307135158
"fish",2000,"836d75fffffffff",58,42,37.4806137601056
"fish",2000,"834894fffffffff",247,33,15.9438497547431
"fish",2000,"834c14fffffffff",52,7,6.96078431372549
"fish",2000,"834cd5fffffffff",103,22,14.3682589077715
"fish",2000,"834473fffffffff",56,11,10.4544637752185
"fish",2000,"834523fffffffff",1514,65,23.2240653140773
"fish",2000,"834598fffffffff",619,45,21.5462254791881
"fish",2000,"8344f2fffffffff",80,46,33.8283764014951
"fish",2000,"834405fffffffff",160,8,7.48166958076569
"fish",2000,"834410fffffffff",12,3,NA
"fish",2000,"83441dfffffffff",27,8,NA
"fish",2000,"8345abfffffffff",2149,49,21.7454532095853
"fish",2000,"834c1dfffffffff",7,5,NA
"fish",2000,"834c99fffffffff",40,7,NA
"fish",2000,"834d12fffffffff",2,2,NA
"fish",2000,"834d9cfffffffff",9,7,NA
"fish",2000,"834dabfffffffff",211,14,9.04237753799255
"fish",2000,"834582fffffffff",2207,54,23.2990913588081
"fish",2000,"834400fffffffff",622,15,9.2689897904552
"fish",2000,"834c05fffffffff",22,7,NA
"fish",2000,"834c06fffffffff",10,5,NA
"fish",2000,"834428fffffffff",498,13,7.94391617740598
"fish",2000,"834431fffffffff",105,8,6.40844217002407
"fish",2000,"83452efffffffff",9,8,NA
"fish",2000,"835f59fffffffff",5,4,NA
"fish",2000,"83674cfffffffff",1,1,NA
"fish",2000,"8344a0fffffffff",34,7,NA
"fish",2000,"836d4dfffffffff",1,1,NA
"fish",2000,"833b93fffffffff",3,2,NA
"fish",2000,"834c10fffffffff",4,4,NA
"fish",2000,"834d76fffffffff",4,4,NA
"fish",2000,"83450bfffffffff",1,1,NA
"fish",2000,"832ad9fffffffff",3,3,NA
"fish",2000,"834c24fffffffff",4,4,NA
"fish",2000,"834c2efffffffff",20,4,NA
"fish",2000,"836d31fffffffff",1,1,NA
"fish",2000,"8366a3fffffffff",3,3,NA
"fish",2000,"834546fffffffff",2,2,NA
"fish",2000,"834419fffffffff",5,5,NA
"fish",2000,"8344e6fffffffff",3,3,NA
"fish",2000,"834d99fffffffff",1,1,NA
"fish",2000,"836741fffffffff",5,1,NA
"fish",2000,"834416fffffffff",197640,295,31.2042907063348
"fish",2000,"8344a1fffffffff",66327,311,29.7660137766999
"fish",2000,"8344e4fffffffff",48,33,NA
"fish",2000,"836611fffffffff",240,72,33.5918858304415
"fish",2000,"836743fffffffff",427,133,41.907684962691
"fish",2000,"834408fffffffff",3587,47,9.98516239885286
"fish",2000,"834c36fffffffff",65,12,11.1518541609085
"fish",2000,"83442bfffffffff",1097,18,8.19207671413455
"fish",2000,"834472fffffffff",6122,41,8.82914345359818
"fish",2000,"83455dfffffffff",504,19,8.01982406365864
"fish",2000,"836d51fffffffff",3,2,NA
"fish",2000,"834cedfffffffff",423,37,20.9410016376434
"fish",2000,"834d1bfffffffff",176,16,10.5062279028332
"fish",2000,"834d92fffffffff",19,7,NA
"fish",2000,"834da6fffffffff",16,6,NA
"fish",2000,"834446fffffffff",204,39,22.3580781259645
"fish",2000,"834471fffffffff",85,13,10.4947659791971
"fish",2000,"834892fffffffff",8044,67,21.9523939449177
"fish",2000,"8345a9fffffffff",402,40,23.4401666213146
"fish",2000,"834c35fffffffff",1337,11,4.2463867298441
"fish",2000,"834c82fffffffff",3,3,NA
"fish",2000,"834ce2fffffffff",81,6,5.99102193201611
"fish",2000,"834d18fffffffff",43,11,NA
"fish",2000,"834d1afffffffff",514,17,9.08418187208431
"fish",2000,"834d2cfffffffff",3,3,NA
"fish",2000,"83449bfffffffff",35,9,NA
"fish",2000,"836613fffffffff",20,20,NA
"fish",2000,"834455fffffffff",20,14,NA
"fish",2000,"834d0efffffffff",7,7,NA
"fish",2000,"836762fffffffff",3,3,NA
"fish",2000,"834c21fffffffff",35,9,NA
"fish",2000,"834c32fffffffff",19,7,NA
"fish",2000,"834d05fffffffff",630,4,1.2380952380941
"fish",2000,"834d44fffffffff",4,3,NA
"fish",2000,"83458dfffffffff",63,23,21.3297401408794
"fish",2000,"834d21fffffffff",109,10,8.55852527914267
"fish",2000,"8344e5fffffffff",18,12,NA
"fish",2000,"83454dfffffffff",6,4,NA
"fish",2000,"835e71fffffffff",3,3,NA
"fish",2000,"834d00fffffffff",3,3,NA
"fish",2000,"834d28fffffffff",21,7,NA
"fish",2000,"834484fffffffff",10,7,NA
"fish",2000,"834499fffffffff",80,7,6.86034431750339
"fish",2000,"834552fffffffff",3,3,NA
"fish",2000,"83455cfffffffff",19,5,NA
"fish",2000,"83454cfffffffff",23,5,NA
"fish",2000,"836785fffffffff",3,3,NA
"fish",2000,"834d1cfffffffff",94,12,9.30477492190626
"fish",2000,"836c24fffffffff",2,1,NA
"fish",2000,"835e5dfffffffff",2,1,NA
"fish",2000,"8367a3fffffffff",1,1,NA
"fish",2000,"834d24fffffffff",277,4,1.83843457332729
"fish",2000,"834d0cfffffffff",57,1,1
"fish",2000,"834c16fffffffff",20,1,NA
"fish",2000,"834d0bfffffffff",2,1,NA
"fish",2000,"834d81fffffffff",30,1,NA
"fish",2000,"83446afffffffff",1,1,NA
"fish",2000,"8348b6fffffffff",1,1,NA
"fish",2000,"834cdcfffffffff",2,1,NA
"fish",2000,"83440bfffffffff",405,26,10.7701776340212
"fish",2000,"834d19fffffffff",59,12,11.2136619345862
"fish",2000,"835e4bfffffffff",505,148,40.0913584909927
"fish",2000,"834450fffffffff",146363,121,15.4109626874806
"fish",2000,"83446efffffffff",12512,68,21.9333342096777
"fish",2000,"8344a9fffffffff",1062,50,22.5260476115512
"fish",2000,"8344f0fffffffff",2394,99,31.082982044249
"fish",2000,"836744fffffffff",150,75,38.2663096342047
"fish",2000,"836745fffffffff",289,91,34.848488506792
"fish",2000,"836d66fffffffff",436,151,41.218429120488
"fish",2000,"834470fffffffff",2508,83,11.0384752451679
"fish",2000,"834475fffffffff",3182,36,9.82508400867959
"fish",2000,"834414fffffffff",42712,239,30.4626737879742
"fish",2000,"83458efffffffff",580,39,20.6054930363151
"fish",2000,"836610fffffffff",2063,69,22.4270950506292
"fish",2000,"836616fffffffff",1721,47,17.5538190792775
"fish",2000,"836d56fffffffff",4,3,NA
"fish",2000,"834580fffffffff",46,7,NA
"fish",2000,"834588fffffffff",161,37,23.6551114203634
"fish",2000,"834d8cfffffffff",17,6,NA
"fish",2000,"835f5dfffffffff",8,4,NA
"fish",2000,"83448dfffffffff",95,17,13.6326138869732
"fish",2000,"836721fffffffff",19,5,NA
"fish",2000,"836736fffffffff",1057,38,16.1124088847182
"fish",2000,"83458afffffffff",1022,52,23.6212841429375
"fish",2000,"834c88fffffffff",266,25,12.5677506066021
"fish",2000,"834d2dfffffffff",6,4,NA
"fish",2000,"834d8dfffffffff",49,9,NA
"fish",2000,"834d9efffffffff",47,10,NA
"fish",2000,"83442efffffffff",58,6,5.99983360055955
"fish",2000,"83448afffffffff",125,8,6.49955495879771
"fish",2000,"834542fffffffff",15,4,NA
"fish",2000,"834543fffffffff",47,6,NA
"fish",2000,"834518fffffffff",2,2,NA
"fish",2000,"836735fffffffff",14,5,NA
"fish",2000,"83459efffffffff",470,42,22.1899788210058
"fish",2000,"834c15fffffffff",6,4,NA
"fish",2000,"835f4afffffffff",6,4,NA
"fish",2000,"834489fffffffff",545,16,5.9864564056447
"fish",2000,"834ce5fffffffff",20,7,NA
"fish",2000,"832adbfffffffff",36,11,NA
"fish",2000,"834c23fffffffff",438,11,3.74522390478318
"fish",2000,"834ccdfffffffff",28,5,NA
"fish",2000,"834432fffffffff",318,16,8.17598372971979
"fish",2000,"83454efffffffff",69,9,8.15433556963617
"fish",2000,"835f49fffffffff",1,1,NA
"fish",2000,"836614fffffffff",16,5,NA
"fish",2000,"836d70fffffffff",2,2,NA
"fish",2000,"8344b5fffffffff",6,4,NA
"fish",2000,"834576fffffffff",9,7,NA
"fish",2000,"834d89fffffffff",36,8,NA
"fish",2000,"834486fffffffff",14,6,NA
"fish",2000,"836d76fffffffff",1,1,NA
"fish",2000,"83451dfffffffff",2,2,NA
"fish",2000,"834c19fffffffff",3,3,NA
"fish",2000,"834d95fffffffff",11,5,NA
"fish",2000,"834dacfffffffff",1,1,NA
"fish",2000,"834541fffffffff",6,3,NA
"fish",2000,"834573fffffffff",2,2,NA
"fish",2000,"834c04fffffffff",5,4,NA
"fish",2000,"834cc6fffffffff",4,2,NA
"fish",2000,"8366b1fffffffff",1,1,NA
"fish",2000,"835e4dfffffffff",2,2,NA
"fish",2000,"834d33fffffffff",194,1,1
"fish",2000,"834436fffffffff",1,1,NA
"fish",2000,"835e5cfffffffff",1,1,NA
"fish",2000,"835e40fffffffff",1,1,NA
"fish",2000,"834ce3fffffffff",53,7,6.94335353880304
"fish",2000,"834ce8fffffffff",34588,235,34.3072444022876
"fish",2000,"835e49fffffffff",99,32,19.4554277031083
"fish",2000,"834456fffffffff",43680,117,14.956339105486
"fish",2000,"834464fffffffff",8569,29,8.48970679045379
"fish",2000,"8344a5fffffffff",257299,347,31.6320676134534
"fish",2000,"8344a8fffffffff",28921,173,29.929627202844
"fish",2000,"8344aefffffffff",642,46,12.177761578372
"fish",2000,"836622fffffffff",450766,161,14.7456244515093
"fish",2000,"836625fffffffff",419,176,39.5635631056605
"fish",2000,"836783fffffffff",5308,66,22.3830132110369
"fish",2000,"83440efffffffff",669,15,9.45436811071993
"fish",2000,"834c9dfffffffff",5099,25,8.68487953315461
"fish",2000,"834cc2fffffffff",161,12,7.63466310468289
"fish",2000,"834cebfffffffff",5501,146,31.3571311290012
"fish",2000,"83442dfffffffff",290,10,7.15367288468115
"fish",2000,"836633fffffffff",123,40,29.1428874373185
"fish",2000,"8366b6fffffffff",111,88,44.8733721210752
"fish",2000,"836746fffffffff",82,47,33.2325954249136
"fish",2000,"836d74fffffffff",146,81,38.7226698246463
"fish",2000,"834cc5fffffffff",2683,127,33.4828501871977
"fish",2000,"834c86fffffffff",14,7,NA
"fish",2000,"834d8efffffffff",30,8,NA
"fish",2000,"8344a4fffffffff",10,3,NA
"fish",2000,"834509fffffffff",1,1,NA
"fish",2000,"8366a6fffffffff",623,42,19.9579542531127
"fish",2000,"83679bfffffffff",59,20,18.8743153480466
"fish",2000,"8345b3fffffffff",562,26,15.9003738094648
"fish",2000,"834c83fffffffff",45,6,NA
"fish",2000,"834ca5fffffffff",19,6,NA
"fish",2000,"834d2bfffffffff",8,6,NA
"fish",2000,"834d96fffffffff",14,6,NA
"fish",2000,"834d98fffffffff",5,5,NA
"fish",2000,"834421fffffffff",2,2,NA
"fish",2000,"834db2fffffffff",4,4,NA
"fish",2000,"834435fffffffff",38,5,NA
"fish",2000,"834c33fffffffff",14,5,NA
"fish",2000,"83679efffffffff",46,17,NA
"fish",2000,"834c25fffffffff",68,6,5.86092265943013
"fish",2000,"836771fffffffff",7,5,NA
"fish",2000,"834445fffffffff",11,7,NA
"fish",2000,"8366a1fffffffff",18,14,NA
"fish",2000,"834c9bfffffffff",12,5,NA
"fish",2000,"834db1fffffffff",11,6,NA
"fish",2000,"83455efffffffff",71,9,8.0265185034699
"fish",2000,"834418fffffffff",10,7,NA
"fish",2000,"834d2efffffffff",47,7,NA
"fish",2000,"83449efffffffff",25,5,NA
"fish",2000,"836734fffffffff",3,2,NA
"fish",2000,"83670bfffffffff",62,17,16.6823007594415
"fish",2000,"834d20fffffffff",10,4,NA
"fish",2000,"834da2fffffffff",4,2,NA
"fish",2000,"834990fffffffff",2,2,NA
"fish",2000,"836d1afffffffff",4,3,NA
"fish",2000,"836c33fffffffff",2,2,NA
"fish",2000,"834d8bfffffffff",14,1,NA
"fish",2000,"83446cfffffffff",3,2,NA
"fish",2000,"8345a2fffffffff",6,6,NA
"fish",2000,"834caafffffffff",2,2,NA
"fish",2000,"836752fffffffff",2,1,NA
"fish",2000,"834cb2fffffffff",1,1,NA
"fish",2000,"8367a2fffffffff",1,1,NA
"fish",2000,"834452fffffffff",1,1,NA
"fish",2000,"8344acfffffffff",4,1,NA
"fish",2000,"834ce9fffffffff",46012,336,32.8019530458983
"fish",2000,"8344abfffffffff",23579,174,28.4156847868271
"fish",2000,"83455bfffffffff",14159,30,9.14729503453436
"fish",2000,"836606fffffffff",2930,207,25.7227162065781
"fish",2000,"836782fffffffff",255,32,18.7566528165259
"fish",2000,"83458cfffffffff",3510,59,23.1023858683698
"fish",2000,"834488fffffffff",91,11,8.63664498036085
"fish",2000,"8344f6fffffffff",7054,129,31.2879726106287
"fish",2000,"836756fffffffff",443,130,37.9948435633301
"fish",2000,"836d6efffffffff",99,66,41.1564094553797
"fish",2000,"834444fffffffff",370,37,21.7813539628322
"fish",2000,"836c21fffffffff",6,4,NA
"fish",2000,"8345b2fffffffff",1542,42,17.5955551182336
"fish",2000,"834cc4fffffffff",316,25,13.0791627972033
"fish",2000,"834d01fffffffff",5,5,NA
"fish",2000,"834d4cfffffffff",5,5,NA
"fish",2000,"834d56fffffffff",3,3,NA
"fish",2000,"836d6afffffffff",42,39,NA
"fish",2000,"835e46fffffffff",11,10,NA
"fish",2000,"834402fffffffff",84,13,10.8169040569153
"fish",2000,"834ce1fffffffff",45,6,NA
"fish",2000,"834cecfffffffff",23,6,NA
"fish",2000,"834495fffffffff",3,3,NA
"fish",2000,"83449afffffffff",14,7,NA
"fish",2000,"834531fffffffff",392,16,2.9132653061238
"fish",2000,"834442fffffffff",155,10,8.01635331201018
"fish",2000,"834584fffffffff",752,38,21.7267139485581
"fish",2000,"834589fffffffff",484,14,6.43140627700422
"fish",2000,"835f5cfffffffff",9,7,NA
"fish",2000,"834c22fffffffff",173,16,10.7165497014362
"fish",2000,"834cf3fffffffff",85,13,10.8486756029887
"fish",2000,"834dadfffffffff",396,22,11.1039971337343
"fish",2000,"834504fffffffff",183,33,19.4712674806633
"fish",2000,"834d91fffffffff",47,9,NA
"fish",2000,"834c03fffffffff",6,4,NA
"fish",2000,"834c8dfffffffff",5,5,NA
"fish",2000,"834ccafffffffff",88,7,6.9359250021129
"fish",2000,"836d46fffffffff",2,2,NA
"fish",2000,"836d03fffffffff",1,1,NA
"fish",2000,"83459bfffffffff",4,4,NA
"fish",2000,"834d86fffffffff",3,3,NA
"fish",2000,"836d01fffffffff",3,3,NA
"fish",2000,"834482fffffffff",4,3,NA
"fish",2000,"835e66fffffffff",1,1,NA
"fish",2000,"83442cfffffffff",12,3,NA
"fish",2000,"83441cfffffffff",16,7,NA
"fish",2000,"835e43fffffffff",3,3,NA
"fish",2000,"835e59fffffffff",4,4,NA
"fish",2000,"834d82fffffffff",4,4,NA
"fish",2000,"8345a3fffffffff",4,4,NA
"fish",2000,"834c93fffffffff",1,1,NA
"fish",2000,"83662cfffffffff",1,1,NA
"fish",2010,"834cc0fffffffff",27345,218,32.7847617006218
"fish",2010,"834554fffffffff",13,12,NA
"fish",2010,"834d14fffffffff",5,1,NA
"fish",2010,"836d25fffffffff",654,115,37.3945069633063
"fish",2010,"836d60fffffffff",38,10,NA
"fish",2010,"834412fffffffff",2726,34,8.84388267781406
"fish",2010,"835f5afffffffff",70,60,44.9275362318833
"fish",2010,"8366a0fffffffff",17,8,NA
"fish",2010,"834545fffffffff",2,1,NA
"fish",2010,"834551fffffffff",1,1,NA
"fish",2010,"834466fffffffff",2,1,NA
"fish",2010,"836626fffffffff",179,19,13.4306392481877
"fish",2010,"836769fffffffff",15,10,NA
"fish",2010,"834413fffffffff",18,14,NA
"fish",2010,"83441afffffffff",6,4,NA
"fish",2010,"8366a5fffffffff",10,4,NA
"fish",2010,"834485fffffffff",8,5,NA
"fish",2010,"834d49fffffffff",4,4,NA
"fish",2010,"8344b6fffffffff",7,2,NA
"fish",2010,"83676bfffffffff",23,1,NA
"fish",2010,"834550fffffffff",5,4,NA
"fish",2010,"834566fffffffff",2,2,NA
"fish",2010,"8345adfffffffff",1,1,NA
"fish",2010,"83675afffffffff",3,2,NA
"fish",2010,"834514fffffffff",1,1,NA
"fish",2010,"834420fffffffff",3,2,NA
"fish",2010,"83448bfffffffff",1,1,NA
"fish",2010,"83441bfffffffff",1,1,NA
"fish",2010,"83454bfffffffff",1,1,NA
"fish",2010,"834423fffffffff",1,1,NA
"fish",2010,"8366b4fffffffff",1,1,NA
"fish",2010,"834474fffffffff",3,3,NA
"fish",2010,"83440afffffffff",3,3,NA
"fish",2010,"83455afffffffff",2,1,NA
"fish",2010,"83456afffffffff",1,1,NA
"fish",2010,"835e42fffffffff",1,1,NA
"fish",2010,"835e48fffffffff",2,1,NA
"fish",2010,"834548fffffffff",1,1,NA
"fish",2010,"83450afffffffff",638,167,33.1268122421042
"fish",2010,"834cd5fffffffff",137,62,33.1178810582532
"fish",2010,"83674cfffffffff",480,112,35.3826630918804
"fish",2010,"836755fffffffff",72,65,45.874326824745
"fish",2010,"83679cfffffffff",1423,203,38.6111202961828
"fish",2010,"83441dfffffffff",7,7,NA
"fish",2010,"834523fffffffff",1110,125,32.1626870297011
"fish",2010,"834473fffffffff",11,4,NA
"fish",2010,"834506fffffffff",3,2,NA
"fish",2010,"834546fffffffff",1,1,NA
"fish",2010,"834429fffffffff",1,1,NA
"fish",2010,"834454fffffffff",2,2,NA
"fish",2010,"834419fffffffff",7,7,NA
"fish",2010,"83676efffffffff",2,1,NA
"fish",2010,"8344f2fffffffff",144,6,4.80857121058759
"fish",2010,"83450bfffffffff",3,2,NA
"fish",2010,"834598fffffffff",4,4,NA
"fish",2010,"835e51fffffffff",1,1,NA
"fish",2010,"835e4cfffffffff",5,1,NA
"fish",2010,"835f59fffffffff",4,2,NA
"fish",2010,"8366b0fffffffff",5,4,NA
"fish",2010,"8345b0fffffffff",1,1,NA
"fish",2010,"834555fffffffff",2,1,NA
"fish",2010,"834428fffffffff",1,1,NA
"fish",2010,"834c9afffffffff",5,4,NA
"fish",2010,"8344aafffffffff",299,2,1.16722408026721
"fish",2010,"83449dfffffffff",1,1,NA
"fish",2010,"8344a0fffffffff",1,1,NA
"fish",2010,"834476fffffffff",1,1,NA
"fish",2010,"836741fffffffff",173,2,1.28901734104028
"fish",2010,"83442afffffffff",1,1,NA
"fish",2010,"835e65fffffffff",7,1,NA
"fish",2010,"834400fffffffff",2,1,NA
"fish",2010,"834894fffffffff",2,1,NA
"fish",2010,"834520fffffffff",1,1,NA
"fish",2010,"834405fffffffff",1,1,NA
"fish",2010,"8344a9fffffffff",1126,68,25.1470838696156
"fish",2010,"834414fffffffff",69388,238,29.4393859521552
"fish",2010,"835f5dfffffffff",55,26,25.7541794334247
"fish",2010,"836744fffffffff",366,106,34.8360317630412
"fish",2010,"8344b5fffffffff",70,35,29.0550678279232
"fish",2010,"8344f0fffffffff",801,74,19.7303549338053
"fish",2010,"834564fffffffff",3,2,NA
"fish",2010,"836610fffffffff",2990,87,22.2667638862788
"fish",2010,"83440bfffffffff",14,14,NA
"fish",2010,"835e4bfffffffff",37,18,NA
"fish",2010,"836736fffffffff",16,12,NA
"fish",2010,"834475fffffffff",1,1,NA
"fish",2010,"834573fffffffff",3,2,NA
"fish",2010,"835e40fffffffff",1,1,NA
"fish",2010,"834588fffffffff",4,4,NA
"fish",2010,"83458efffffffff",4,4,NA
"fish",2010,"834cc6fffffffff",11,7,NA
"fish",2010,"836624fffffffff",97,12,11.1673338468997
"fish",2010,"835f49fffffffff",110,1,1
"fish",2010,"834432fffffffff",6,6,NA
"fish",2010,"83448dfffffffff",33,5,NA
"fish",2010,"834489fffffffff",14,4,NA
"fish",2010,"835e5cfffffffff",1,1,NA
"fish",2010,"834570fffffffff",2,2,NA
"fish",2010,"835e4afffffffff",6,6,NA
"fish",2010,"83454efffffffff",1,1,NA
"fish",2010,"83456bfffffffff",1,1,NA
"fish",2010,"834576fffffffff",1,1,NA
"fish",2010,"834c88fffffffff",1,1,NA
"fish",2010,"836d14fffffffff",2,2,NA
"fish",2010,"834470fffffffff",1,1,NA
"fish",2010,"834541fffffffff",2,1,NA
"fish",2010,"836745fffffffff",38,3,NA
"fish",2010,"83446efffffffff",1,1,NA
"fish",2010,"834543fffffffff",1,1,NA
"fish",2010,"83442efffffffff",1,1,NA
"fish",2010,"8344a5fffffffff",247255,304,30.9043501047717
"fish",2010,"8344a8fffffffff",28374,173,25.3508156231153
"fish",2010,"834ce8fffffffff",49554,231,33.1119723378659
"fish",2010,"834cebfffffffff",15093,230,32.1459105668232
"fish",2010,"836622fffffffff",837053,191,16.7654933513547
"fish",2010,"836633fffffffff",289,22,13.1445149009626
"fish",2010,"836783fffffffff",1777,126,24.8769275382986
"fish",2010,"8344aefffffffff",316759,68,1.01357425020741
"fish",2010,"834565fffffffff",2,2,NA
"fish",2010,"834cc5fffffffff",10924,194,31.0528251260495
"fish",2010,"836630fffffffff",93,11,8.99320317678128
"fish",2010,"836746fffffffff",220,115,41.3179154324188
"fish",2010,"834456fffffffff",21,17,NA
"fish",2010,"8345aefffffffff",100,62,36.6952347322843
"fish",2010,"83446cfffffffff",9,4,NA
"fish",2010,"834575fffffffff",2,2,NA
"fish",2010,"8344e1fffffffff",4,3,NA
"fish",2010,"834418fffffffff",6,3,NA
"fish",2010,"836625fffffffff",194,27,15.8521992495817
"fish",2010,"836635fffffffff",167,14,9.98251225207077
"fish",2010,"83670bfffffffff",31,10,NA
"fish",2010,"83670afffffffff",29,11,NA
"fish",2010,"8367a2fffffffff",2,1,NA
"fish",2010,"834caafffffffff",16,12,NA
"fish",2010,"834c96fffffffff",7,6,NA
"fish",2010,"8366a6fffffffff",5,5,NA
"fish",2010,"834509fffffffff",2,2,NA
"fish",2010,"834563fffffffff",1,1,NA
"fish",2010,"8367b6fffffffff",1,1,NA
"fish",2010,"835e64fffffffff",2,1,NA
"fish",2010,"834445fffffffff",3,2,NA
"fish",2010,"834421fffffffff",1,1,NA
"fish",2010,"83456dfffffffff",1,1,NA
"fish",2010,"834d5bfffffffff",2,2,NA
"fish",2010,"83455efffffffff",1,1,NA
"fish",2010,"834464fffffffff",2,1,NA
"fish",2010,"83676afffffffff",7,1,NA
"fish",2010,"835e41fffffffff",4,3,NA
"fish",2010,"836710fffffffff",1,1,NA
"fish",2010,"834568fffffffff",1,1,NA
"fish",2010,"834435fffffffff",1,1,NA
"fish",2010,"834ca5fffffffff",1,1,NA
"fish",2010,"83679efffffffff",1,1,NA
"fish",2010,"8345a3fffffffff",182,87,35.8389036103498
"fish",2010,"834cc4fffffffff",3524,129,33.2072484180877
"fish",2010,"834ce9fffffffff",18532,259,32.9060971227858
"fish",2010,"836782fffffffff",261,34,18.8523169361944
"fish",2010,"8344abfffffffff",21538,131,25.662122322162
"fish",2010,"8344f6fffffffff",958,81,31.3623473479344
"fish",2010,"834531fffffffff",280,155,41.0935590327357
"fish",2010,"836756fffffffff",636,81,29.1988485804202
"fish",2010,"83671bfffffffff",31,11,NA
"fish",2010,"835e43fffffffff",15,12,NA
"fish",2010,"836606fffffffff",10003,76,16.1087328590422
"fish",2010,"835e66fffffffff",39,19,NA
"fish",2010,"834504fffffffff",1,1,NA
"fish",2010,"836708fffffffff",57,13,12.5764664185717
"fish",2010,"834584fffffffff",77,58,41.2389111599631
"fish",2010,"835e46fffffffff",5,5,NA
"fish",2010,"834589fffffffff",3,3,NA
"fish",2010,"834402fffffffff",3,3,NA
"fish",2010,"835e59fffffffff",2,2,NA
"fish",2010,"834595fffffffff",1,1,NA
"fish",2010,"8367b4fffffffff",1,1,NA
"fish",2010,"836d6afffffffff",3,3,NA
"fish",2010,"8344b0fffffffff",5,2,NA
"fish",2010,"834533fffffffff",1,1,NA
"fish",2010,"83456cfffffffff",1,1,NA
"fish",2010,"835e55fffffffff",1,1,NA
"fish",2010,"834cecfffffffff",1,1,NA
"fish",2010,"8366b5fffffffff",1,1,NA
"fish",2010,"83455bfffffffff",1,1,NA
"fish",2010,"8345b2fffffffff",2,1,NA
"fish",2010,"834c8cfffffffff",1,1,NA
"fish",2010,"834532fffffffff",1,1,NA
"fish",2010,"83442cfffffffff",1,1,NA
"fish",2010,"834992fffffffff",1,1,NA
"fish",2010,"834442fffffffff",8,3,NA
"fish",2010,"834415fffffffff",220366,269,30.4139131997983
"fish",2010,"834ceefffffffff",7368,167,31.7442577694833
"fish",2010,"836631fffffffff",11155,103,17.579858349832
"fish",2010,"83450efffffffff",284,14,9.96306113047185
"fish",2010,"836754fffffffff",30,12,NA
"fish",2010,"834501fffffffff",22,10,NA
"fish",2010,"834522fffffffff",19,17,NA
"fish",2010,"836773fffffffff",54,33,31.4844885865974
"fish",2010,"834d4bfffffffff",129,23,14.9801860145567
"fish",2010,"834544fffffffff",1,1,NA
"fish",2010,"834426fffffffff",1,1,NA
"fish",2010,"834519fffffffff",20,17,NA
"fish",2010,"836d6bfffffffff",4,4,NA
"fish",2010,"8344a3fffffffff",23,15,NA
"fish",2010,"836740fffffffff",7,5,NA
"fish",2010,"834560fffffffff",2,2,NA
"fish",2010,"834425fffffffff",4,2,NA
"fish",2010,"834461fffffffff",1,1,NA
"fish",2010,"834cb3fffffffff",29,8,NA
"fish",2010,"834409fffffffff",1,1,NA
"fish",2010,"834572fffffffff",3,3,NA
"fish",2010,"834895fffffffff",1,1,NA
"fish",2010,"834558fffffffff",1,1,NA
"fish",2010,"834559fffffffff",1,1,NA
"fish",2010,"834401fffffffff",1,1,NA
"fish",2010,"834d11fffffffff",1,1,NA
"fish",2010,"834553fffffffff",1,1,NA
"fish",2010,"83454afffffffff",1,1,NA
"fish",2010,"834571fffffffff",1,1,NA
"fish",2010,"834ceafffffffff",5101,145,31.3341679794901
"fish",2010,"836620fffffffff",9908,174,22.0324940713398
"fish",2010,"836780fffffffff",5345,250,22.721162585822
"fish",2010,"8344f3fffffffff",447,69,31.7201317121124
"fish",2010,"8344a2fffffffff",18,11,NA
"fish",2010,"836615fffffffff",392,55,25.1875706350038
"fish",2010,"83451bfffffffff",2,2,NA
"fish",2010,"834505fffffffff",52,29,28.3763197586727
"fish",2010,"834c81fffffffff",49,21,NA
"fish",2010,"834c89fffffffff",2,2,NA
"fish",2010,"834433fffffffff",1,1,NA
"fish",2010,"834460fffffffff",2,2,NA
"fish",2010,"834cabfffffffff",16,12,NA
"fish",2010,"836791fffffffff",4,4,NA
"fish",2010,"834403fffffffff",8,8,NA
"fish",2010,"836784fffffffff",41,14,NA
"fish",2010,"835f58fffffffff",69,19,16.8940527795304
"fish",2010,"836781fffffffff",54,11,10.6212438853948
"fish",2010,"834cf2fffffffff",34,10,NA
"fish",2010,"836d68fffffffff",9,7,NA
"fish",2010,"8344f4fffffffff",1,1,NA
"fish",2010,"834498fffffffff",1,1,NA
"fish",2010,"83458bfffffffff",1,1,NA
"fish",2010,"83441efffffffff",6,4,NA
"fish",2010,"83448cfffffffff",2,1,NA
"fish",2010,"834996fffffffff",1,1,NA
"fish",2010,"834404fffffffff",1,1,NA
"fish",2010,"8348b2fffffffff",1,1,NA
"fish",2010,"835f4bfffffffff",7,1,NA
"fish",2010,"834440fffffffff",3,2,NA
"fish",2010,"835f5bfffffffff",6,3,NA
"fish",2010,"834465fffffffff",1,1,NA
"fish",2010,"834993fffffffff",1,1,NA
"fish",2010,"834406fffffffff",2,2,NA
"fish",2010,"834890fffffffff",1,1,NA
"fish",2010,"83448efffffffff",1,1,NA
"fish",2010,"836602fffffffff",1,1,NA
"fish",2010,"834562fffffffff",1,1,NA
"fish",2010,"834896fffffffff",1,1,NA
"fish",2010,"8344e0fffffffff",1,1,NA
"fish",2010,"834416fffffffff",171599,282,30.7405992424267
"fish",2010,"8344a1fffffffff",50223,268,29.6755798777246
"fish",2010,"835e45fffffffff",2,2,NA
"fish",2010,"8367a0fffffffff",1201,176,38.0351678939951
"fish",2010,"8344e5fffffffff",81,42,31.3851746465835
"fish",2010,"836743fffffffff",384,53,22.3608378346138
"fish",2010,"836785fffffffff",118,23,13.7764541059527
"fish",2010,"834446fffffffff",21,15,NA
"fish",2010,"83454cfffffffff",2,1,NA
"fish",2010,"83670dfffffffff",45,12,NA
"fish",2010,"836719fffffffff",47,10,NA
"fish",2010,"8367a3fffffffff",56,24,22.2459909063682
"fish",2010,"836611fffffffff",34,15,NA
"fish",2010,"834593fffffffff",2,1,NA
"fish",2010,"835e5dfffffffff",3,2,NA
"fish",2010,"834484fffffffff",8,1,NA
"fish",2010,"834515fffffffff",1,1,NA
"fish",2010,"83456efffffffff",2,1,NA
"fish",2010,"834455fffffffff",1,1,NA
"fish",2010,"8345a9fffffffff",1,1,NA
"fish",2010,"836d24fffffffff",2,2,NA
"fish",2010,"836d26fffffffff",1,1,NA
"fish",2010,"834552fffffffff",1,1,NA
"fish",2010,"834561fffffffff",2,2,NA
"fish",2010,"834574fffffffff",2,2,NA
"fish",2010,"83454dfffffffff",1,1,NA
"fish",2010,"83670cfffffffff",2,2,NA
"fish",2010,"834471fffffffff",1,1,NA
"fish",2010,"83455dfffffffff",1,1,NA
"fish",2010,"83442bfffffffff",1,1,NA
"fish",2010,"8344e4fffffffff",1,1,NA
"fish",2010,"83455cfffffffff",1,1,NA
"fish",2010,"834499fffffffff",1,1,NA
"fish",2010,"8348b6fffffffff",2,1,NA
"fish",2010,"834892fffffffff",2,1,NA
"fish",2020,"834ceafffffffff",2174,119,30.1175767869272
"fish",2020,"836620fffffffff",915,41,12.5325363984247
"fish",2020,"836780fffffffff",1956,26,13.1848862030965
"fish",2020,"836781fffffffff",20,19,NA
"fish",2020,"83440bfffffffff",1,1,NA
"fish",2020,"834501fffffffff",2975,137,28.7369124878231
"fish",2020,"834ceefffffffff",2073,107,30.0774177556869
"fish",2020,"836754fffffffff",133,13,8.476925525599
"fish",2020,"834424fffffffff",1,1,NA
"fish",2020,"836701fffffffff",6,3,NA
"fish",2020,"834cc0fffffffff",9637,166,29.75683502702
"fish",2020,"834550fffffffff",57,38,34.6015810203992
"fish",2020,"834554fffffffff",4,4,NA
"fish",2020,"8367a5fffffffff",68,60,44.3823519545708
"fish",2020,"836750fffffffff",593,43,13.0743198535577
"fish",2020,"834ce8fffffffff",5513,134,29.9785225790616
"fish",2020,"8344a5fffffffff",11964,106,24.1604434062507
"fish",2020,"836783fffffffff",673,219,35.2964373358326
"fish",2020,"836622fffffffff",56243,41,16.5267074720757
"fish",2020,"834cc5fffffffff",2191,101,28.7456187068861
"fish",2020,"836625fffffffff",3,2,NA
"fish",2020,"8344aefffffffff",17,3,NA
"fish",2020,"8344a8fffffffff",8,1,NA
"fish",2020,"83670efffffffff",7,2,NA
"fish",2020,"834456fffffffff",1,1,NA
"fish",2020,"834523fffffffff",5698,205,32.7406481009396
"fish",2020,"836755fffffffff",1865,8,2.83925843586603
"fish",2020,"835e43fffffffff",44,29,NA
"fish",2020,"836756fffffffff",137,90,41.0740934108445
"fish",2020,"834cc4fffffffff",69,17,15.7873631949806
"fish",2020,"836606fffffffff",11,9,NA
"fish",2020,"8344abfffffffff",33,1,NA
"hardCorals",1960,"83448cfffffffff",44,10,NA
"hardCorals",1960,"836612fffffffff",16,4,NA
"hardCorals",1960,"834403fffffffff",2,1,NA
"hardCorals",1960,"834460fffffffff",14,6,NA
"hardCorals",1960,"835f5bfffffffff",12,6,NA
"hardCorals",1960,"836784fffffffff",34,10,NA
"hardCorals",1960,"83458bfffffffff",95,26,22.7388159826601
"hardCorals",1960,"834406fffffffff",27,8,NA
"hardCorals",1960,"836742fffffffff",15,7,NA
"hardCorals",1960,"836615fffffffff",27,6,NA
"hardCorals",1960,"834433fffffffff",21,7,NA
"hardCorals",1960,"8367b0fffffffff",2,2,NA
"hardCorals",1960,"83441efffffffff",17,5,NA
"hardCorals",1960,"834cf2fffffffff",2,1,NA
"hardCorals",1960,"8344a2fffffffff",18,9,NA
"hardCorals",1960,"836791fffffffff",3,2,NA
"hardCorals",1960,"834465fffffffff",8,3,NA
"hardCorals",1960,"8344f3fffffffff",2,1,NA
"hardCorals",1960,"834896fffffffff",3,2,NA
"hardCorals",1960,"834cabfffffffff",4,2,NA
"hardCorals",1960,"835f58fffffffff",2,1,NA
"hardCorals",1960,"834462fffffffff",4,1,NA
"hardCorals",1960,"835f4bfffffffff",2,1,NA
"hardCorals",1960,"834505fffffffff",4,2,NA
"hardCorals",1960,"836620fffffffff",2,1,NA
"hardCorals",1960,"8344aafffffffff",120,30,23.8745978857514
"hardCorals",1960,"836741fffffffff",17,7,NA
"hardCorals",1960,"834454fffffffff",32,14,NA
"hardCorals",1960,"8344a0fffffffff",81,19,16.9514247505161
"hardCorals",1960,"83449dfffffffff",7,3,NA
"hardCorals",1960,"835f59fffffffff",18,10,NA
"hardCorals",1960,"83674cfffffffff",10,5,NA
"hardCorals",1960,"83678cfffffffff",2,1,NA
"hardCorals",1960,"83441dfffffffff",57,13,12.3858610678372
"hardCorals",1960,"83676efffffffff",5,4,NA
"hardCorals",1960,"836755fffffffff",25,9,NA
"hardCorals",1960,"83678bfffffffff",16,5,NA
"hardCorals",1960,"835e4cfffffffff",2,1,NA
"hardCorals",1960,"83450afffffffff",6,4,NA
"hardCorals",1960,"8344f2fffffffff",5,1,NA
"hardCorals",1960,"8345b0fffffffff",3,2,NA
"hardCorals",1960,"834894fffffffff",12,4,NA
"hardCorals",1960,"834431fffffffff",4,2,NA
"hardCorals",1960,"8344a3fffffffff",235,43,26.3862844452377
"hardCorals",1960,"834409fffffffff",51,7,7
"hardCorals",1960,"8367a6fffffffff",14,6,NA
"hardCorals",1960,"834424fffffffff",3,3,NA
"hardCorals",1960,"834411fffffffff",124,12,9.79097643274073
"hardCorals",1960,"834501fffffffff",29,8,NA
"hardCorals",1960,"834519fffffffff",74,28,24.5851648152798
"hardCorals",1960,"834571fffffffff",5,3,NA
"hardCorals",1960,"836754fffffffff",20,9,NA
"hardCorals",1960,"835e75fffffffff",28,14,NA
"hardCorals",1960,"834426fffffffff",9,5,NA
"hardCorals",1960,"834d4bfffffffff",25,9,NA
"hardCorals",1960,"834483fffffffff",1,1,NA
"hardCorals",1960,"836730fffffffff",9,5,NA
"hardCorals",1960,"836740fffffffff",10,3,NA
"hardCorals",1960,"836773fffffffff",19,7,NA
"hardCorals",1960,"834415fffffffff",5,4,NA
"hardCorals",1960,"834481fffffffff",30,7,NA
"hardCorals",1960,"8367b3fffffffff",1,1,NA
"hardCorals",1960,"836631fffffffff",4,2,NA
"hardCorals",1960,"834ceefffffffff",2,1,NA
"hardCorals",1960,"834544fffffffff",1,1,NA
"hardCorals",1960,"835e42fffffffff",59,20,18.7999630871451
"hardCorals",1960,"8366a5fffffffff",9,4,NA
"hardCorals",1960,"8345b4fffffffff",6,4,NA
"hardCorals",1960,"8345b6fffffffff",26,10,NA
"hardCorals",1960,"83440afffffffff",5,1,NA
"hardCorals",1960,"834485fffffffff",48,17,NA
"hardCorals",1960,"836786fffffffff",7,4,NA
"hardCorals",1960,"834420fffffffff",20,8,NA
"hardCorals",1960,"83441afffffffff",1,1,NA
"hardCorals",1960,"834466fffffffff",9,5,NA
"hardCorals",1960,"83676bfffffffff",20,8,NA
"hardCorals",1960,"835f5afffffffff",23,9,NA
"hardCorals",1960,"8366a0fffffffff",9,4,NA
"hardCorals",1960,"834413fffffffff",142,10,7.59897818729649
"hardCorals",1960,"836769fffffffff",17,4,NA
"hardCorals",1960,"83441bfffffffff",5,3,NA
"hardCorals",1960,"834cc0fffffffff",1,1,NA
"hardCorals",1960,"83448bfffffffff",2,1,NA
"hardCorals",1960,"835f5efffffffff",2,1,NA
"hardCorals",1960,"834412fffffffff",1,1,NA
"hardCorals",1960,"834c95fffffffff",2,1,NA
"hardCorals",1960,"834416fffffffff",122,33,23.3140864810965
"hardCorals",1960,"834c94fffffffff",27,12,NA
"hardCorals",1960,"8344a1fffffffff",67,17,15.8741981812593
"hardCorals",1960,"83454dfffffffff",1,1,NA
"hardCorals",1960,"835e71fffffffff",72,23,21.1575902465066
"hardCorals",1960,"834472fffffffff",16,5,NA
"hardCorals",1960,"8367a4fffffffff",13,6,NA
"hardCorals",1960,"836743fffffffff",9,5,NA
"hardCorals",1960,"834484fffffffff",69,18,17.0249193385957
"hardCorals",1960,"836785fffffffff",9,5,NA
"hardCorals",1960,"835e5dfffffffff",16,6,NA
"hardCorals",1960,"8344e4fffffffff",1,1,NA
"hardCorals",1960,"834408fffffffff",10,3,NA
"hardCorals",1960,"83440bfffffffff",19,7,NA
"hardCorals",1960,"8344b1fffffffff",4,3,NA
"hardCorals",1960,"834486fffffffff",4,3,NA
"hardCorals",1960,"835e5cfffffffff",7,4,NA
"hardCorals",1960,"834432fffffffff",14,5,NA
"hardCorals",1960,"836745fffffffff",13,6,NA
"hardCorals",1960,"836610fffffffff",37,12,NA
"hardCorals",1960,"834414fffffffff",63,17,16.4583039905227
"hardCorals",1960,"83451dfffffffff",22,7,NA
"hardCorals",1960,"835e4afffffffff",14,5,NA
"hardCorals",1960,"834489fffffffff",73,15,13.895251538256
"hardCorals",1960,"834475fffffffff",7,2,NA
"hardCorals",1960,"83448dfffffffff",53,12,11.9847605224964
"hardCorals",1960,"836616fffffffff",27,7,NA
"hardCorals",1960,"836732fffffffff",2,1,NA
"hardCorals",1960,"8367b5fffffffff",3,3,NA
"hardCorals",1960,"834c88fffffffff",4,1,NA
"hardCorals",1960,"834470fffffffff",3,2,NA
"hardCorals",1960,"835e4bfffffffff",16,4,NA
"hardCorals",1960,"834450fffffffff",1,1,NA
"hardCorals",1960,"8344a9fffffffff",1,1,NA
"hardCorals",1960,"83448afffffffff",4,2,NA
"hardCorals",1960,"834569fffffffff",3,1,NA
"hardCorals",1960,"8344b5fffffffff",6,3,NA
"hardCorals",1960,"832adbfffffffff",2,1,NA
"hardCorals",1960,"8344f0fffffffff",4,1,NA
"hardCorals",1960,"834456fffffffff",9,5,NA
"hardCorals",1960,"836625fffffffff",38,11,NA
"hardCorals",1960,"8344aefffffffff",77,17,15.4975559009823
"hardCorals",1960,"834c9dfffffffff",2,1,NA
"hardCorals",1960,"834418fffffffff",463,19,10.8917501400551
"hardCorals",1960,"835e64fffffffff",63,17,16.3705196023304
"hardCorals",1960,"8344a4fffffffff",71,17,15.2860160722003
"hardCorals",1960,"836746fffffffff",7,4,NA
"hardCorals",1960,"8344a8fffffffff",8,4,NA
"hardCorals",1960,"836633fffffffff",9,4,NA
"hardCorals",1960,"8344a5fffffffff",69,18,16.7767741223933
"hardCorals",1960,"835e74fffffffff",6,3,NA
"hardCorals",1960,"834ce8fffffffff",12,5,NA
"hardCorals",1960,"83670bfffffffff",5,2,NA
"hardCorals",1960,"8366a6fffffffff",21,5,NA
"hardCorals",1960,"834c83fffffffff",6,3,NA
"hardCorals",1960,"834565fffffffff",3,1,NA
"hardCorals",1960,"834cc5fffffffff",2,2,NA
"hardCorals",1960,"83676afffffffff",14,5,NA
"hardCorals",1960,"836622fffffffff",4,2,NA
"hardCorals",1960,"834480fffffffff",4,2,NA
"hardCorals",1960,"8344abfffffffff",55,9,8.9794018617548
"hardCorals",1960,"834d4dfffffffff",2,1,NA
"hardCorals",1960,"835e46fffffffff",41,16,NA
"hardCorals",1960,"835e66fffffffff",18,7,NA
"hardCorals",1960,"836756fffffffff",14,7,NA
"hardCorals",1960,"836606fffffffff",42,12,NA
"hardCorals",1960,"834c8bfffffffff",1,1,NA
"hardCorals",1960,"834402fffffffff",7,4,NA
"hardCorals",1960,"835e43fffffffff",11,5,NA
"hardCorals",1960,"834599fffffffff",25,10,NA
"hardCorals",1960,"8344f6fffffffff",13,1,NA
"hardCorals",1960,"834589fffffffff",42,6,NA
"hardCorals",1960,"834531fffffffff",10,6,NA
"hardCorals",1960,"835e59fffffffff",11,6,NA
"hardCorals",1960,"83459bfffffffff",1,1,NA
"hardCorals",1960,"8367b4fffffffff",12,5,NA
"hardCorals",1960,"836782fffffffff",2,1,NA
"hardCorals",1960,"8345b2fffffffff",6,4,NA
"hardCorals",1960,"834ce9fffffffff",6,3,NA
"hardCorals",1960,"83456cfffffffff",2,1,NA
"hardCorals",1960,"83442cfffffffff",5,3,NA
"hardCorals",1960,"834488fffffffff",4,2,NA
"hardCorals",1960,"8345a4fffffffff",1,1,NA
"hardCorals",1960,"834c8dfffffffff",2,1,NA
"hardCorals",1960,"834992fffffffff",3,1,NA
"hardCorals",1960,"83441cfffffffff",16,4,NA
"hardCorals",1970,"836735fffffffff",17,8,NA
"hardCorals",1970,"83440bfffffffff",15,6,NA
"hardCorals",1970,"834489fffffffff",40,9,NA
"hardCorals",1970,"83448dfffffffff",11,7,NA
"hardCorals",1970,"834475fffffffff",10,7,NA
"hardCorals",1970,"8344b5fffffffff",23,10,NA
"hardCorals",1970,"834414fffffffff",22,20,NA
"hardCorals",1970,"834470fffffffff",4,3,NA
"hardCorals",1970,"8344b1fffffffff",13,6,NA
"hardCorals",1970,"834569fffffffff",14,4,NA
"hardCorals",1970,"83442efffffffff",3,1,NA
"hardCorals",1970,"834c88fffffffff",2,1,NA
"hardCorals",1970,"836732fffffffff",1,1,NA
"hardCorals",1970,"834416fffffffff",107,37,26.7758283728408
"hardCorals",1970,"834ce2fffffffff",1,1,NA
"hardCorals",1970,"836611fffffffff",109,21,18.865843288838
"hardCorals",1970,"8344a1fffffffff",23,12,NA
"hardCorals",1970,"836d26fffffffff",2,1,NA
"hardCorals",1970,"834408fffffffff",7,6,NA
"hardCorals",1970,"834484fffffffff",21,10,NA
"hardCorals",1970,"8367a4fffffffff",13,6,NA
"hardCorals",1970,"8344e4fffffffff",52,10,9.84615384615385
"hardCorals",1970,"8344e5fffffffff",33,8,NA
"hardCorals",1970,"834472fffffffff",5,2,NA
"hardCorals",1970,"834471fffffffff",2,1,NA
"hardCorals",1970,"83451cfffffffff",4,2,NA
"hardCorals",1970,"834c82fffffffff",6,3,NA
"hardCorals",1970,"834c94fffffffff",5,1,NA
"hardCorals",1970,"834cd5fffffffff",37,10,NA
"hardCorals",1970,"8344aafffffffff",46,19,NA
"hardCorals",1970,"834419fffffffff",397,23,14.7122045445706
"hardCorals",1970,"83676efffffffff",172,30,20.5318004608916
"hardCorals",1970,"834454fffffffff",5,3,NA
"hardCorals",1970,"8345b0fffffffff",2,1,NA
"hardCorals",1970,"834c99fffffffff",4,2,NA
"hardCorals",1970,"8344f2fffffffff",5,2,NA
"hardCorals",1970,"834410fffffffff",2,2,NA
"hardCorals",1970,"83441dfffffffff",116,12,8.74723775271737
"hardCorals",1970,"834523fffffffff",72,28,23.1190689736301
"hardCorals",1970,"836d34fffffffff",46,16,NA
"hardCorals",1970,"834894fffffffff",13,4,NA
"hardCorals",1970,"834555fffffffff",6,5,NA
"hardCorals",1970,"834473fffffffff",2,1,NA
"hardCorals",1970,"834546fffffffff",1,1,NA
"hardCorals",1970,"83679cfffffffff",2,1,NA
"hardCorals",1970,"834418fffffffff",217,18,12.1013949868611
"hardCorals",1970,"8344a5fffffffff",85,41,31.9130056545854
"hardCorals",1970,"836622fffffffff",80,26,23.1599537580153
"hardCorals",1970,"8366a6fffffffff",8,2,NA
"hardCorals",1970,"8344aefffffffff",88,23,17.1611890251324
"hardCorals",1970,"834456fffffffff",81,17,14.6946473407648
"hardCorals",1970,"8344a8fffffffff",23,6,NA
"hardCorals",1970,"834464fffffffff",3,2,NA
"hardCorals",1970,"836633fffffffff",5,2,NA
"hardCorals",1970,"834c83fffffffff",14,7,NA
"hardCorals",1970,"836771fffffffff",3,2,NA
"hardCorals",1970,"8367b6fffffffff",3,1,NA
"hardCorals",1970,"836746fffffffff",4,2,NA
"hardCorals",1970,"8344b4fffffffff",33,13,NA
"hardCorals",1970,"836783fffffffff",1,1,NA
"hardCorals",1970,"834cebfffffffff",6,4,NA
"hardCorals",1970,"834c9bfffffffff",2,1,NA
"hardCorals",1970,"8367a2fffffffff",4,2,NA
"hardCorals",1970,"8345aefffffffff",1,1,NA
"hardCorals",1970,"834480fffffffff",2,2,NA
"hardCorals",1970,"836625fffffffff",2,2,NA
"hardCorals",1970,"834575fffffffff",1,1,NA
"hardCorals",1970,"83679efffffffff",2,1,NA
"hardCorals",1970,"8344a4fffffffff",4,2,NA
"hardCorals",1970,"83670bfffffffff",2,1,NA
"hardCorals",1970,"834cd6fffffffff",3,1,NA
"hardCorals",1970,"834403fffffffff",55,11,10.7134085957615
"hardCorals",1970,"8344a2fffffffff",8,5,NA
"hardCorals",1970,"836620fffffffff",111,25,19.6456259492469
"hardCorals",1970,"83441efffffffff",23,11,NA
"hardCorals",1970,"834462fffffffff",10,4,NA
"hardCorals",1970,"834465fffffffff",94,25,20.6089928531807
"hardCorals",1970,"834406fffffffff",3,3,NA
"hardCorals",1970,"834460fffffffff",59,20,18.5351784976957
"hardCorals",1970,"836791fffffffff",5,2,NA
"hardCorals",1970,"834ceafffffffff",2,1,NA
"hardCorals",1970,"83458bfffffffff",2,2,NA
"hardCorals",1970,"836612fffffffff",1,1,NA
"hardCorals",1970,"8367b0fffffffff",3,2,NA
"hardCorals",1970,"834cd2fffffffff",2,2,NA
"hardCorals",1970,"834433fffffffff",3,3,NA
"hardCorals",1970,"834c9cfffffffff",2,1,NA
"hardCorals",1970,"834503fffffffff",3,1,NA
"hardCorals",1970,"8344adfffffffff",2,2,NA
"hardCorals",1970,"8345b2fffffffff",6,4,NA
"hardCorals",1970,"834402fffffffff",9,7,NA
"hardCorals",1970,"8345a3fffffffff",70,20,17.8642775675526
"hardCorals",1970,"8344b0fffffffff",7,3,NA
"hardCorals",1970,"836756fffffffff",2,1,NA
"hardCorals",1970,"834ce9fffffffff",61,29,27.6625770887826
"hardCorals",1970,"8344abfffffffff",66,8,7.90734265691818
"hardCorals",1970,"83441cfffffffff",65,10,9.07448263302821
"hardCorals",1970,"836782fffffffff",2,2,NA
"hardCorals",1970,"8344f6fffffffff",4,1,NA
"hardCorals",1970,"834533fffffffff",2,1,NA
"hardCorals",1970,"834cf0fffffffff",7,3,NA
"hardCorals",1970,"8367b4fffffffff",1,1,NA
"hardCorals",1970,"83456cfffffffff",1,1,NA
"hardCorals",1970,"836786fffffffff",6,3,NA
"hardCorals",1970,"834413fffffffff",14,10,NA
"hardCorals",1970,"8345b6fffffffff",32,13,NA
"hardCorals",1970,"834463fffffffff",2,1,NA
"hardCorals",1970,"834485fffffffff",11,5,NA
"hardCorals",1970,"834466fffffffff",28,13,NA
"hardCorals",1970,"83440afffffffff",46,9,NA
"hardCorals",1970,"83441afffffffff",10,9,NA
"hardCorals",1970,"8366a5fffffffff",7,3,NA
"hardCorals",1970,"8345b4fffffffff",8,4,NA
"hardCorals",1970,"83441bfffffffff",21,10,NA
"hardCorals",1970,"834420fffffffff",9,4,NA
"hardCorals",1970,"834412fffffffff",9,8,NA
"hardCorals",1970,"834cc0fffffffff",1,1,NA
"hardCorals",1970,"8344b6fffffffff",49,4,NA
"hardCorals",1970,"83448bfffffffff",2,1,NA
"hardCorals",1970,"8344a3fffffffff",178,54,31.0676899627972
"hardCorals",1970,"834cb3fffffffff",15,14,NA
"hardCorals",1970,"834401fffffffff",6,2,NA
"hardCorals",1970,"834519fffffffff",4,2,NA
"hardCorals",1970,"834411fffffffff",35,9,NA
"hardCorals",1970,"836631fffffffff",58,16,15.7964032337898
"hardCorals",1970,"836773fffffffff",11,6,NA
"hardCorals",1970,"836733fffffffff",2,1,NA
"hardCorals",1970,"834571fffffffff",4,2,NA
"hardCorals",1970,"834c90fffffffff",2,1,NA
"hardCorals",1970,"8345b5fffffffff",1,1,NA
"hardCorals",1970,"834415fffffffff",1,1,NA
"hardCorals",1970,"834426fffffffff",6,2,NA
"hardCorals",1970,"834461fffffffff",1,1,NA
"hardCorals",1970,"834409fffffffff",21,3,NA
"hardCorals",1970,"8367b1fffffffff",4,2,NA
"hardCorals",1970,"836754fffffffff",11,2,NA
"hardCorals",1970,"834895fffffffff",6,1,NA
"hardCorals",1980,"8366a5fffffffff",301,40,23.997939662034
"hardCorals",1980,"834c95fffffffff",5,3,NA
"hardCorals",1980,"83440afffffffff",20,5,NA
"hardCorals",1980,"834413fffffffff",88,16,13.5465822129354
"hardCorals",1980,"834cc0fffffffff",24,8,NA
"hardCorals",1980,"83441bfffffffff",6,5,NA
"hardCorals",1980,"834466fffffffff",26,5,NA
"hardCorals",1980,"834474fffffffff",8,3,NA
"hardCorals",1980,"8344b6fffffffff",9,3,NA
"hardCorals",1980,"834485fffffffff",13,2,NA
"hardCorals",1980,"834420fffffffff",3,2,NA
"hardCorals",1980,"834412fffffffff",1,1,NA
"hardCorals",1980,"83441afffffffff",1,1,NA
"hardCorals",1980,"834416fffffffff",11,10,NA
"hardCorals",1980,"834408fffffffff",61,7,6.7889767502243
"hardCorals",1980,"834892fffffffff",2,1,NA
"hardCorals",1980,"8344a1fffffffff",8,7,NA
"hardCorals",1980,"8344e5fffffffff",9,4,NA
"hardCorals",1980,"834472fffffffff",1,1,NA
"hardCorals",1980,"8367a0fffffffff",4,4,NA
"hardCorals",1980,"834c94fffffffff",4,1,NA
"hardCorals",1980,"836611fffffffff",2,1,NA
"hardCorals",1980,"834475fffffffff",74,17,15.9757441282106
"hardCorals",1980,"834414fffffffff",40,19,NA
"hardCorals",1980,"836735fffffffff",5,3,NA
"hardCorals",1980,"836610fffffffff",17,5,NA
"hardCorals",1980,"834470fffffffff",24,9,NA
"hardCorals",1980,"834486fffffffff",3,2,NA
"hardCorals",1980,"83448dfffffffff",25,10,NA
"hardCorals",1980,"8366b1fffffffff",10,3,NA
"hardCorals",1980,"8367b5fffffffff",9,7,NA
"hardCorals",1980,"834489fffffffff",16,6,NA
"hardCorals",1980,"834415fffffffff",237,25,17.541764080879
"hardCorals",1980,"834c90fffffffff",14,9,NA
"hardCorals",1980,"834411fffffffff",218,19,13.30428978538
"hardCorals",1980,"836d6bfffffffff",2,1,NA
"hardCorals",1980,"834409fffffffff",21,8,NA
"hardCorals",1980,"834483fffffffff",9,5,NA
"hardCorals",1980,"836631fffffffff",11,7,NA
"hardCorals",1980,"834cb3fffffffff",4,2,NA
"hardCorals",1980,"834895fffffffff",1,1,NA
"hardCorals",1980,"8344a3fffffffff",1,1,NA
"hardCorals",1980,"83450afffffffff",9,8,NA
"hardCorals",1980,"8344aafffffffff",19,9,NA
"hardCorals",1980,"834419fffffffff",33,7,NA
"hardCorals",1980,"834523fffffffff",99,17,10.7958515899551
"hardCorals",1980,"834410fffffffff",181,19,13.684162570815
"hardCorals",1980,"8344f2fffffffff",45,7,NA
"hardCorals",1980,"83441dfffffffff",22,13,NA
"hardCorals",1980,"8344e6fffffffff",19,7,NA
"hardCorals",1980,"834454fffffffff",1,1,NA
"hardCorals",1980,"83678bfffffffff",7,3,NA
"hardCorals",1980,"83449dfffffffff",2,1,NA
"hardCorals",1980,"83452efffffffff",1,1,NA
"hardCorals",1980,"8344a5fffffffff",8,7,NA
"hardCorals",1980,"8366a6fffffffff",196,15,12.3523216950712
"hardCorals",1980,"8344aefffffffff",25,11,NA
"hardCorals",1980,"836622fffffffff",33,16,NA
"hardCorals",1980,"83679bfffffffff",105,18,15.3951006442599
"hardCorals",1980,"834cc5fffffffff",8,4,NA
"hardCorals",1980,"834456fffffffff",11,7,NA
"hardCorals",1980,"834464fffffffff",2,1,NA
"hardCorals",1980,"834480fffffffff",3,2,NA
"hardCorals",1980,"834418fffffffff",3,3,NA
"hardCorals",1980,"8344b4fffffffff",2,1,NA
"hardCorals",1980,"83446cfffffffff",1,1,NA
"hardCorals",1980,"8366b6fffffffff",6,3,NA
"hardCorals",1980,"8344a8fffffffff",12,3,NA
"hardCorals",1980,"83440efffffffff",1,1,NA
"hardCorals",1980,"836620fffffffff",174,35,24.0447198824306
"hardCorals",1980,"834403fffffffff",40,15,NA
"hardCorals",1980,"834cb6fffffffff",1,1,NA
"hardCorals",1980,"834406fffffffff",21,9,NA
"hardCorals",1980,"834433fffffffff",1,1,NA
"hardCorals",1980,"834465fffffffff",14,13,NA
"hardCorals",1980,"83441efffffffff",62,10,9.18508564497348
"hardCorals",1980,"834460fffffffff",4,3,NA
"hardCorals",1980,"83448cfffffffff",2,1,NA
"hardCorals",1980,"836612fffffffff",2,1,NA
"hardCorals",1980,"834402fffffffff",330,22,13.887026892062
"hardCorals",1980,"8344abfffffffff",30,7,NA
"hardCorals",1980,"836756fffffffff",15,8,NA
"hardCorals",1980,"83441cfffffffff",33,13,NA
"hardCorals",1980,"834ce9fffffffff",29,11,NA
"hardCorals",1980,"834531fffffffff",16,9,NA
"hardCorals",1980,"8344f6fffffffff",5,2,NA
"hardCorals",1980,"834488fffffffff",1,1,NA
"hardCorals",1980,"8345a3fffffffff",1,1,NA
"hardCorals",1980,"835e43fffffffff",1,1,NA
"hardCorals",1990,"834465fffffffff",301,14,8.90338819535065
"hardCorals",1990,"834505fffffffff",1629,30,15.4385021367129
"hardCorals",1990,"8344a2fffffffff",747,21,9.76235936186657
"hardCorals",1990,"836620fffffffff",3258,53,16.0966954356524
"hardCorals",1990,"834c81fffffffff",457,19,11.9709731015962
"hardCorals",1990,"834cabfffffffff",1193,25,13.1435351278656
"hardCorals",1990,"836784fffffffff",18,9,NA
"hardCorals",1990,"834996fffffffff",224,4,3.3973206603309
"hardCorals",1990,"836615fffffffff",97,7,6.5128939640464
"hardCorals",1990,"834462fffffffff",3,1,NA
"hardCorals",1990,"836780fffffffff",2,1,NA
"hardCorals",1990,"83458bfffffffff",2,1,NA
"hardCorals",1990,"836631fffffffff",3029,37,16.0932064803088
"hardCorals",1990,"8367b3fffffffff",26,25,NA
"hardCorals",1990,"834415fffffffff",67,17,16.0715731925785
"hardCorals",1990,"834501fffffffff",1242,22,13.1803340128729
"hardCorals",1990,"834409fffffffff",52,7,6.99698340874811
"hardCorals",1990,"835e75fffffffff",502,13,8.24062439108378
"hardCorals",1990,"834cb3fffffffff",745,27,10.920472408678
"hardCorals",1990,"834ceefffffffff",75,16,13.5202318419368
"hardCorals",1990,"83450efffffffff",409,18,13.2211401312029
"hardCorals",1990,"834895fffffffff",1,1,NA
"hardCorals",1990,"8344a3fffffffff",3,2,NA
"hardCorals",1990,"834cc0fffffffff",87,16,13.8067779364755
"hardCorals",1990,"8366b4fffffffff",1,1,NA
"hardCorals",1990,"83441afffffffff",1,1,NA
"hardCorals",1990,"834d49fffffffff",116,13,11.4152769215253
"hardCorals",1990,"8344b6fffffffff",2,2,NA
"hardCorals",1990,"8366a5fffffffff",28,2,NA
"hardCorals",1990,"834413fffffffff",2,1,NA
"hardCorals",1990,"83459bfffffffff",705,13,8.84903179552409
"hardCorals",1990,"834434fffffffff",421,13,9.2860774945021
"hardCorals",1990,"836606fffffffff",100,18,15.6273772911531
"hardCorals",1990,"836756fffffffff",31,13,NA
"hardCorals",1990,"834c8cfffffffff",102,8,7.35774541188555
"hardCorals",1990,"834584fffffffff",1847,24,11.806449428988
"hardCorals",1990,"8345a3fffffffff",1517,21,11.2988542961455
"hardCorals",1990,"834504fffffffff",95,14,11.0625018959929
"hardCorals",1990,"834ce9fffffffff",95,12,9.35424944913203
"hardCorals",1990,"8344abfffffffff",2,2,NA
"hardCorals",1990,"8345b2fffffffff",1,1,NA
"hardCorals",1990,"836741fffffffff",52,22,21.5354449472097
"hardCorals",1990,"834523fffffffff",1476,29,13.0380922654554
"hardCorals",1990,"836d34fffffffff",387,10,6.0571067811168
"hardCorals",1990,"83450afffffffff",333,18,12.4471001858574
"hardCorals",1990,"834454fffffffff",155,12,9.39312280135656
"hardCorals",1990,"83679cfffffffff",9,5,NA
"hardCorals",1990,"834cd5fffffffff",1,1,NA
"hardCorals",1990,"834456fffffffff",99,10,8.71144847957724
"hardCorals",1990,"8345aefffffffff",243,13,9.73632576879502
"hardCorals",1990,"834ce8fffffffff",1174,19,11.6130853426851
"hardCorals",1990,"836625fffffffff",3,2,NA
"hardCorals",1990,"836746fffffffff",670,22,12.3614732086427
"hardCorals",1990,"836783fffffffff",2119,32,17.1814099261755
"hardCorals",1990,"83679bfffffffff",567,29,17.5120586890697
"hardCorals",1990,"836622fffffffff",548,30,15.02821506534
"hardCorals",1990,"8344a5fffffffff",1196,27,15.339700553808
"hardCorals",1990,"834caafffffffff",1016,21,11.5341674782261
"hardCorals",1990,"834cc5fffffffff",134,18,13.9339428979123
"hardCorals",1990,"834cebfffffffff",195,12,9.8076082998044
"hardCorals",1990,"8344b4fffffffff",597,18,11.2984238096602
"hardCorals",1990,"836633fffffffff",25,5,NA
"hardCorals",1990,"83670bfffffffff",4,1,NA
"hardCorals",1990,"8366a6fffffffff",2,1,NA
"hardCorals",1990,"8344a8fffffffff",3,1,NA
"hardCorals",1990,"836744fffffffff",323,18,10.6476949467052
"hardCorals",1990,"8344b5fffffffff",4585,31,11.2964908567538
"hardCorals",1990,"834486fffffffff",1037,20,10.2000868865124
"hardCorals",1990,"834580fffffffff",131,12,10.4442183203367
"hardCorals",1990,"836745fffffffff",982,27,13.4902094134267
"hardCorals",1990,"835e4bfffffffff",2751,26,12.66587686576
"hardCorals",1990,"8344b1fffffffff",90,13,11.2692552744821
"hardCorals",1990,"834414fffffffff",32,13,NA
"hardCorals",1990,"834475fffffffff",2,2,NA
"hardCorals",1990,"834489fffffffff",1,1,NA
"hardCorals",1990,"834416fffffffff",1940,32,16.4676247357584
"hardCorals",1990,"836743fffffffff",40,26,NA
"hardCorals",1990,"834455fffffffff",1,1,NA
"hardCorals",1990,"836709fffffffff",7,3,NA
"hardCorals",2000,"834598fffffffff",283,18,12.1625046484952
"hardCorals",2000,"83459dfffffffff",166,20,13.1834696738064
"hardCorals",2000,"8345b0fffffffff",234,23,13.388605615815
"hardCorals",2000,"8345abfffffffff",1410,33,14.1865093424094
"hardCorals",2000,"834583fffffffff",1195,29,13.2050303684066
"hardCorals",2000,"834582fffffffff",1637,33,13.4134236366496
"hardCorals",2000,"834523fffffffff",598,25,14.922547507659
"hardCorals",2000,"834454fffffffff",6900,3,1.02168766321154
"hardCorals",2000,"8344aafffffffff",772,5,3.98600304854238
"hardCorals",2000,"834476fffffffff",4,2,NA
"hardCorals",2000,"834894fffffffff",1,1,NA
"hardCorals",2000,"834429fffffffff",2,2,NA
"hardCorals",2000,"83450afffffffff",2,1,NA
"hardCorals",2000,"8344e6fffffffff",1,1,NA
"hardCorals",2000,"836d34fffffffff",5,4,NA
"hardCorals",2000,"834419fffffffff",2,1,NA
"hardCorals",2000,"836741fffffffff",1,1,NA
"hardCorals",2000,"834416fffffffff",3583,38,17.0137866790025
"hardCorals",2000,"8345a9fffffffff",175,19,13.884396380651
"hardCorals",2000,"8344a1fffffffff",778,27,15.2401488901516
"hardCorals",2000,"836743fffffffff",221,28,18.1999992040979
"hardCorals",2000,"83454dfffffffff",1,1,NA
"hardCorals",2000,"834cedfffffffff",464,17,12.8960132106005
"hardCorals",2000,"834484fffffffff",1,1,NA
"hardCorals",2000,"83455dfffffffff",2,2,NA
"hardCorals",2000,"83442bfffffffff",2,2,NA
"hardCorals",2000,"834472fffffffff",465,3,1.4073971078965
"hardCorals",2000,"834408fffffffff",7,2,NA
"hardCorals",2000,"834892fffffffff",2,1,NA
"hardCorals",2000,"836611fffffffff",3,1,NA
"hardCorals",2000,"834471fffffffff",1,1,NA
"hardCorals",2000,"83458afffffffff",480,29,14.8627782240976
"hardCorals",2000,"83458efffffffff",536,23,13.7351969262257
"hardCorals",2000,"835e4bfffffffff",37,25,NA
"hardCorals",2000,"836616fffffffff",6239,30,12.4123842912277
"hardCorals",2000,"83459efffffffff",240,19,12.0489719345808
"hardCorals",2000,"835f49fffffffff",211,19,13.3970111948709
"hardCorals",2000,"834432fffffffff",25,9,NA
"hardCorals",2000,"834489fffffffff",60,7,6.832425892317
"hardCorals",2000,"834475fffffffff",132,10,6.60631522968449
"hardCorals",2000,"834588fffffffff",68,15,13.4424007740248
"hardCorals",2000,"834414fffffffff",539,29,17.1238045436336
"hardCorals",2000,"83448dfffffffff",33,5,NA
"hardCorals",2000,"83451dfffffffff",2,1,NA
"hardCorals",2000,"836610fffffffff",2635,31,14.21799666673
"hardCorals",2000,"836614fffffffff",79,11,10.2212819673044
"hardCorals",2000,"834470fffffffff",135,7,5.78974138101612
"hardCorals",2000,"834569fffffffff",2,1,NA
"hardCorals",2000,"83440bfffffffff",5,3,NA
"hardCorals",2000,"836736fffffffff",1132,29,14.0535021506496
"hardCorals",2000,"834580fffffffff",1,1,NA
"hardCorals",2000,"834542fffffffff",2,2,NA
"hardCorals",2000,"836744fffffffff",3,2,NA
"hardCorals",2000,"834501fffffffff",461,19,13.1849103585625
"hardCorals",2000,"834415fffffffff",1730,34,17.5001602414134
"hardCorals",2000,"836730fffffffff",32,7,NA
"hardCorals",2000,"834ceefffffffff",549,27,13.868623648787
"hardCorals",2000,"836631fffffffff",9470,51,16.9593507330718
"hardCorals",2000,"834559fffffffff",4,2,NA
"hardCorals",2000,"834591fffffffff",198,14,9.85185562178185
"hardCorals",2000,"836754fffffffff",2,2,NA
"hardCorals",2000,"834519fffffffff",8,8,NA
"hardCorals",2000,"834409fffffffff",17,3,NA
"hardCorals",2000,"834426fffffffff",1,1,NA
"hardCorals",2000,"836602fffffffff",9,5,NA
"hardCorals",2000,"836620fffffffff",10362,61,16.1145479946119
"hardCorals",2000,"834505fffffffff",701,26,14.4579655031307
"hardCorals",2000,"834404fffffffff",2,2,NA
"hardCorals",2000,"834465fffffffff",685,24,14.5282335669698
"hardCorals",2000,"834ceafffffffff",328,29,17.1154865389336
"hardCorals",2000,"836615fffffffff",1128,35,18.0738511653253
"hardCorals",2000,"834406fffffffff",1,1,NA
"hardCorals",2000,"834460fffffffff",9,4,NA
"hardCorals",2000,"83458bfffffffff",112,20,15.9743426481308
"hardCorals",2000,"836791fffffffff",1997,26,10.3698842497682
"hardCorals",2000,"834403fffffffff",39,3,NA
"hardCorals",2000,"83448cfffffffff",182,3,2.99046692863341
"hardCorals",2000,"8348b2fffffffff",1,1,NA
"hardCorals",2000,"836780fffffffff",5259,41,17.0623134175772
"hardCorals",2000,"834cf2fffffffff",2,2,NA
"hardCorals",2000,"836742fffffffff",2,1,NA
"hardCorals",2000,"834896fffffffff",5,2,NA
"hardCorals",2000,"834433fffffffff",1,1,NA
"hardCorals",2000,"834462fffffffff",5,2,NA
"hardCorals",2000,"836612fffffffff",3,1,NA
"hardCorals",2000,"83458cfffffffff",2923,34,13.5087999091933
"hardCorals",2000,"834ce9fffffffff",7368,47,16.5924510409185
"hardCorals",2000,"836782fffffffff",603,25,16.445649820585
"hardCorals",2000,"836756fffffffff",288,30,21.3789049120371
"hardCorals",2000,"834504fffffffff",48,11,NA
"hardCorals",2000,"834584fffffffff",629,24,11.5447105242225
"hardCorals",2000,"836606fffffffff",5376,65,17.893271364981
"hardCorals",2000,"83455bfffffffff",16,5,NA
"hardCorals",2000,"8345b2fffffffff",1710,28,12.4244024779648
"hardCorals",2000,"8366b5fffffffff",94,5,4.76623406233537
"hardCorals",2000,"8344abfffffffff",4,1,NA
"hardCorals",2000,"83442cfffffffff",2,1,NA
"hardCorals",2000,"836750fffffffff",5,3,NA
"hardCorals",2000,"834cc0fffffffff",4010,43,18.0432002437361
"hardCorals",2000,"83440cfffffffff",2,2,NA
"hardCorals",2000,"83441bfffffffff",3,2,NA
"hardCorals",2000,"834466fffffffff",14,7,NA
"hardCorals",2000,"834420fffffffff",3,2,NA
"hardCorals",2000,"834474fffffffff",8,2,NA
"hardCorals",2000,"83440afffffffff",4,2,NA
"hardCorals",2000,"8366a5fffffffff",4,1,NA
"hardCorals",2000,"836769fffffffff",1,1,NA
"hardCorals",2000,"834c20fffffffff",1,1,NA
"hardCorals",2000,"836622fffffffff",597,18,12.1646994861835
"hardCorals",2000,"8366a6fffffffff",1314,21,11.2536275223314
"hardCorals",2000,"8344a5fffffffff",2466,39,16.3824760107357
"hardCorals",2000,"8345b3fffffffff",527,20,12.8539614326472
"hardCorals",2000,"836746fffffffff",1488,24,12.1348949016631
"hardCorals",2000,"836783fffffffff",10275,46,18.0240294765874
"hardCorals",2000,"834ce8fffffffff",11321,52,18.3972683484605
"hardCorals",2000,"834cebfffffffff",2459,41,16.1051324418287
"hardCorals",2000,"83670bfffffffff",1,1,NA
"hardCorals",2000,"83679efffffffff",82,14,11.8325550051602
"hardCorals",2000,"836625fffffffff",202,17,13.9226647910942
"hardCorals",2000,"83455efffffffff",2,2,NA
"hardCorals",2000,"834464fffffffff",22,3,NA
"hardCorals",2000,"835e49fffffffff",4,4,NA
"hardCorals",2000,"836633fffffffff",400,22,17.3761063661938
"hardCorals",2000,"834cc5fffffffff",1772,39,16.1187413900343
"hardCorals",2000,"83679bfffffffff",102,8,6.96683550315859
"hardCorals",2000,"8344a8fffffffff",33,1,NA
"hardCorals",2000,"834456fffffffff",7,5,NA
"hardCorals",2000,"8344aefffffffff",39,3,NA
"hardCorals",2000,"834418fffffffff",1,1,NA
"hardCorals",2010,"834cc0fffffffff",4105,53,19.9566178086627
"hardCorals",2010,"83441afffffffff",1,1,NA
"hardCorals",2010,"83441bfffffffff",6,4,NA
"hardCorals",2010,"834d49fffffffff",1,1,NA
"hardCorals",2010,"834466fffffffff",195,4,3.87898568474432
"hardCorals",2010,"836769fffffffff",1,1,NA
"hardCorals",2010,"834550fffffffff",8,6,NA
"hardCorals",2010,"83448bfffffffff",141,3,2.92801358943268
"hardCorals",2010,"834474fffffffff",8,3,NA
"hardCorals",2010,"834554fffffffff",4,1,NA
"hardCorals",2010,"83440afffffffff",1,1,NA
"hardCorals",2010,"834415fffffffff",4208,44,17.3868262625279
"hardCorals",2010,"834ceefffffffff",764,41,18.887325481127
"hardCorals",2010,"836631fffffffff",24174,44,13.447732728904
"hardCorals",2010,"834d4bfffffffff",25,3,NA
"hardCorals",2010,"8344a3fffffffff",1,1,NA
"hardCorals",2010,"834519fffffffff",2,2,NA
"hardCorals",2010,"836754fffffffff",8,4,NA
"hardCorals",2010,"834596fffffffff",1,1,NA
"hardCorals",2010,"834411fffffffff",2,1,NA
"hardCorals",2010,"83450afffffffff",10,10,NA
"hardCorals",2010,"8344aafffffffff",321,6,4.26255452590342
"hardCorals",2010,"83674cfffffffff",90,17,14.40010958758
"hardCorals",2010,"8344f2fffffffff",2,2,NA
"hardCorals",2010,"836755fffffffff",41,9,NA
"hardCorals",2010,"834523fffffffff",1,1,NA
"hardCorals",2010,"834583fffffffff",1,1,NA
"hardCorals",2010,"834cd5fffffffff",7,5,NA
"hardCorals",2010,"83679cfffffffff",715,40,23.3452622399761
"hardCorals",2010,"834454fffffffff",600,1,1
"hardCorals",2010,"834419fffffffff",2,1,NA
"hardCorals",2010,"8344e6fffffffff",5,4,NA
"hardCorals",2010,"834546fffffffff",1,1,NA
"hardCorals",2010,"834410fffffffff",1,1,NA
"hardCorals",2010,"83441dfffffffff",3,1,NA
"hardCorals",2010,"8344a5fffffffff",3456,45,17.7399984410382
"hardCorals",2010,"836622fffffffff",197,24,16.3087710414729
"hardCorals",2010,"8366a6fffffffff",26,9,NA
"hardCorals",2010,"836783fffffffff",2327,43,17.9370263532875
"hardCorals",2010,"8344aefffffffff",277,26,13.7027562593087
"hardCorals",2010,"834ce8fffffffff",24646,57,17.9300224137734
"hardCorals",2010,"834cebfffffffff",6301,46,17.4367116523955
"hardCorals",2010,"834cc5fffffffff",1946,43,17.5300147280915
"hardCorals",2010,"836746fffffffff",22,10,NA
"hardCorals",2010,"8344a8fffffffff",546,2,1.53863427581846
"hardCorals",2010,"834456fffffffff",8,1,NA
"hardCorals",2010,"834464fffffffff",42,3,NA
"hardCorals",2010,"834575fffffffff",17,1,NA
"hardCorals",2010,"836620fffffffff",18505,39,13.3181705526868
"hardCorals",2010,"834505fffffffff",76,23,15.4736842105265
"hardCorals",2010,"834465fffffffff",2517,27,13.5372621211077
"hardCorals",2010,"83448efffffffff",64,1,1
"hardCorals",2010,"834ceafffffffff",645,38,17.7055516567695
"hardCorals",2010,"836615fffffffff",782,25,15.5143146076891
"hardCorals",2010,"834460fffffffff",42,6,NA
"hardCorals",2010,"834403fffffffff",861,6,1.73972590875955
"hardCorals",2010,"83458bfffffffff",159,1,1
"hardCorals",2010,"834cf2fffffffff",4,1,NA
"hardCorals",2010,"836780fffffffff",3350,30,12.4418761190836
"hardCorals",2010,"83448cfffffffff",29,4,NA
"hardCorals",2010,"834462fffffffff",4,3,NA
"hardCorals",2010,"834433fffffffff",17,5,NA
"hardCorals",2010,"834406fffffffff",23,4,NA
"hardCorals",2010,"8344a2fffffffff",3,3,NA
"hardCorals",2010,"835f58fffffffff",1,1,NA
"hardCorals",2010,"834ce9fffffffff",10532,57,18.5601333856662
"hardCorals",2010,"836782fffffffff",180,17,14.2391767980625
"hardCorals",2010,"836606fffffffff",16763,41,13.7077251932242
"hardCorals",2010,"836756fffffffff",1027,11,5.73058699874814
"hardCorals",2010,"8345a3fffffffff",6,5,NA
"hardCorals",2010,"835e43fffffffff",3,2,NA
"hardCorals",2010,"8344abfffffffff",429,2,1.74850735012047
"hardCorals",2010,"834488fffffffff",37,3,NA
"hardCorals",2010,"834cc4fffffffff",13,9,NA
"hardCorals",2010,"834402fffffffff",122,1,1
"hardCorals",2010,"8344f6fffffffff",1,1,NA
"hardCorals",2010,"834584fffffffff",7,6,NA
"hardCorals",2010,"834589fffffffff",9,1,NA
"hardCorals",2010,"83448dfffffffff",168,6,4.22193608469133
"hardCorals",2010,"834cc6fffffffff",15,4,NA
"hardCorals",2010,"834489fffffffff",126,4,3.32117786781647
"hardCorals",2010,"834414fffffffff",1801,44,19.6278411882474
"hardCorals",2010,"834470fffffffff",73,2,1.68493150684931
"hardCorals",2010,"836610fffffffff",4029,30,13.9888227775475
"hardCorals",2010,"836744fffffffff",22,3,NA
"hardCorals",2010,"83448afffffffff",40,2,NA
"hardCorals",2010,"834475fffffffff",10,2,NA
"hardCorals",2010,"83440bfffffffff",2,1,NA
"hardCorals",2010,"834570fffffffff",20,1,NA
"hardCorals",2010,"832adbfffffffff",67,1,1
"hardCorals",2010,"835f49fffffffff",8,4,NA
"hardCorals",2010,"834416fffffffff",4905,43,17.195354620197
"hardCorals",2010,"8344a1fffffffff",1222,35,15.4401786557991
"hardCorals",2010,"834472fffffffff",211,1,1
"hardCorals",2010,"836743fffffffff",4,2,NA
"hardCorals",2010,"8344e4fffffffff",2,1,NA
"hardCorals",2020,"834523fffffffff",50,8,8
"hardCorals",2020,"834ceefffffffff",398,29,16.672307101032
"hardCorals",2020,"834415fffffffff",1289,39,16.4991509891421
"hardCorals",2020,"834501fffffffff",27,8,NA
"hardCorals",2020,"836754fffffffff",426,1,1
"hardCorals",2020,"834414fffffffff",539,34,17.1494340898366
"hardCorals",2020,"8344a1fffffffff",1012,34,14.6124377314663
"hardCorals",2020,"834416fffffffff",436,36,16.5415097974516
"hardCorals",2020,"834552fffffffff",102,20,15.9312897931364
"hardCorals",2020,"8367a5fffffffff",180,26,21.1871147199974
"hardCorals",2020,"834550fffffffff",58,17,15.9949952715684
"hardCorals",2020,"834554fffffffff",24,8,NA
"hardCorals",2020,"834cc0fffffffff",1553,42,18.9734539720893
"hardCorals",2020,"836750fffffffff",269,1,1
"hardCorals",2020,"834cc5fffffffff",312,27,16.7020945461045
"hardCorals",2020,"834cebfffffffff",829,32,16.7378067789176
"hardCorals",2020,"8344aefffffffff",118,12,9.20243089711937
"hardCorals",2020,"834ce8fffffffff",4861,48,17.8524231145822
"hardCorals",2020,"836622fffffffff",113,1,1
"hardCorals",2020,"8344a5fffffffff",939,36,16.7855859583633
"hardCorals",2020,"836746fffffffff",26,9,NA
"hardCorals",2020,"836783fffffffff",571,37,20.6708368332879
"hardCorals",2020,"836780fffffffff",332,21,13.6504325764155
"hardCorals",2020,"834ceafffffffff",398,31,16.4789089113262
"hardCorals",2020,"834465fffffffff",1239,23,13.4398482140298
"hardCorals",2020,"836620fffffffff",2009,19,12.3137330366283
"hardCorals",2020,"83448cfffffffff",1,1,NA
"hardCorals",2020,"83448efffffffff",1,1,NA
"hardCorals",2020,"836756fffffffff",661,12,9.93542806864349
"hardCorals",2020,"834cc4fffffffff",7,4,NA
"hardCorals",2020,"834ce9fffffffff",2381,40,17.5871211515071
"hardCorals",2020,"834589fffffffff",1,1,NA
"mangroves",1990,"836622fffffffff",2411,3,2.99241907874081
"mangroves",2000,"836756fffffffff",460,2,1.99999999999998
"mangroves",2000,"836622fffffffff",9457,3,2.97627199768303
"mangroves",2010,"8367b2fffffffff",50,3,3
"mangroves",2010,"836620fffffffff",715,2,1.06993006992972
"mangroves",2010,"836604fffffffff",2072,4,3.87998290131798
"mangroves",2010,"8367a0fffffffff",1,1,NA
"mangroves",2010,"836611fffffffff",306,3,2.88615087128207
"mangroves",2010,"836783fffffffff",2779,5,3.29499880263765
"mangroves",2010,"836625fffffffff",217,2,1.99908925285521
"mangroves",2010,"836622fffffffff",18660,4,3.4880099851039
"mangroves",2010,"8367b6fffffffff",54,2,1.9958071278826
"mangroves",2010,"83674cfffffffff",2,1,NA
"mangroves",2010,"836606fffffffff",538,4,3.17706324543484
"mangroves",2010,"836756fffffffff",11,3,NA
"mangroves",2010,"836d05fffffffff",1,1,NA
"mangroves",2010,"836631fffffffff",144,1,1
"mangroves",2020,"836756fffffffff",593,3,2.29761658469658
"mangroves",2020,"836622fffffffff",790,4,3.05441971426748
"marineMammals",1960,"83676bfffffffff",1,1,NA
"marineMammals",1960,"8344b6fffffffff",1,1,NA
"marineMammals",1960,"836769fffffffff",1,1,NA
"marineMammals",1960,"8344aefffffffff",1,1,NA
"marineMammals",1960,"834590fffffffff",1,1,NA
"marineMammals",1960,"836d1cfffffffff",1,1,NA
"marineMammals",1960,"834ce8fffffffff",2,1,NA
"marineMammals",1960,"8344a8fffffffff",3,1,NA
"marineMammals",1960,"83441efffffffff",1,1,NA
"marineMammals",1960,"83458bfffffffff",1,1,NA
"marineMammals",1960,"835f4bfffffffff",1,1,NA
"marineMammals",1960,"8344f6fffffffff",16,1,NA
"marineMammals",1960,"834532fffffffff",1,1,NA
"marineMammals",1960,"834589fffffffff",1,1,NA
"marineMammals",1960,"8344b0fffffffff",3,1,NA
"marineMammals",1960,"834432fffffffff",4,4,NA
"marineMammals",1960,"8344f0fffffffff",2,2,NA
"marineMammals",1960,"834492fffffffff",1,1,NA
"marineMammals",1960,"835f49fffffffff",1,1,NA
"marineMammals",1960,"834486fffffffff",1,1,NA
"marineMammals",1960,"835e71fffffffff",5,1,NA
"marineMammals",1960,"834d32fffffffff",1,1,NA
"marineMammals",1960,"834da6fffffffff",1,1,NA
"marineMammals",1960,"834598fffffffff",1,1,NA
"marineMammals",1960,"834d12fffffffff",1,1,NA
"marineMammals",1960,"8344a3fffffffff",1,1,NA
"marineMammals",1960,"834cb3fffffffff",1,1,NA
"marineMammals",1970,"834432fffffffff",8,5,NA
"marineMammals",1970,"835f49fffffffff",30,2,NA
"marineMammals",1970,"835e40fffffffff",1,1,NA
"marineMammals",1970,"834486fffffffff",5,4,NA
"marineMammals",1970,"834414fffffffff",1,1,NA
"marineMammals",1970,"8344f0fffffffff",55,2,2
"marineMammals",1970,"8344a9fffffffff",24,2,NA
"marineMammals",1970,"834544fffffffff",1,1,NA
"marineMammals",1970,"834c80fffffffff",1,1,NA
"marineMammals",1970,"835e75fffffffff",1,1,NA
"marineMammals",1970,"8344a3fffffffff",1,1,NA
"marineMammals",1970,"834454fffffffff",2,2,NA
"marineMammals",1970,"834c9afffffffff",4,3,NA
"marineMammals",1970,"8366b0fffffffff",1,1,NA
"marineMammals",1970,"83449dfffffffff",1,1,NA
"marineMammals",1970,"835e71fffffffff",10,2,NA
"marineMammals",1970,"834455fffffffff",1,1,NA
"marineMammals",1970,"834d00fffffffff",1,1,NA
"marineMammals",1970,"834d0cfffffffff",1,1,NA
"marineMammals",1970,"8344a1fffffffff",67,2,1.74626865671644
"marineMammals",1970,"834c85fffffffff",1,1,NA
"marineMammals",1970,"834d04fffffffff",1,1,NA
"marineMammals",1970,"834c9efffffffff",1,1,NA
"marineMammals",1970,"834566fffffffff",1,1,NA
"marineMammals",1970,"834412fffffffff",22,1,NA
"marineMammals",1970,"835e42fffffffff",1,1,NA
"marineMammals",1970,"836769fffffffff",11,1,NA
"marineMammals",1970,"834cf6fffffffff",6,1,NA
"marineMammals",1970,"834c95fffffffff",1,1,NA
"marineMammals",1970,"834413fffffffff",37,1,NA
"marineMammals",1970,"834cc0fffffffff",1,1,NA
"marineMammals",1970,"836d0dfffffffff",2,1,NA
"marineMammals",1970,"83441afffffffff",12,1,NA
"marineMammals",1970,"83441bfffffffff",11,1,NA
"marineMammals",1970,"836752fffffffff",1,1,NA
"marineMammals",1970,"834456fffffffff",1,1,NA
"marineMammals",1970,"8344a8fffffffff",36,2,NA
"marineMammals",1970,"8344acfffffffff",8,1,NA
"marineMammals",1970,"834480fffffffff",1,1,NA
"marineMammals",1970,"8344aefffffffff",23,2,NA
"marineMammals",1970,"8366b6fffffffff",1,1,NA
"marineMammals",1970,"83455efffffffff",1,1,NA
"marineMammals",1970,"834ce8fffffffff",2,1,NA
"marineMammals",1970,"834c02fffffffff",1,1,NA
"marineMammals",1970,"8344f4fffffffff",13,1,NA
"marineMammals",1970,"834406fffffffff",1,1,NA
"marineMammals",1970,"834403fffffffff",1,1,NA
"marineMammals",1970,"835f4bfffffffff",33,2,NA
"marineMammals",1970,"8344adfffffffff",2,1,NA
"marineMammals",1970,"834cabfffffffff",1,1,NA
"marineMammals",1970,"83441efffffffff",78,2,1.99986744057948
"marineMammals",1970,"8348b2fffffffff",2,1,NA
"marineMammals",1970,"834462fffffffff",9,1,NA
"marineMammals",1970,"834465fffffffff",1,1,NA
"marineMammals",1970,"834d84fffffffff",1,1,NA
"marineMammals",1970,"834cf0fffffffff",2,1,NA
"marineMammals",1970,"834402fffffffff",1,1,NA
"marineMammals",1970,"8344f6fffffffff",68,2,2
"marineMammals",1970,"834c98fffffffff",2,2,NA
"marineMammals",1970,"834496fffffffff",1,1,NA
"marineMammals",1970,"834ce1fffffffff",1,1,NA
"marineMammals",1970,"8344b0fffffffff",1,1,NA
"marineMammals",1970,"834599fffffffff",1,1,NA
"marineMammals",1970,"8344abfffffffff",48,2,NA
"marineMammals",1970,"834589fffffffff",2,2,NA
"marineMammals",1970,"83458cfffffffff",1,1,NA
"marineMammals",1970,"834ce9fffffffff",1,1,NA
"marineMammals",1970,"8345a3fffffffff",1,1,NA
"marineMammals",1970,"83441cfffffffff",1,1,NA
"marineMammals",1980,"83448afffffffff",2,2,NA
"marineMammals",1980,"834432fffffffff",10,6,NA
"marineMammals",1980,"8344a9fffffffff",42,1,NA
"marineMammals",1980,"8344f0fffffffff",131,2,1.76697756353355
"marineMammals",1980,"836d76fffffffff",27,7,NA
"marineMammals",1980,"834489fffffffff",15,3,NA
"marineMammals",1980,"836d48fffffffff",2,2,NA
"marineMammals",1980,"836d5afffffffff",5,4,NA
"marineMammals",1980,"83458afffffffff",1,1,NA
"marineMammals",1980,"834436fffffffff",11,1,NA
"marineMammals",1980,"834588fffffffff",20,2,NA
"marineMammals",1980,"836d14fffffffff",3,2,NA
"marineMammals",1980,"836d56fffffffff",15,6,NA
"marineMammals",1980,"835f49fffffffff",1,1,NA
"marineMammals",1980,"834486fffffffff",1,1,NA
"marineMammals",1980,"83448dfffffffff",40,4,NA
"marineMammals",1980,"8344b5fffffffff",1,1,NA
"marineMammals",1980,"836d08fffffffff",6,3,NA
"marineMammals",1980,"836d51fffffffff",23,6,NA
"marineMammals",1980,"836d0afffffffff",6,4,NA
"marineMammals",1980,"8344a1fffffffff",96,2,1.77302631578948
"marineMammals",1980,"836d18fffffffff",2,2,NA
"marineMammals",1980,"8344e4fffffffff",2,1,NA
"marineMammals",1980,"836c24fffffffff",9,5,NA
"marineMammals",1980,"83442bfffffffff",1,1,NA
"marineMammals",1980,"8344e5fffffffff",1,1,NA
"marineMammals",1980,"834c82fffffffff",1,1,NA
"marineMammals",1980,"834416fffffffff",2,1,NA
"marineMammals",1980,"836d53fffffffff",6,2,NA
"marineMammals",1980,"834cedfffffffff",8,1,NA
"marineMammals",1980,"835e71fffffffff",7,2,NA
"marineMammals",1980,"836c35fffffffff",4,2,NA
"marineMammals",1980,"83676dfffffffff",1,1,NA
"marineMammals",1980,"83458dfffffffff",15,1,NA
"marineMammals",1980,"836d40fffffffff",1,1,NA
"marineMammals",1980,"834c9efffffffff",3,2,NA
"marineMammals",1980,"836d58fffffffff",5,4,NA
"marineMammals",1980,"836d0dfffffffff",16,7,NA
"marineMammals",1980,"836d50fffffffff",20,4,NA
"marineMammals",1980,"836d09fffffffff",18,9,NA
"marineMammals",1980,"836d42fffffffff",7,3,NA
"marineMammals",1980,"836c15fffffffff",2,2,NA
"marineMammals",1980,"83440cfffffffff",3,1,NA
"marineMammals",1980,"835e6bfffffffff",1,1,NA
"marineMammals",1980,"836769fffffffff",1,1,NA
"marineMammals",1980,"83441afffffffff",66,2,2
"marineMammals",1980,"83441bfffffffff",42,1,NA
"marineMammals",1980,"836d0efffffffff",11,4,NA
"marineMammals",1980,"8366a5fffffffff",3,2,NA
"marineMammals",1980,"834cc0fffffffff",4,1,NA
"marineMammals",1980,"8344b6fffffffff",1,1,NA
"marineMammals",1980,"836d0bfffffffff",2,2,NA
"marineMammals",1980,"835e62fffffffff",1,1,NA
"marineMammals",1980,"834413fffffffff",260,2,1.65943455954843
"marineMammals",1980,"834412fffffffff",108,1,1
"marineMammals",1980,"8344d4fffffffff",1,1,NA
"marineMammals",1980,"83676bfffffffff",2,1,NA
"marineMammals",1980,"836c28fffffffff",3,2,NA
"marineMammals",1980,"834cf6fffffffff",517,1,1
"marineMammals",1980,"836d11fffffffff",12,6,NA
"marineMammals",1980,"834559fffffffff",1,1,NA
"marineMammals",1980,"836c2dfffffffff",14,9,NA
"marineMammals",1980,"836d2bfffffffff",2,1,NA
"marineMammals",1980,"836dadfffffffff",6,3,NA
"marineMammals",1980,"836c22fffffffff",5,3,NA
"marineMammals",1980,"836d15fffffffff",8,3,NA
"marineMammals",1980,"836d19fffffffff",7,5,NA
"marineMammals",1980,"834ceefffffffff",1,1,NA
"marineMammals",1980,"8344b2fffffffff",1,1,NA
"marineMammals",1980,"836d1bfffffffff",1,1,NA
"marineMammals",1980,"834433fffffffff",2,2,NA
"marineMammals",1980,"8344f3fffffffff",2,1,NA
"marineMammals",1980,"836d0cfffffffff",18,5,NA
"marineMammals",1980,"83441efffffffff",748,2,1.97935205497108
"marineMammals",1980,"836612fffffffff",18,2,NA
"marineMammals",1980,"834406fffffffff",1,1,NA
"marineMammals",1980,"83448cfffffffff",2,1,NA
"marineMammals",1980,"834505fffffffff",1,1,NA
"marineMammals",1980,"836c25fffffffff",9,6,NA
"marineMammals",1980,"836c2efffffffff",4,3,NA
"marineMammals",1980,"836620fffffffff",1,1,NA
"marineMammals",1980,"836c23fffffffff",6,2,NA
"marineMammals",1980,"83451bfffffffff",1,1,NA
"marineMammals",1980,"836c26fffffffff",4,3,NA
"marineMammals",1980,"8344f4fffffffff",23,1,NA
"marineMammals",1980,"836c31fffffffff",4,2,NA
"marineMammals",1980,"836d55fffffffff",3,2,NA
"marineMammals",1980,"836d4afffffffff",1,1,NA
"marineMammals",1980,"8344adfffffffff",7,1,NA
"marineMammals",1980,"834430fffffffff",3,1,NA
"marineMammals",1980,"836d52fffffffff",11,4,NA
"marineMammals",1980,"836c21fffffffff",8,3,NA
"marineMammals",1980,"835e46fffffffff",1,1,NA
"marineMammals",1980,"836d01fffffffff",12,6,NA
"marineMammals",1980,"8344abfffffffff",125,4,3.63643515444266
"marineMammals",1980,"836d10fffffffff",29,6,NA
"marineMammals",1980,"83455bfffffffff",2,2,NA
"marineMammals",1980,"834ce9fffffffff",2,1,NA
"marineMammals",1980,"836d54fffffffff",12,5,NA
"marineMammals",1980,"836d4cfffffffff",14,6,NA
"marineMammals",1980,"836c34fffffffff",1,1,NA
"marineMammals",1980,"83451afffffffff",1,1,NA
"marineMammals",1980,"836d46fffffffff",2,2,NA
"marineMammals",1980,"834c93fffffffff",2,2,NA
"marineMammals",1980,"836d73fffffffff",9,4,NA
"marineMammals",1980,"834589fffffffff",2,2,NA
"marineMammals",1980,"836d03fffffffff",4,2,NA
"marineMammals",1980,"8344f6fffffffff",95,4,3.95782707543743
"marineMammals",1980,"834531fffffffff",1,1,NA
"marineMammals",1980,"834434fffffffff",20,2,NA
"marineMammals",1980,"834488fffffffff",1,1,NA
"marineMammals",1980,"8345a3fffffffff",2,1,NA
"marineMammals",1980,"836c20fffffffff",5,3,NA
"marineMammals",1980,"834cf0fffffffff",3,1,NA
"marineMammals",1980,"83441dfffffffff",2,2,NA
"marineMammals",1980,"836741fffffffff",5,1,NA
"marineMammals",1980,"836d5dfffffffff",10,6,NA
"marineMammals",1980,"836d72fffffffff",6,6,NA
"marineMammals",1980,"834c9afffffffff",4,4,NA
"marineMammals",1980,"8344aafffffffff",3,2,NA
"marineMammals",1980,"836d5cfffffffff",2,2,NA
"marineMammals",1980,"836d1dfffffffff",6,2,NA
"marineMammals",1980,"836d4dfffffffff",9,4,NA
"marineMammals",1980,"8344f2fffffffff",32,3,NA
"marineMammals",1980,"836c2cfffffffff",10,5,NA
"marineMammals",1980,"834c05fffffffff",1,1,NA
"marineMammals",1980,"836d4efffffffff",12,5,NA
"marineMammals",1980,"8366b0fffffffff",2,1,NA
"marineMammals",1980,"835f59fffffffff",1,1,NA
"marineMammals",1980,"835e4cfffffffff",1,1,NA
"marineMammals",1980,"834ce8fffffffff",5,2,NA
"marineMammals",1980,"83676afffffffff",1,1,NA
"marineMammals",1980,"8344aefffffffff",69,4,3.37638533674337
"marineMammals",1980,"836d5efffffffff",3,2,NA
"marineMammals",1980,"836c05fffffffff",6,4,NA
"marineMammals",1980,"836d1afffffffff",6,3,NA
"marineMammals",1980,"836d43fffffffff",5,3,NA
"marineMammals",1980,"834464fffffffff",4,3,NA
"marineMammals",1980,"8344a8fffffffff",117,3,2.24319250631092
"marineMammals",1980,"8344a5fffffffff",4,2,NA
"marineMammals",1980,"836c33fffffffff",12,5,NA
"marineMammals",1980,"836d1efffffffff",10,7,NA
"marineMammals",1980,"83440efffffffff",3,2,NA
"marineMammals",1980,"834c86fffffffff",2,2,NA
"marineMammals",1980,"8366a1fffffffff",2,2,NA
"marineMammals",1980,"836d1cfffffffff",6,3,NA
"marineMammals",1980,"834435fffffffff",2,2,NA
"marineMammals",1980,"834c83fffffffff",1,1,NA
"marineMammals",1980,"83451efffffffff",1,1,NA
"marineMammals",1980,"83670bfffffffff",1,1,NA
"marineMammals",1980,"8344acfffffffff",31,1,NA
"marineMammals",1980,"834590fffffffff",1,1,NA
"marineMammals",1990,"8344b1fffffffff",266,17,8.98015463616079
"marineMammals",1990,"835e40fffffffff",30,8,NA
"marineMammals",1990,"8344b5fffffffff",3,2,NA
"marineMammals",1990,"834588fffffffff",14,3,NA
"marineMammals",1990,"834475fffffffff",48,9,NA
"marineMammals",1990,"836d56fffffffff",23,7,NA
"marineMammals",1990,"836d48fffffffff",7,6,NA
"marineMammals",1990,"836d00fffffffff",2,2,NA
"marineMammals",1990,"8344a9fffffffff",222,1,1
"marineMammals",1990,"8344f0fffffffff",252,2,1.99999999906472
"marineMammals",1990,"834489fffffffff",25,3,NA
"marineMammals",1990,"836d70fffffffff",40,7,NA
"marineMammals",1990,"83440bfffffffff",75,10,9.06649130073805
"marineMammals",1990,"834470fffffffff",71,11,10.1425908721941
"marineMammals",1990,"83458afffffffff",1,1,NA
"marineMammals",1990,"834486fffffffff",808,12,5.36599679472069
"marineMammals",1990,"836c32fffffffff",12,5,NA
"marineMammals",1990,"836744fffffffff",2,1,NA
"marineMammals",1990,"835f49fffffffff",12,2,NA
"marineMammals",1990,"836d14fffffffff",18,6,NA
"marineMammals",1990,"836d76fffffffff",34,5,NA
"marineMammals",1990,"834432fffffffff",1,1,NA
"marineMammals",1990,"835e4bfffffffff",2,2,NA
"marineMammals",1990,"83448dfffffffff",80,5,4.70735593520406
"marineMammals",1990,"836722fffffffff",4,2,NA
"marineMammals",1990,"836d05fffffffff",3,2,NA
"marineMammals",1990,"83459efffffffff",1,1,NA
"marineMammals",1990,"835e4afffffffff",1,1,NA
"marineMammals",1990,"83448afffffffff",2,1,NA
"marineMammals",1990,"834414fffffffff",5,1,NA
"marineMammals",1990,"835e5dfffffffff",2,2,NA
"marineMammals",1990,"834408fffffffff",49,11,NA
"marineMammals",1990,"834cedfffffffff",16,4,NA
"marineMammals",1990,"835e71fffffffff",8,4,NA
"marineMammals",1990,"836d08fffffffff",10,7,NA
"marineMammals",1990,"836d51fffffffff",11,6,NA
"marineMammals",1990,"836d49fffffffff",6,4,NA
"marineMammals",1990,"834472fffffffff",115,11,9.05142670782652
"marineMammals",1990,"83442bfffffffff",6,4,NA
"marineMammals",1990,"8344e5fffffffff",33,3,NA
"marineMammals",1990,"8344a1fffffffff",1978,2,1.99999999999999
"marineMammals",1990,"834484fffffffff",17,4,NA
"marineMammals",1990,"836c35fffffffff",25,6,NA
"marineMammals",1990,"8344e4fffffffff",5,3,NA
"marineMammals",1990,"834416fffffffff",8,1,NA
"marineMammals",1990,"836d0afffffffff",19,6,NA
"marineMammals",1990,"836c24fffffffff",21,4,NA
"marineMammals",1990,"836d53fffffffff",6,4,NA
"marineMammals",1990,"834c94fffffffff",2,2,NA
"marineMammals",1990,"836d40fffffffff",10,3,NA
"marineMammals",1990,"836c06fffffffff",5,4,NA
"marineMammals",1990,"834471fffffffff",7,1,NA
"marineMammals",1990,"834c85fffffffff",1,1,NA
"marineMammals",1990,"834d1afffffffff",1,1,NA
"marineMammals",1990,"834892fffffffff",19,2,NA
"marineMammals",1990,"836743fffffffff",20,2,NA
"marineMammals",1990,"83676dfffffffff",1,1,NA
"marineMammals",1990,"836613fffffffff",1,1,NA
"marineMammals",1990,"834d40fffffffff",1,1,NA
"marineMammals",1990,"834476fffffffff",40,9,NA
"marineMammals",1990,"83441dfffffffff",29,7,NA
"marineMammals",1990,"836d4dfffffffff",18,6,NA
"marineMammals",1990,"834429fffffffff",15,5,NA
"marineMammals",1990,"834454fffffffff",54,7,6.99516207063377
"marineMammals",1990,"8344b3fffffffff",12,5,NA
"marineMammals",1990,"836d5dfffffffff",12,6,NA
"marineMammals",1990,"834428fffffffff",17,7,NA
"marineMammals",1990,"836d72fffffffff",32,7,NA
"marineMammals",1990,"834400fffffffff",21,5,NA
"marineMammals",1990,"834894fffffffff",13,3,NA
"marineMammals",1990,"834405fffffffff",18,5,NA
"marineMammals",1990,"836d1dfffffffff",7,3,NA
"marineMammals",1990,"83442afffffffff",10,4,NA
"marineMammals",1990,"8366b0fffffffff",64,8,7.6893560449496
"marineMammals",1990,"836c30fffffffff",6,3,NA
"marineMammals",1990,"836c2cfffffffff",12,4,NA
"marineMammals",1990,"836d13fffffffff",3,2,NA
"marineMammals",1990,"836d4efffffffff",6,3,NA
"marineMammals",1990,"8344aafffffffff",2,1,NA
"marineMammals",1990,"836c04fffffffff",2,2,NA
"marineMammals",1990,"834419fffffffff",29,2,NA
"marineMammals",1990,"836d5cfffffffff",37,7,NA
"marineMammals",1990,"836d44fffffffff",4,4,NA
"marineMammals",1990,"836d75fffffffff",6,2,NA
"marineMammals",1990,"8344e6fffffffff",8,2,NA
"marineMammals",1990,"8344f5fffffffff",3,1,NA
"marineMammals",1990,"8344f2fffffffff",65,3,2.76923076923077
"marineMammals",1990,"834410fffffffff",2,1,NA
"marineMammals",1990,"834c9afffffffff",15,3,NA
"marineMammals",1990,"83676efffffffff",2,1,NA
"marineMammals",1990,"834523fffffffff",1,1,NA
"marineMammals",1990,"834473fffffffff",3,1,NA
"marineMammals",1990,"8366b6fffffffff",37,8,NA
"marineMammals",1990,"836d74fffffffff",1,1,NA
"marineMammals",1990,"834480fffffffff",5,2,NA
"marineMammals",1990,"836d43fffffffff",8,6,NA
"marineMammals",1990,"834456fffffffff",31,5,NA
"marineMammals",1990,"836d1afffffffff",13,5,NA
"marineMammals",1990,"836d5efffffffff",10,6,NA
"marineMammals",1990,"834ce8fffffffff",3,3,NA
"marineMammals",1990,"8366a1fffffffff",19,3,NA
"marineMammals",1990,"8344a5fffffffff",347,2,1.9999999999943
"marineMammals",1990,"83440efffffffff",45,5,NA
"marineMammals",1990,"834ce3fffffffff",4,1,NA
"marineMammals",1990,"834435fffffffff",3,2,NA
"marineMammals",1990,"836746fffffffff",1,1,NA
"marineMammals",1990,"836c05fffffffff",7,4,NA
"marineMammals",1990,"834464fffffffff",28,8,NA
"marineMammals",1990,"836d1cfffffffff",1,1,NA
"marineMammals",1990,"834cebfffffffff",2,2,NA
"marineMammals",1990,"835e49fffffffff",1,1,NA
"marineMammals",1990,"836c33fffffffff",8,3,NA
"marineMammals",1990,"834c96fffffffff",1,1,NA
"marineMammals",1990,"8344a8fffffffff",524,3,2.07417264264167
"marineMammals",1990,"834cc5fffffffff",8,2,NA
"marineMammals",1990,"8345aefffffffff",2,1,NA
"marineMammals",1990,"8344aefffffffff",677,2,1.46050489574791
"marineMammals",1990,"834c83fffffffff",1,1,NA
"marineMammals",1990,"834418fffffffff",18,2,NA
"marineMammals",1990,"8344acfffffffff",69,1,1
"marineMammals",1990,"8344a2fffffffff",10,6,NA
"marineMammals",1990,"834433fffffffff",24,6,NA
"marineMammals",1990,"834403fffffffff",52,9,8.84615384615384
"marineMammals",1990,"836c25fffffffff",24,9,NA
"marineMammals",1990,"836c2efffffffff",15,7,NA
"marineMammals",1990,"836d0cfffffffff",16,3,NA
"marineMammals",1990,"83451bfffffffff",3,2,NA
"marineMammals",1990,"834465fffffffff",25,10,NA
"marineMammals",1990,"836c23fffffffff",23,8,NA
"marineMammals",1990,"83441efffffffff",2702,3,2.088827668872
"marineMammals",1990,"836612fffffffff",12,3,NA
"marineMammals",1990,"834406fffffffff",74,9,8.33770721827872
"marineMammals",1990,"834896fffffffff",17,9,NA
"marineMammals",1990,"836c26fffffffff",22,6,NA
"marineMammals",1990,"836c31fffffffff",13,7,NA
"marineMammals",1990,"836d55fffffffff",14,8,NA
"marineMammals",1990,"836d41fffffffff",13,6,NA
"marineMammals",1990,"836da9fffffffff",4,4,NA
"marineMammals",1990,"836d68fffffffff",8,1,NA
"marineMammals",1990,"834ceafffffffff",5,2,NA
"marineMammals",1990,"836731fffffffff",1,1,NA
"marineMammals",1990,"834890fffffffff",9,2,NA
"marineMammals",1990,"8348b2fffffffff",3,1,NA
"marineMammals",1990,"834460fffffffff",22,5,NA
"marineMammals",1990,"83448cfffffffff",14,2,NA
"marineMammals",1990,"834ce0fffffffff",1,1,NA
"marineMammals",1990,"834404fffffffff",9,2,NA
"marineMammals",1990,"8344f4fffffffff",453,1,1
"marineMammals",1990,"834c81fffffffff",1,1,NA
"marineMammals",1990,"834cd2fffffffff",1,1,NA
"marineMammals",1990,"8344f3fffffffff",44,2,NA
"marineMammals",1990,"8344adfffffffff",46,1,NA
"marineMammals",1990,"834498fffffffff",2,1,NA
"marineMammals",1990,"836d4afffffffff",1,1,NA
"marineMammals",1990,"835e66fffffffff",29,7,NA
"marineMammals",1990,"834488fffffffff",10,5,NA
"marineMammals",1990,"836d01fffffffff",22,5,NA
"marineMammals",1990,"836d52fffffffff",11,7,NA
"marineMammals",1990,"83455bfffffffff",33,11,NA
"marineMammals",1990,"83441cfffffffff",17,3,NA
"marineMammals",1990,"835e43fffffffff",61,10,9.24791554150534
"marineMammals",1990,"835e46fffffffff",30,7,NA
"marineMammals",1990,"8344abfffffffff",411,4,3.02966283196994
"marineMammals",1990,"836d54fffffffff",22,7,NA
"marineMammals",1990,"836d73fffffffff",15,7,NA
"marineMammals",1990,"834589fffffffff",4,3,NA
"marineMammals",1990,"834c98fffffffff",4,1,NA
"marineMammals",1990,"834402fffffffff",15,3,NA
"marineMammals",1990,"834cecfffffffff",2,2,NA
"marineMammals",1990,"834d4afffffffff",22,2,NA
"marineMammals",1990,"836c20fffffffff",11,6,NA
"marineMammals",1990,"836d6afffffffff",31,8,NA
"marineMammals",1990,"83458cfffffffff",2,2,NA
"marineMammals",1990,"836d02fffffffff",5,4,NA
"marineMammals",1990,"836d4cfffffffff",8,4,NA
"marineMammals",1990,"8344b0fffffffff",12,4,NA
"marineMammals",1990,"836d6efffffffff",15,3,NA
"marineMammals",1990,"834c84fffffffff",1,1,NA
"marineMammals",1990,"8366b2fffffffff",10,5,NA
"marineMammals",1990,"834ce9fffffffff",1,1,NA
"marineMammals",1990,"836d46fffffffff",7,4,NA
"marineMammals",1990,"836d16fffffffff",2,2,NA
"marineMammals",1990,"836d03fffffffff",6,5,NA
"marineMammals",1990,"8344f6fffffffff",251,4,3.35930508383301
"marineMammals",1990,"834584fffffffff",2,2,NA
"marineMammals",1990,"834cc4fffffffff",16,2,NA
"marineMammals",1990,"834cf0fffffffff",110,1,1
"marineMammals",1990,"8366b5fffffffff",13,1,NA
"marineMammals",1990,"835e58fffffffff",1,1,NA
"marineMammals",1990,"834c22fffffffff",1,1,NA
"marineMammals",1990,"834504fffffffff",1,1,NA
"marineMammals",1990,"836c21fffffffff",7,3,NA
"marineMammals",1990,"834cf3fffffffff",343,1,1
"marineMammals",1990,"8345b2fffffffff",1,1,NA
"marineMammals",1990,"83451afffffffff",1,1,NA
"marineMammals",1990,"834cc0fffffffff",69,3,2.44927536231882
"marineMammals",1990,"835e48fffffffff",1,1,NA
"marineMammals",1990,"8366b4fffffffff",2,1,NA
"marineMammals",1990,"834466fffffffff",38,11,NA
"marineMammals",1990,"836d58fffffffff",6,4,NA
"marineMammals",1990,"836d42fffffffff",36,7,NA
"marineMammals",1990,"83440afffffffff",34,6,NA
"marineMammals",1990,"836d0bfffffffff",16,6,NA
"marineMammals",1990,"836d0dfffffffff",21,7,NA
"marineMammals",1990,"836d63fffffffff",34,6,NA
"marineMammals",1990,"836d50fffffffff",20,8,NA
"marineMammals",1990,"83440cfffffffff",10,3,NA
"marineMammals",1990,"835e62fffffffff",5,5,NA
"marineMammals",1990,"83441bfffffffff",176,1,1
"marineMammals",1990,"834474fffffffff",26,11,NA
"marineMammals",1990,"836769fffffffff",1,1,NA
"marineMammals",1990,"83441afffffffff",550,2,1.99456170001167
"marineMammals",1990,"83454bfffffffff",13,8,NA
"marineMammals",1990,"836d04fffffffff",8,2,NA
"marineMammals",1990,"8344b6fffffffff",2,2,NA
"marineMammals",1990,"834548fffffffff",1,1,NA
"marineMammals",1990,"834485fffffffff",18,4,NA
"marineMammals",1990,"836c28fffffffff",3,3,NA
"marineMammals",1990,"836d09fffffffff",5,4,NA
"marineMammals",1990,"835e42fffffffff",10,3,NA
"marineMammals",1990,"836d0efffffffff",3,2,NA
"marineMammals",1990,"8366a5fffffffff",1,1,NA
"marineMammals",1990,"834412fffffffff",1066,1,1
"marineMammals",1990,"8345b6fffffffff",1,1,NA
"marineMammals",1990,"83455afffffffff",8,3,NA
"marineMammals",1990,"834d49fffffffff",1,1,NA
"marineMammals",1990,"834413fffffffff",1754,2,1.9369501877685
"marineMammals",1990,"834cf6fffffffff",1763,1,1
"marineMammals",1990,"8345b4fffffffff",1,1,NA
"marineMammals",1990,"834cf5fffffffff",1,1,NA
"marineMammals",1990,"835e75fffffffff",2,2,NA
"marineMammals",1990,"83440dfffffffff",30,5,NA
"marineMammals",1990,"834549fffffffff",8,6,NA
"marineMammals",1990,"834401fffffffff",7,4,NA
"marineMammals",1990,"836d11fffffffff",7,3,NA
"marineMammals",1990,"836d71fffffffff",13,4,NA
"marineMammals",1990,"834461fffffffff",1,1,NA
"marineMammals",1990,"834cc1fffffffff",3,3,NA
"marineMammals",1990,"836c2dfffffffff",21,6,NA
"marineMammals",1990,"83454afffffffff",11,7,NA
"marineMammals",1990,"834559fffffffff",21,7,NA
"marineMammals",1990,"834409fffffffff",87,11,9.21717168310716
"marineMammals",1990,"836d2bfffffffff",15,3,NA
"marineMammals",1990,"836d62fffffffff",16,5,NA
"marineMammals",1990,"834cb3fffffffff",3,2,NA
"marineMammals",1990,"834519fffffffff",1,1,NA
"marineMammals",1990,"834483fffffffff",2,1,NA
"marineMammals",1990,"836d19fffffffff",7,2,NA
"marineMammals",1990,"836dadfffffffff",3,2,NA
"marineMammals",1990,"836c22fffffffff",13,4,NA
"marineMammals",1990,"836d1bfffffffff",6,4,NA
"marineMammals",1990,"836d06fffffffff",5,4,NA
"marineMammals",1990,"834415fffffffff",16,4,NA
"marineMammals",1990,"836d15fffffffff",8,5,NA
"marineMammals",1990,"836d6bfffffffff",14,5,NA
"marineMammals",1990,"8344a3fffffffff",4,2,NA
"marineMammals",1990,"834411fffffffff",28,2,NA
"marineMammals",1990,"836d2afffffffff",4,2,NA
"marineMammals",1990,"834d4bfffffffff",2,2,NA
"marineMammals",1990,"834558fffffffff",4,2,NA
"marineMammals",1990,"836d45fffffffff",3,3,NA
"marineMammals",1990,"834ceefffffffff",18,2,NA
"marineMammals",1990,"834cf4fffffffff",1,1,NA
"marineMammals",1990,"834c80fffffffff",1,1,NA
"marineMammals",1990,"836773fffffffff",1,1,NA
"marineMammals",2000,"8366b0fffffffff",93,5,4.1074765016253
"marineMammals",2000,"834405fffffffff",5,4,NA
"marineMammals",2000,"834894fffffffff",65,5,4.53809797409685
"marineMammals",2000,"835f59fffffffff",11,3,NA
"marineMammals",2000,"834400fffffffff",3,2,NA
"marineMammals",2000,"834476fffffffff",55,7,6.71342354361223
"marineMammals",2000,"836c04fffffffff",16,6,NA
"marineMammals",2000,"836d13fffffffff",5,3,NA
"marineMammals",2000,"836d4efffffffff",18,5,NA
"marineMammals",2000,"8344f2fffffffff",87,4,3.14942528735633
"marineMammals",2000,"836c30fffffffff",1,1,NA
"marineMammals",2000,"834419fffffffff",11,2,NA
"marineMammals",2000,"836d4dfffffffff",18,10,NA
"marineMammals",2000,"834546fffffffff",3,1,NA
"marineMammals",2000,"834429fffffffff",8,3,NA
"marineMammals",2000,"834454fffffffff",102,4,2.9731476179759
"marineMammals",2000,"835e4efffffffff",3,3,NA
"marineMammals",2000,"836d5cfffffffff",9,5,NA
"marineMammals",2000,"836d44fffffffff",4,4,NA
"marineMammals",2000,"834c9afffffffff",167,6,2.70802972368488
"marineMammals",2000,"836d5dfffffffff",1,1,NA
"marineMammals",2000,"83450bfffffffff",2,1,NA
"marineMammals",2000,"834598fffffffff",57,4,3.87599681020733
"marineMammals",2000,"836d75fffffffff",9,3,NA
"marineMammals",2000,"834473fffffffff",11,3,NA
"marineMammals",2000,"834555fffffffff",1,1,NA
"marineMammals",2000,"834428fffffffff",5,1,NA
"marineMammals",2000,"83459dfffffffff",19,5,NA
"marineMammals",2000,"83441dfffffffff",9,4,NA
"marineMammals",2000,"836d1dfffffffff",4,2,NA
"marineMammals",2000,"8344e6fffffffff",252,2,1.97432356669232
"marineMammals",2000,"8344f5fffffffff",9,1,NA
"marineMammals",2000,"836c2cfffffffff",1,1,NA
"marineMammals",2000,"835e51fffffffff",1,1,NA
"marineMammals",2000,"83442afffffffff",8,3,NA
"marineMammals",2000,"83676efffffffff",3,2,NA
"marineMammals",2000,"8344b3fffffffff",3,2,NA
"marineMammals",2000,"834583fffffffff",1,1,NA
"marineMammals",2000,"834d12fffffffff",2,1,NA
"marineMammals",2000,"836741fffffffff",19,1,NA
"marineMammals",2000,"835e65fffffffff",1,1,NA
"marineMammals",2000,"8345b0fffffffff",3,2,NA
"marineMammals",2000,"8344b6fffffffff",8,4,NA
"marineMammals",2000,"834566fffffffff",1,1,NA
"marineMammals",2000,"836c15fffffffff",3,2,NA
"marineMammals",2000,"83441bfffffffff",282,3,2.49810703036671
"marineMammals",2000,"83440afffffffff",13,6,NA
"marineMammals",2000,"83440cfffffffff",11,5,NA
"marineMammals",2000,"836d63fffffffff",9,4,NA
"marineMammals",2000,"835f5afffffffff",15,5,NA
"marineMammals",2000,"835e44fffffffff",3,2,NA
"marineMammals",2000,"836d69fffffffff",4,1,NA
"marineMammals",2000,"834551fffffffff",3,1,NA
"marineMammals",2000,"834466fffffffff",315,4,1.97008833990225
"marineMammals",2000,"834d49fffffffff",10,5,NA
"marineMammals",2000,"835e42fffffffff",30,7,NA
"marineMammals",2000,"836d09fffffffff",6,4,NA
"marineMammals",2000,"836d0efffffffff",12,5,NA
"marineMammals",2000,"834474fffffffff",111,5,3.34468171394967
"marineMammals",2000,"835f5efffffffff",2,2,NA
"marineMammals",2000,"836d42fffffffff",5,3,NA
"marineMammals",2000,"83441afffffffff",663,2,1.58077700640035
"marineMammals",2000,"8366a5fffffffff",4,1,NA
"marineMammals",2000,"836d04fffffffff",6,2,NA
"marineMammals",2000,"836d0dfffffffff",6,2,NA
"marineMammals",2000,"83454bfffffffff",91,4,3.5616206515083
"marineMammals",2000,"835e62fffffffff",2,2,NA
"marineMammals",2000,"834412fffffffff",1032,1,1
"marineMammals",2000,"836d0bfffffffff",7,5,NA
"marineMammals",2000,"834554fffffffff",13,2,NA
"marineMammals",2000,"83455afffffffff",3,1,NA
"marineMammals",2000,"834cf6fffffffff",1242,2,1.04025764895361
"marineMammals",2000,"836d58fffffffff",8,5,NA
"marineMammals",2000,"836769fffffffff",3,2,NA
"marineMammals",2000,"836d50fffffffff",8,4,NA
"marineMammals",2000,"834463fffffffff",13,1,NA
"marineMammals",2000,"834413fffffffff",1873,2,1.99067718194557
"marineMammals",2000,"836d60fffffffff",14,1,NA
"marineMammals",2000,"836626fffffffff",1,1,NA
"marineMammals",2000,"834420fffffffff",1,1,NA
"marineMammals",2000,"836750fffffffff",1,1,NA
"marineMammals",2000,"8366b4fffffffff",11,1,NA
"marineMammals",2000,"835e5efffffffff",1,1,NA
"marineMammals",2000,"834d93fffffffff",1,1,NA
"marineMammals",2000,"834548fffffffff",8,1,NA
"marineMammals",2000,"836612fffffffff",4,2,NA
"marineMammals",2000,"836d68fffffffff",38,2,NA
"marineMammals",2000,"834562fffffffff",2,1,NA
"marineMammals",2000,"834430fffffffff",13,1,NA
"marineMammals",2000,"834896fffffffff",646,8,2.22201278373696
"marineMammals",2000,"834406fffffffff",22,8,NA
"marineMammals",2000,"835f5bfffffffff",14,4,NA
"marineMammals",2000,"836d4afffffffff",4,3,NA
"marineMammals",2000,"835f4bfffffffff",4,3,NA
"marineMammals",2000,"836d0cfffffffff",6,4,NA
"marineMammals",2000,"83441efffffffff",3396,2,1.99841864332925
"marineMammals",2000,"834465fffffffff",238,7,3.62136209031254
"marineMammals",2000,"835f58fffffffff",13,3,NA
"marineMammals",2000,"834433fffffffff",5,5,NA
"marineMammals",2000,"836da9fffffffff",10,4,NA
"marineMammals",2000,"834505fffffffff",387,1,1
"marineMammals",2000,"834890fffffffff",13,3,NA
"marineMammals",2000,"8344a2fffffffff",3,3,NA
"marineMammals",2000,"834460fffffffff",30,4,NA
"marineMammals",2000,"834403fffffffff",15,6,NA
"marineMammals",2000,"8348b2fffffffff",16,2,NA
"marineMammals",2000,"836c23fffffffff",13,7,NA
"marineMammals",2000,"836c36fffffffff",4,4,NA
"marineMammals",2000,"834404fffffffff",5,3,NA
"marineMammals",2000,"836c31fffffffff",20,5,NA
"marineMammals",2000,"8344f4fffffffff",498,1,1
"marineMammals",2000,"836d55fffffffff",1,1,NA
"marineMammals",2000,"836c26fffffffff",2,2,NA
"marineMammals",2000,"834cabfffffffff",2,1,NA
"marineMammals",2000,"836c2efffffffff",4,3,NA
"marineMammals",2000,"834422fffffffff",1,1,NA
"marineMammals",2000,"834462fffffffff",5,2,NA
"marineMammals",2000,"834ceafffffffff",14,1,NA
"marineMammals",2000,"834da1fffffffff",2,1,NA
"marineMammals",2000,"8344adfffffffff",35,1,NA
"marineMammals",2000,"83458bfffffffff",1,1,NA
"marineMammals",2000,"834c9cfffffffff",1,1,NA
"marineMammals",2000,"8366a2fffffffff",3,1,NA
"marineMammals",2000,"836620fffffffff",1,1,NA
"marineMammals",2000,"834993fffffffff",69,2,1.98150551589877
"marineMammals",2000,"836c25fffffffff",1,1,NA
"marineMammals",2000,"834996fffffffff",1,1,NA
"marineMammals",2000,"834486fffffffff",165,9,5.55764037160262
"marineMammals",2000,"834470fffffffff",2272,11,1.7355147010806
"marineMammals",2000,"835e40fffffffff",16,4,NA
"marineMammals",2000,"834489fffffffff",13,3,NA
"marineMammals",2000,"8344b5fffffffff",51391,10,1.09483015118233
"marineMammals",2000,"836d70fffffffff",13,4,NA
"marineMammals",2000,"836d76fffffffff",53,5,4.99778024417314
"marineMammals",2000,"83440bfffffffff",42,8,NA
"marineMammals",2000,"836d48fffffffff",20,7,NA
"marineMammals",2000,"834432fffffffff",8,6,NA
"marineMammals",2000,"8344b1fffffffff",1232,18,7.48059191249204
"marineMammals",2000,"834475fffffffff",270,7,3.7524001864962
"marineMammals",2000,"835e4bfffffffff",15,2,NA
"marineMammals",2000,"836d14fffffffff",19,8,NA
"marineMammals",2000,"83448dfffffffff",25,5,NA
"marineMammals",2000,"835e5cfffffffff",25,7,NA
"marineMammals",2000,"836d56fffffffff",18,5,NA
"marineMammals",2000,"83458afffffffff",38,1,NA
"marineMammals",2000,"836d05fffffffff",10,3,NA
"marineMammals",2000,"83456bfffffffff",1,1,NA
"marineMammals",2000,"836d00fffffffff",24,6,NA
"marineMammals",2000,"835f49fffffffff",6,2,NA
"marineMammals",2000,"836d66fffffffff",2,1,NA
"marineMammals",2000,"834564fffffffff",3,1,NA
"marineMammals",2000,"834569fffffffff",1,1,NA
"marineMammals",2000,"834414fffffffff",2,2,NA
"marineMammals",2000,"834580fffffffff",1,1,NA
"marineMammals",2000,"8366b1fffffffff",3,1,NA
"marineMammals",2000,"834588fffffffff",104,3,2.4119909937222
"marineMammals",2000,"83458efffffffff",1,1,NA
"marineMammals",2000,"835e4afffffffff",1,1,NA
"marineMammals",2000,"8344a9fffffffff",299,1,1
"marineMammals",2000,"8344f0fffffffff",194,1,1
"marineMammals",2000,"835e43fffffffff",118,14,10.9070438055203
"marineMammals",2000,"835e46fffffffff",46,13,NA
"marineMammals",2000,"835e66fffffffff",14,8,NA
"marineMammals",2000,"834992fffffffff",17,2,NA
"marineMammals",2000,"834589fffffffff",9,7,NA
"marineMammals",2000,"836d46fffffffff",9,3,NA
"marineMammals",2000,"836756fffffffff",1,1,NA
"marineMammals",2000,"834402fffffffff",9,3,NA
"marineMammals",2000,"8344b0fffffffff",20,9,NA
"marineMammals",2000,"836d6afffffffff",19,5,NA
"marineMammals",2000,"836d6efffffffff",13,3,NA
"marineMammals",2000,"8344abfffffffff",460,2,1.1086956521737
"marineMammals",2000,"836d10fffffffff",21,8,NA
"marineMammals",2000,"83458cfffffffff",2,1,NA
"marineMammals",2000,"836c21fffffffff",31,7,NA
"marineMammals",2000,"836d03fffffffff",2,2,NA
"marineMammals",2000,"834cc4fffffffff",1,1,NA
"marineMammals",2000,"8366b5fffffffff",18,1,NA
"marineMammals",2000,"835e55fffffffff",2,2,NA
"marineMammals",2000,"834ce9fffffffff",8,2,NA
"marineMammals",2000,"836d4cfffffffff",9,6,NA
"marineMammals",2000,"8345a3fffffffff",2,1,NA
"marineMammals",2000,"8344f6fffffffff",289,2,1.17301038062305
"marineMammals",2000,"836d73fffffffff",7,4,NA
"marineMammals",2000,"836c20fffffffff",5,2,NA
"marineMammals",2000,"83455bfffffffff",8,2,NA
"marineMammals",2000,"836d16fffffffff",6,5,NA
"marineMammals",2000,"834531fffffffff",4,1,NA
"marineMammals",2000,"836d52fffffffff",4,3,NA
"marineMammals",2000,"834cf3fffffffff",3,1,NA
"marineMammals",2000,"834d56fffffffff",1,1,NA
"marineMammals",2000,"8345b2fffffffff",1,1,NA
"marineMammals",2000,"83441cfffffffff",5,2,NA
"marineMammals",2000,"834c98fffffffff",14,1,NA
"marineMammals",2000,"834495fffffffff",1,1,NA
"marineMammals",2000,"834484fffffffff",29,10,NA
"marineMammals",2000,"83449bfffffffff",1,1,NA
"marineMammals",2000,"8348b6fffffffff",3,1,NA
"marineMammals",2000,"834db5fffffffff",3,2,NA
"marineMammals",2000,"834892fffffffff",11,3,NA
"marineMammals",2000,"835e5dfffffffff",20,9,NA
"marineMammals",2000,"8344e4fffffffff",678,3,1.70589574853777
"marineMammals",2000,"834471fffffffff",3,3,NA
"marineMammals",2000,"834408fffffffff",88,6,5.12401276830891
"marineMammals",2000,"8344e5fffffffff",131,3,2.89614141078096
"marineMammals",2000,"8344a1fffffffff",2328,2,1.99999999999755
"marineMammals",2000,"834472fffffffff",2216,9,1.88991253942743
"marineMammals",2000,"834c94fffffffff",7,5,NA
"marineMammals",2000,"836d0afffffffff",3,3,NA
"marineMammals",2000,"836743fffffffff",70,5,4.63560818337773
"marineMammals",2000,"836d51fffffffff",42,9,NA
"marineMammals",2000,"836c06fffffffff",10,7,NA
"marineMammals",2000,"836d18fffffffff",3,3,NA
"marineMammals",2000,"836d53fffffffff",3,3,NA
"marineMammals",2000,"83442bfffffffff",8,2,NA
"marineMammals",2000,"834416fffffffff",23,2,NA
"marineMammals",2000,"834d1afffffffff",1,1,NA
"marineMammals",2000,"836611fffffffff",1,1,NA
"marineMammals",2000,"836d08fffffffff",5,4,NA
"marineMammals",2000,"836d49fffffffff",1,1,NA
"marineMammals",2000,"83454dfffffffff",49,1,NA
"marineMammals",2000,"835e71fffffffff",7,2,NA
"marineMammals",2000,"836d40fffffffff",10,3,NA
"marineMammals",2000,"835e45fffffffff",1,1,NA
"marineMammals",2000,"836c35fffffffff",1,1,NA
"marineMammals",2000,"834499fffffffff",2,1,NA
"marineMammals",2000,"836c24fffffffff",5,3,NA
"marineMammals",2000,"834ce3fffffffff",2,2,NA
"marineMammals",2000,"834ce8fffffffff",24,6,NA
"marineMammals",2000,"836c33fffffffff",12,7,NA
"marineMammals",2000,"836d1efffffffff",7,4,NA
"marineMammals",2000,"8366b6fffffffff",21,7,NA
"marineMammals",2000,"836746fffffffff",3,2,NA
"marineMammals",2000,"836d1cfffffffff",8,4,NA
"marineMammals",2000,"834464fffffffff",315,10,3.05251653757711
"marineMammals",2000,"8344b4fffffffff",9,3,NA
"marineMammals",2000,"834575fffffffff",2,1,NA
"marineMammals",2000,"836622fffffffff",157,1,1
"marineMammals",2000,"835e41fffffffff",2,1,NA
"marineMammals",2000,"835e49fffffffff",1,1,NA
"marineMammals",2000,"83440efffffffff",12,4,NA
"marineMammals",2000,"836d43fffffffff",10,5,NA
"marineMammals",2000,"8344a5fffffffff",418,3,2.11961722488046
"marineMammals",2000,"836752fffffffff",1,1,NA
"marineMammals",2000,"83679efffffffff",6,2,NA
"marineMammals",2000,"834456fffffffff",11,3,NA
"marineMammals",2000,"8366a1fffffffff",9,2,NA
"marineMammals",2000,"83442dfffffffff",5,1,NA
"marineMammals",2000,"834435fffffffff",2,1,NA
"marineMammals",2000,"834cc5fffffffff",2,2,NA
"marineMammals",2000,"834565fffffffff",2,2,NA
"marineMammals",2000,"834418fffffffff",22,3,NA
"marineMammals",2000,"836d1afffffffff",4,3,NA
"marineMammals",2000,"836d5efffffffff",9,5,NA
"marineMammals",2000,"83455efffffffff",1,1,NA
"marineMammals",2000,"834da2fffffffff",2,2,NA
"marineMammals",2000,"8344a8fffffffff",585,1,1
"marineMammals",2000,"8344acfffffffff",64,1,1
"marineMammals",2000,"834c96fffffffff",1,1,NA
"marineMammals",2000,"834480fffffffff",2,2,NA
"marineMammals",2000,"836d74fffffffff",8,1,NA
"marineMammals",2000,"834421fffffffff",1,1,NA
"marineMammals",2000,"834509fffffffff",1,1,NA
"marineMammals",2000,"8344aefffffffff",893,1,1
"marineMammals",2000,"834cb2fffffffff",2,2,NA
"marineMammals",2000,"83676afffffffff",1,1,NA
"marineMammals",2000,"83679bfffffffff",2,1,NA
"marineMammals",2000,"834452fffffffff",2,1,NA
"marineMammals",2000,"83446cfffffffff",4,1,NA
"marineMammals",2000,"834556fffffffff",1,1,NA
"marineMammals",2000,"836d06fffffffff",10,4,NA
"marineMammals",2000,"836d2bfffffffff",23,3,NA
"marineMammals",2000,"83454afffffffff",10,3,NA
"marineMammals",2000,"834409fffffffff",568,11,3.23821148642209
"marineMammals",2000,"834501fffffffff",44,3,NA
"marineMammals",2000,"834415fffffffff",2,2,NA
"marineMammals",2000,"836d6bfffffffff",26,5,NA
"marineMammals",2000,"836d19fffffffff",2,2,NA
"marineMammals",2000,"836c22fffffffff",6,4,NA
"marineMammals",2000,"836d1bfffffffff",3,3,NA
"marineMammals",2000,"834411fffffffff",9,2,NA
"marineMammals",2000,"836d2afffffffff",8,3,NA
"marineMammals",2000,"834544fffffffff",1,1,NA
"marineMammals",2000,"834549fffffffff",480,2,1.19767745302702
"marineMammals",2000,"835e75fffffffff",1,1,NA
"marineMammals",2000,"834401fffffffff",8,3,NA
"marineMammals",2000,"83440dfffffffff",107,4,2.91450012542912
"marineMammals",2000,"836d62fffffffff",42,5,NA
"marineMammals",2000,"836c2dfffffffff",4,4,NA
"marineMammals",2000,"834559fffffffff",30,6,NA
"marineMammals",2000,"834558fffffffff",5,3,NA
"marineMammals",2000,"836dadfffffffff",12,4,NA
"marineMammals",2000,"836d15fffffffff",11,3,NA
"marineMammals",2000,"836d45fffffffff",7,3,NA
"marineMammals",2000,"834cb3fffffffff",3,3,NA
"marineMammals",2000,"834560fffffffff",2,1,NA
"marineMammals",2000,"83449cfffffffff",1,1,NA
"marineMammals",2000,"8367a6fffffffff",1,1,NA
"marineMammals",2000,"83450efffffffff",33,2,NA
"marineMammals",2000,"836d71fffffffff",4,2,NA
"marineMammals",2000,"834522fffffffff",1,1,NA
"marineMammals",2000,"834d4bfffffffff",1,1,NA
"marineMammals",2000,"836773fffffffff",3,1,NA
"marineMammals",2000,"834572fffffffff",2,1,NA
"marineMammals",2000,"834540fffffffff",2,1,NA
"marineMammals",2000,"834596fffffffff",3,2,NA
"marineMammals",2000,"834895fffffffff",3,1,NA
"marineMammals",2000,"834553fffffffff",3,1,NA
"marineMammals",2000,"834461fffffffff",14,1,NA
"marineMammals",2010,"8366b4fffffffff",17,1,NA
"marineMammals",2010,"83440afffffffff",12,4,NA
"marineMammals",2010,"834466fffffffff",4,2,NA
"marineMammals",2010,"83440cfffffffff",5,2,NA
"marineMammals",2010,"835e48fffffffff",1,1,NA
"marineMammals",2010,"834c20fffffffff",1,1,NA
"marineMammals",2010,"83441afffffffff",809,2,1.43849078211813
"marineMammals",2010,"836769fffffffff",1,1,NA
"marineMammals",2010,"83441bfffffffff",248,3,2.1973395502588
"marineMammals",2010,"834cf6fffffffff",475,2,1.10526315789477
"marineMammals",2010,"835e42fffffffff",23,4,NA
"marineMammals",2010,"83676bfffffffff",2,1,NA
"marineMammals",2010,"834412fffffffff",996,2,1.18644188782727
"marineMammals",2010,"834413fffffffff",2439,2,1.28283272973202
"marineMammals",2010,"834474fffffffff",28,4,NA
"marineMammals",2010,"834cc0fffffffff",1,1,NA
"marineMammals",2010,"8344d4fffffffff",2,1,NA
"marineMammals",2010,"834893fffffffff",1,1,NA
"marineMammals",2010,"83454bfffffffff",4,1,NA
"marineMammals",2010,"834d49fffffffff",3,2,NA
"marineMammals",2010,"834c2afffffffff",1,1,NA
"marineMammals",2010,"83455afffffffff",2,1,NA
"marineMammals",2010,"834554fffffffff",1,1,NA
"marineMammals",2010,"834463fffffffff",53,1,1
"marineMammals",2010,"836d15fffffffff",79,1,1
"marineMammals",2010,"834481fffffffff",1,1,NA
"marineMammals",2010,"834549fffffffff",12,2,NA
"marineMammals",2010,"834ceefffffffff",8,8,NA
"marineMammals",2010,"834401fffffffff",7,3,NA
"marineMammals",2010,"834895fffffffff",2,1,NA
"marineMammals",2010,"836631fffffffff",1,1,NA
"marineMammals",2010,"834559fffffffff",4,3,NA
"marineMammals",2010,"836d62fffffffff",1,1,NA
"marineMammals",2010,"834cc1fffffffff",1,1,NA
"marineMammals",2010,"834461fffffffff",35,1,NA
"marineMammals",2010,"834d4bfffffffff",4,3,NA
"marineMammals",2010,"834d11fffffffff",1,1,NA
"marineMammals",2010,"836773fffffffff",5,1,NA
"marineMammals",2010,"83450efffffffff",86,4,3.58137079044498
"marineMammals",2010,"83454afffffffff",2,1,NA
"marineMammals",2010,"834409fffffffff",4,2,NA
"marineMammals",2010,"834501fffffffff",29,2,NA
"marineMammals",2010,"834415fffffffff",10,2,NA
"marineMammals",2010,"834411fffffffff",18,2,NA
"marineMammals",2010,"83440dfffffffff",2,1,NA
"marineMammals",2010,"8344f0fffffffff",244,6,3.54480407283274
"marineMammals",2010,"834489fffffffff",113,7,5.79257801063556
"marineMammals",2010,"8344b1fffffffff",147,11,8.33538045367476
"marineMammals",2010,"835e40fffffffff",20,4,NA
"marineMammals",2010,"8344b5fffffffff",46,7,NA
"marineMammals",2010,"83448dfffffffff",246,8,5.63021555440753
"marineMammals",2010,"834475fffffffff",12,4,NA
"marineMammals",2010,"835e4bfffffffff",6,4,NA
"marineMammals",2010,"8344a9fffffffff",408,1,1
"marineMammals",2010,"83440bfffffffff",12,4,NA
"marineMammals",2010,"834486fffffffff",57,11,10.507565530099
"marineMammals",2010,"834d33fffffffff",1,1,NA
"marineMammals",2010,"835e5cfffffffff",21,6,NA
"marineMammals",2010,"834470fffffffff",18,5,NA
"marineMammals",2010,"834cc6fffffffff",1,1,NA
"marineMammals",2010,"83448afffffffff",1,1,NA
"marineMammals",2010,"835e4afffffffff",2,1,NA
"marineMammals",2010,"834414fffffffff",3,1,NA
"marineMammals",2010,"83446efffffffff",601,1,1
"marineMammals",2010,"834573fffffffff",1,1,NA
"marineMammals",2010,"834450fffffffff",37,1,NA
"marineMammals",2010,"834408fffffffff",7,5,NA
"marineMammals",2010,"834472fffffffff",11,7,NA
"marineMammals",2010,"8344e5fffffffff",133,3,2.99997414121233
"marineMammals",2010,"8344a1fffffffff",1831,2,1.05388378054883
"marineMammals",2010,"834484fffffffff",12,8,NA
"marineMammals",2010,"834ce2fffffffff",2,2,NA
"marineMammals",2010,"834499fffffffff",4,2,NA
"marineMammals",2010,"8344e4fffffffff",37,3,NA
"marineMammals",2010,"834416fffffffff",40,2,NA
"marineMammals",2010,"835e5dfffffffff",11,6,NA
"marineMammals",2010,"834d1cfffffffff",1,1,NA
"marineMammals",2010,"834892fffffffff",151,2,1.3311258278147
"marineMammals",2010,"835e71fffffffff",3,2,NA
"marineMammals",2010,"83442bfffffffff",2,2,NA
"marineMammals",2010,"836743fffffffff",1,1,NA
"marineMammals",2010,"834574fffffffff",1,1,NA
"marineMammals",2010,"834471fffffffff",35,1,NA
"marineMammals",2010,"834455fffffffff",73,1,1
"marineMammals",2010,"834d32fffffffff",1,1,NA
"marineMammals",2010,"8367a0fffffffff",1,1,NA
"marineMammals",2010,"834403fffffffff",12,5,NA
"marineMammals",2010,"834433fffffffff",5,3,NA
"marineMammals",2010,"8344f3fffffffff",24,4,NA
"marineMammals",2010,"8344a2fffffffff",2,2,NA
"marineMammals",2010,"834505fffffffff",59,4,3.6738749269433
"marineMammals",2010,"83441efffffffff",530,2,1.80001933107103
"marineMammals",2010,"834462fffffffff",27,2,NA
"marineMammals",2010,"834465fffffffff",6,2,NA
"marineMammals",2010,"834896fffffffff",22,3,NA
"marineMammals",2010,"834406fffffffff",4,3,NA
"marineMammals",2010,"836615fffffffff",7,3,NA
"marineMammals",2010,"83448cfffffffff",2,1,NA
"marineMammals",2010,"834ceafffffffff",5,4,NA
"marineMammals",2010,"8344adfffffffff",30,1,NA
"marineMammals",2010,"836612fffffffff",60,1,1
"marineMammals",2010,"836d68fffffffff",10,1,NA
"marineMammals",2010,"836620fffffffff",7,2,NA
"marineMammals",2010,"834890fffffffff",36,2,NA
"marineMammals",2010,"8348b2fffffffff",4,1,NA
"marineMammals",2010,"834cf2fffffffff",2,1,NA
"marineMammals",2010,"8344f4fffffffff",510,1,1
"marineMammals",2010,"8348b3fffffffff",1,1,NA
"marineMammals",2010,"834c81fffffffff",2,1,NA
"marineMammals",2010,"834cabfffffffff",17,1,NA
"marineMammals",2010,"834460fffffffff",5,1,NA
"marineMammals",2010,"834488fffffffff",2,2,NA
"marineMammals",2010,"835e43fffffffff",32,9,NA
"marineMammals",2010,"835e46fffffffff",35,10,NA
"marineMammals",2010,"83441cfffffffff",11,2,NA
"marineMammals",2010,"8344abfffffffff",782,6,2.33204877218981
"marineMammals",2010,"834444fffffffff",15,1,NA
"marineMammals",2010,"835e55fffffffff",2,2,NA
"marineMammals",2010,"834cf3fffffffff",131,1,1
"marineMammals",2010,"83455bfffffffff",9,2,NA
"marineMammals",2010,"8344f6fffffffff",530,7,4.1081211557774
"marineMammals",2010,"834cf1fffffffff",1,1,NA
"marineMammals",2010,"8344b0fffffffff",1,1,NA
"marineMammals",2010,"8366b2fffffffff",7,1,NA
"marineMammals",2010,"834402fffffffff",12,4,NA
"marineMammals",2010,"834ce9fffffffff",1,1,NA
"marineMammals",2010,"834ce6fffffffff",1,1,NA
"marineMammals",2010,"836d6efffffffff",80,1,1
"marineMammals",2010,"834cf0fffffffff",2,1,NA
"marineMammals",2010,"834584fffffffff",1,1,NA
"marineMammals",2010,"8345a3fffffffff",1,1,NA
"marineMammals",2010,"834cc4fffffffff",1,1,NA
"marineMammals",2010,"836756fffffffff",3,1,NA
"marineMammals",2010,"834531fffffffff",1,1,NA
"marineMammals",2010,"834476fffffffff",5,2,NA
"marineMammals",2010,"834429fffffffff",4,3,NA
"marineMammals",2010,"83441dfffffffff",12,3,NA
"marineMammals",2010,"836741fffffffff",1,1,NA
"marineMammals",2010,"8344aafffffffff",4,2,NA
"marineMammals",2010,"83450afffffffff",3,3,NA
"marineMammals",2010,"834c2efffffffff",1,1,NA
"marineMammals",2010,"834405fffffffff",2,2,NA
"marineMammals",2010,"8344f2fffffffff",877,8,4.19299640463651
"marineMammals",2010,"8345b0fffffffff",1,1,NA
"marineMammals",2010,"834431fffffffff",1,1,NA
"marineMammals",2010,"8366b0fffffffff",196,7,4.02036526759509
"marineMammals",2010,"834894fffffffff",21,3,NA
"marineMammals",2010,"8344e6fffffffff",45,2,NA
"marineMammals",2010,"834473fffffffff",52,1,1
"marineMammals",2010,"83679cfffffffff",1,1,NA
"marineMammals",2010,"835e51fffffffff",2,1,NA
"marineMammals",2010,"834c2bfffffffff",1,1,NA
"marineMammals",2010,"834400fffffffff",2,1,NA
"marineMammals",2010,"83678bfffffffff",1,1,NA
"marineMammals",2010,"834419fffffffff",15,1,NA
"marineMammals",2010,"835e4efffffffff",3,1,NA
"marineMammals",2010,"8344f5fffffffff",9,1,NA
"marineMammals",2010,"834410fffffffff",29,1,NA
"marineMammals",2010,"834454fffffffff",27,1,NA
"marineMammals",2010,"8344b4fffffffff",3,1,NA
"marineMammals",2010,"836633fffffffff",5,5,NA
"marineMammals",2010,"834452fffffffff",3,1,NA
"marineMammals",2010,"83446cfffffffff",2574,1,1
"marineMammals",2010,"834464fffffffff",8,4,NA
"marineMammals",2010,"8344a5fffffffff",305,3,2.00192308404635
"marineMammals",2010,"834cc5fffffffff",7,5,NA
"marineMammals",2010,"834ce8fffffffff",1,1,NA
"marineMammals",2010,"83440efffffffff",9,3,NA
"marineMammals",2010,"834caafffffffff",1,1,NA
"marineMammals",2010,"8344a8fffffffff",1172,2,1.58492044669439
"marineMammals",2010,"8344acfffffffff",84,1,1
"marineMammals",2010,"834456fffffffff",37,5,NA
"marineMammals",2010,"836d74fffffffff",17,1,NA
"marineMammals",2010,"8344aefffffffff",751,2,1.46394899273028
"marineMammals",2010,"834418fffffffff",18,1,NA
"marineMammals",2010,"83670bfffffffff",4,1,NA
"marineMammals",2010,"836746fffffffff",2,2,NA
"marineMammals",2010,"836625fffffffff",4,2,NA
"marineMammals",2010,"834435fffffffff",1,1,NA
"marineMammals",2020,"8344e6fffffffff",3,1,NA
"marineMammals",2020,"8344f5fffffffff",4,1,NA
"marineMammals",2020,"8344f2fffffffff",1,1,NA
"marineMammals",2020,"8366b0fffffffff",223,6,2.88693946541455
"marineMammals",2020,"8344aafffffffff",2,2,NA
"marineMammals",2020,"834523fffffffff",5,1,NA
"marineMammals",2020,"834cedfffffffff",39,2,NA
"marineMammals",2020,"835e5dfffffffff",31,2,NA
"marineMammals",2020,"8344a1fffffffff",38,2,NA
"marineMammals",2020,"836611fffffffff",40,3,NA
"marineMammals",2020,"8344e5fffffffff",3,1,NA
"marineMammals",2020,"834c94fffffffff",2,1,NA
"marineMammals",2020,"834408fffffffff",1,1,NA
"marineMammals",2020,"834416fffffffff",10,1,NA
"marineMammals",2020,"8344e4fffffffff",4,1,NA
"marineMammals",2020,"836d69fffffffff",3,1,NA
"marineMammals",2020,"834412fffffffff",7,1,NA
"marineMammals",2020,"834cf6fffffffff",139,1,1
"marineMammals",2020,"83440afffffffff",3,1,NA
"marineMammals",2020,"834d49fffffffff",1,1,NA
"marineMammals",2020,"835e62fffffffff",2,1,NA
"marineMammals",2020,"834413fffffffff",68,1,1
"marineMammals",2020,"8366a5fffffffff",2,1,NA
"marineMammals",2020,"83441afffffffff",35,2,NA
"marineMammals",2020,"835e42fffffffff",2,1,NA
"marineMammals",2020,"834cc0fffffffff",2,1,NA
"marineMammals",2020,"8366b4fffffffff",59,1,1
"marineMammals",2020,"83441bfffffffff",6,1,NA
"marineMammals",2020,"834caafffffffff",1,1,NA
"marineMammals",2020,"8344aefffffffff",36,3,NA
"marineMammals",2020,"8344a8fffffffff",98,3,2.51020408163266
"marineMammals",2020,"834c83fffffffff",1,1,NA
"marineMammals",2020,"8366a1fffffffff",1,1,NA
"marineMammals",2020,"8344acfffffffff",6,1,NA
"marineMammals",2020,"836d74fffffffff",161,1,1
"marineMammals",2020,"8344a5fffffffff",128,2,1.99999999943772
"marineMammals",2020,"834418fffffffff",1,1,NA
"marineMammals",2020,"834452fffffffff",1,1,NA
"marineMammals",2020,"834ce8fffffffff",2,1,NA
"marineMammals",2020,"836d76fffffffff",13,1,NA
"marineMammals",2020,"834489fffffffff",6,5,NA
"marineMammals",2020,"8366b1fffffffff",7,1,NA
"marineMammals",2020,"836d14fffffffff",71,2,1.70422535211268
"marineMammals",2020,"834414fffffffff",3,2,NA
"marineMammals",2020,"8344a9fffffffff",28,1,NA
"marineMammals",2020,"8344f0fffffffff",9,1,NA
"marineMammals",2020,"83440bfffffffff",1,1,NA
"marineMammals",2020,"835e5cfffffffff",2,1,NA
"marineMammals",2020,"836d15fffffffff",477,6,3.56640988481118
"marineMammals",2020,"834cf4fffffffff",2,1,NA
"marineMammals",2020,"834415fffffffff",1,1,NA
"marineMammals",2020,"836d2bfffffffff",1,1,NA
"marineMammals",2020,"834d4bfffffffff",9,1,NA
"marineMammals",2020,"836d6bfffffffff",11,1,NA
"marineMammals",2020,"834501fffffffff",8,1,NA
"marineMammals",2020,"834553fffffffff",1,1,NA
"marineMammals",2020,"836631fffffffff",1,1,NA
"marineMammals",2020,"834505fffffffff",1,1,NA
"marineMammals",2020,"8344f4fffffffff",17,1,NA
"marineMammals",2020,"836620fffffffff",2,2,NA
"marineMammals",2020,"8344adfffffffff",3,1,NA
"marineMammals",2020,"8366a2fffffffff",35,1,NA
"marineMammals",2020,"834433fffffffff",3,2,NA
"marineMammals",2020,"836612fffffffff",11,1,NA
"marineMammals",2020,"836d68fffffffff",53,1,1
"marineMammals",2020,"83441efffffffff",29,1,NA
"marineMammals",2020,"834890fffffffff",3,1,NA
"marineMammals",2020,"834c81fffffffff",1,1,NA
"marineMammals",2020,"834cabfffffffff",27,1,NA
"marineMammals",2020,"834406fffffffff",1,1,NA
"marineMammals",2020,"834cf0fffffffff",1,1,NA
"marineMammals",2020,"835e43fffffffff",38,6,NA
"marineMammals",2020,"835e46fffffffff",28,4,NA
"marineMammals",2020,"8344f6fffffffff",37,4,NA
"marineMammals",2020,"834402fffffffff",2,1,NA
"marineMammals",2020,"836756fffffffff",1,1,NA
"marineMammals",2020,"834cf3fffffffff",182,1,1
"marineMammals",2020,"8344abfffffffff",59,1,1
"marineMammals",2020,"836d6afffffffff",3,2,NA
"marineMammals",2020,"836d6efffffffff",38,1,NA
"marineMammals",2020,"834c8dfffffffff",1,1,NA
"marineMammals",2020,"834ce9fffffffff",1,1,NA
"seabirds",1960,"834d32fffffffff",1,1,NA
"seabirds",1970,"836d0efffffffff",35,11,NA
"seabirds",1970,"8366a5fffffffff",17,4,NA
"seabirds",1970,"8367a8fffffffff",8,4,NA
"seabirds",1970,"8366b4fffffffff",3,1,NA
"seabirds",1970,"834d81fffffffff",6,2,NA
"seabirds",1970,"834db5fffffffff",11,2,NA
"seabirds",1970,"834d0cfffffffff",10,4,NA
"seabirds",1970,"836d40fffffffff",2,1,NA
"seabirds",1970,"834d83fffffffff",3,1,NA
"seabirds",1970,"8367abfffffffff",4,3,NA
"seabirds",1970,"836735fffffffff",15,1,NA
"seabirds",1970,"83678dfffffffff",1,1,NA
"seabirds",1970,"834c80fffffffff",38,6,NA
"seabirds",1970,"836d6bfffffffff",35,10,NA
"seabirds",1970,"836730fffffffff",3,3,NA
"seabirds",1970,"836733fffffffff",13,3,NA
"seabirds",1970,"834d9dfffffffff",4,3,NA
"seabirds",1970,"834daafffffffff",1,1,NA
"seabirds",1970,"836d02fffffffff",23,7,NA
"seabirds",1970,"836d03fffffffff",30,8,NA
"seabirds",1970,"836d73fffffffff",19,5,NA
"seabirds",1970,"836d46fffffffff",23,4,NA
"seabirds",1970,"834c84fffffffff",6,3,NA
"seabirds",1970,"836d16fffffffff",1,1,NA
"seabirds",1970,"836d44fffffffff",7,4,NA
"seabirds",1970,"8366b0fffffffff",56,13,12.4530600426827
"seabirds",1970,"834d99fffffffff",3,3,NA
"seabirds",1970,"836d72fffffffff",3,1,NA
"seabirds",1970,"8367a9fffffffff",1,1,NA
"seabirds",1970,"834db1fffffffff",8,3,NA
"seabirds",1970,"8366b6fffffffff",26,7,NA
"seabirds",1970,"834c9dfffffffff",11,4,NA
"seabirds",1970,"834c83fffffffff",14,7,NA
"seabirds",1970,"8366a1fffffffff",10,4,NA
"seabirds",1970,"83679bfffffffff",2,2,NA
"seabirds",1970,"836715fffffffff",4,3,NA
"seabirds",1970,"836710fffffffff",1,1,NA
"seabirds",1970,"834d08fffffffff",2,1,NA
"seabirds",1980,"83448dfffffffff",353,32,15.4020997492884
"seabirds",1980,"834489fffffffff",297,22,12.190263021058
"seabirds",1980,"83448afffffffff",26,6,NA
"seabirds",1980,"832adbfffffffff",2,2,NA
"seabirds",1980,"834d33fffffffff",1,1,NA
"seabirds",1980,"8344a1fffffffff",16,7,NA
"seabirds",1980,"83442bfffffffff",3,2,NA
"seabirds",1980,"8344f2fffffffff",124,24,16.4926339703048
"seabirds",1980,"83449dfffffffff",8,3,NA
"seabirds",1980,"83441dfffffffff",1,1,NA
"seabirds",1980,"8344aafffffffff",5,3,NA
"seabirds",1980,"834464fffffffff",23,6,NA
"seabirds",1980,"8344aefffffffff",6,3,NA
"seabirds",1980,"83440efffffffff",5,3,NA
"seabirds",1980,"8344a8fffffffff",4,3,NA
"seabirds",1980,"83454bfffffffff",3,3,NA
"seabirds",1980,"83440cfffffffff",2,2,NA
"seabirds",1980,"834481fffffffff",10,5,NA
"seabirds",1980,"83454afffffffff",8,3,NA
"seabirds",1980,"8344a3fffffffff",4,4,NA
"seabirds",1980,"834559fffffffff",14,3,NA
"seabirds",1980,"8344f3fffffffff",55,11,10.6228956228956
"seabirds",1980,"83448efffffffff",6,3,NA
"seabirds",1980,"83448cfffffffff",16,7,NA
"seabirds",1980,"8344abfffffffff",77,12,10.7038365071666
"seabirds",1980,"834488fffffffff",8,4,NA
"seabirds",1980,"8344f6fffffffff",15,4,NA
"seabirds",1980,"83455bfffffffff",1,1,NA
"seabirds",1990,"834470fffffffff",267,17,11.4020851604845
"seabirds",1990,"83440bfffffffff",211,17,11.3290908537723
"seabirds",1990,"834475fffffffff",157,16,12.2118416301607
"seabirds",1990,"834489fffffffff",52,5,4.99849170437406
"seabirds",1990,"836722fffffffff",12,5,NA
"seabirds",1990,"83448afffffffff",24,5,NA
"seabirds",1990,"834414fffffffff",67,11,10.232176024899
"seabirds",1990,"83448dfffffffff",48,7,NA
"seabirds",1990,"835e4afffffffff",20,4,NA
"seabirds",1990,"832adbfffffffff",2,1,NA
"seabirds",1990,"834cc6fffffffff",6,1,NA
"seabirds",1990,"835e4bfffffffff",9,2,NA
"seabirds",1990,"83442bfffffffff",23,10,NA
"seabirds",1990,"834416fffffffff",16,4,NA
"seabirds",1990,"8344a1fffffffff",104,9,8.30702914790474
"seabirds",1990,"834408fffffffff",104,12,10.2733419913222
"seabirds",1990,"834472fffffffff",241,19,12.5068829759894
"seabirds",1990,"834471fffffffff",15,4,NA
"seabirds",1990,"834499fffffffff",34,5,NA
"seabirds",1990,"834892fffffffff",33,6,NA
"seabirds",1990,"834cedfffffffff",16,3,NA
"seabirds",1990,"834cdcfffffffff",1,1,NA
"seabirds",1990,"8344e5fffffffff",30,9,NA
"seabirds",1990,"8344e4fffffffff",2,2,NA
"seabirds",1990,"835e5dfffffffff",5,1,NA
"seabirds",1990,"83442afffffffff",38,8,NA
"seabirds",1990,"834473fffffffff",12,5,NA
"seabirds",1990,"834476fffffffff",92,13,11.4954207739886
"seabirds",1990,"834419fffffffff",15,6,NA
"seabirds",1990,"8344f2fffffffff",52,10,9.99698340874811
"seabirds",1990,"83441dfffffffff",47,8,NA
"seabirds",1990,"8344aafffffffff",30,5,NA
"seabirds",1990,"834428fffffffff",17,8,NA
"seabirds",1990,"834405fffffffff",59,9,8.3895536620628
"seabirds",1990,"834429fffffffff",29,9,NA
"seabirds",1990,"834454fffffffff",112,11,8.9737415519307
"seabirds",1990,"834894fffffffff",20,10,NA
"seabirds",1990,"834400fffffffff",41,7,NA
"seabirds",1990,"834cd3fffffffff",11,4,NA
"seabirds",1990,"8345b0fffffffff",1,1,NA
"seabirds",1990,"834410fffffffff",16,3,NA
"seabirds",1990,"8344e6fffffffff",1,1,NA
"seabirds",1990,"83449dfffffffff",2,1,NA
"seabirds",1990,"83440efffffffff",129,13,10.5000673619491
"seabirds",1990,"834464fffffffff",142,14,10.2807051563912
"seabirds",1990,"834cebfffffffff",22,4,NA
"seabirds",1990,"8345a8fffffffff",1,1,NA
"seabirds",1990,"834456fffffffff",73,10,9.18813019453302
"seabirds",1990,"834418fffffffff",9,4,NA
"seabirds",1990,"8344aefffffffff",86,5,4.97225211494993
"seabirds",1990,"835e49fffffffff",14,4,NA
"seabirds",1990,"834cc5fffffffff",7,2,NA
"seabirds",1990,"8345aefffffffff",6,3,NA
"seabirds",1990,"834ce8fffffffff",8,3,NA
"seabirds",1990,"834465fffffffff",133,17,11.248920507303
"seabirds",1990,"834403fffffffff",124,12,9.53683346083394
"seabirds",1990,"834896fffffffff",150,19,12.567233205104
"seabirds",1990,"834406fffffffff",225,14,6.77953949434007
"seabirds",1990,"83448cfffffffff",18,2,NA
"seabirds",1990,"834890fffffffff",27,6,NA
"seabirds",1990,"834404fffffffff",44,5,NA
"seabirds",1990,"834433fffffffff",63,9,8.13328117684165
"seabirds",1990,"834462fffffffff",16,6,NA
"seabirds",1990,"834498fffffffff",14,2,NA
"seabirds",1990,"834460fffffffff",40,8,NA
"seabirds",1990,"8348b2fffffffff",3,2,NA
"seabirds",1990,"834cd2fffffffff",13,3,NA
"seabirds",1990,"834ce0fffffffff",1,1,NA
"seabirds",1990,"8344f3fffffffff",4,1,NA
"seabirds",1990,"83448efffffffff",4,2,NA
"seabirds",1990,"834ceafffffffff",15,2,NA
"seabirds",1990,"83441efffffffff",4,3,NA
"seabirds",1990,"83455bfffffffff",123,16,13.0336210760563
"seabirds",1990,"834488fffffffff",48,5,NA
"seabirds",1990,"834584fffffffff",16,3,NA
"seabirds",1990,"834402fffffffff",79,14,10.7939326838034
"seabirds",1990,"83441cfffffffff",12,3,NA
"seabirds",1990,"8344abfffffffff",10,5,NA
"seabirds",1990,"834ce9fffffffff",2,2,NA
"seabirds",1990,"834585fffffffff",39,4,NA
"seabirds",1990,"834cecfffffffff",8,3,NA
"seabirds",1990,"834d48fffffffff",2,2,NA
"seabirds",1990,"835e43fffffffff",1,1,NA
"seabirds",1990,"8345b2fffffffff",3,2,NA
"seabirds",1990,"834cc4fffffffff",1,1,NA
"seabirds",1990,"8344f6fffffffff",15,3,NA
"seabirds",1990,"83455afffffffff",30,10,NA
"seabirds",1990,"83440afffffffff",109,11,9.06883786934708
"seabirds",1990,"834cc0fffffffff",17,5,NA
"seabirds",1990,"8345b6fffffffff",34,2,NA
"seabirds",1990,"834474fffffffff",73,9,8.7008095695011
"seabirds",1990,"83454bfffffffff",89,9,7.92280939915757
"seabirds",1990,"834d6efffffffff",1,1,NA
"seabirds",1990,"8345b4fffffffff",4,2,NA
"seabirds",1990,"834466fffffffff",144,11,8.87770651222266
"seabirds",1990,"834548fffffffff",5,2,NA
"seabirds",1990,"834cdefffffffff",4,4,NA
"seabirds",1990,"83440cfffffffff",40,8,NA
"seabirds",1990,"836716fffffffff",12,2,NA
"seabirds",1990,"83448bfffffffff",8,3,NA
"seabirds",1990,"834d49fffffffff",16,3,NA
"seabirds",1990,"834485fffffffff",10,1,NA
"seabirds",1990,"836723fffffffff",1,1,NA
"seabirds",1990,"834d46fffffffff",1,1,NA
"seabirds",1990,"834558fffffffff",11,4,NA
"seabirds",1990,"83449cfffffffff",4,2,NA
"seabirds",1990,"83440dfffffffff",60,10,9.16665796666722
"seabirds",1990,"834409fffffffff",131,15,11.9840325312859
"seabirds",1990,"83454afffffffff",38,9,NA
"seabirds",1990,"834cc1fffffffff",23,8,NA
"seabirds",1990,"834461fffffffff",1,1,NA
"seabirds",1990,"834d4bfffffffff",26,5,NA
"seabirds",1990,"834415fffffffff",50,5,5
"seabirds",1990,"834549fffffffff",107,12,9.96894335805162
"seabirds",1990,"834401fffffffff",64,12,10.2499599458207
"seabirds",1990,"834559fffffffff",69,11,9.8745273976881
"seabirds",1990,"834411fffffffff",11,4,NA
"seabirds",1990,"834483fffffffff",20,3,NA
"seabirds",1990,"836720fffffffff",2,1,NA
"seabirds",1990,"834d45fffffffff",1,1,NA
"seabirds",1990,"834cc3fffffffff",25,4,NA
"seabirds",1990,"834481fffffffff",22,2,NA
"seabirds",2000,"834406fffffffff",48,9,NA
"seabirds",2000,"836763fffffffff",1,1,NA
"seabirds",2000,"834890fffffffff",14,7,NA
"seabirds",2000,"835f5bfffffffff",12,4,NA
"seabirds",2000,"834404fffffffff",4,3,NA
"seabirds",2000,"835f4bfffffffff",19,2,NA
"seabirds",2000,"834896fffffffff",3,3,NA
"seabirds",2000,"834403fffffffff",13,6,NA
"seabirds",2000,"835f58fffffffff",10,3,NA
"seabirds",2000,"834433fffffffff",13,4,NA
"seabirds",2000,"836632fffffffff",1,1,NA
"seabirds",2000,"834460fffffffff",6,4,NA
"seabirds",2000,"834465fffffffff",1,1,NA
"seabirds",2000,"83454afffffffff",3,2,NA
"seabirds",2000,"834415fffffffff",22,4,NA
"seabirds",2000,"834558fffffffff",3,3,NA
"seabirds",2000,"834461fffffffff",10,5,NA
"seabirds",2000,"834549fffffffff",2,2,NA
"seabirds",2000,"834db0fffffffff",1,1,NA
"seabirds",2000,"834409fffffffff",20,12,NA
"seabirds",2000,"834411fffffffff",2,2,NA
"seabirds",2000,"836631fffffffff",1,1,NA
"seabirds",2000,"834cacfffffffff",1,1,NA
"seabirds",2000,"834d45fffffffff",1,1,NA
"seabirds",2000,"83440dfffffffff",4,4,NA
"seabirds",2000,"835e75fffffffff",2,1,NA
"seabirds",2000,"834559fffffffff",2,2,NA
"seabirds",2000,"834401fffffffff",12,5,NA
"seabirds",2000,"835e6dfffffffff",3,2,NA
"seabirds",2000,"834cf5fffffffff",1,1,NA
"seabirds",2000,"834c2cfffffffff",1,1,NA
"seabirds",2000,"834470fffffffff",28,9,NA
"seabirds",2000,"835e5cfffffffff",11,5,NA
"seabirds",2000,"83440bfffffffff",30,9,NA
"seabirds",2000,"834475fffffffff",7,5,NA
"seabirds",2000,"835f5dfffffffff",12,4,NA
"seabirds",2000,"834cc6fffffffff",1,1,NA
"seabirds",2000,"835f49fffffffff",1,1,NA
"seabirds",2000,"836745fffffffff",3,3,NA
"seabirds",2000,"835e40fffffffff",5,2,NA
"seabirds",2000,"834c19fffffffff",1,1,NA
"seabirds",2000,"834d95fffffffff",1,1,NA
"seabirds",2000,"835f6bfffffffff",1,1,NA
"seabirds",2000,"834da4fffffffff",20,1,NA
"seabirds",2000,"835e4afffffffff",2,2,NA
"seabirds",2000,"834d8dfffffffff",1,1,NA
"seabirds",2000,"835e4bfffffffff",4,1,NA
"seabirds",2000,"835e4dfffffffff",1,1,NA
"seabirds",2000,"83451cfffffffff",1,1,NA
"seabirds",2000,"83442bfffffffff",7,3,NA
"seabirds",2000,"834471fffffffff",12,4,NA
"seabirds",2000,"834ce2fffffffff",2,2,NA
"seabirds",2000,"834472fffffffff",35,10,NA
"seabirds",2000,"834da6fffffffff",26,4,NA
"seabirds",2000,"835e5dfffffffff",3,2,NA
"seabirds",2000,"8344e4fffffffff",12,5,NA
"seabirds",2000,"835e71fffffffff",5,3,NA
"seabirds",2000,"834408fffffffff",8,5,NA
"seabirds",2000,"834892fffffffff",7,3,NA
"seabirds",2000,"834c85fffffffff",1,1,NA
"seabirds",2000,"835e45fffffffff",3,1,NA
"seabirds",2000,"836d23fffffffff",1,1,NA
"seabirds",2000,"834db5fffffffff",4,2,NA
"seabirds",2000,"836709fffffffff",1,1,NA
"seabirds",2000,"83455afffffffff",7,3,NA
"seabirds",2000,"83441bfffffffff",4,3,NA
"seabirds",2000,"834463fffffffff",6,4,NA
"seabirds",2000,"836723fffffffff",1,1,NA
"seabirds",2000,"83440cfffffffff",5,3,NA
"seabirds",2000,"834da5fffffffff",36,4,NA
"seabirds",2000,"835f5afffffffff",11,6,NA
"seabirds",2000,"834da0fffffffff",2,1,NA
"seabirds",2000,"834474fffffffff",2,1,NA
"seabirds",2000,"835e44fffffffff",1,1,NA
"seabirds",2000,"835e5efffffffff",1,1,NA
"seabirds",2000,"836769fffffffff",1,1,NA
"seabirds",2000,"834cf6fffffffff",4,3,NA
"seabirds",2000,"83440afffffffff",6,3,NA
"seabirds",2000,"835f5efffffffff",1,1,NA
"seabirds",2000,"83454bfffffffff",1,1,NA
"seabirds",2000,"834d49fffffffff",7,2,NA
"seabirds",2000,"835e62fffffffff",1,1,NA
"seabirds",2000,"836788fffffffff",1,1,NA
"seabirds",2000,"835e6bfffffffff",1,1,NA
"seabirds",2000,"834466fffffffff",5,3,NA
"seabirds",2000,"836761fffffffff",1,1,NA
"seabirds",2000,"83440efffffffff",2,2,NA
"seabirds",2000,"836633fffffffff",1,1,NA
"seabirds",2000,"834da2fffffffff",20,4,NA
"seabirds",2000,"834db1fffffffff",1,1,NA
"seabirds",2000,"834418fffffffff",3,2,NA
"seabirds",2000,"834464fffffffff",2,2,NA
"seabirds",2000,"834456fffffffff",4,2,NA
"seabirds",2000,"836630fffffffff",2,2,NA
"seabirds",2000,"835e74fffffffff",1,1,NA
"seabirds",2000,"83670bfffffffff",1,1,NA
"seabirds",2000,"835e41fffffffff",5,1,NA
"seabirds",2000,"834476fffffffff",7,7,NA
"seabirds",2000,"83441dfffffffff",4,4,NA
"seabirds",2000,"835e5bfffffffff",1,1,NA
"seabirds",2000,"835e4efffffffff",9,2,NA
"seabirds",2000,"834454fffffffff",11,3,NA
"seabirds",2000,"835e4cfffffffff",1,1,NA
"seabirds",2000,"834894fffffffff",9,6,NA
"seabirds",2000,"834428fffffffff",3,3,NA
"seabirds",2000,"834400fffffffff",4,2,NA
"seabirds",2000,"83442afffffffff",2,2,NA
"seabirds",2000,"834583fffffffff",1,1,NA
"seabirds",2000,"834405fffffffff",9,6,NA
"seabirds",2000,"834c1bfffffffff",1,1,NA
"seabirds",2000,"834429fffffffff",6,5,NA
"seabirds",2000,"835f59fffffffff",14,1,NA
"seabirds",2000,"83675dfffffffff",1,1,NA
"seabirds",2000,"836741fffffffff",1,1,NA
"seabirds",2000,"834c06fffffffff",1,1,NA
"seabirds",2000,"834473fffffffff",4,2,NA
"seabirds",2000,"836792fffffffff",1,1,NA
"seabirds",2000,"835e6afffffffff",1,1,NA
"seabirds",2000,"834c8cfffffffff",2,2,NA
"seabirds",2000,"83441cfffffffff",8,3,NA
"seabirds",2000,"835e43fffffffff",5,2,NA
"seabirds",2000,"835e46fffffffff",10,6,NA
"seabirds",2000,"834d71fffffffff",1,1,NA
"seabirds",2000,"834c8dfffffffff",2,2,NA
"seabirds",2000,"834ce9fffffffff",4,2,NA
"seabirds",2000,"836606fffffffff",2,2,NA
"seabirds",2000,"834d86fffffffff",1,1,NA
"seabirds",2000,"834402fffffffff",12,4,NA
"seabirds",2000,"83455bfffffffff",2,2,NA
"seabirds",2000,"835e63fffffffff",1,1,NA
"seabirds",2000,"835e55fffffffff",5,1,NA
"seabirds",2000,"834cc4fffffffff",2,2,NA
"seabirds",2000,"835e66fffffffff",3,2,NA
"seabirds",2000,"835e58fffffffff",2,2,NA
"seabirds",2010,"83448afffffffff",24,7,NA
"seabirds",2010,"835e4bfffffffff",28756,10,3.78077520292358
"seabirds",2010,"83448dfffffffff",8,7,NA
"seabirds",2010,"834414fffffffff",14,7,NA
"seabirds",2010,"835e4afffffffff",125,3,2.39999999999996
"seabirds",2010,"834569fffffffff",1,1,NA
"seabirds",2010,"83440bfffffffff",1,1,NA
"seabirds",2010,"835e40fffffffff",37,8,NA
"seabirds",2010,"834c04fffffffff",1,1,NA
"seabirds",2010,"834475fffffffff",1,1,NA
"seabirds",2010,"835e5cfffffffff",17,6,NA
"seabirds",2010,"834489fffffffff",1,1,NA
"seabirds",2010,"832adbfffffffff",5,4,NA
"seabirds",2010,"834dacfffffffff",1,1,NA
"seabirds",2010,"834541fffffffff",2,1,NA
"seabirds",2010,"834470fffffffff",1,1,NA
"seabirds",2010,"834ccdfffffffff",1,1,NA
"seabirds",2010,"8344f0fffffffff",1,1,NA
"seabirds",2010,"834432fffffffff",1,1,NA
"seabirds",2010,"83446efffffffff",1,1,NA
"seabirds",2010,"834486fffffffff",1,1,NA
"seabirds",2010,"83671cfffffffff",1,1,NA
"seabirds",2010,"834c15fffffffff",1,1,NA
"seabirds",2010,"834d8cfffffffff",1,1,NA
"seabirds",2010,"834ce5fffffffff",78,1,1
"seabirds",2010,"834d58fffffffff",235,1,1
"seabirds",2010,"8348b0fffffffff",1,1,NA
"seabirds",2010,"834cc1fffffffff",250,2,1.19999999999985
"seabirds",2010,"834d13fffffffff",1,1,NA
"seabirds",2010,"834483fffffffff",20,7,NA
"seabirds",2010,"834ceefffffffff",3014,2,1.01658925016846
"seabirds",2010,"834d73fffffffff",31,1,NA
"seabirds",2010,"834cc3fffffffff",1,1,NA
"seabirds",2010,"834da3fffffffff",1,1,NA
"seabirds",2010,"835e6efffffffff",1,1,NA
"seabirds",2010,"836701fffffffff",1,1,NA
"seabirds",2010,"834481fffffffff",5,3,NA
"seabirds",2010,"834d80fffffffff",1,1,NA
"seabirds",2010,"835e6dfffffffff",1,1,NA
"seabirds",2010,"836702fffffffff",1,1,NA
"seabirds",2010,"836765fffffffff",1,1,NA
"seabirds",2010,"83449cfffffffff",16,6,NA
"seabirds",2010,"834c11fffffffff",1,1,NA
"seabirds",2010,"834cb3fffffffff",1,1,NA
"seabirds",2010,"834409fffffffff",1,1,NA
"seabirds",2010,"834d4bfffffffff",157078,6,4.01936380825891
"seabirds",2010,"834d5dfffffffff",1,1,NA
"seabirds",2010,"834425fffffffff",1,1,NA
"seabirds",2010,"836714fffffffff",1,1,NA
"seabirds",2010,"83675bfffffffff",1,1,NA
"seabirds",2010,"835e75fffffffff",1,1,NA
"seabirds",2010,"8344b2fffffffff",1,1,NA
"seabirds",2010,"8367b3fffffffff",1,1,NA
"seabirds",2010,"834553fffffffff",1,1,NA
"seabirds",2010,"834ca9fffffffff",1,1,NA
"seabirds",2010,"835e44fffffffff",4,2,NA
"seabirds",2010,"83672afffffffff",1,1,NA
"seabirds",2010,"836769fffffffff",1,1,NA
"seabirds",2010,"83448bfffffffff",14,6,NA
"seabirds",2010,"834d49fffffffff",17359,6,2.26557529673927
"seabirds",2010,"834d5afffffffff",193,1,1
"seabirds",2010,"83440afffffffff",9,7,NA
"seabirds",2010,"834ce4fffffffff",1,1,NA
"seabirds",2010,"836776fffffffff",1,1,NA
"seabirds",2010,"835e62fffffffff",1,1,NA
"seabirds",2010,"834463fffffffff",1,1,NA
"seabirds",2010,"836716fffffffff",2,1,NA
"seabirds",2010,"836761fffffffff",1,1,NA
"seabirds",2010,"835e42fffffffff",20,5,NA
"seabirds",2010,"83455afffffffff",1,1,NA
"seabirds",2010,"834d59fffffffff",83,4,3.60240932895958
"seabirds",2010,"834d6bfffffffff",75,1,1
"seabirds",2010,"835e48fffffffff",68,2,1.73529411764706
"seabirds",2010,"834c2afffffffff",1,1,NA
"seabirds",2010,"834d69fffffffff",63,1,1
"seabirds",2010,"835f5afffffffff",2,1,NA
"seabirds",2010,"834ccefffffffff",1,1,NA
"seabirds",2010,"834d85fffffffff",1,1,NA
"seabirds",2010,"834d46fffffffff",147,1,1
"seabirds",2010,"8367a0fffffffff",73,29,24.9356190018345
"seabirds",2010,"834d74fffffffff",2,1,NA
"seabirds",2010,"834499fffffffff",41,9,NA
"seabirds",2010,"834416fffffffff",15,6,NA
"seabirds",2010,"835e45fffffffff",29,2,NA
"seabirds",2010,"83454dfffffffff",1,1,NA
"seabirds",2010,"835e73fffffffff",3,2,NA
"seabirds",2010,"834593fffffffff",1,1,NA
"seabirds",2010,"835e5dfffffffff",12,4,NA
"seabirds",2010,"83454cfffffffff",2,1,NA
"seabirds",2010,"83458dfffffffff",1,1,NA
"seabirds",2010,"8348b6fffffffff",1,1,NA
"seabirds",2010,"83449bfffffffff",1,1,NA
"seabirds",2010,"83670dfffffffff",1,1,NA
"seabirds",2010,"8344a1fffffffff",6,3,NA
"seabirds",2010,"834c36fffffffff",1,1,NA
"seabirds",2010,"834d04fffffffff",1,1,NA
"seabirds",2010,"834471fffffffff",2,1,NA
"seabirds",2010,"83670cfffffffff",1,1,NA
"seabirds",2010,"836762fffffffff",1,1,NA
"seabirds",2010,"836766fffffffff",1,1,NA
"seabirds",2010,"8345a9fffffffff",1,1,NA
"seabirds",2010,"834552fffffffff",1,1,NA
"seabirds",2010,"836772fffffffff",1,1,NA
"seabirds",2010,"834cedfffffffff",4939,4,3.99655774455815
"seabirds",2010,"834c1efffffffff",1,1,NA
"seabirds",2010,"834c12fffffffff",1,1,NA
"seabirds",2010,"834c21fffffffff",1,1,NA
"seabirds",2010,"834d05fffffffff",1,1,NA
"seabirds",2010,"834d0bfffffffff",1,1,NA
"seabirds",2010,"834d1bfffffffff",1,1,NA
"seabirds",2010,"835e71fffffffff",1,1,NA
"seabirds",2010,"83676dfffffffff",1,1,NA
"seabirds",2010,"834d84fffffffff",1,1,NA
"seabirds",2010,"836774fffffffff",1,1,NA
"seabirds",2010,"83448efffffffff",5,4,NA
"seabirds",2010,"836780fffffffff",42,19,NA
"seabirds",2010,"834da1fffffffff",1,1,NA
"seabirds",2010,"83451bfffffffff",1,1,NA
"seabirds",2010,"834462fffffffff",1,1,NA
"seabirds",2010,"834ceafffffffff",16122,2,1.00310135219332
"seabirds",2010,"836615fffffffff",13,4,NA
"seabirds",2010,"834d2afffffffff",2,1,NA
"seabirds",2010,"834498fffffffff",15,8,NA
"seabirds",2010,"834503fffffffff",1,1,NA
"seabirds",2010,"83672efffffffff",1,1,NA
"seabirds",2010,"8367aafffffffff",1,1,NA
"seabirds",2010,"8348b3fffffffff",1,1,NA
"seabirds",2010,"83450cfffffffff",1,1,NA
"seabirds",2010,"835e5afffffffff",1,1,NA
"seabirds",2010,"834cb6fffffffff",1,1,NA
"seabirds",2010,"834d10fffffffff",1,1,NA
"seabirds",2010,"835f4bfffffffff",1,1,NA
"seabirds",2010,"8344a6fffffffff",1,1,NA
"seabirds",2010,"834505fffffffff",1,1,NA
"seabirds",2010,"834468fffffffff",1,1,NA
"seabirds",2010,"8344f3fffffffff",2,2,NA
"seabirds",2010,"834d31fffffffff",2,1,NA
"seabirds",2010,"835f5bfffffffff",2,1,NA
"seabirds",2010,"834cddfffffffff",1,1,NA
"seabirds",2010,"834d41fffffffff",1,1,NA
"seabirds",2010,"836728fffffffff",1,1,NA
"seabirds",2010,"834d42fffffffff",175,1,1
"seabirds",2010,"834c02fffffffff",1,1,NA
"seabirds",2010,"834cb0fffffffff",1,1,NA
"seabirds",2010,"834cb5fffffffff",1,1,NA
"seabirds",2010,"834440fffffffff",1,1,NA
"seabirds",2010,"8344a2fffffffff",1,1,NA
"seabirds",2010,"832a4bfffffffff",1,1,NA
"seabirds",2010,"834cccfffffffff",101,1,1
"seabirds",2010,"8344b0fffffffff",1,1,NA
"seabirds",2010,"834533fffffffff",1,1,NA
"seabirds",2010,"83449afffffffff",1,1,NA
"seabirds",2010,"836708fffffffff",1,1,NA
"seabirds",2010,"83671efffffffff",1,1,NA
"seabirds",2010,"836756fffffffff",240,34,19.4491727843629
"seabirds",2010,"835e43fffffffff",35,10,NA
"seabirds",2010,"8344abfffffffff",9,7,NA
"seabirds",2010,"835e58fffffffff",4,3,NA
"seabirds",2010,"834488fffffffff",19,7,NA
"seabirds",2010,"834d4efffffffff",2,1,NA
"seabirds",2010,"835e46fffffffff",19,7,NA
"seabirds",2010,"83455bfffffffff",1,1,NA
"seabirds",2010,"834444fffffffff",1,1,NA
"seabirds",2010,"834d4afffffffff",3558,5,3.65486054217868
"seabirds",2010,"834ce1fffffffff",1582,1,1
"seabirds",2010,"834cf1fffffffff",1,1,NA
"seabirds",2010,"835f5cfffffffff",1,1,NA
"seabirds",2010,"83441cfffffffff",3,2,NA
"seabirds",2010,"834cecfffffffff",2586,1,1
"seabirds",2010,"834d4dfffffffff",1015,3,2.09614170088619
"seabirds",2010,"835e55fffffffff",8,4,NA
"seabirds",2010,"834589fffffffff",1,1,NA
"seabirds",2010,"834c26fffffffff",1,1,NA
"seabirds",2010,"834c98fffffffff",1,1,NA
"seabirds",2010,"835e59fffffffff",836,2,1.05980861244033
"seabirds",2010,"836713fffffffff",1,1,NA
"seabirds",2010,"834ce9fffffffff",9128,5,3.05088237606024
"seabirds",2010,"834d48fffffffff",5648,3,2.94073789965219
"seabirds",2010,"834402fffffffff",7,2,NA
"seabirds",2010,"834585fffffffff",1,1,NA
"seabirds",2010,"834ccafffffffff",1,1,NA
"seabirds",2010,"834d91fffffffff",1,1,NA
"seabirds",2010,"836768fffffffff",1,1,NA
"seabirds",2010,"832a49fffffffff",1,1,NA
"seabirds",2010,"834d4cfffffffff",572,2,1.08741258741332
"seabirds",2010,"834d71fffffffff",263,1,1
"seabirds",2010,"834dadfffffffff",1,1,NA
"seabirds",2010,"83442cfffffffff",1,1,NA
"seabirds",2010,"834d23fffffffff",2,1,NA
"seabirds",2010,"834cc4fffffffff",1,1,NA
"seabirds",2010,"834d01fffffffff",1,1,NA
"seabirds",2010,"8344f6fffffffff",1,1,NA
"seabirds",2010,"836711fffffffff",1,1,NA
"seabirds",2010,"834d5cfffffffff",211,2,1.23696682464448
"seabirds",2010,"834dabfffffffff",1,1,NA
"seabirds",2010,"83441dfffffffff",3,3,NA
"seabirds",2010,"83449dfffffffff",17,6,NA
"seabirds",2010,"834c2bfffffffff",1,1,NA
"seabirds",2010,"834da9fffffffff",1,1,NA
"seabirds",2010,"835e51fffffffff",4,2,NA
"seabirds",2010,"8344aafffffffff",11,5,NA
"seabirds",2010,"83679cfffffffff",21,19,NA
"seabirds",2010,"835e4efffffffff",23,6,NA
"seabirds",2010,"835e5bfffffffff",151,1,1
"seabirds",2010,"8344b3fffffffff",1,1,NA
"seabirds",2010,"834546fffffffff",1,1,NA
"seabirds",2010,"834429fffffffff",1,1,NA
"seabirds",2010,"834454fffffffff",1,1,NA
"seabirds",2010,"834c1dfffffffff",1,1,NA
"seabirds",2010,"83450afffffffff",3,3,NA
"seabirds",2010,"835e65fffffffff",1,1,NA
"seabirds",2010,"834c05fffffffff",1,1,NA
"seabirds",2010,"834d40fffffffff",1,1,NA
"seabirds",2010,"834555fffffffff",1,1,NA
"seabirds",2010,"835f59fffffffff",1,1,NA
"seabirds",2010,"83452bfffffffff",1,1,NA
"seabirds",2010,"834cdbfffffffff",1,1,NA
"seabirds",2010,"835e41fffffffff",28,4,NA
"seabirds",2010,"835e60fffffffff",1,1,NA
"seabirds",2010,"834421fffffffff",1,1,NA
"seabirds",2010,"8344aefffffffff",3,3,NA
"seabirds",2010,"834cebfffffffff",493,1,1
"seabirds",2010,"834d75fffffffff",20,1,NA
"seabirds",2010,"835e49fffffffff",182,2,1.27472527472542
"seabirds",2010,"834cc9fffffffff",1,1,NA
"seabirds",2010,"834ce8fffffffff",11122,2,1.00449559435583
"seabirds",2010,"834d20fffffffff",1,1,NA
"seabirds",2010,"83446cfffffffff",1,1,NA
"seabirds",2010,"83670efffffffff",1,1,NA
"seabirds",2010,"834d5bfffffffff",1152,1,1
"seabirds",2010,"834cb2fffffffff",1,1,NA
"seabirds",2010,"834cc2fffffffff",1,1,NA
"seabirds",2010,"83670afffffffff",1,1,NA
"seabirds",2010,"834ca5fffffffff",1,1,NA
"seabirds",2010,"8344acfffffffff",1,1,NA
"seabirds",2010,"836633fffffffff",8,5,NA
"seabirds",2010,"834ce3fffffffff",92,1,1
"seabirds",2010,"8345a8fffffffff",1,1,NA
"seabirds",2010,"834c9dfffffffff",1,1,NA
"seabirds",2010,"834ca0fffffffff",1,1,NA
"seabirds",2010,"834cdafffffffff",1,1,NA
"seabirds",2010,"83442dfffffffff",1,1,NA
"seabirds",2010,"834caafffffffff",3,2,NA
"seabirds",2010,"834cc5fffffffff",977,2,1.05117707267115
"seabirds",2010,"835e64fffffffff",3,2,NA
"seabirds",2010,"834c25fffffffff",1,1,NA
"seabirds",2010,"836771fffffffff",1,1,NA
"seabirds",2010,"83450dfffffffff",1,1,NA
"seabirds",2010,"83449efffffffff",1,1,NA
"seabirds",2010,"836712fffffffff",1,1,NA
"seabirds",2010,"83676cfffffffff",1,1,NA
"seabirds",2010,"834509fffffffff",1,1,NA
"seabirds",2020,"836620fffffffff",5,3,NA
"seabirds",2020,"834592fffffffff",1,1,NA
"seabirds",2020,"834c89fffffffff",1,1,NA
"seabirds",2020,"836756fffffffff",63,25,22.7477593693015
"seabirds",2020,"83458cfffffffff",1,1,NA
"seabirds",2020,"834585fffffffff",1,1,NA
"seabirds",2020,"834c93fffffffff",1,1,NA
"seabirds",2020,"834580fffffffff",1,1,NA
"seabirds",2020,"836622fffffffff",6,3,NA
"seabirds",2020,"835e69fffffffff",1,1,NA
"seabirds",2020,"836625fffffffff",19,7,NA
"seabirds",2020,"834445fffffffff",1,1,NA
"seabirds",2020,"83442afffffffff",1,1,NA
"seabirds",2020,"834428fffffffff",1,1,NA
"seabirds",2020,"836611fffffffff",12,8,NA
"seabirds",2020,"83455afffffffff",1,1,NA
"seabirds",2020,"835e6cfffffffff",1,1,NA
"seabirds",2020,"834586fffffffff",1,1,NA
"seabirds",2020,"836631fffffffff",7,3,NA
"seabirds",2020,"834c90fffffffff",1,1,NA
"seabirds",2020,"834c8afffffffff",1,1,NA
"seabirds",2020,"8345aafffffffff",1,1,NA
"seagrasses",1990,"836620fffffffff",210,1,1
"seagrasses",1990,"8345a9fffffffff",1,1,NA
"seagrasses",2000,"834432fffffffff",10,2,NA
"seagrasses",2000,"835f49fffffffff",70,1,1
"seagrasses",2000,"834414fffffffff",1,1,NA
"seagrasses",2000,"834ceafffffffff",9,4,NA
"seagrasses",2000,"836620fffffffff",20,1,NA
"seagrasses",2000,"836742fffffffff",16,1,NA
"seagrasses",2000,"834416fffffffff",2,2,NA
"seagrasses",2000,"8344a1fffffffff",1,1,NA
"seagrasses",2000,"836743fffffffff",77,1,1
"seagrasses",2000,"834ce8fffffffff",333,4,3.99840538530817
"seagrasses",2000,"834cc5fffffffff",296,4,3.9994810596947
"seagrasses",2000,"834cc0fffffffff",448,4,3.97865589168755
"seagrasses",2000,"835e42fffffffff",1,1,NA
"seagrasses",2000,"83441bfffffffff",1,1,NA
"seagrasses",2000,"834ce9fffffffff",816,4,3.56819001602559
"seagrasses",2000,"835e66fffffffff",1,1,NA
"seagrasses",2000,"836756fffffffff",58,2,1.99999997339312
"seagrasses",2000,"835e43fffffffff",7,1,NA
"seagrasses",2000,"835e46fffffffff",2,1,NA
"seagrasses",2010,"834412fffffffff",461,5,3.95415150500106
"seagrasses",2010,"834cc0fffffffff",27,2,NA
"seagrasses",2010,"835e62fffffffff",2,1,NA
"seagrasses",2010,"834d4bfffffffff",1,1,NA
"seagrasses",2010,"835e75fffffffff",3,1,NA
"seagrasses",2010,"836631fffffffff",48,2,NA
"seagrasses",2010,"836773fffffffff",1,1,NA
"seagrasses",2010,"836744fffffffff",1,1,NA
"seagrasses",2010,"835e4bfffffffff",2,1,NA
"seagrasses",2010,"836780fffffffff",310,2,2
"seagrasses",2010,"83441efffffffff",1,1,NA
"seagrasses",2010,"836742fffffffff",4,1,NA
"seagrasses",2010,"836620fffffffff",77,1,1
"seagrasses",2010,"8344e6fffffffff",1,1,NA
"seagrasses",2010,"836755fffffffff",3,1,NA
"seagrasses",2010,"83674cfffffffff",7,2,NA
"seagrasses",2010,"836719fffffffff",1,1,NA
"seagrasses",2010,"835e71fffffffff",2,1,NA
"seagrasses",2010,"836743fffffffff",1,1,NA
"seagrasses",2010,"835e43fffffffff",2,1,NA
"seagrasses",2010,"834ce9fffffffff",105,4,3.7236551058285
"seagrasses",2010,"836756fffffffff",158,2,1.99999980578412
"seagrasses",2010,"834cc5fffffffff",34,4,NA
"seagrasses",2010,"836625fffffffff",144,3,2.99885740526626
"seagrasses",2010,"834ce8fffffffff",53,5,4.94339622641509
"seagrasses",2010,"836783fffffffff",214,2,2
"seagrasses",2010,"8344a5fffffffff",4068,3,2.9917546327582
"seagrasses",2010,"836746fffffffff",1,1,NA
"seagrasses",2020,"836780fffffffff",375,2,1.99999999999999
"seagrasses",2020,"836620fffffffff",97,3,2.40548697775365
"seagrasses",2020,"834412fffffffff",184,3,2.61612318165128
"seagrasses",2020,"8367a5fffffffff",1,1,NA
"seagrasses",2020,"836631fffffffff",28,2,NA
"seagrasses",2020,"836741fffffffff",1,1,NA
"seagrasses",2020,"8366b5fffffffff",162,2,1.99965205231518
"seagrasses",2020,"836756fffffffff",500,4,2.73181624722793
"seagrasses",2020,"836606fffffffff",24,1,NA
"seagrasses",2020,"836610fffffffff",72,2,2
"seagrasses",2020,"8344a8fffffffff",405,6,3.85236413819721
"seagrasses",2020,"8344a5fffffffff",2475,4,3.01645017642808
"seagrasses",2020,"836783fffffffff",128,2,1.99999999988131
"seagrasses",2020,"8366a6fffffffff",71,1,1
"seagrasses",2020,"836625fffffffff",108,2,1.92083178223188
"seaTurtles",1960,"8344f3fffffffff",1,1,NA
"seaTurtles",1960,"8344a1fffffffff",29,1,NA
"seaTurtles",1960,"83448dfffffffff",12,1,NA
"seaTurtles",1960,"8344f0fffffffff",6,1,NA
"seaTurtles",1960,"8344a8fffffffff",154,1,1
"seaTurtles",1960,"8344aefffffffff",74,1,1
"seaTurtles",1960,"8344f2fffffffff",17,1,NA
"seaTurtles",1960,"8344aafffffffff",5,1,NA
"seaTurtles",1960,"8344a0fffffffff",2,1,NA
"seaTurtles",1960,"8344f6fffffffff",95,1,1
"seaTurtles",1960,"8344abfffffffff",121,1,1
"seaTurtles",1980,"8344f2fffffffff",1,1,NA
"seaTurtles",1980,"8344f3fffffffff",1,1,NA
"seaTurtles",1980,"83448dfffffffff",5,2,NA
"seaTurtles",1980,"8344f0fffffffff",27,1,NA
"seaTurtles",1980,"83455bfffffffff",2,1,NA
"seaTurtles",1980,"8344f6fffffffff",35,1,NA
"seaTurtles",1980,"8344abfffffffff",3,1,NA
"seaTurtles",1980,"8344a1fffffffff",2,1,NA
"seaTurtles",1980,"8344e5fffffffff",2,1,NA
"seaTurtles",1980,"8344a8fffffffff",3,1,NA
"seaTurtles",1980,"8344aefffffffff",4,1,NA
"seaTurtles",1980,"834cebfffffffff",6,1,NA
"seaTurtles",1990,"834c8efffffffff",1,1,NA
"seaTurtles",1990,"8344a6fffffffff",1,1,NA
"seaTurtles",1990,"834cb6fffffffff",1,1,NA
"seaTurtles",1990,"834cccfffffffff",1,1,NA
"seaTurtles",1990,"836c26fffffffff",3,1,NA
"seaTurtles",1990,"836c31fffffffff",1,1,NA
"seaTurtles",1990,"836d41fffffffff",5,1,NA
"seaTurtles",1990,"836d55fffffffff",1,1,NA
"seaTurtles",1990,"83448efffffffff",3,2,NA
"seaTurtles",1990,"834d41fffffffff",5,2,NA
"seaTurtles",1990,"834403fffffffff",9,2,NA
"seaTurtles",1990,"8344a2fffffffff",1,1,NA
"seaTurtles",1990,"834cb0fffffffff",1,1,NA
"seaTurtles",1990,"834cb5fffffffff",1,1,NA
"seaTurtles",1990,"834498fffffffff",1,1,NA
"seaTurtles",1990,"836612fffffffff",1,1,NA
"seaTurtles",1990,"834465fffffffff",1,1,NA
"seaTurtles",1990,"83451bfffffffff",8,2,NA
"seaTurtles",1990,"834d35fffffffff",1,1,NA
"seaTurtles",1990,"83448cfffffffff",3,2,NA
"seaTurtles",1990,"8344f3fffffffff",16,2,NA
"seaTurtles",1990,"836c2efffffffff",3,1,NA
"seaTurtles",1990,"834406fffffffff",14,2,NA
"seaTurtles",1990,"834430fffffffff",1,1,NA
"seaTurtles",1990,"836c23fffffffff",1,1,NA
"seaTurtles",1990,"834896fffffffff",1,1,NA
"seaTurtles",1990,"834433fffffffff",2,1,NA
"seaTurtles",1990,"834460fffffffff",1,1,NA
"seaTurtles",1990,"834c9cfffffffff",1,1,NA
"seaTurtles",1990,"836c25fffffffff",13,1,NA
"seaTurtles",1990,"836d0cfffffffff",5,1,NA
"seaTurtles",1990,"83441efffffffff",6,1,NA
"seaTurtles",1990,"834462fffffffff",1,1,NA
"seaTurtles",1990,"83441afffffffff",3,1,NA
"seaTurtles",1990,"83441bfffffffff",1,1,NA
"seaTurtles",1990,"83455afffffffff",4,2,NA
"seaTurtles",1990,"834423fffffffff",1,1,NA
"seaTurtles",1990,"834c34fffffffff",1,1,NA
"seaTurtles",1990,"83454bfffffffff",6,1,NA
"seaTurtles",1990,"834cb1fffffffff",1,1,NA
"seaTurtles",1990,"836d63fffffffff",68,1,1
"seaTurtles",1990,"83440afffffffff",2,2,NA
"seaTurtles",1990,"834485fffffffff",2,2,NA
"seaTurtles",1990,"8344d4fffffffff",1,1,NA
"seaTurtles",1990,"836d42fffffffff",8,1,NA
"seaTurtles",1990,"83440cfffffffff",3,2,NA
"seaTurtles",1990,"834420fffffffff",2,1,NA
"seaTurtles",1990,"834474fffffffff",9,2,NA
"seaTurtles",1990,"83448bfffffffff",4,2,NA
"seaTurtles",1990,"836d0bfffffffff",5,1,NA
"seaTurtles",1990,"836d0dfffffffff",19,1,NA
"seaTurtles",1990,"836d50fffffffff",3,1,NA
"seaTurtles",1990,"836d69fffffffff",2,1,NA
"seaTurtles",1990,"834551fffffffff",2,2,NA
"seaTurtles",1990,"834466fffffffff",6,3,NA
"seaTurtles",1990,"834545fffffffff",3,2,NA
"seaTurtles",1990,"836d09fffffffff",1,1,NA
"seaTurtles",1990,"834d49fffffffff",1,1,NA
"seaTurtles",1990,"834416fffffffff",5,2,NA
"seaTurtles",1990,"83442bfffffffff",3,2,NA
"seaTurtles",1990,"83455dfffffffff",4,1,NA
"seaTurtles",1990,"836762fffffffff",2,2,NA
"seaTurtles",1990,"834472fffffffff",5,3,NA
"seaTurtles",1990,"834574fffffffff",150,3,2.98131434458632
"seaTurtles",1990,"836d08fffffffff",2,1,NA
"seaTurtles",1990,"83670cfffffffff",1,1,NA
"seaTurtles",1990,"8344e4fffffffff",1,1,NA
"seaTurtles",1990,"83459afffffffff",1,1,NA
"seaTurtles",1990,"834499fffffffff",2,2,NA
"seaTurtles",1990,"834d55fffffffff",1,1,NA
"seaTurtles",1990,"835e45fffffffff",5,2,NA
"seaTurtles",1990,"834408fffffffff",3,2,NA
"seaTurtles",1990,"834d44fffffffff",1,1,NA
"seaTurtles",1990,"834484fffffffff",1,1,NA
"seaTurtles",1990,"83455cfffffffff",1,1,NA
"seaTurtles",1990,"836d12fffffffff",4,1,NA
"seaTurtles",1990,"8344a1fffffffff",17,2,NA
"seaTurtles",1990,"8344e5fffffffff",9,2,NA
"seaTurtles",1990,"836d40fffffffff",3,1,NA
"seaTurtles",1990,"83449bfffffffff",1,1,NA
"seaTurtles",1990,"834c35fffffffff",1,1,NA
"seaTurtles",1990,"836d0afffffffff",2,1,NA
"seaTurtles",1990,"834d1cfffffffff",1,1,NA
"seaTurtles",1990,"834c94fffffffff",1,1,NA
"seaTurtles",1990,"836c24fffffffff",1,1,NA
"seaTurtles",1990,"834d1afffffffff",1,1,NA
"seaTurtles",1990,"834470fffffffff",8,2,NA
"seaTurtles",1990,"834492fffffffff",2,2,NA
"seaTurtles",1990,"834489fffffffff",16,2,NA
"seaTurtles",1990,"8344f0fffffffff",34,3,NA
"seaTurtles",1990,"836d56fffffffff",3,1,NA
"seaTurtles",1990,"83448dfffffffff",31,3,NA
"seaTurtles",1990,"836721fffffffff",1,1,NA
"seaTurtles",1990,"834432fffffffff",1,1,NA
"seaTurtles",1990,"834ccdfffffffff",7,2,NA
"seaTurtles",1990,"835e4dfffffffff",3,2,NA
"seaTurtles",1990,"836732fffffffff",1,1,NA
"seaTurtles",1990,"834dacfffffffff",1,1,NA
"seaTurtles",1990,"836c32fffffffff",1,1,NA
"seaTurtles",1990,"836d00fffffffff",7,1,NA
"seaTurtles",1990,"834486fffffffff",15,4,NA
"seaTurtles",1990,"834cb4fffffffff",2,2,NA
"seaTurtles",1990,"834414fffffffff",3,3,NA
"seaTurtles",1990,"8366b1fffffffff",2,1,NA
"seaTurtles",1990,"836d48fffffffff",2,1,NA
"seaTurtles",1990,"83440bfffffffff",8,2,NA
"seaTurtles",1990,"834d83fffffffff",1,1,NA
"seaTurtles",1990,"834493fffffffff",3,3,NA
"seaTurtles",1990,"836d76fffffffff",8,1,NA
"seaTurtles",1990,"8344b1fffffffff",11,3,NA
"seaTurtles",1990,"834529fffffffff",14,2,NA
"seaTurtles",1990,"834475fffffffff",3,2,NA
"seaTurtles",1990,"83442efffffffff",2,2,NA
"seaTurtles",1990,"834542fffffffff",1,1,NA
"seaTurtles",1990,"834543fffffffff",1,1,NA
"seaTurtles",1990,"834d9efffffffff",3,2,NA
"seaTurtles",1990,"836d05fffffffff",3,1,NA
"seaTurtles",1990,"836d14fffffffff",15,1,NA
"seaTurtles",1990,"835e4bfffffffff",1,1,NA
"seaTurtles",1990,"836d70fffffffff",46,1,NA
"seaTurtles",1990,"83440efffffffff",3,2,NA
"seaTurtles",1990,"834c9dfffffffff",86,5,4.90192339538442
"seaTurtles",1990,"836d74fffffffff",1,1,NA
"seaTurtles",1990,"83442dfffffffff",1,1,NA
"seaTurtles",1990,"834435fffffffff",1,1,NA
"seaTurtles",1990,"834418fffffffff",1,1,NA
"seaTurtles",1990,"8344a4fffffffff",1,1,NA
"seaTurtles",1990,"834c86fffffffff",1,1,NA
"seaTurtles",1990,"834c96fffffffff",1,1,NA
"seaTurtles",1990,"835e41fffffffff",7,2,NA
"seaTurtles",1990,"83449efffffffff",1,1,NA
"seaTurtles",1990,"836d43fffffffff",1,1,NA
"seaTurtles",1990,"834464fffffffff",8,2,NA
"seaTurtles",1990,"834565fffffffff",1,1,NA
"seaTurtles",1990,"834480fffffffff",1,1,NA
"seaTurtles",1990,"836d1afffffffff",2,1,NA
"seaTurtles",1990,"8344aefffffffff",41,4,NA
"seaTurtles",1990,"834575fffffffff",1,1,NA
"seaTurtles",1990,"834cebfffffffff",7,1,NA
"seaTurtles",1990,"835e49fffffffff",4,1,NA
"seaTurtles",1990,"834456fffffffff",8,2,NA
"seaTurtles",1990,"8344a8fffffffff",186,4,2.72074359838817
"seaTurtles",1990,"834c83fffffffff",1,1,NA
"seaTurtles",1990,"836c33fffffffff",3,1,NA
"seaTurtles",1990,"8366b6fffffffff",12,1,NA
"seaTurtles",1990,"83446cfffffffff",1,1,NA
"seaTurtles",1990,"83455efffffffff",1,1,NA
"seaTurtles",1990,"834d9afffffffff",1,1,NA
"seaTurtles",1990,"834db1fffffffff",1,1,NA
"seaTurtles",1990,"83442afffffffff",2,2,NA
"seaTurtles",1990,"835e4efffffffff",2,2,NA
"seaTurtles",1990,"834419fffffffff",7,2,NA
"seaTurtles",1990,"834555fffffffff",1,1,NA
"seaTurtles",1990,"834d40fffffffff",1,1,NA
"seaTurtles",1990,"834d76fffffffff",1,1,NA
"seaTurtles",1990,"836d44fffffffff",6,1,NA
"seaTurtles",1990,"835e4cfffffffff",2,2,NA
"seaTurtles",1990,"834428fffffffff",1,1,NA
"seaTurtles",1990,"834598fffffffff",1,1,NA
"seaTurtles",1990,"834400fffffffff",5,2,NA
"seaTurtles",1990,"834894fffffffff",1,1,NA
"seaTurtles",1990,"834476fffffffff",7,3,NA
"seaTurtles",1990,"836d4dfffffffff",6,1,NA
"seaTurtles",1990,"836d5dfffffffff",2,1,NA
"seaTurtles",1990,"8344aafffffffff",203,3,2.35894709042205
"seaTurtles",1990,"83441dfffffffff",5,2,NA
"seaTurtles",1990,"836d5cfffffffff",7,1,NA
"seaTurtles",1990,"834429fffffffff",8,3,NA
"seaTurtles",1990,"834405fffffffff",1,1,NA
"seaTurtles",1990,"834410fffffffff",2,1,NA
"seaTurtles",1990,"8344f2fffffffff",64,3,2.78124447535328
"seaTurtles",1990,"836d75fffffffff",1,1,NA
"seaTurtles",1990,"8344b3fffffffff",1,1,NA
"seaTurtles",1990,"834546fffffffff",1,1,NA
"seaTurtles",1990,"836c04fffffffff",1,1,NA
"seaTurtles",1990,"836d13fffffffff",1,1,NA
"seaTurtles",1990,"836d4efffffffff",2,1,NA
"seaTurtles",1990,"836d72fffffffff",2,1,NA
"seaTurtles",1990,"83449dfffffffff",1,1,NA
"seaTurtles",1990,"8344a0fffffffff",1,1,NA
"seaTurtles",1990,"8366b0fffffffff",5,1,NA
"seaTurtles",1990,"836c2cfffffffff",1,1,NA
"seaTurtles",1990,"834558fffffffff",4,3,NA
"seaTurtles",1990,"836d62fffffffff",21,2,NA
"seaTurtles",1990,"834411fffffffff",7,2,NA
"seaTurtles",1990,"834c8afffffffff",2,2,NA
"seaTurtles",1990,"836d11fffffffff",5,1,NA
"seaTurtles",1990,"836d71fffffffff",9,1,NA
"seaTurtles",1990,"83440dfffffffff",3,3,NA
"seaTurtles",1990,"834425fffffffff",2,1,NA
"seaTurtles",1990,"83449cfffffffff",3,1,NA
"seaTurtles",1990,"834560fffffffff",1,1,NA
"seaTurtles",1990,"836d19fffffffff",1,1,NA
"seaTurtles",1990,"834481fffffffff",4,2,NA
"seaTurtles",1990,"836c22fffffffff",2,1,NA
"seaTurtles",1990,"834553fffffffff",1,1,NA
"seaTurtles",1990,"836c2dfffffffff",1,1,NA
"seaTurtles",1990,"834559fffffffff",11,3,NA
"seaTurtles",1990,"834461fffffffff",1,1,NA
"seaTurtles",1990,"834549fffffffff",2,2,NA
"seaTurtles",1990,"836d45fffffffff",3,1,NA
"seaTurtles",1990,"834401fffffffff",4,2,NA
"seaTurtles",1990,"834426fffffffff",4,2,NA
"seaTurtles",1990,"834d6afffffffff",1,1,NA
"seaTurtles",1990,"834409fffffffff",17,2,NA
"seaTurtles",1990,"834483fffffffff",2,2,NA
"seaTurtles",1990,"834519fffffffff",2,2,NA
"seaTurtles",1990,"834571fffffffff",2,2,NA
"seaTurtles",1990,"834cb3fffffffff",1,1,NA
"seaTurtles",1990,"83454afffffffff",1,1,NA
"seaTurtles",1990,"834c11fffffffff",1,1,NA
"seaTurtles",1990,"836d15fffffffff",3,1,NA
"seaTurtles",1990,"836d6bfffffffff",5,1,NA
"seaTurtles",1990,"834cc3fffffffff",1,1,NA
"seaTurtles",1990,"836d06fffffffff",12,1,NA
"seaTurtles",1990,"834589fffffffff",1,1,NA
"seaTurtles",1990,"83459bfffffffff",1,1,NA
"seaTurtles",1990,"8344f6fffffffff",189,4,3.39346535085843
"seaTurtles",1990,"836c21fffffffff",3,1,NA
"seaTurtles",1990,"834c98fffffffff",1,1,NA
"seaTurtles",1990,"834dadfffffffff",5,3,NA
"seaTurtles",1990,"836d4cfffffffff",7,1,NA
"seaTurtles",1990,"836d6afffffffff",4,1,NA
"seaTurtles",1990,"836d6efffffffff",2,1,NA
"seaTurtles",1990,"834599fffffffff",2,1,NA
"seaTurtles",1990,"836d01fffffffff",39,1,NA
"seaTurtles",1990,"836d16fffffffff",1,1,NA
"seaTurtles",1990,"834482fffffffff",2,2,NA
"seaTurtles",1990,"83455bfffffffff",18,4,NA
"seaTurtles",1990,"83441cfffffffff",5,2,NA
"seaTurtles",1990,"83449afffffffff",1,1,NA
"seaTurtles",1990,"8344abfffffffff",610,4,2.14777993366068
"seaTurtles",1990,"836d54fffffffff",5,1,NA
"seaTurtles",1990,"836d73fffffffff",7,1,NA
"seaTurtles",1990,"836d02fffffffff",1,1,NA
"seaTurtles",1990,"836d03fffffffff",5,1,NA
"seaTurtles",1990,"836d46fffffffff",3,1,NA
"seaTurtles",1990,"8344b0fffffffff",1,1,NA
"seaTurtles",1990,"8345a3fffffffff",2,2,NA
"seaTurtles",1990,"834cecfffffffff",1,1,NA
"seaTurtles",1990,"834d82fffffffff",2,1,NA
"seaTurtles",1990,"8366b2fffffffff",1,1,NA
"seaTurtles",2000,"836736fffffffff",3,2,NA
"seaTurtles",2000,"836d76fffffffff",49,2,NA
"seaTurtles",2000,"834470fffffffff",17,4,NA
"seaTurtles",2000,"834432fffffffff",4,2,NA
"seaTurtles",2000,"834489fffffffff",7,2,NA
"seaTurtles",2000,"834576fffffffff",60,3,2.99298655756867
"seaTurtles",2000,"834ce5fffffffff",4,2,NA
"seaTurtles",2000,"8344a9fffffffff",4,1,NA
"seaTurtles",2000,"8344f0fffffffff",40,4,NA
"seaTurtles",2000,"836735fffffffff",23,1,NA
"seaTurtles",2000,"8367b5fffffffff",189,2,1.88830628793161
"seaTurtles",2000,"834518fffffffff",3,3,NA
"seaTurtles",2000,"834486fffffffff",12,3,NA
"seaTurtles",2000,"83678dfffffffff",6,1,NA
"seaTurtles",2000,"834414fffffffff",17,3,NA
"seaTurtles",2000,"836d14fffffffff",44,3,NA
"seaTurtles",2000,"8345acfffffffff",4,2,NA
"seaTurtles",2000,"836621fffffffff",1,1,NA
"seaTurtles",2000,"836722fffffffff",15,1,NA
"seaTurtles",2000,"836732fffffffff",3,1,NA
"seaTurtles",2000,"834ccdfffffffff",3,1,NA
"seaTurtles",2000,"835e4dfffffffff",1,1,NA
"seaTurtles",2000,"83446efffffffff",226,1,1
"seaTurtles",2000,"836d00fffffffff",105,3,2.47619047618981
"seaTurtles",2000,"836d48fffffffff",9,3,NA
"seaTurtles",2000,"83440bfffffffff",21,3,NA
"seaTurtles",2000,"834475fffffffff",20,3,NA
"seaTurtles",2000,"834450fffffffff",4,2,NA
"seaTurtles",2000,"83459efffffffff",1,1,NA
"seaTurtles",2000,"834573fffffffff",7,3,NA
"seaTurtles",2000,"834cc6fffffffff",6,3,NA
"seaTurtles",2000,"8344b1fffffffff",17,3,NA
"seaTurtles",2000,"834529fffffffff",26,2,NA
"seaTurtles",2000,"836d05fffffffff",40,2,NA
"seaTurtles",2000,"83448dfffffffff",87,2,1.98820301253128
"seaTurtles",2000,"836775fffffffff",22,2,NA
"seaTurtles",2000,"836721fffffffff",1,1,NA
"seaTurtles",2000,"8366b1fffffffff",6,1,NA
"seaTurtles",2000,"8367abfffffffff",2,2,NA
"seaTurtles",2000,"835e4afffffffff",1,1,NA
"seaTurtles",2000,"835e4bfffffffff",1,1,NA
"seaTurtles",2000,"834d19fffffffff",2,1,NA
"seaTurtles",2000,"83448afffffffff",2,2,NA
"seaTurtles",2000,"83671afffffffff",11,2,NA
"seaTurtles",2000,"836744fffffffff",437,3,2.99765555687009
"seaTurtles",2000,"834570fffffffff",2,2,NA
"seaTurtles",2000,"834d8dfffffffff",1,1,NA
"seaTurtles",2000,"836d65fffffffff",1,1,NA
"seaTurtles",2000,"834564fffffffff",1,1,NA
"seaTurtles",2000,"836d70fffffffff",51,2,2
"seaTurtles",2000,"834d89fffffffff",1,1,NA
"seaTurtles",2000,"834580fffffffff",1,1,NA
"seaTurtles",2000,"8344b5fffffffff",3,1,NA
"seaTurtles",2000,"836705fffffffff",2,1,NA
"seaTurtles",2000,"83671cfffffffff",20,1,NA
"seaTurtles",2000,"83442efffffffff",2,2,NA
"seaTurtles",2000,"836745fffffffff",91,2,1.99999884320066
"seaTurtles",2000,"83451dfffffffff",3,2,NA
"seaTurtles",2000,"834d9efffffffff",2,1,NA
"seaTurtles",2000,"835f49fffffffff",2,1,NA
"seaTurtles",2000,"836786fffffffff",67,1,1
"seaTurtles",2000,"836d0dfffffffff",7,2,NA
"seaTurtles",2000,"836d25fffffffff",9,5,NA
"seaTurtles",2000,"83440afffffffff",7,3,NA
"seaTurtles",2000,"834412fffffffff",6,2,NA
"seaTurtles",2000,"8366a0fffffffff",1,1,NA
"seaTurtles",2000,"834d90fffffffff",1,1,NA
"seaTurtles",2000,"835e42fffffffff",1,1,NA
"seaTurtles",2000,"83455afffffffff",38,1,NA
"seaTurtles",2000,"83441bfffffffff",12,3,NA
"seaTurtles",2000,"834cc0fffffffff",7,3,NA
"seaTurtles",2000,"835f5afffffffff",5,2,NA
"seaTurtles",2000,"83454bfffffffff",22,2,NA
"seaTurtles",2000,"836770fffffffff",15,3,NA
"seaTurtles",2000,"834cb1fffffffff",1,1,NA
"seaTurtles",2000,"8366b4fffffffff",1,1,NA
"seaTurtles",2000,"83441afffffffff",4,1,NA
"seaTurtles",2000,"836764fffffffff",1,1,NA
"seaTurtles",2000,"836d63fffffffff",28,2,NA
"seaTurtles",2000,"834893fffffffff",1,1,NA
"seaTurtles",2000,"834466fffffffff",25,3,NA
"seaTurtles",2000,"836d58fffffffff",1,1,NA
"seaTurtles",2000,"834413fffffffff",16,3,NA
"seaTurtles",2000,"8367acfffffffff",33,2,NA
"seaTurtles",2000,"834d93fffffffff",1,1,NA
"seaTurtles",2000,"834550fffffffff",4,2,NA
"seaTurtles",2000,"836704fffffffff",12,1,NA
"seaTurtles",2000,"836716fffffffff",16,2,NA
"seaTurtles",2000,"836761fffffffff",15,1,NA
"seaTurtles",2000,"835e6cfffffffff",1,1,NA
"seaTurtles",2000,"836d09fffffffff",14,1,NA
"seaTurtles",2000,"836d0efffffffff",16,1,NA
"seaTurtles",2000,"834891fffffffff",1,1,NA
"seaTurtles",2000,"834c29fffffffff",2,2,NA
"seaTurtles",2000,"834cdefffffffff",14,2,NA
"seaTurtles",2000,"834da8fffffffff",2,1,NA
"seaTurtles",2000,"836723fffffffff",1,1,NA
"seaTurtles",2000,"83676bfffffffff",2,1,NA
"seaTurtles",2000,"8367aefffffffff",3,2,NA
"seaTurtles",2000,"834c95fffffffff",1,1,NA
"seaTurtles",2000,"836d42fffffffff",6,2,NA
"seaTurtles",2000,"8345a1fffffffff",9,2,NA
"seaTurtles",2000,"834c9efffffffff",1,1,NA
"seaTurtles",2000,"835e62fffffffff",1,1,NA
"seaTurtles",2000,"83440cfffffffff",11,2,NA
"seaTurtles",2000,"834420fffffffff",3,1,NA
"seaTurtles",2000,"834474fffffffff",57,2,1.9988038277512
"seaTurtles",2000,"83448bfffffffff",2,2,NA
"seaTurtles",2000,"836769fffffffff",3,1,NA
"seaTurtles",2000,"836795fffffffff",13,3,NA
"seaTurtles",2000,"834514fffffffff",9,2,NA
"seaTurtles",2000,"836776fffffffff",15,1,NA
"seaTurtles",2000,"8367a1fffffffff",20,2,NA
"seaTurtles",2000,"834cd0fffffffff",6,1,NA
"seaTurtles",2000,"834463fffffffff",144,1,1
"seaTurtles",2000,"836d50fffffffff",2,1,NA
"seaTurtles",2000,"836d69fffffffff",5,1,NA
"seaTurtles",2000,"834485fffffffff",2,1,NA
"seaTurtles",2000,"834cd8fffffffff",2,1,NA
"seaTurtles",2000,"8366a5fffffffff",1,1,NA
"seaTurtles",2000,"836d04fffffffff",13,2,NA
"seaTurtles",2000,"83679dfffffffff",1,1,NA
"seaTurtles",2000,"8345b6fffffffff",14,1,NA
"seaTurtles",2000,"833b92fffffffff",1,1,NA
"seaTurtles",2000,"83672afffffffff",20,1,NA
"seaTurtles",2000,"8367a5fffffffff",7,1,NA
"seaTurtles",2000,"836788fffffffff",1,1,NA
"seaTurtles",2000,"834502fffffffff",3,1,NA
"seaTurtles",2000,"834512fffffffff",6,1,NA
"seaTurtles",2000,"834551fffffffff",1,1,NA
"seaTurtles",2000,"834cf6fffffffff",2,1,NA
"seaTurtles",2000,"834554fffffffff",11,1,NA
"seaTurtles",2000,"834566fffffffff",1,1,NA
"seaTurtles",2000,"834403fffffffff",6,4,NA
"seaTurtles",2000,"836c23fffffffff",1,1,NA
"seaTurtles",2000,"834ce0fffffffff",8,2,NA
"seaTurtles",2000,"835f4bfffffffff",85,1,1
"seaTurtles",2000,"8344a6fffffffff",3,1,NA
"seaTurtles",2000,"834404fffffffff",3,2,NA
"seaTurtles",2000,"836620fffffffff",16,1,NA
"seaTurtles",2000,"8367b0fffffffff",9,3,NA
"seaTurtles",2000,"836784fffffffff",4,2,NA
"seaTurtles",2000,"836791fffffffff",7,2,NA
"seaTurtles",2000,"834cddfffffffff",4,3,NA
"seaTurtles",2000,"8348b2fffffffff",1,1,NA
"seaTurtles",2000,"836763fffffffff",6,1,NA
"seaTurtles",2000,"834505fffffffff",12,2,NA
"seaTurtles",2000,"836c31fffffffff",5,1,NA
"seaTurtles",2000,"836d55fffffffff",4,2,NA
"seaTurtles",2000,"8344e0fffffffff",2,1,NA
"seaTurtles",2000,"83441efffffffff",39,3,NA
"seaTurtles",2000,"836612fffffffff",3,3,NA
"seaTurtles",2000,"836742fffffffff",17,1,NA
"seaTurtles",2000,"83451bfffffffff",6,3,NA
"seaTurtles",2000,"8366a2fffffffff",1,1,NA
"seaTurtles",2000,"8344f3fffffffff",27,3,NA
"seaTurtles",2000,"834430fffffffff",2,2,NA
"seaTurtles",2000,"834ceafffffffff",169,3,2.7578012996967
"seaTurtles",2000,"835f58fffffffff",1,1,NA
"seaTurtles",2000,"8344adfffffffff",1,1,NA
"seaTurtles",2000,"834406fffffffff",9,2,NA
"seaTurtles",2000,"836718fffffffff",25,3,NA
"seaTurtles",2000,"83672efffffffff",2,1,NA
"seaTurtles",2000,"834462fffffffff",278,1,1
"seaTurtles",2000,"834993fffffffff",1,1,NA
"seaTurtles",2000,"834498fffffffff",3,1,NA
"seaTurtles",2000,"836c2efffffffff",1,1,NA
"seaTurtles",2000,"83458bfffffffff",3,2,NA
"seaTurtles",2000,"83448efffffffff",10,2,NA
"seaTurtles",2000,"836604fffffffff",1,1,NA
"seaTurtles",2000,"834433fffffffff",3,2,NA
"seaTurtles",2000,"834503fffffffff",4,1,NA
"seaTurtles",2000,"836d68fffffffff",2,2,NA
"seaTurtles",2000,"83448cfffffffff",18,2,NA
"seaTurtles",2000,"8367b2fffffffff",4,2,NA
"seaTurtles",2000,"834cd2fffffffff",26,2,NA
"seaTurtles",2000,"834460fffffffff",24,1,NA
"seaTurtles",2000,"836d0cfffffffff",46,2,NA
"seaTurtles",2000,"834d10fffffffff",1,1,NA
"seaTurtles",2000,"835f5bfffffffff",2,1,NA
"seaTurtles",2000,"8344a2fffffffff",2,1,NA
"seaTurtles",2000,"836780fffffffff",1,1,NA
"seaTurtles",2000,"836728fffffffff",7,1,NA
"seaTurtles",2000,"836731fffffffff",12,1,NA
"seaTurtles",2000,"834c81fffffffff",1,1,NA
"seaTurtles",2000,"836da9fffffffff",7,2,NA
"seaTurtles",2000,"834890fffffffff",53,1,1
"seaTurtles",2000,"836636fffffffff",11,1,NA
"seaTurtles",2000,"834422fffffffff",2,1,NA
"seaTurtles",2000,"834465fffffffff",1,1,NA
"seaTurtles",2000,"834524fffffffff",1,1,NA
"seaTurtles",2000,"836774fffffffff",10,1,NA
"seaTurtles",2000,"8345a0fffffffff",3,2,NA
"seaTurtles",2000,"836d4afffffffff",1,1,NA
"seaTurtles",2000,"8349b6fffffffff",14,1,NA
"seaTurtles",2000,"836d41fffffffff",1,1,NA
"seaTurtles",2000,"836781fffffffff",3,1,NA
"seaTurtles",2000,"8367aafffffffff",5,1,NA
"seaTurtles",2000,"83679cfffffffff",5,3,NA
"seaTurtles",2000,"834523fffffffff",5,2,NA
"seaTurtles",2000,"834431fffffffff",5,2,NA
"seaTurtles",2000,"834555fffffffff",2,2,NA
"seaTurtles",2000,"834419fffffffff",8,2,NA
"seaTurtles",2000,"836703fffffffff",23,3,NA
"seaTurtles",2000,"83450afffffffff",23,4,NA
"seaTurtles",2000,"83450bfffffffff",8,3,NA
"seaTurtles",2000,"834473fffffffff",3,2,NA
"seaTurtles",2000,"836d44fffffffff",13,3,NA
"seaTurtles",2000,"8344e6fffffffff",4,3,NA
"seaTurtles",2000,"834400fffffffff",9,3,NA
"seaTurtles",2000,"836c04fffffffff",4,2,NA
"seaTurtles",2000,"836d4efffffffff",17,2,NA
"seaTurtles",2000,"836d6cfffffffff",2,2,NA
"seaTurtles",2000,"83442afffffffff",2,2,NA
"seaTurtles",2000,"8367a9fffffffff",5,2,NA
"seaTurtles",2000,"835e65fffffffff",8,1,NA
"seaTurtles",2000,"836755fffffffff",20,2,NA
"seaTurtles",2000,"836d1dfffffffff",3,1,NA
"seaTurtles",2000,"834894fffffffff",1,1,NA
"seaTurtles",2000,"836741fffffffff",33,2,NA
"seaTurtles",2000,"8345a5fffffffff",2,2,NA
"seaTurtles",2000,"8344aafffffffff",195,2,1.25641025641003
"seaTurtles",2000,"8344f1fffffffff",3,3,NA
"seaTurtles",2000,"834429fffffffff",6,2,NA
"seaTurtles",2000,"834454fffffffff",6,4,NA
"seaTurtles",2000,"8367adfffffffff",7,1,NA
"seaTurtles",2000,"8344f2fffffffff",521,4,2.334461691687
"seaTurtles",2000,"834410fffffffff",14,2,NA
"seaTurtles",2000,"83674cfffffffff",1,1,NA
"seaTurtles",2000,"836758fffffffff",1,1,NA
"seaTurtles",2000,"83676efffffffff",11,3,NA
"seaTurtles",2000,"8344b3fffffffff",4,2,NA
"seaTurtles",2000,"836d75fffffffff",21,2,NA
"seaTurtles",2000,"834476fffffffff",61,2,1.99936764043652
"seaTurtles",2000,"836d5cfffffffff",3,2,NA
"seaTurtles",2000,"834c14fffffffff",2,2,NA
"seaTurtles",2000,"83674efffffffff",1,1,NA
"seaTurtles",2000,"834cd3fffffffff",43,1,NA
"seaTurtles",2000,"834cd5fffffffff",9,1,NA
"seaTurtles",2000,"834cdbfffffffff",20,2,NA
"seaTurtles",2000,"834506fffffffff",15,1,NA
"seaTurtles",2000,"834546fffffffff",1,1,NA
"seaTurtles",2000,"8344a0fffffffff",5,2,NA
"seaTurtles",2000,"836d5dfffffffff",1,1,NA
"seaTurtles",2000,"83459dfffffffff",1,1,NA
"seaTurtles",2000,"834c99fffffffff",1,1,NA
"seaTurtles",2000,"834dabfffffffff",4,2,NA
"seaTurtles",2000,"83441dfffffffff",8,2,NA
"seaTurtles",2000,"836d29fffffffff",2,1,NA
"seaTurtles",2000,"8345abfffffffff",1,1,NA
"seaTurtles",2000,"8345b1fffffffff",9,1,NA
"seaTurtles",2000,"8366b0fffffffff",9,2,NA
"seaTurtles",2000,"836c2cfffffffff",1,1,NA
"seaTurtles",2000,"834530fffffffff",1,1,NA
"seaTurtles",2000,"836d4dfffffffff",13,2,NA
"seaTurtles",2000,"834511fffffffff",3,1,NA
"seaTurtles",2000,"834520fffffffff",2,1,NA
"seaTurtles",2000,"834405fffffffff",1,1,NA
"seaTurtles",2000,"834da9fffffffff",3,1,NA
"seaTurtles",2000,"83672bfffffffff",22,1,NA
"seaTurtles",2000,"83678cfffffffff",7,1,NA
"seaTurtles",2000,"8345b0fffffffff",5,1,NA
"seaTurtles",2000,"836d13fffffffff",1,1,NA
"seaTurtles",2000,"834da6fffffffff",1,1,NA
"seaTurtles",2000,"834515fffffffff",8,2,NA
"seaTurtles",2000,"83442bfffffffff",5,2,NA
"seaTurtles",2000,"836c06fffffffff",3,2,NA
"seaTurtles",2000,"8344e4fffffffff",47,5,NA
"seaTurtles",2000,"83455dfffffffff",9,1,NA
"seaTurtles",2000,"834416fffffffff",17,4,NA
"seaTurtles",2000,"834472fffffffff",20,3,NA
"seaTurtles",2000,"836772fffffffff",65,3,2.99798387096774
"seaTurtles",2000,"834574fffffffff",229,4,3.82815740056519
"seaTurtles",2000,"834d21fffffffff",3,2,NA
"seaTurtles",2000,"834552fffffffff",3,2,NA
"seaTurtles",2000,"836700fffffffff",19,2,NA
"seaTurtles",2000,"83670cfffffffff",17,2,NA
"seaTurtles",2000,"836762fffffffff",8,1,NA
"seaTurtles",2000,"836d0afffffffff",4,3,NA
"seaTurtles",2000,"836d08fffffffff",8,2,NA
"seaTurtles",2000,"836d51fffffffff",42,2,NA
"seaTurtles",2000,"83451cfffffffff",3,2,NA
"seaTurtles",2000,"834471fffffffff",252,2,1.19841269841267
"seaTurtles",2000,"83459afffffffff",3,1,NA
"seaTurtles",2000,"834c36fffffffff",2,1,NA
"seaTurtles",2000,"8367a4fffffffff",15,1,NA
"seaTurtles",2000,"835e5dfffffffff",1,1,NA
"seaTurtles",2000,"836d18fffffffff",1,1,NA
"seaTurtles",2000,"834892fffffffff",78,2,1.64102564102561
"seaTurtles",2000,"8344a1fffffffff",201,3,2.71168675006785
"seaTurtles",2000,"83670dfffffffff",22,3,NA
"seaTurtles",2000,"834c35fffffffff",6,2,NA
"seaTurtles",2000,"834cdcfffffffff",9,2,NA
"seaTurtles",2000,"834d1afffffffff",15,2,NA
"seaTurtles",2000,"836709fffffffff",22,3,NA
"seaTurtles",2000,"836760fffffffff",15,1,NA
"seaTurtles",2000,"8367a0fffffffff",84,2,1.99985752237175
"seaTurtles",2000,"8344e5fffffffff",13,3,NA
"seaTurtles",2000,"836d40fffffffff",6,2,NA
"seaTurtles",2000,"834d1bfffffffff",5,2,NA
"seaTurtles",2000,"834408fffffffff",11,2,NA
"seaTurtles",2000,"834484fffffffff",4,1,NA
"seaTurtles",2000,"834499fffffffff",1,1,NA
"seaTurtles",2000,"834d28fffffffff",2,2,NA
"seaTurtles",2000,"83676dfffffffff",7,2,NA
"seaTurtles",2000,"83456efffffffff",1,1,NA
"seaTurtles",2000,"836634fffffffff",13,1,NA
"seaTurtles",2000,"834ce2fffffffff",9,3,NA
"seaTurtles",2000,"834d18fffffffff",2,2,NA
"seaTurtles",2000,"8345a9fffffffff",1,1,NA
"seaTurtles",2000,"836d53fffffffff",1,1,NA
"seaTurtles",2000,"834c92fffffffff",4,1,NA
"seaTurtles",2000,"83662efffffffff",1,1,NA
"seaTurtles",2000,"8367a3fffffffff",10,1,NA
"seaTurtles",2000,"836c24fffffffff",28,1,NA
"seaTurtles",2000,"834593fffffffff",1,1,NA
"seaTurtles",2000,"834c32fffffffff",1,1,NA
"seaTurtles",2000,"836719fffffffff",1,1,NA
"seaTurtles",2000,"8366b5fffffffff",2,2,NA
"seaTurtles",2000,"836711fffffffff",14,2,NA
"seaTurtles",2000,"8367b4fffffffff",8,3,NA
"seaTurtles",2000,"8345b2fffffffff",7,1,NA
"seaTurtles",2000,"834cc4fffffffff",4,2,NA
"seaTurtles",2000,"8344f6fffffffff",104,4,3.71580212539428
"seaTurtles",2000,"836768fffffffff",16,2,NA
"seaTurtles",2000,"836782fffffffff",13,2,NA
"seaTurtles",2000,"834585fffffffff",3,2,NA
"seaTurtles",2000,"83459bfffffffff",4,1,NA
"seaTurtles",2000,"834ccafffffffff",5,3,NA
"seaTurtles",2000,"836713fffffffff",26,2,NA
"seaTurtles",2000,"834c8cfffffffff",1,1,NA
"seaTurtles",2000,"836c21fffffffff",12,1,NA
"seaTurtles",2000,"836d52fffffffff",1,1,NA
"seaTurtles",2000,"836d61fffffffff",1,1,NA
"seaTurtles",2000,"836d46fffffffff",23,2,NA
"seaTurtles",2000,"834589fffffffff",4,1,NA
"seaTurtles",2000,"836c20fffffffff",5,1,NA
"seaTurtles",2000,"836d01fffffffff",14,1,NA
"seaTurtles",2000,"836d2efffffffff",1,1,NA
"seaTurtles",2000,"83455bfffffffff",117,3,2.42586931654539
"seaTurtles",2000,"8344abfffffffff",176,4,3.30241244957198
"seaTurtles",2000,"8345a4fffffffff",16,2,NA
"seaTurtles",2000,"834ce1fffffffff",3,3,NA
"seaTurtles",2000,"834402fffffffff",2,2,NA
"seaTurtles",2000,"834cf1fffffffff",6,2,NA
"seaTurtles",2000,"834444fffffffff",24,1,NA
"seaTurtles",2000,"836798fffffffff",1,1,NA
"seaTurtles",2000,"836d03fffffffff",13,2,NA
"seaTurtles",2000,"836d02fffffffff",6,1,NA
"seaTurtles",2000,"83458cfffffffff",1,1,NA
"seaTurtles",2000,"83442cfffffffff",2,2,NA
"seaTurtles",2000,"834599fffffffff",6,1,NA
"seaTurtles",2000,"834c22fffffffff",8,2,NA
"seaTurtles",2000,"834dadfffffffff",4,2,NA
"seaTurtles",2000,"834532fffffffff",1,1,NA
"seaTurtles",2000,"83671bfffffffff",1,1,NA
"seaTurtles",2000,"834cf0fffffffff",33,1,NA
"seaTurtles",2000,"836d16fffffffff",2,1,NA
"seaTurtles",2000,"834504fffffffff",10,1,NA
"seaTurtles",2000,"834531fffffffff",4,1,NA
"seaTurtles",2000,"835e43fffffffff",1,1,NA
"seaTurtles",2000,"835e46fffffffff",1,1,NA
"seaTurtles",2000,"835e55fffffffff",1,1,NA
"seaTurtles",2000,"836708fffffffff",34,3,NA
"seaTurtles",2000,"83671efffffffff",19,2,NA
"seaTurtles",2000,"8344b0fffffffff",5,2,NA
"seaTurtles",2000,"83441cfffffffff",25,4,NA
"seaTurtles",2000,"83672dfffffffff",22,1,NA
"seaTurtles",2000,"836d10fffffffff",54,1,1
"seaTurtles",2000,"836d73fffffffff",6,1,NA
"seaTurtles",2000,"836d4cfffffffff",3,3,NA
"seaTurtles",2000,"836d6afffffffff",12,3,NA
"seaTurtles",2000,"836d6efffffffff",8,3,NA
"seaTurtles",2000,"834584fffffffff",1,1,NA
"seaTurtles",2000,"8345a3fffffffff",6,2,NA
"seaTurtles",2000,"834c93fffffffff",1,1,NA
"seaTurtles",2000,"8366b2fffffffff",1,1,NA
"seaTurtles",2000,"836d35fffffffff",1,1,NA
"seaTurtles",2000,"836756fffffffff",9,1,NA
"seaTurtles",2000,"834cf3fffffffff",6,1,NA
"seaTurtles",2000,"835e63fffffffff",1,1,NA
"seaTurtles",2000,"834509fffffffff",12,3,NA
"seaTurtles",2000,"834513fffffffff",8,2,NA
"seaTurtles",2000,"8344a5fffffffff",10,3,NA
"seaTurtles",2000,"8366a6fffffffff",13,1,NA
"seaTurtles",2000,"836c33fffffffff",1,1,NA
"seaTurtles",2000,"834c9dfffffffff",32,3,NA
"seaTurtles",2000,"83440efffffffff",6,2,NA
"seaTurtles",2000,"836746fffffffff",259,3,2.99993580929421
"seaTurtles",2000,"836771fffffffff",67,3,2.99689489614861
"seaTurtles",2000,"836783fffffffff",22,2,NA
"seaTurtles",2000,"834cdafffffffff",41,2,NA
"seaTurtles",2000,"8344e2fffffffff",1,1,NA
"seaTurtles",2000,"834cc5fffffffff",7,3,NA
"seaTurtles",2000,"834418fffffffff",24,3,NA
"seaTurtles",2000,"8366b6fffffffff",24,2,NA
"seaTurtles",2000,"834435fffffffff",3,2,NA
"seaTurtles",2000,"834cd6fffffffff",4,1,NA
"seaTurtles",2000,"8366a1fffffffff",9,3,NA
"seaTurtles",2000,"83670efffffffff",8,3,NA
"seaTurtles",2000,"8345aefffffffff",6,2,NA
"seaTurtles",2000,"834ce8fffffffff",158,4,3.92707140716379
"seaTurtles",2000,"83451efffffffff",2,1,NA
"seaTurtles",2000,"835e49fffffffff",1,1,NA
"seaTurtles",2000,"8344aefffffffff",39,4,NA
"seaTurtles",2000,"834456fffffffff",29,3,NA
"seaTurtles",2000,"8367a2fffffffff",48,2,NA
"seaTurtles",2000,"8344a8fffffffff",250,3,2.51259065485666
"seaTurtles",2000,"8344acfffffffff",6,2,NA
"seaTurtles",2000,"836625fffffffff",18,1,NA
"seaTurtles",2000,"836706fffffffff",1,1,NA
"seaTurtles",2000,"83670afffffffff",31,3,NA
"seaTurtles",2000,"834cc2fffffffff",15,2,NA
"seaTurtles",2000,"83446cfffffffff",282,2,1.17730496453871
"seaTurtles",2000,"8345a8fffffffff",1,1,NA
"seaTurtles",2000,"836d5efffffffff",12,2,NA
"seaTurtles",2000,"83676cfffffffff",5,2,NA
"seaTurtles",2000,"8367b6fffffffff",3,2,NA
"seaTurtles",2000,"834c86fffffffff",1,1,NA
"seaTurtles",2000,"834caafffffffff",1,1,NA
"seaTurtles",2000,"834d5efffffffff",1,1,NA
"seaTurtles",2000,"834508fffffffff",1,1,NA
"seaTurtles",2000,"836d43fffffffff",4,2,NA
"seaTurtles",2000,"836d74fffffffff",1,1,NA
"seaTurtles",2000,"834464fffffffff",32,2,NA
"seaTurtles",2000,"83679bfffffffff",1,1,NA
"seaTurtles",2000,"834421fffffffff",5,2,NA
"seaTurtles",2000,"8345a2fffffffff",3,2,NA
"seaTurtles",2000,"83676afffffffff",12,1,NA
"seaTurtles",2000,"836710fffffffff",12,1,NA
"seaTurtles",2000,"83678efffffffff",14,1,NA
"seaTurtles",2000,"836d33fffffffff",2,1,NA
"seaTurtles",2000,"8345b3fffffffff",5,1,NA
"seaTurtles",2000,"834d2efffffffff",1,1,NA
"seaTurtles",2000,"8344a4fffffffff",3,1,NA
"seaTurtles",2000,"834c33fffffffff",5,1,NA
"seaTurtles",2000,"834c96fffffffff",3,1,NA
"seaTurtles",2000,"83670bfffffffff",9,1,NA
"seaTurtles",2000,"836712fffffffff",8,1,NA
"seaTurtles",2000,"836622fffffffff",152,2,1.32894736842097
"seaTurtles",2000,"836752fffffffff",1,1,NA
"seaTurtles",2000,"834ce3fffffffff",2,1,NA
"seaTurtles",2000,"836d1efffffffff",6,1,NA
"seaTurtles",2000,"834528fffffffff",1,1,NA
"seaTurtles",2000,"83679efffffffff",2,1,NA
"seaTurtles",2000,"834c83fffffffff",1,1,NA
"seaTurtles",2000,"835e69fffffffff",4,1,NA
"seaTurtles",2000,"834445fffffffff",1,1,NA
"seaTurtles",2000,"836d1cfffffffff",1,1,NA
"seaTurtles",2000,"83449cfffffffff",5,2,NA
"seaTurtles",2000,"834501fffffffff",250,4,3.19999996514433
"seaTurtles",2000,"834558fffffffff",54,1,1
"seaTurtles",2000,"836754fffffffff",37,2,NA
"seaTurtles",2000,"8367b3fffffffff",16,3,NA
"seaTurtles",2000,"834d1efffffffff",8,2,NA
"seaTurtles",2000,"834d30fffffffff",1,1,NA
"seaTurtles",2000,"834411fffffffff",55,2,1.99998533960798
"seaTurtles",2000,"834425fffffffff",6,3,NA
"seaTurtles",2000,"83672cfffffffff",4,2,NA
"seaTurtles",2000,"836d62fffffffff",49,3,NA
"seaTurtles",2000,"836d71fffffffff",10,1,NA
"seaTurtles",2000,"836773fffffffff",82,3,2.9999972738237
"seaTurtles",2000,"836d06fffffffff",64,2,2
"seaTurtles",2000,"834572fffffffff",10,3,NA
"seaTurtles",2000,"834586fffffffff",2,2,NA
"seaTurtles",2000,"836d6bfffffffff",40,3,NA
"seaTurtles",2000,"834415fffffffff",11,2,NA
"seaTurtles",2000,"8345b5fffffffff",1,1,NA
"seaTurtles",2000,"834cf5fffffffff",1,1,NA
"seaTurtles",2000,"836701fffffffff",16,2,NA
"seaTurtles",2000,"83671dfffffffff",31,3,NA
"seaTurtles",2000,"836d2bfffffffff",76,2,1.99999998594752
"seaTurtles",2000,"8345aafffffffff",1,1,NA
"seaTurtles",2000,"834426fffffffff",4,3,NA
"seaTurtles",2000,"834549fffffffff",3,1,NA
"seaTurtles",2000,"834483fffffffff",31,2,NA
"seaTurtles",2000,"8367a6fffffffff",36,2,NA
"seaTurtles",2000,"834c30fffffffff",3,3,NA
"seaTurtles",2000,"834516fffffffff",7,3,NA
"seaTurtles",2000,"834519fffffffff",7,3,NA
"seaTurtles",2000,"834409fffffffff",5,2,NA
"seaTurtles",2000,"836702fffffffff",14,2,NA
"seaTurtles",2000,"836765fffffffff",37,1,NA
"seaTurtles",2000,"835e6dfffffffff",33,1,NA
"seaTurtles",2000,"83450efffffffff",151,3,2.99999999677705
"seaTurtles",2000,"834895fffffffff",1,1,NA
"seaTurtles",2000,"836714fffffffff",3,1,NA
"seaTurtles",2000,"834481fffffffff",42,2,NA
"seaTurtles",2000,"836d45fffffffff",10,2,NA
"seaTurtles",2000,"83440dfffffffff",6,1,NA
"seaTurtles",2000,"834553fffffffff",1,1,NA
"seaTurtles",2000,"836d11fffffffff",2,1,NA
"seaTurtles",2000,"834ceefffffffff",3,2,NA
"seaTurtles",2000,"834d6afffffffff",1,1,NA
"seaTurtles",2000,"836c2dfffffffff",1,1,NA
"seaTurtles",2000,"834559fffffffff",80,2,1.98267239090024
"seaTurtles",2000,"834461fffffffff",156,3,1.86021505376345
"seaTurtles",2000,"836740fffffffff",204,3,2.43101663908391
"seaTurtles",2000,"834cc1fffffffff",4,2,NA
"seaTurtles",2000,"834d13fffffffff",1,1,NA
"seaTurtles",2000,"836631fffffffff",2,1,NA
"seaTurtles",2000,"8345a6fffffffff",1,1,NA
"seaTurtles",2000,"834cc3fffffffff",8,2,NA
"seaTurtles",2000,"834cd1fffffffff",11,2,NA
"seaTurtles",2000,"836d15fffffffff",51,2,2
"seaTurtles",2000,"836d2afffffffff",25,2,NA
"seaTurtles",2000,"834c8afffffffff",1,1,NA
"seaTurtles",2000,"834d4bfffffffff",8,1,NA
"seaTurtles",2000,"836730fffffffff",489,1,1
"seaTurtles",2000,"836733fffffffff",10,1,NA
"seaTurtles",2000,"83454afffffffff",12,1,NA
"seaTurtles",2000,"834cc8fffffffff",1,1,NA
"seaTurtles",2000,"832acbfffffffff",1,1,NA
"seaTurtles",2000,"834571fffffffff",1,1,NA
"seaTurtles",2010,"834ceafffffffff",12,4,NA
"seaTurtles",2010,"83441efffffffff",52,2,2
"seaTurtles",2010,"834422fffffffff",1,1,NA
"seaTurtles",2010,"834462fffffffff",50,3,3
"seaTurtles",2010,"834465fffffffff",1,1,NA
"seaTurtles",2010,"83451bfffffffff",3,1,NA
"seaTurtles",2010,"8345a0fffffffff",1,1,NA
"seaTurtles",2010,"834996fffffffff",2,1,NA
"seaTurtles",2010,"836774fffffffff",1,1,NA
"seaTurtles",2010,"8348b3fffffffff",8,2,NA
"seaTurtles",2010,"834594fffffffff",1,1,NA
"seaTurtles",2010,"83448cfffffffff",6,1,NA
"seaTurtles",2010,"834993fffffffff",1,1,NA
"seaTurtles",2010,"834cd2fffffffff",4,2,NA
"seaTurtles",2010,"836612fffffffff",1,1,NA
"seaTurtles",2010,"8367b2fffffffff",3,1,NA
"seaTurtles",2010,"836d68fffffffff",6,3,NA
"seaTurtles",2010,"834460fffffffff",5,3,NA
"seaTurtles",2010,"8344f3fffffffff",282,3,1.80333590568699
"seaTurtles",2010,"836620fffffffff",4668,4,1.90225437657415
"seaTurtles",2010,"834404fffffffff",1,1,NA
"seaTurtles",2010,"834890fffffffff",18,3,NA
"seaTurtles",2010,"8344a6fffffffff",3,1,NA
"seaTurtles",2010,"834505fffffffff",18,4,NA
"seaTurtles",2010,"8367b0fffffffff",5,3,NA
"seaTurtles",2010,"8344f4fffffffff",2,1,NA
"seaTurtles",2010,"834c81fffffffff",3,2,NA
"seaTurtles",2010,"836784fffffffff",3,2,NA
"seaTurtles",2010,"836c25fffffffff",1,1,NA
"seaTurtles",2010,"83679afffffffff",1,1,NA
"seaTurtles",2010,"8344e0fffffffff",6,1,NA
"seaTurtles",2010,"836d41fffffffff",2,1,NA
"seaTurtles",2010,"836d55fffffffff",1,1,NA
"seaTurtles",2010,"835f4bfffffffff",1,1,NA
"seaTurtles",2010,"836d0cfffffffff",1,1,NA
"seaTurtles",2010,"832a4bfffffffff",1,1,NA
"seaTurtles",2010,"834403fffffffff",2,1,NA
"seaTurtles",2010,"83458bfffffffff",2,1,NA
"seaTurtles",2010,"834498fffffffff",1,1,NA
"seaTurtles",2010,"8344a2fffffffff",4,1,NA
"seaTurtles",2010,"834535fffffffff",2,2,NA
"seaTurtles",2010,"834cddfffffffff",12,1,NA
"seaTurtles",2010,"836728fffffffff",3,1,NA
"seaTurtles",2010,"836731fffffffff",3,1,NA
"seaTurtles",2010,"836791fffffffff",1,1,NA
"seaTurtles",2010,"8348b2fffffffff",3,1,NA
"seaTurtles",2010,"836c26fffffffff",1,1,NA
"seaTurtles",2010,"834433fffffffff",2,1,NA
"seaTurtles",2010,"834cd9fffffffff",18,1,NA
"seaTurtles",2010,"836615fffffffff",1,1,NA
"seaTurtles",2010,"836632fffffffff",1,1,NA
"seaTurtles",2010,"834406fffffffff",1,1,NA
"seaTurtles",2010,"834896fffffffff",2,1,NA
"seaTurtles",2010,"834d03fffffffff",1,1,NA
"seaTurtles",2010,"834430fffffffff",1,1,NA
"seaTurtles",2010,"834c9cfffffffff",1,1,NA
"seaTurtles",2010,"8366a2fffffffff",1,1,NA
"seaTurtles",2010,"836729fffffffff",1,1,NA
"seaTurtles",2010,"83672efffffffff",1,1,NA
"seaTurtles",2010,"836781fffffffff",1,1,NA
"seaTurtles",2010,"8367aafffffffff",1,1,NA
"seaTurtles",2010,"836c2efffffffff",1,1,NA
"seaTurtles",2010,"832ac9fffffffff",2,1,NA
"seaTurtles",2010,"83448efffffffff",2,1,NA
"seaTurtles",2010,"83452afffffffff",1,1,NA
"seaTurtles",2010,"836780fffffffff",3,1,NA
"seaTurtles",2010,"834410fffffffff",47,2,NA
"seaTurtles",2010,"834582fffffffff",1,1,NA
"seaTurtles",2010,"8344f2fffffffff",2712,4,2.59706666415411
"seaTurtles",2010,"83441dfffffffff",6,2,NA
"seaTurtles",2010,"834da9fffffffff",1,1,NA
"seaTurtles",2010,"83449dfffffffff",2,1,NA
"seaTurtles",2010,"8344a0fffffffff",4,1,NA
"seaTurtles",2010,"8344aafffffffff",21,4,NA
"seaTurtles",2010,"83459dfffffffff",1,1,NA
"seaTurtles",2010,"8345b0fffffffff",3,2,NA
"seaTurtles",2010,"834c99fffffffff",1,1,NA
"seaTurtles",2010,"8366b0fffffffff",53,3,3
"seaTurtles",2010,"834454fffffffff",108,3,2.46296296278339
"seaTurtles",2010,"83676efffffffff",3,2,NA
"seaTurtles",2010,"834dabfffffffff",1,1,NA
"seaTurtles",2010,"8345a5fffffffff",1,1,NA
"seaTurtles",2010,"836725fffffffff",2,2,NA
"seaTurtles",2010,"836726fffffffff",3,2,NA
"seaTurtles",2010,"836d5cfffffffff",1,1,NA
"seaTurtles",2010,"834cdbfffffffff",5,2,NA
"seaTurtles",2010,"834473fffffffff",23,3,NA
"seaTurtles",2010,"834523fffffffff",5,3,NA
"seaTurtles",2010,"83679cfffffffff",9,3,NA
"seaTurtles",2010,"835e4efffffffff",4,3,NA
"seaTurtles",2010,"834419fffffffff",24,3,NA
"seaTurtles",2010,"8345abfffffffff",2,2,NA
"seaTurtles",2010,"8345b1fffffffff",2,2,NA
"seaTurtles",2010,"834431fffffffff",1,1,NA
"seaTurtles",2010,"834555fffffffff",3,1,NA
"seaTurtles",2010,"83450afffffffff",51,5,4.96078431372549
"seaTurtles",2010,"83450bfffffffff",9,2,NA
"seaTurtles",2010,"836703fffffffff",3,1,NA
"seaTurtles",2010,"8367a9fffffffff",1,1,NA
"seaTurtles",2010,"836d75fffffffff",2,2,NA
"seaTurtles",2010,"8344e6fffffffff",24,2,NA
"seaTurtles",2010,"836d44fffffffff",2,1,NA
"seaTurtles",2010,"834c9afffffffff",1,1,NA
"seaTurtles",2010,"834598fffffffff",2,1,NA
"seaTurtles",2010,"83442afffffffff",3,2,NA
"seaTurtles",2010,"836755fffffffff",26,1,NA
"seaTurtles",2010,"836d6cfffffffff",2,2,NA
"seaTurtles",2010,"834894fffffffff",9,2,NA
"seaTurtles",2010,"836c2cfffffffff",1,1,NA
"seaTurtles",2010,"834530fffffffff",2,1,NA
"seaTurtles",2010,"8344b3fffffffff",3,1,NA
"seaTurtles",2010,"834546fffffffff",1,1,NA
"seaTurtles",2010,"834511fffffffff",1,1,NA
"seaTurtles",2010,"834520fffffffff",1,1,NA
"seaTurtles",2010,"8367adfffffffff",1,1,NA
"seaTurtles",2010,"836d1dfffffffff",1,1,NA
"seaTurtles",2010,"836d4efffffffff",1,1,NA
"seaTurtles",2010,"835e61fffffffff",1,1,NA
"seaTurtles",2010,"834405fffffffff",1,1,NA
"seaTurtles",2010,"834506fffffffff",2,1,NA
"seaTurtles",2010,"835e4cfffffffff",2,2,NA
"seaTurtles",2010,"834400fffffffff",2,1,NA
"seaTurtles",2010,"834cd3fffffffff",3,1,NA
"seaTurtles",2010,"834cd5fffffffff",3,1,NA
"seaTurtles",2010,"836d34fffffffff",1,1,NA
"seaTurtles",2010,"836d5dfffffffff",1,1,NA
"seaTurtles",2010,"834550fffffffff",4,2,NA
"seaTurtles",2010,"836d60fffffffff",3,1,NA
"seaTurtles",2010,"836d63fffffffff",7,2,NA
"seaTurtles",2010,"83440cfffffffff",1,1,NA
"seaTurtles",2010,"834ca9fffffffff",1,1,NA
"seaTurtles",2010,"835e6bfffffffff",1,1,NA
"seaTurtles",2010,"834514fffffffff",3,1,NA
"seaTurtles",2010,"836788fffffffff",1,1,NA
"seaTurtles",2010,"836795fffffffff",4,2,NA
"seaTurtles",2010,"8345a1fffffffff",3,2,NA
"seaTurtles",2010,"834d49fffffffff",2,2,NA
"seaTurtles",2010,"836761fffffffff",1,1,NA
"seaTurtles",2010,"834420fffffffff",6,2,NA
"seaTurtles",2010,"83448bfffffffff",2,1,NA
"seaTurtles",2010,"836626fffffffff",1,1,NA
"seaTurtles",2010,"836769fffffffff",1,1,NA
"seaTurtles",2010,"834cd0fffffffff",2,2,NA
"seaTurtles",2010,"836776fffffffff",2,1,NA
"seaTurtles",2010,"8367a1fffffffff",1,1,NA
"seaTurtles",2010,"834413fffffffff",44,3,NA
"seaTurtles",2010,"834463fffffffff",64,3,2.99995993970282
"seaTurtles",2010,"836d50fffffffff",1,1,NA
"seaTurtles",2010,"83440afffffffff",22,3,NA
"seaTurtles",2010,"834412fffffffff",20,3,NA
"seaTurtles",2010,"836723fffffffff",3,2,NA
"seaTurtles",2010,"836d0dfffffffff",2,2,NA
"seaTurtles",2010,"836d25fffffffff",15,5,NA
"seaTurtles",2010,"83441bfffffffff",58,3,2.99999997339312
"seaTurtles",2010,"835e42fffffffff",4,2,NA
"seaTurtles",2010,"8366a0fffffffff",1,1,NA
"seaTurtles",2010,"834423fffffffff",1,1,NA
"seaTurtles",2010,"8366a4fffffffff",1,1,NA
"seaTurtles",2010,"836770fffffffff",1,1,NA
"seaTurtles",2010,"836d36fffffffff",1,1,NA
"seaTurtles",2010,"834cdefffffffff",2,2,NA
"seaTurtles",2010,"8344d4fffffffff",1,1,NA
"seaTurtles",2010,"83441afffffffff",27,3,NA
"seaTurtles",2010,"834d90fffffffff",2,1,NA
"seaTurtles",2010,"834cc0fffffffff",1,1,NA
"seaTurtles",2010,"834d59fffffffff",1,1,NA
"seaTurtles",2010,"835e48fffffffff",2,2,NA
"seaTurtles",2010,"834d85fffffffff",1,1,NA
"seaTurtles",2010,"834d6bfffffffff",1,1,NA
"seaTurtles",2010,"836750fffffffff",4,1,NA
"seaTurtles",2010,"834551fffffffff",1,1,NA
"seaTurtles",2010,"836716fffffffff",5,2,NA
"seaTurtles",2010,"8345b6fffffffff",3,2,NA
"seaTurtles",2010,"834cf6fffffffff",2,1,NA
"seaTurtles",2010,"83679dfffffffff",1,1,NA
"seaTurtles",2010,"8367acfffffffff",3,1,NA
"seaTurtles",2010,"834581fffffffff",1,1,NA
"seaTurtles",2010,"8345adfffffffff",1,1,NA
"seaTurtles",2010,"834d93fffffffff",2,1,NA
"seaTurtles",2010,"8367a8fffffffff",1,1,NA
"seaTurtles",2010,"836d0bfffffffff",1,1,NA
"seaTurtles",2010,"834491fffffffff",1,1,NA
"seaTurtles",2010,"834c95fffffffff",1,1,NA
"seaTurtles",2010,"834ccefffffffff",1,1,NA
"seaTurtles",2010,"8367aefffffffff",6,1,NA
"seaTurtles",2010,"836d69fffffffff",1,1,NA
"seaTurtles",2010,"836d42fffffffff",2,1,NA
"seaTurtles",2010,"834409fffffffff",16,2,NA
"seaTurtles",2010,"83459cfffffffff",1,1,NA
"seaTurtles",2010,"834cb3fffffffff",3,1,NA
"seaTurtles",2010,"834461fffffffff",28,3,NA
"seaTurtles",2010,"836d1bfffffffff",1,1,NA
"seaTurtles",2010,"8345aafffffffff",2,2,NA
"seaTurtles",2010,"834895fffffffff",5,2,NA
"seaTurtles",2010,"83671dfffffffff",1,1,NA
"seaTurtles",2010,"834cc1fffffffff",10,1,NA
"seaTurtles",2010,"83678afffffffff",1,1,NA
"seaTurtles",2010,"83450efffffffff",410,4,3.12192409773526
"seaTurtles",2010,"836765fffffffff",1,1,NA
"seaTurtles",2010,"836740fffffffff",6,2,NA
"seaTurtles",2010,"834cc3fffffffff",10,1,NA
"seaTurtles",2010,"834cd1fffffffff",3,2,NA
"seaTurtles",2010,"836631fffffffff",4,1,NA
"seaTurtles",2010,"836701fffffffff",1,1,NA
"seaTurtles",2010,"836d45fffffffff",1,1,NA
"seaTurtles",2010,"834596fffffffff",1,1,NA
"seaTurtles",2010,"834415fffffffff",11,4,NA
"seaTurtles",2010,"834501fffffffff",60,5,4.66662052559805
"seaTurtles",2010,"834411fffffffff",41,2,NA
"seaTurtles",2010,"834d1efffffffff",1,1,NA
"seaTurtles",2010,"834d30fffffffff",1,1,NA
"seaTurtles",2010,"834c90fffffffff",1,1,NA
"seaTurtles",2010,"834425fffffffff",8,2,NA
"seaTurtles",2010,"836714fffffffff",2,1,NA
"seaTurtles",2010,"83672cfffffffff",2,1,NA
"seaTurtles",2010,"836d62fffffffff",8,3,NA
"seaTurtles",2010,"834572fffffffff",3,3,NA
"seaTurtles",2010,"836773fffffffff",9,2,NA
"seaTurtles",2010,"836d06fffffffff",1,1,NA
"seaTurtles",2010,"834daefffffffff",1,1,NA
"seaTurtles",2010,"83449cfffffffff",1,1,NA
"seaTurtles",2010,"8345b5fffffffff",1,1,NA
"seaTurtles",2010,"834cf5fffffffff",1,1,NA
"seaTurtles",2010,"834d4bfffffffff",18,2,NA
"seaTurtles",2010,"83452dfffffffff",1,1,NA
"seaTurtles",2010,"836754fffffffff",6,1,NA
"seaTurtles",2010,"8367b3fffffffff",6,2,NA
"seaTurtles",2010,"836d6bfffffffff",5,3,NA
"seaTurtles",2010,"834519fffffffff",7,3,NA
"seaTurtles",2010,"835e75fffffffff",1,1,NA
"seaTurtles",2010,"8344a3fffffffff",1,1,NA
"seaTurtles",2010,"836d2afffffffff",1,1,NA
"seaTurtles",2010,"834481fffffffff",1,1,NA
"seaTurtles",2010,"836d19fffffffff",1,1,NA
"seaTurtles",2010,"836dadfffffffff",1,1,NA
"seaTurtles",2010,"832acbfffffffff",1,1,NA
"seaTurtles",2010,"834d80fffffffff",1,1,NA
"seaTurtles",2010,"834db0fffffffff",1,1,NA
"seaTurtles",2010,"834426fffffffff",2,1,NA
"seaTurtles",2010,"834516fffffffff",1,1,NA
"seaTurtles",2010,"8367a6fffffffff",87,1,1
"seaTurtles",2010,"8348b0fffffffff",2,1,NA
"seaTurtles",2010,"8345a6fffffffff",1,1,NA
"seaTurtles",2010,"835e6efffffffff",1,1,NA
"seaTurtles",2010,"834571fffffffff",1,1,NA
"seaTurtles",2010,"834483fffffffff",2,1,NA
"seaTurtles",2010,"834ceefffffffff",2,1,NA
"seaTurtles",2010,"835e68fffffffff",1,1,NA
"seaTurtles",2010,"836702fffffffff",2,1,NA
"seaTurtles",2010,"834494fffffffff",1,1,NA
"seaTurtles",2010,"834553fffffffff",1,1,NA
"seaTurtles",2010,"834522fffffffff",2,1,NA
"seaTurtles",2010,"834455fffffffff",13,3,NA
"seaTurtles",2010,"8344a1fffffffff",31,4,NA
"seaTurtles",2010,"8344e5fffffffff",481,4,3.41467103485573
"seaTurtles",2010,"834ce2fffffffff",1,1,NA
"seaTurtles",2010,"8367a3fffffffff",3,1,NA
"seaTurtles",2010,"8348b6fffffffff",1,1,NA
"seaTurtles",2010,"836d53fffffffff",1,1,NA
"seaTurtles",2010,"8367a0fffffffff",10,2,NA
"seaTurtles",2010,"834c92fffffffff",1,1,NA
"seaTurtles",2010,"836d40fffffffff",2,1,NA
"seaTurtles",2010,"83676dfffffffff",1,1,NA
"seaTurtles",2010,"8344e4fffffffff",100,4,3.91312601849472
"seaTurtles",2010,"834574fffffffff",295,5,3.83137428086316
"seaTurtles",2010,"8345a9fffffffff",2,1,NA
"seaTurtles",2010,"834472fffffffff",9,2,NA
"seaTurtles",2010,"834552fffffffff",1,1,NA
"seaTurtles",2010,"83459afffffffff",2,2,NA
"seaTurtles",2010,"834c85fffffffff",1,1,NA
"seaTurtles",2010,"836700fffffffff",2,1,NA
"seaTurtles",2010,"836762fffffffff",13,2,NA
"seaTurtles",2010,"836766fffffffff",13,1,NA
"seaTurtles",2010,"836d51fffffffff",1,1,NA
"seaTurtles",2010,"835e45fffffffff",2,2,NA
"seaTurtles",2010,"836d24fffffffff",2,2,NA
"seaTurtles",2010,"835e5dfffffffff",6,3,NA
"seaTurtles",2010,"834416fffffffff",44,3,NA
"seaTurtles",2010,"83442bfffffffff",1,1,NA
"seaTurtles",2010,"834471fffffffff",62,2,1.99999985359788
"seaTurtles",2010,"836772fffffffff",2,1,NA
"seaTurtles",2010,"8367a4fffffffff",3,1,NA
"seaTurtles",2010,"834892fffffffff",15,2,NA
"seaTurtles",2010,"834d05fffffffff",1,1,NA
"seaTurtles",2010,"834d92fffffffff",1,1,NA
"seaTurtles",2010,"834da6fffffffff",1,1,NA
"seaTurtles",2010,"835e71fffffffff",1,1,NA
"seaTurtles",2010,"83455cfffffffff",1,1,NA
"seaTurtles",2010,"836d26fffffffff",1,1,NA
"seaTurtles",2010,"834cdcfffffffff",1,1,NA
"seaTurtles",2010,"83670dfffffffff",1,1,NA
"seaTurtles",2010,"83458dfffffffff",1,1,NA
"seaTurtles",2010,"834d1cfffffffff",1,1,NA
"seaTurtles",2010,"83449bfffffffff",1,1,NA
"seaTurtles",2010,"836709fffffffff",6,1,NA
"seaTurtles",2010,"834c1efffffffff",1,1,NA
"seaTurtles",2010,"834d32fffffffff",3,1,NA
"seaTurtles",2010,"834484fffffffff",2,1,NA
"seaTurtles",2010,"834499fffffffff",1,1,NA
"seaTurtles",2010,"836743fffffffff",1,1,NA
"seaTurtles",2010,"83456efffffffff",1,1,NA
"seaTurtles",2010,"834cedfffffffff",133,1,1
"seaTurtles",2010,"834515fffffffff",4,1,NA
"seaTurtles",2010,"835e69fffffffff",1,1,NA
"seaTurtles",2010,"834456fffffffff",94,4,3.78357322700833
"seaTurtles",2010,"8344a8fffffffff",130,4,3.99752121589259
"seaTurtles",2010,"8344acfffffffff",5,2,NA
"seaTurtles",2010,"8345aefffffffff",12,3,NA
"seaTurtles",2010,"83446cfffffffff",6,2,NA
"seaTurtles",2010,"83676afffffffff",5,2,NA
"seaTurtles",2010,"8345a2fffffffff",4,3,NA
"seaTurtles",2010,"834990fffffffff",1,1,NA
"seaTurtles",2010,"836622fffffffff",71,4,3.91538639541811
"seaTurtles",2010,"8344aefffffffff",64,4,3.77967455490922
"seaTurtles",2010,"836625fffffffff",27,3,NA
"seaTurtles",2010,"836d74fffffffff",65,3,2.7692307691178
"seaTurtles",2010,"83679bfffffffff",3,2,NA
"seaTurtles",2010,"834421fffffffff",3,2,NA
"seaTurtles",2010,"834480fffffffff",1,1,NA
"seaTurtles",2010,"834ce3fffffffff",2,1,NA
"seaTurtles",2010,"834ce8fffffffff",22,2,NA
"seaTurtles",2010,"834565fffffffff",1,1,NA
"seaTurtles",2010,"836633fffffffff",1,1,NA
"seaTurtles",2010,"83670efffffffff",7,1,NA
"seaTurtles",2010,"8366a6fffffffff",8,2,NA
"seaTurtles",2010,"836746fffffffff",35,3,NA
"seaTurtles",2010,"8344e2fffffffff",2,1,NA
"seaTurtles",2010,"834418fffffffff",67,4,3.49253731343287
"seaTurtles",2010,"834cc5fffffffff",10,2,NA
"seaTurtles",2010,"83676cfffffffff",1,1,NA
"seaTurtles",2010,"83440efffffffff",1,1,NA
"seaTurtles",2010,"8345a8fffffffff",1,1,NA
"seaTurtles",2010,"834db2fffffffff",1,1,NA
"seaTurtles",2010,"834435fffffffff",2,1,NA
"seaTurtles",2010,"8344a5fffffffff",51,3,3
"seaTurtles",2010,"8345b3fffffffff",1,1,NA
"seaTurtles",2010,"8366b6fffffffff",3,3,NA
"seaTurtles",2010,"836710fffffffff",4,1,NA
"seaTurtles",2010,"836734fffffffff",1,1,NA
"seaTurtles",2010,"836771fffffffff",1,1,NA
"seaTurtles",2010,"836783fffffffff",1,1,NA
"seaTurtles",2010,"83678efffffffff",1,1,NA
"seaTurtles",2010,"8366a1fffffffff",1,1,NA
"seaTurtles",2010,"834cd6fffffffff",1,1,NA
"seaTurtles",2010,"8344a4fffffffff",2,1,NA
"seaTurtles",2010,"834509fffffffff",4,2,NA
"seaTurtles",2010,"8367b6fffffffff",4,2,NA
"seaTurtles",2010,"836635fffffffff",1,1,NA
"seaTurtles",2010,"83670bfffffffff",3,2,NA
"seaTurtles",2010,"836712fffffffff",4,2,NA
"seaTurtles",2010,"83670afffffffff",1,1,NA
"seaTurtles",2010,"834c83fffffffff",1,1,NA
"seaTurtles",2010,"83679efffffffff",1,1,NA
"seaTurtles",2010,"8367a2fffffffff",6,1,NA
"seaTurtles",2010,"834590fffffffff",1,1,NA
"seaTurtles",2010,"834c9bfffffffff",1,1,NA
"seaTurtles",2010,"834cc9fffffffff",1,1,NA
"seaTurtles",2010,"834cc2fffffffff",2,1,NA
"seaTurtles",2010,"836630fffffffff",1,1,NA
"seaTurtles",2010,"836706fffffffff",2,1,NA
"seaTurtles",2010,"835e41fffffffff",3,2,NA
"seaTurtles",2010,"836d1afffffffff",2,1,NA
"seaTurtles",2010,"834d2efffffffff",1,1,NA
"seaTurtles",2010,"83449efffffffff",1,1,NA
"seaTurtles",2010,"834c86fffffffff",1,1,NA
"seaTurtles",2010,"834c96fffffffff",1,1,NA
"seaTurtles",2010,"834caafffffffff",1,1,NA
"seaTurtles",2010,"834513fffffffff",1,1,NA
"seaTurtles",2010,"836d43fffffffff",2,1,NA
"seaTurtles",2010,"835e40fffffffff",2,2,NA
"seaTurtles",2010,"834450fffffffff",25,3,NA
"seaTurtles",2010,"836745fffffffff",329,1,1
"seaTurtles",2010,"836d00fffffffff",1,1,NA
"seaTurtles",2010,"836d66fffffffff",6,3,NA
"seaTurtles",2010,"83440bfffffffff",13,4,NA
"seaTurtles",2010,"83451dfffffffff",5,3,NA
"seaTurtles",2010,"836744fffffffff",107,3,2.97992068616121
"seaTurtles",2010,"835e4afffffffff",4,3,NA
"seaTurtles",2010,"835e4bfffffffff",5,3,NA
"seaTurtles",2010,"834529fffffffff",42,3,NA
"seaTurtles",2010,"834570fffffffff",1,1,NA
"seaTurtles",2010,"83448afffffffff",1,1,NA
"seaTurtles",2010,"834493fffffffff",2,1,NA
"seaTurtles",2010,"83671afffffffff",1,1,NA
"seaTurtles",2010,"834564fffffffff",1,1,NA
"seaTurtles",2010,"836790fffffffff",1,1,NA
"seaTurtles",2010,"836d76fffffffff",25,4,NA
"seaTurtles",2010,"83448dfffffffff",349,3,2.36817064882737
"seaTurtles",2010,"8344b5fffffffff",8,3,NA
"seaTurtles",2010,"835e5cfffffffff",5,3,NA
"seaTurtles",2010,"834470fffffffff",39,5,NA
"seaTurtles",2010,"834576fffffffff",10,4,NA
"seaTurtles",2010,"834432fffffffff",2,1,NA
"seaTurtles",2010,"834489fffffffff",78,2,1.98564593301435
"seaTurtles",2010,"8344a9fffffffff",4,2,NA
"seaTurtles",2010,"8344f0fffffffff",375,4,2.83855186168152
"seaTurtles",2010,"836624fffffffff",1,1,NA
"seaTurtles",2010,"836735fffffffff",3,2,NA
"seaTurtles",2010,"8367b5fffffffff",3,1,NA
"seaTurtles",2010,"834414fffffffff",21,2,NA
"seaTurtles",2010,"836610fffffffff",2,2,NA
"seaTurtles",2010,"834d95fffffffff",2,1,NA
"seaTurtles",2010,"834ccdfffffffff",2,2,NA
"seaTurtles",2010,"835e4dfffffffff",1,1,NA
"seaTurtles",2010,"836732fffffffff",2,1,NA
"seaTurtles",2010,"83442efffffffff",2,2,NA
"seaTurtles",2010,"83446efffffffff",5,1,NA
"seaTurtles",2010,"836d70fffffffff",2,2,NA
"seaTurtles",2010,"834da4fffffffff",1,1,NA
"seaTurtles",2010,"836614fffffffff",1,1,NA
"seaTurtles",2010,"836705fffffffff",1,1,NA
"seaTurtles",2010,"83671cfffffffff",2,1,NA
"seaTurtles",2010,"83678dfffffffff",1,1,NA
"seaTurtles",2010,"834573fffffffff",6,2,NA
"seaTurtles",2010,"83458efffffffff",1,1,NA
"seaTurtles",2010,"834475fffffffff",2,1,NA
"seaTurtles",2010,"8344b1fffffffff",3,1,NA
"seaTurtles",2010,"836d56fffffffff",1,1,NA
"seaTurtles",2010,"834cc6fffffffff",2,1,NA
"seaTurtles",2010,"836616fffffffff",2,1,NA
"seaTurtles",2010,"8367abfffffffff",1,1,NA
"seaTurtles",2010,"8345acfffffffff",1,1,NA
"seaTurtles",2010,"836d05fffffffff",1,1,NA
"seaTurtles",2010,"836d14fffffffff",1,1,NA
"seaTurtles",2010,"834486fffffffff",3,1,NA
"seaTurtles",2010,"836721fffffffff",2,1,NA
"seaTurtles",2010,"836736fffffffff",1,1,NA
"seaTurtles",2010,"834584fffffffff",4,2,NA
"seaTurtles",2010,"8345a3fffffffff",18,2,NA
"seaTurtles",2010,"8345a4fffffffff",2,2,NA
"seaTurtles",2010,"835e63fffffffff",1,1,NA
"seaTurtles",2010,"836756fffffffff",2,2,NA
"seaTurtles",2010,"83441cfffffffff",45,3,NA
"seaTurtles",2010,"834c84fffffffff",1,1,NA
"seaTurtles",2010,"834d82fffffffff",1,1,NA
"seaTurtles",2010,"834444fffffffff",7,2,NA
"seaTurtles",2010,"834482fffffffff",1,1,NA
"seaTurtles",2010,"834ce6fffffffff",1,1,NA
"seaTurtles",2010,"834533fffffffff",6,2,NA
"seaTurtles",2010,"836708fffffffff",4,1,NA
"seaTurtles",2010,"83671efffffffff",1,1,NA
"seaTurtles",2010,"836d6efffffffff",9,3,NA
"seaTurtles",2010,"8366b2fffffffff",1,1,NA
"seaTurtles",2010,"8344abfffffffff",248,4,3.89960352639023
"seaTurtles",2010,"834531fffffffff",17,4,NA
"seaTurtles",2010,"835e43fffffffff",10,4,NA
"seaTurtles",2010,"835e46fffffffff",3,1,NA
"seaTurtles",2010,"83449afffffffff",1,1,NA
"seaTurtles",2010,"8344b0fffffffff",1,1,NA
"seaTurtles",2010,"834c93fffffffff",1,1,NA
"seaTurtles",2010,"83672dfffffffff",2,1,NA
"seaTurtles",2010,"834cc4fffffffff",7,2,NA
"seaTurtles",2010,"8344f6fffffffff",535,4,3.87540379229583
"seaTurtles",2010,"8367b4fffffffff",2,2,NA
"seaTurtles",2010,"835e59fffffffff",4,3,NA
"seaTurtles",2010,"832a49fffffffff",1,1,NA
"seaTurtles",2010,"834585fffffffff",4,2,NA
"seaTurtles",2010,"83459bfffffffff",2,2,NA
"seaTurtles",2010,"834ce9fffffffff",5,3,NA
"seaTurtles",2010,"834d91fffffffff",1,1,NA
"seaTurtles",2010,"836768fffffffff",2,2,NA
"seaTurtles",2010,"834c8cfffffffff",1,1,NA
"seaTurtles",2010,"836713fffffffff",3,2,NA
"seaTurtles",2010,"836798fffffffff",1,1,NA
"seaTurtles",2010,"836799fffffffff",1,1,NA
"seaTurtles",2010,"836d61fffffffff",2,2,NA
"seaTurtles",2010,"834589fffffffff",3,1,NA
"seaTurtles",2010,"83458cfffffffff",2,1,NA
"seaTurtles",2010,"834ccafffffffff",2,1,NA
"seaTurtles",2010,"834d01fffffffff",1,1,NA
"seaTurtles",2010,"83671bfffffffff",1,1,NA
"seaTurtles",2010,"834992fffffffff",1,1,NA
"seaTurtles",2010,"835e6afffffffff",1,1,NA
"seaTurtles",2010,"834532fffffffff",2,1,NA
"seaTurtles",2010,"836d4cfffffffff",2,1,NA
"seaTurtles",2010,"836d6afffffffff",5,2,NA
"seaTurtles",2010,"834402fffffffff",2,1,NA
"seaTurtles",2010,"836c20fffffffff",1,1,NA
"seaTurtles",2010,"834d86fffffffff",1,1,NA
"seaTurtles",2010,"834504fffffffff",4,2,NA
"seaTurtles",2010,"834cf3fffffffff",1,1,NA
"seaTurtles",2010,"834d4efffffffff",1,1,NA
"seaTurtles",2010,"836606fffffffff",1,1,NA
"seaTurtles",2010,"836d46fffffffff",2,1,NA
"seaTurtles",2010,"836d01fffffffff",1,1,NA
"seaTurtles",2010,"836c21fffffffff",1,1,NA
"seaTurtles",2010,"836d52fffffffff",1,1,NA
"seaTurtles",2010,"834cf1fffffffff",1,1,NA
"seaTurtles",2010,"835e58fffffffff",1,1,NA
"seaTurtles",2010,"834599fffffffff",3,1,NA
"seaTurtles",2010,"834dadfffffffff",1,1,NA
"seaTurtles",2010,"83442cfffffffff",1,1,NA
"seaTurtles",2010,"8345b2fffffffff",1,1,NA
"seaTurtles",2010,"8366b5fffffffff",1,1,NA
"seaTurtles",2010,"836711fffffffff",6,1,NA
"seaTurtles",2020,"834550fffffffff",1,1,NA
"seaTurtles",2020,"836d25fffffffff",4,2,NA
"seaTurtles",2020,"836795fffffffff",2,1,NA
"seaTurtles",2020,"834574fffffffff",47,4,NA
"seaTurtles",2020,"836620fffffffff",554,2,1.76259329119067
"seaTurtles",2020,"834505fffffffff",2,1,NA
"seaTurtles",2020,"8344a5fffffffff",15,2,NA
"seaTurtles",2020,"836622fffffffff",200,1,1
"seaTurtles",2020,"834523fffffffff",1,1,NA
"seaTurtles",2020,"8344f2fffffffff",19,3,NA
"seaTurtles",2020,"8366b0fffffffff",1,1,NA
"seaTurtles",2020,"8344f6fffffffff",3,1,NA
"seaTurtles",2020,"834504fffffffff",1,1,NA
"seaTurtles",2020,"836756fffffffff",2,1,NA
"seaTurtles",2020,"834576fffffffff",9,2,NA
"seaTurtles",2020,"834489fffffffff",1,1,NA
"seaTurtles",2020,"836d15fffffffff",1,1,NA
"seaTurtles",2020,"836773fffffffff",1,1,NA
"seaTurtles",2020,"834572fffffffff",2,1,NA
"seaTurtles",2020,"834501fffffffff",2,1,NA
